allele1,allele2,rho_pooled,rho_immucor,rho_ol,n_pooled,n_immucor,n_ol,r2,locus,discordance_pos_neg_a1,discordance_pos_neg_a2,hats_shares_serotype,hla_emma_sa_count
DPB1*01:01 / DPA1*01:03,DPB1*01:01 / DPA1*02:01,0.736,0.678,0.754,26197,6398.0,19799.0,0.541696,DPB1,,,,
DPB1*01:01 / DPA1*01:03,DPB1*01:01 / DPA1*02:02,0.715,0.715,,6398,6398.0,,0.5112249999999999,DPB1,,,,
DPB1*01:01 / DPA1*01:03,DPB1*01:01 / DPA1*03:01,0.865,0.865,,6399,6399.0,,0.748225,DPB1,,,,
DPB1*01:01 / DPA1*01:03,DPB1*02:01 / DPA1*01:03,0.368,0.337,0.377,26197,6398.0,19799.0,0.135424,DPB1,,,,
DPB1*01:01 / DPA1*01:03,DPB1*02:02 / DPA1*01:03,0.289,,0.289,0,,0.0,0.08352099999999998,DPB1,,,,
DPB1*01:01 / DPA1*01:03,DPB1*02:02 / DPA1*02:01,0.684,,0.684,2592,,2592.0,0.46785600000000005,DPB1,,,,
DPB1*01:01 / DPA1*01:03,DPB1*03:01 / DPA1*01:03,0.586,0.636,0.577,26198,6399.0,19799.0,0.343396,DPB1,,,,
DPB1*01:01 / DPA1*01:03,DPB1*03:01 / DPA1*01:04,0.66,,0.66,2287,,2287.0,0.43560000000000004,DPB1,,,,
DPB1*01:01 / DPA1*01:03,DPB1*03:01 / DPA1*01:05,0.614,,0.614,17512,,17512.0,0.376996,DPB1,,,,
DPB1*01:01 / DPA1*01:03,DPB1*03:01 / DPA1*02:01,0.589,,0.589,18909,,18909.0,0.346921,DPB1,,,,
DPB1*01:01 / DPA1*01:03,DPB1*04:01 / DPA1*01:03,0.418,0.323,0.44,26198,6399.0,19799.0,0.174724,DPB1,,,,
DPB1*01:01 / DPA1*01:03,DPB1*04:01 / DPA1*02:01,0.497,0.497,,6398,6398.0,,0.247009,DPB1,,,,
DPB1*01:01 / DPA1*01:03,DPB1*04:01 / DPA1*02:02,0.573,0.573,,6398,6398.0,,0.3283289999999999,DPB1,,,,
DPB1*01:01 / DPA1*01:03,DPB1*04:01 / DPA1*03:01,0.4,0.4,,6399,6399.0,,0.16000000000000003,DPB1,,,,
DPB1*01:01 / DPA1*01:03,DPB1*04:01 / DPA1*04:01,0.535,0.535,,6399,6399.0,,0.286225,DPB1,,,,
DPB1*01:01 / DPA1*01:03,DPB1*04:02 / DPA1*01:03,0.329,0.312,0.336,26197,6398.0,19799.0,0.108241,DPB1,,,,
DPB1*01:01 / DPA1*01:03,DPB1*04:02 / DPA1*03:01,0.336,0.336,,6398,6398.0,,0.11289600000000001,DPB1,,,,
DPB1*01:01 / DPA1*01:03,DPB1*05:01 / DPA1*02:01,0.653,0.472,0.708,26197,6398.0,19799.0,0.42640900000000004,DPB1,,,,
DPB1*01:01 / DPA1*01:03,DPB1*05:01 / DPA1*02:02,0.719,0.627,0.762,21830,6398.0,15432.0,0.516961,DPB1,,,,
DPB1*01:01 / DPA1*01:03,DPB1*05:01 / DPA1*03:01,0.645,0.645,,6399,6399.0,,0.41602500000000003,DPB1,,,,
DPB1*01:01 / DPA1*01:03,DPB1*06:01 / DPA1*01:03,0.568,0.51,0.583,21831,6399.0,15432.0,0.32262399999999997,DPB1,,,,
DPB1*01:01 / DPA1*01:03,DPB1*06:01 / DPA1*02:01,0.595,,0.595,18909,,18909.0,0.354025,DPB1,,,,
DPB1*01:01 / DPA1*01:03,DPB1*09:01 / DPA1*02:01,0.555,0.581,0.553,26197,6398.0,19799.0,0.30802500000000005,DPB1,,,,
DPB1*01:01 / DPA1*01:03,DPB1*105:01 / DPA1*02:01,0.42,,0.42,0,,0.0,0.17639999999999997,DPB1,,,,
DPB1*01:01 / DPA1*01:03,DPB1*107:01 / DPA1*02:01,0.695,,0.695,0,,0.0,0.4830249999999999,DPB1,,,,
DPB1*01:01 / DPA1*01:03,DPB1*10:01 / DPA1*02:01,0.584,,0.584,5235,,5235.0,0.34105599999999997,DPB1,,,,
DPB1*01:01 / DPA1*01:03,DPB1*10:01 / DPA1*02:02,0.567,,0.567,14564,,14564.0,0.32148899999999997,DPB1,,,,
DPB1*01:01 / DPA1*01:03,DPB1*11:01 / DPA1*01:03,0.701,,0.701,17512,,17512.0,0.4914009999999999,DPB1,,,,
DPB1*01:01 / DPA1*01:03,DPB1*11:01 / DPA1*01:04,0.625,,0.625,2265,,2265.0,0.390625,DPB1,,,,
DPB1*01:01 / DPA1*01:03,DPB1*11:01 / DPA1*01:05,0.67,,0.67,2080,,2080.0,0.4489000000000001,DPB1,,,,
DPB1*01:01 / DPA1*01:03,DPB1*11:01 / DPA1*02:01,0.637,0.564,0.767,8685,6398.0,2287.0,0.405769,DPB1,,,,
DPB1*01:01 / DPA1*01:03,DPB1*11:01 / DPA1*02:02,0.633,,0.633,14564,,14564.0,0.400689,DPB1,,,,
DPB1*01:01 / DPA1*01:03,DPB1*13:01 / DPA1*01:04,0.842,,0.842,1397,,1397.0,0.7089639999999999,DPB1,,,,
DPB1*01:01 / DPA1*01:03,DPB1*13:01 / DPA1*01:05,0.741,,0.741,2080,,2080.0,0.549081,DPB1,,,,
DPB1*01:01 / DPA1*01:03,DPB1*13:01 / DPA1*02:01,0.686,0.596,0.702,26197,6398.0,19799.0,0.47059600000000007,DPB1,,,,
DPB1*01:01 / DPA1*01:03,DPB1*13:01 / DPA1*02:02,0.724,,0.724,15432,,15432.0,0.524176,DPB1,,,,
DPB1*01:01 / DPA1*01:03,DPB1*13:01 / DPA1*03:01,0.662,,0.662,15432,,15432.0,0.438244,DPB1,,,,
DPB1*01:01 / DPA1*01:03,DPB1*13:01 / DPA1*04:01,0.67,0.624,0.773,8685,6398.0,2287.0,0.4489000000000001,DPB1,,,,
DPB1*01:01 / DPA1*01:03,DPB1*14:01 / DPA1*02:01,0.521,0.402,0.535,26197,6398.0,19799.0,0.27144100000000004,DPB1,,,,
DPB1*01:01 / DPA1*01:03,DPB1*15:01 / DPA1*02:01,0.628,0.719,0.615,26197,6398.0,19799.0,0.394384,DPB1,,,,
DPB1*01:01 / DPA1*01:03,DPB1*17:01 / DPA1*02:01,0.572,0.566,0.573,26197,6398.0,19799.0,0.3271839999999999,DPB1,,,,
DPB1*01:01 / DPA1*01:03,DPB1*18:01 / DPA1*01:03,0.368,0.368,,6399,6399.0,,0.135424,DPB1,,,,
DPB1*01:01 / DPA1*01:03,DPB1*18:01 / DPA1*01:04,0.439,,0.439,19799,,19799.0,0.192721,DPB1,,,,
DPB1*01:01 / DPA1*01:03,DPB1*18:01 / DPA1*01:05,0.454,,0.454,19799,,19799.0,0.20611600000000002,DPB1,,,,
DPB1*01:01 / DPA1*01:03,DPB1*18:01 / DPA1*02:01,0.528,,0.528,19799,,19799.0,0.27878400000000003,DPB1,,,,
DPB1*01:01 / DPA1*01:03,DPB1*19:01 / DPA1*01:03,0.675,,0.675,17512,,17512.0,0.45562500000000006,DPB1,,,,
DPB1*01:01 / DPA1*01:03,DPB1*19:01 / DPA1*02:01,0.501,0.395,0.725,8685,6398.0,2287.0,0.251001,DPB1,,,,
DPB1*01:01 / DPA1*01:03,DPB1*20:01 / DPA1*01:03,0.94,,0.94,2287,,2287.0,0.8835999999999999,DPB1,,,,
DPB1*01:01 / DPA1*01:03,DPB1*20:01 / DPA1*03:01,0.6,,0.6,15432,,15432.0,0.36,DPB1,,,,
DPB1*01:01 / DPA1*01:03,DPB1*23:01 / DPA1*01:03,0.445,,0.445,15432,,15432.0,0.198025,DPB1,,,,
DPB1*01:01 / DPA1*01:03,DPB1*23:01 / DPA1*02:01,0.65,,0.65,4367,,4367.0,0.42250000000000004,DPB1,,,,
DPB1*01:01 / DPA1*01:03,DPB1*26:01 / DPA1*03:01,0.805,,0.805,0,,0.0,0.6480250000000001,DPB1,,,,
DPB1*01:01 / DPA1*01:03,DPB1*28:01 / DPA1*01:03,0.347,,0.347,15432,,15432.0,0.12040899999999999,DPB1,,,,
DPB1*01:01 / DPA1*01:03,DPB1*28:01 / DPA1*01:04,0.52,,0.52,2287,,2287.0,0.27040000000000003,DPB1,,,,
DPB1*01:01 / DPA1*01:03,DPB1*28:01 / DPA1*01:05,0.395,,0.395,17512,,17512.0,0.15602500000000002,DPB1,,,,
DPB1*01:01 / DPA1*01:03,DPB1*28:01 / DPA1*02:01,0.548,,0.548,2080,,2080.0,0.30030400000000007,DPB1,,,,
DPB1*01:01 / DPA1*01:03,DPB1*28:01 / DPA1*02:02,0.525,0.487,0.638,7794,6397.0,1397.0,0.275625,DPB1,,,,
DPB1*01:01 / DPA1*01:03,DPB1*28:01 / DPA1*04:01,0.481,,0.481,15432,,15432.0,0.23136099999999998,DPB1,,,,
DPB1*01:01 / DPA1*01:03,DPB1*30:01 / DPA1*02:01,0.724,,0.724,0,,0.0,0.524176,DPB1,,,,
DPB1*01:01 / DPA1*01:03,DPB1*31:01 / DPA1*03:01,0.808,,0.808,0,,0.0,0.6528640000000001,DPB1,,,,
DPB1*01:01 / DPA1*01:03,DPB1*40:01 / DPA1*01:05,0.554,,0.554,0,,0.0,0.3069160000000001,DPB1,,,,
DPB1*01:01 / DPA1*01:03,DPB1*85:01 / DPA1*01:03,0.81,,0.81,0,,0.0,0.6561000000000001,DPB1,,,,
DPB1*01:01 / DPA1*02:01,DPB1*01:01 / DPA1*02:02,0.844,0.844,,6398,6398.0,,0.712336,DPB1,,,,
DPB1*01:01 / DPA1*02:01,DPB1*01:01 / DPA1*03:01,0.651,0.651,,6398,6398.0,,0.42380100000000004,DPB1,,,,
DPB1*01:01 / DPA1*02:01,DPB1*02:01 / DPA1*01:03,0.232,0.256,0.236,27215,6397.0,20818.0,0.053824000000000004,DPB1,,,,
DPB1*01:01 / DPA1*02:01,DPB1*02:02 / DPA1*01:03,0.123,,0.123,0,,0.0,0.015129,DPB1,,,,
DPB1*01:01 / DPA1*02:01,DPB1*02:02 / DPA1*02:01,0.57,,0.57,3553,,3553.0,0.32489999999999997,DPB1,,,,
DPB1*01:01 / DPA1*02:01,DPB1*03:01 / DPA1*01:03,0.463,0.522,0.466,27216,6398.0,20818.0,0.21436900000000003,DPB1,,,,
DPB1*01:01 / DPA1*02:01,DPB1*03:01 / DPA1*01:04,0.563,,0.563,2287,,2287.0,0.31696899999999995,DPB1,,,,
DPB1*01:01 / DPA1*02:01,DPB1*03:01 / DPA1*01:05,0.472,,0.472,17512,,17512.0,0.22278399999999998,DPB1,,,,
DPB1*01:01 / DPA1*02:01,DPB1*03:01 / DPA1*02:01,0.535,,0.535,18909,,18909.0,0.286225,DPB1,,,,
DPB1*01:01 / DPA1*02:01,DPB1*04:01 / DPA1*01:03,0.304,0.236,0.331,27216,6398.0,20818.0,0.092416,DPB1,,,,
DPB1*01:01 / DPA1*02:01,DPB1*04:01 / DPA1*02:01,0.528,0.528,,6398,6398.0,,0.27878400000000003,DPB1,,,,
DPB1*01:01 / DPA1*02:01,DPB1*04:01 / DPA1*02:02,0.591,0.591,,6398,6398.0,,0.34928099999999995,DPB1,,,,
DPB1*01:01 / DPA1*02:01,DPB1*04:01 / DPA1*03:01,0.299,0.299,,6398,6398.0,,0.089401,DPB1,,,,
DPB1*01:01 / DPA1*02:01,DPB1*04:01 / DPA1*04:01,0.489,0.489,,6398,6398.0,,0.239121,DPB1,,,,
DPB1*01:01 / DPA1*02:01,DPB1*04:02 / DPA1*01:03,0.22,0.15,0.243,27198,6397.0,20801.0,0.0484,DPB1,,,,
DPB1*01:01 / DPA1*02:01,DPB1*04:02 / DPA1*03:01,0.301,0.301,,6397,6397.0,,0.09060099999999999,DPB1,,,,
DPB1*01:01 / DPA1*02:01,DPB1*05:01 / DPA1*02:01,0.661,0.584,0.677,27216,6398.0,20818.0,0.43692100000000006,DPB1,,,,
DPB1*01:01 / DPA1*02:01,DPB1*05:01 / DPA1*02:02,0.827,0.607,0.874,21830,6398.0,15432.0,0.6839289999999999,DPB1,,,,
DPB1*01:01 / DPA1*02:01,DPB1*05:01 / DPA1*03:01,0.624,0.624,,6398,6398.0,,0.389376,DPB1,,,,
DPB1*01:01 / DPA1*02:01,DPB1*06:01 / DPA1*01:03,0.438,0.453,0.446,21830,6398.0,15432.0,0.191844,DPB1,,,,
DPB1*01:01 / DPA1*02:01,DPB1*06:01 / DPA1*02:01,0.527,,0.527,18909,,18909.0,0.277729,DPB1,,,,
DPB1*01:01 / DPA1*02:01,DPB1*09:01 / DPA1*02:01,0.514,0.628,0.511,27199,6398.0,20801.0,0.264196,DPB1,,,,
DPB1*01:01 / DPA1*02:01,DPB1*105:01 / DPA1*02:01,0.327,,0.327,0,,0.0,0.10692900000000001,DPB1,,,,
DPB1*01:01 / DPA1*02:01,DPB1*107:01 / DPA1*02:01,0.747,,0.747,0,,0.0,0.558009,DPB1,,,,
DPB1*01:01 / DPA1*02:01,DPB1*10:01 / DPA1*02:01,0.56,,0.56,6254,,6254.0,0.31360000000000005,DPB1,,,,
DPB1*01:01 / DPA1*02:01,DPB1*10:01 / DPA1*02:02,0.498,,0.498,14564,,14564.0,0.248004,DPB1,,,,
DPB1*01:01 / DPA1*02:01,DPB1*11:01 / DPA1*01:03,0.543,,0.543,17512,,17512.0,0.294849,DPB1,,,,
DPB1*01:01 / DPA1*02:01,DPB1*11:01 / DPA1*01:04,0.543,,0.543,2265,,2265.0,0.294849,DPB1,,,,
DPB1*01:01 / DPA1*02:01,DPB1*11:01 / DPA1*01:05,0.561,,0.561,2080,,2080.0,0.3147210000000001,DPB1,,,,
DPB1*01:01 / DPA1*02:01,DPB1*11:01 / DPA1*02:01,0.686,0.706,0.657,9704,6398.0,3306.0,0.47059600000000007,DPB1,,,,
DPB1*01:01 / DPA1*02:01,DPB1*11:01 / DPA1*02:02,0.585,,0.585,14564,,14564.0,0.34222499999999995,DPB1,,,,
DPB1*01:01 / DPA1*02:01,DPB1*13:01 / DPA1*01:04,0.697,,0.697,1397,,1397.0,0.48580899999999994,DPB1,,,,
DPB1*01:01 / DPA1*02:01,DPB1*13:01 / DPA1*01:05,0.607,,0.607,2080,,2080.0,0.36844899999999997,DPB1,,,,
DPB1*01:01 / DPA1*02:01,DPB1*13:01 / DPA1*02:01,0.688,0.771,0.687,27031,6398.0,20633.0,0.47334399999999993,DPB1,,,,
DPB1*01:01 / DPA1*02:01,DPB1*13:01 / DPA1*02:02,0.696,,0.696,15432,,15432.0,0.48441599999999996,DPB1,,,,
DPB1*01:01 / DPA1*02:01,DPB1*13:01 / DPA1*03:01,0.538,,0.538,15432,,15432.0,0.28944400000000003,DPB1,,,,
DPB1*01:01 / DPA1*02:01,DPB1*13:01 / DPA1*04:01,0.68,0.623,0.753,9704,6398.0,3306.0,0.4624000000000001,DPB1,,,,
DPB1*01:01 / DPA1*02:01,DPB1*14:01 / DPA1*02:01,0.488,0.576,0.491,27199,6398.0,20801.0,0.238144,DPB1,,,,
DPB1*01:01 / DPA1*02:01,DPB1*15:01 / DPA1*02:01,0.565,0.65,0.555,27158,6398.0,20760.0,0.3192249999999999,DPB1,,,,
DPB1*01:01 / DPA1*02:01,DPB1*17:01 / DPA1*02:01,0.514,0.595,0.521,27216,6398.0,20818.0,0.264196,DPB1,,,,
DPB1*01:01 / DPA1*02:01,DPB1*18:01 / DPA1*01:03,0.334,0.334,,6398,6398.0,,0.11155600000000002,DPB1,,,,
DPB1*01:01 / DPA1*02:01,DPB1*18:01 / DPA1*01:04,0.312,,0.312,19799,,19799.0,0.097344,DPB1,,,,
DPB1*01:01 / DPA1*02:01,DPB1*18:01 / DPA1*01:05,0.318,,0.318,19799,,19799.0,0.101124,DPB1,,,,
DPB1*01:01 / DPA1*02:01,DPB1*18:01 / DPA1*02:01,0.452,,0.452,20760,,20760.0,0.204304,DPB1,,,,
DPB1*01:01 / DPA1*02:01,DPB1*19:01 / DPA1*01:03,0.536,,0.536,17512,,17512.0,0.28729600000000005,DPB1,,,,
DPB1*01:01 / DPA1*02:01,DPB1*19:01 / DPA1*02:01,0.548,0.488,0.636,9687,6398.0,3289.0,0.30030400000000007,DPB1,,,,
DPB1*01:01 / DPA1*02:01,DPB1*20:01 / DPA1*01:03,0.843,,0.843,2287,,2287.0,0.710649,DPB1,,,,
DPB1*01:01 / DPA1*02:01,DPB1*20:01 / DPA1*03:01,0.463,,0.463,15432,,15432.0,0.21436900000000003,DPB1,,,,
DPB1*01:01 / DPA1*02:01,DPB1*23:01 / DPA1*01:03,0.281,,0.281,15432,,15432.0,0.07896100000000002,DPB1,,,,
DPB1*01:01 / DPA1*02:01,DPB1*23:01 / DPA1*02:01,0.59,,0.59,5328,,5328.0,0.34809999999999997,DPB1,,,,
DPB1*01:01 / DPA1*02:01,DPB1*26:01 / DPA1*03:01,0.658,,0.658,0,,0.0,0.432964,DPB1,,,,
DPB1*01:01 / DPA1*02:01,DPB1*28:01 / DPA1*01:03,0.228,,0.228,15432,,15432.0,0.051984,DPB1,,,,
DPB1*01:01 / DPA1*02:01,DPB1*28:01 / DPA1*01:04,0.414,,0.414,2287,,2287.0,0.171396,DPB1,,,,
DPB1*01:01 / DPA1*02:01,DPB1*28:01 / DPA1*01:05,0.281,,0.281,17512,,17512.0,0.07896100000000002,DPB1,,,,
DPB1*01:01 / DPA1*02:01,DPB1*28:01 / DPA1*02:01,0.492,,0.492,2080,,2080.0,0.242064,DPB1,,,,
DPB1*01:01 / DPA1*02:01,DPB1*28:01 / DPA1*02:02,0.462,0.433,0.547,7794,6397.0,1397.0,0.21344400000000002,DPB1,,,,
DPB1*01:01 / DPA1*02:01,DPB1*28:01 / DPA1*04:01,0.381,,0.381,15432,,15432.0,0.145161,DPB1,,,,
DPB1*01:01 / DPA1*02:01,DPB1*30:01 / DPA1*02:01,0.693,,0.693,0,,0.0,0.4802489999999999,DPB1,,,,
DPB1*01:01 / DPA1*02:01,DPB1*31:01 / DPA1*03:01,0.661,,0.661,0,,0.0,0.43692100000000006,DPB1,,,,
DPB1*01:01 / DPA1*02:01,DPB1*40:01 / DPA1*01:05,0.362,,0.362,0,,0.0,0.131044,DPB1,,,,
DPB1*01:01 / DPA1*02:01,DPB1*85:01 / DPA1*01:03,0.651,,0.651,0,,0.0,0.42380100000000004,DPB1,,,,
DPB1*01:01 / DPA1*02:02,DPB1*01:01 / DPA1*03:01,0.734,0.734,,6398,6398.0,,0.538756,DPB1,,,,
DPB1*01:01 / DPA1*02:02,DPB1*02:01 / DPA1*01:03,0.263,0.263,,6397,6397.0,,0.06916900000000001,DPB1,,,,
DPB1*01:01 / DPA1*02:02,DPB1*03:01 / DPA1*01:03,0.563,0.563,,6398,6398.0,,0.31696899999999995,DPB1,,,,
DPB1*01:01 / DPA1*02:02,DPB1*04:01 / DPA1*01:03,0.263,0.263,,6398,6398.0,,0.06916900000000001,DPB1,,,,
DPB1*01:01 / DPA1*02:02,DPB1*04:01 / DPA1*02:01,0.515,0.515,,6398,6398.0,,0.265225,DPB1,,,,
DPB1*01:01 / DPA1*02:02,DPB1*04:01 / DPA1*02:02,0.553,0.553,,6398,6398.0,,0.30580900000000005,DPB1,,,,
DPB1*01:01 / DPA1*02:02,DPB1*04:01 / DPA1*03:01,0.287,0.287,,6398,6398.0,,0.08236899999999998,DPB1,,,,
DPB1*01:01 / DPA1*02:02,DPB1*04:01 / DPA1*04:01,0.487,0.487,,6398,6398.0,,0.237169,DPB1,,,,
DPB1*01:01 / DPA1*02:02,DPB1*04:02 / DPA1*01:03,0.18,0.18,,6397,6397.0,,0.0324,DPB1,,,,
DPB1*01:01 / DPA1*02:02,DPB1*04:02 / DPA1*03:01,0.281,0.281,,6397,6397.0,,0.07896100000000002,DPB1,,,,
DPB1*01:01 / DPA1*02:02,DPB1*05:01 / DPA1*02:01,0.561,0.561,,6398,6398.0,,0.3147210000000001,DPB1,,,,
DPB1*01:01 / DPA1*02:02,DPB1*05:01 / DPA1*02:02,0.656,0.656,,6398,6398.0,,0.43033600000000005,DPB1,,,,
DPB1*01:01 / DPA1*02:02,DPB1*05:01 / DPA1*03:01,0.609,0.609,,6398,6398.0,,0.37088099999999996,DPB1,,,,
DPB1*01:01 / DPA1*02:02,DPB1*06:01 / DPA1*01:03,0.477,0.477,,6398,6398.0,,0.22752899999999998,DPB1,,,,
DPB1*01:01 / DPA1*02:02,DPB1*09:01 / DPA1*02:01,0.638,0.638,,6398,6398.0,,0.407044,DPB1,,,,
DPB1*01:01 / DPA1*02:02,DPB1*11:01 / DPA1*02:01,0.695,0.695,,6398,6398.0,,0.4830249999999999,DPB1,,,,
DPB1*01:01 / DPA1*02:02,DPB1*13:01 / DPA1*02:01,0.72,0.72,,6398,6398.0,,0.5184,DPB1,,,,
DPB1*01:01 / DPA1*02:02,DPB1*13:01 / DPA1*04:01,0.631,0.631,,6398,6398.0,,0.398161,DPB1,,,,
DPB1*01:01 / DPA1*02:02,DPB1*14:01 / DPA1*02:01,0.606,0.606,,6398,6398.0,,0.367236,DPB1,,,,
DPB1*01:01 / DPA1*02:02,DPB1*15:01 / DPA1*02:01,0.689,0.689,,6398,6398.0,,0.47472099999999995,DPB1,,,,
DPB1*01:01 / DPA1*02:02,DPB1*17:01 / DPA1*02:01,0.588,0.588,,6398,6398.0,,0.34574399999999994,DPB1,,,,
DPB1*01:01 / DPA1*02:02,DPB1*18:01 / DPA1*01:03,0.354,0.354,,6398,6398.0,,0.12531599999999998,DPB1,,,,
DPB1*01:01 / DPA1*02:02,DPB1*19:01 / DPA1*02:01,0.532,0.532,,6398,6398.0,,0.28302400000000005,DPB1,,,,
DPB1*01:01 / DPA1*02:02,DPB1*28:01 / DPA1*02:02,0.488,0.488,,6397,6397.0,,0.238144,DPB1,,,,
DPB1*01:01 / DPA1*03:01,DPB1*02:01 / DPA1*01:03,0.345,0.345,,6398,6398.0,,0.11902499999999998,DPB1,,,,
DPB1*01:01 / DPA1*03:01,DPB1*03:01 / DPA1*01:03,0.671,0.671,,6399,6399.0,,0.45024100000000006,DPB1,,,,
DPB1*01:01 / DPA1*03:01,DPB1*04:01 / DPA1*01:03,0.334,0.334,,6399,6399.0,,0.11155600000000002,DPB1,,,,
DPB1*01:01 / DPA1*03:01,DPB1*04:01 / DPA1*02:01,0.504,0.504,,6398,6398.0,,0.254016,DPB1,,,,
DPB1*01:01 / DPA1*03:01,DPB1*04:01 / DPA1*02:02,0.554,0.554,,6398,6398.0,,0.3069160000000001,DPB1,,,,
DPB1*01:01 / DPA1*03:01,DPB1*04:01 / DPA1*03:01,0.418,0.418,,6399,6399.0,,0.174724,DPB1,,,,
DPB1*01:01 / DPA1*03:01,DPB1*04:01 / DPA1*04:01,0.554,0.554,,6399,6399.0,,0.3069160000000001,DPB1,,,,
DPB1*01:01 / DPA1*03:01,DPB1*04:02 / DPA1*01:03,0.289,0.289,,6398,6398.0,,0.08352099999999998,DPB1,,,,
DPB1*01:01 / DPA1*03:01,DPB1*04:02 / DPA1*03:01,0.355,0.355,,6398,6398.0,,0.126025,DPB1,,,,
DPB1*01:01 / DPA1*03:01,DPB1*05:01 / DPA1*02:01,0.455,0.455,,6398,6398.0,,0.20702500000000001,DPB1,,,,
DPB1*01:01 / DPA1*03:01,DPB1*05:01 / DPA1*02:02,0.565,0.565,,6398,6398.0,,0.3192249999999999,DPB1,,,,
DPB1*01:01 / DPA1*03:01,DPB1*05:01 / DPA1*03:01,0.701,0.701,,6399,6399.0,,0.4914009999999999,DPB1,,,,
DPB1*01:01 / DPA1*03:01,DPB1*06:01 / DPA1*01:03,0.555,0.555,,6399,6399.0,,0.30802500000000005,DPB1,,,,
DPB1*01:01 / DPA1*03:01,DPB1*09:01 / DPA1*02:01,0.597,0.597,,6398,6398.0,,0.356409,DPB1,,,,
DPB1*01:01 / DPA1*03:01,DPB1*11:01 / DPA1*02:01,0.608,0.608,,6398,6398.0,,0.369664,DPB1,,,,
DPB1*01:01 / DPA1*03:01,DPB1*13:01 / DPA1*02:01,0.62,0.62,,6398,6398.0,,0.3844,DPB1,,,,
DPB1*01:01 / DPA1*03:01,DPB1*13:01 / DPA1*04:01,0.639,0.639,,6398,6398.0,,0.408321,DPB1,,,,
DPB1*01:01 / DPA1*03:01,DPB1*14:01 / DPA1*02:01,0.462,0.462,,6398,6398.0,,0.21344400000000002,DPB1,,,,
DPB1*01:01 / DPA1*03:01,DPB1*15:01 / DPA1*02:01,0.72,0.72,,6398,6398.0,,0.5184,DPB1,,,,
DPB1*01:01 / DPA1*03:01,DPB1*17:01 / DPA1*02:01,0.567,0.567,,6398,6398.0,,0.32148899999999997,DPB1,,,,
DPB1*01:01 / DPA1*03:01,DPB1*18:01 / DPA1*01:03,0.407,0.407,,6399,6399.0,,0.165649,DPB1,,,,
DPB1*01:01 / DPA1*03:01,DPB1*19:01 / DPA1*02:01,0.477,0.477,,6398,6398.0,,0.22752899999999998,DPB1,,,,
DPB1*01:01 / DPA1*03:01,DPB1*28:01 / DPA1*02:02,0.496,0.496,,6397,6397.0,,0.24601599999999998,DPB1,,,,
DPB1*02:01 / DPA1*01:03,DPB1*02:02 / DPA1*01:03,0.364,,0.364,0,,0.0,0.132496,DPB1,,,,
DPB1*02:01 / DPA1*01:03,DPB1*02:02 / DPA1*02:01,0.638,,0.638,3553,,3553.0,0.407044,DPB1,,,,
DPB1*02:01 / DPA1*01:03,DPB1*03:01 / DPA1*01:03,0.472,0.367,0.489,27216,6398.0,20818.0,0.22278399999999998,DPB1,,,,
DPB1*02:01 / DPA1*01:03,DPB1*03:01 / DPA1*01:04,0.588,,0.588,2287,,2287.0,0.34574399999999994,DPB1,,,,
DPB1*02:01 / DPA1*01:03,DPB1*03:01 / DPA1*01:05,0.55,,0.55,17512,,17512.0,0.30250000000000005,DPB1,,,,
DPB1*02:01 / DPA1*01:03,DPB1*03:01 / DPA1*02:01,0.504,,0.504,18909,,18909.0,0.254016,DPB1,,,,
DPB1*02:01 / DPA1*01:03,DPB1*04:01 / DPA1*01:03,0.547,0.452,0.57,27216,6398.0,20818.0,0.29920900000000006,DPB1,,,,
DPB1*02:01 / DPA1*01:03,DPB1*04:01 / DPA1*02:01,0.452,0.452,,6397,6397.0,,0.204304,DPB1,,,,
DPB1*02:01 / DPA1*01:03,DPB1*04:01 / DPA1*02:02,0.383,0.383,,6397,6397.0,,0.146689,DPB1,,,,
DPB1*02:01 / DPA1*01:03,DPB1*04:01 / DPA1*03:01,0.414,0.414,,6398,6398.0,,0.171396,DPB1,,,,
DPB1*02:01 / DPA1*01:03,DPB1*04:01 / DPA1*04:01,0.468,0.468,,6398,6398.0,,0.21902400000000002,DPB1,,,,
DPB1*02:01 / DPA1*01:03,DPB1*04:02 / DPA1*01:03,0.822,0.671,0.858,27199,6398.0,20801.0,0.675684,DPB1,,,,
DPB1*02:01 / DPA1*01:03,DPB1*04:02 / DPA1*03:01,0.66,0.66,,6398,6398.0,,0.43560000000000004,DPB1,,,,
DPB1*02:01 / DPA1*01:03,DPB1*05:01 / DPA1*02:01,0.339,0.081,0.415,27215,6397.0,20818.0,0.11492100000000001,DPB1,,,,
DPB1*02:01 / DPA1*01:03,DPB1*05:01 / DPA1*02:02,0.242,0.161,0.289,21829,6397.0,15432.0,0.058564,DPB1,,,,
DPB1*02:01 / DPA1*01:03,DPB1*05:01 / DPA1*03:01,0.323,0.323,,6398,6398.0,,0.104329,DPB1,,,,
DPB1*02:01 / DPA1*01:03,DPB1*06:01 / DPA1*01:03,0.461,0.321,0.499,21830,6398.0,15432.0,0.21252100000000002,DPB1,,,,
DPB1*02:01 / DPA1*01:03,DPB1*06:01 / DPA1*02:01,0.498,,0.498,18909,,18909.0,0.248004,DPB1,,,,
DPB1*02:01 / DPA1*01:03,DPB1*09:01 / DPA1*02:01,0.426,0.338,0.443,27198,6397.0,20801.0,0.181476,DPB1,,,,
DPB1*02:01 / DPA1*01:03,DPB1*105:01 / DPA1*02:01,0.626,,0.626,0,,0.0,0.391876,DPB1,,,,
DPB1*02:01 / DPA1*01:03,DPB1*107:01 / DPA1*02:01,0.052,,0.052,0,,0.0,0.002704,DPB1,,,,
DPB1*02:01 / DPA1*01:03,DPB1*10:01 / DPA1*02:01,0.588,,0.588,6254,,6254.0,0.34574399999999994,DPB1,,,,
DPB1*02:01 / DPA1*01:03,DPB1*10:01 / DPA1*02:02,0.573,,0.573,14564,,14564.0,0.3283289999999999,DPB1,,,,
DPB1*02:01 / DPA1*01:03,DPB1*11:01 / DPA1*01:03,0.42,,0.42,17512,,17512.0,0.17639999999999997,DPB1,,,,
DPB1*02:01 / DPA1*01:03,DPB1*11:01 / DPA1*01:04,0.375,,0.375,2265,,2265.0,0.140625,DPB1,,,,
DPB1*02:01 / DPA1*01:03,DPB1*11:01 / DPA1*01:05,0.373,,0.373,2080,,2080.0,0.139129,DPB1,,,,
DPB1*02:01 / DPA1*01:03,DPB1*11:01 / DPA1*02:01,0.316,0.18,0.52,9703,6397.0,3306.0,0.099856,DPB1,,,,
DPB1*02:01 / DPA1*01:03,DPB1*11:01 / DPA1*02:02,0.331,,0.331,14564,,14564.0,0.109561,DPB1,,,,
DPB1*02:01 / DPA1*01:03,DPB1*13:01 / DPA1*01:04,0.554,,0.554,1397,,1397.0,0.3069160000000001,DPB1,,,,
DPB1*02:01 / DPA1*01:03,DPB1*13:01 / DPA1*01:05,0.493,,0.493,2080,,2080.0,0.243049,DPB1,,,,
DPB1*02:01 / DPA1*01:03,DPB1*13:01 / DPA1*02:01,0.379,0.199,0.415,27030,6397.0,20633.0,0.143641,DPB1,,,,
DPB1*02:01 / DPA1*01:03,DPB1*13:01 / DPA1*02:02,0.384,,0.384,15432,,15432.0,0.147456,DPB1,,,,
DPB1*02:01 / DPA1*01:03,DPB1*13:01 / DPA1*03:01,0.445,,0.445,15432,,15432.0,0.198025,DPB1,,,,
DPB1*02:01 / DPA1*01:03,DPB1*13:01 / DPA1*04:01,0.34,0.224,0.534,9703,6397.0,3306.0,0.11560000000000002,DPB1,,,,
DPB1*02:01 / DPA1*01:03,DPB1*14:01 / DPA1*02:01,0.407,0.279,0.431,27198,6397.0,20801.0,0.165649,DPB1,,,,
DPB1*02:01 / DPA1*01:03,DPB1*15:01 / DPA1*02:01,0.511,0.359,0.546,27157,6397.0,20760.0,0.261121,DPB1,,,,
DPB1*02:01 / DPA1*01:03,DPB1*17:01 / DPA1*02:01,0.476,0.357,0.503,27215,6397.0,20818.0,0.22657599999999997,DPB1,,,,
DPB1*02:01 / DPA1*01:03,DPB1*18:01 / DPA1*01:03,0.69,0.69,,6398,6398.0,,0.4760999999999999,DPB1,,,,
DPB1*02:01 / DPA1*01:03,DPB1*18:01 / DPA1*01:04,0.798,,0.798,19799,,19799.0,0.636804,DPB1,,,,
DPB1*02:01 / DPA1*01:03,DPB1*18:01 / DPA1*01:05,0.785,,0.785,19799,,19799.0,0.616225,DPB1,,,,
DPB1*02:01 / DPA1*01:03,DPB1*18:01 / DPA1*02:01,0.684,,0.684,20760,,20760.0,0.46785600000000005,DPB1,,,,
DPB1*02:01 / DPA1*01:03,DPB1*19:01 / DPA1*01:03,0.463,,0.463,17512,,17512.0,0.21436900000000003,DPB1,,,,
DPB1*02:01 / DPA1*01:03,DPB1*19:01 / DPA1*02:01,0.28,0.136,0.518,9686,6397.0,3289.0,0.07840000000000001,DPB1,,,,
DPB1*02:01 / DPA1*01:03,DPB1*20:01 / DPA1*01:03,0.55,,0.55,2287,,2287.0,0.30250000000000005,DPB1,,,,
DPB1*02:01 / DPA1*01:03,DPB1*20:01 / DPA1*03:01,0.553,,0.553,15432,,15432.0,0.30580900000000005,DPB1,,,,
DPB1*02:01 / DPA1*01:03,DPB1*23:01 / DPA1*01:03,0.602,,0.602,15432,,15432.0,0.36240399999999995,DPB1,,,,
DPB1*02:01 / DPA1*01:03,DPB1*23:01 / DPA1*02:01,0.589,,0.589,5328,,5328.0,0.346921,DPB1,,,,
DPB1*02:01 / DPA1*01:03,DPB1*26:01 / DPA1*03:01,0.157,,0.157,0,,0.0,0.024649,DPB1,,,,
DPB1*02:01 / DPA1*01:03,DPB1*28:01 / DPA1*01:03,0.869,,0.869,15432,,15432.0,0.755161,DPB1,,,,
DPB1*02:01 / DPA1*01:03,DPB1*28:01 / DPA1*01:04,0.792,,0.792,2287,,2287.0,0.627264,DPB1,,,,
DPB1*02:01 / DPA1*01:03,DPB1*28:01 / DPA1*01:05,0.86,,0.86,17512,,17512.0,0.7395999999999999,DPB1,,,,
DPB1*02:01 / DPA1*01:03,DPB1*28:01 / DPA1*02:01,0.719,,0.719,2080,,2080.0,0.516961,DPB1,,,,
DPB1*02:01 / DPA1*01:03,DPB1*28:01 / DPA1*02:02,0.543,0.505,0.715,7794,6397.0,1397.0,0.294849,DPB1,,,,
DPB1*02:01 / DPA1*01:03,DPB1*28:01 / DPA1*04:01,0.786,,0.786,15432,,15432.0,0.617796,DPB1,,,,
DPB1*02:01 / DPA1*01:03,DPB1*30:01 / DPA1*02:01,0.153,,0.153,0,,0.0,0.023409,DPB1,,,,
DPB1*02:01 / DPA1*01:03,DPB1*31:01 / DPA1*03:01,0.178,,0.178,0,,0.0,0.031684,DPB1,,,,
DPB1*02:01 / DPA1*01:03,DPB1*40:01 / DPA1*01:05,0.342,,0.342,0,,0.0,0.11696400000000001,DPB1,,,,
DPB1*02:01 / DPA1*01:03,DPB1*85:01 / DPA1*01:03,0.179,,0.179,0,,0.0,0.032041,DPB1,,,,
DPB1*02:02 / DPA1*01:03,DPB1*03:01 / DPA1*01:03,0.196,,0.196,0,,0.0,0.038416000000000006,DPB1,,,,
DPB1*02:02 / DPA1*01:03,DPB1*03:01 / DPA1*01:05,0.201,,0.201,0,,0.0,0.040401000000000006,DPB1,,,,
DPB1*02:02 / DPA1*01:03,DPB1*03:01 / DPA1*02:01,0.126,,0.126,0,,0.0,0.015876,DPB1,,,,
DPB1*02:02 / DPA1*01:03,DPB1*04:01 / DPA1*01:03,0.586,,0.586,0,,0.0,0.343396,DPB1,,,,
DPB1*02:02 / DPA1*01:03,DPB1*04:02 / DPA1*01:03,0.332,,0.332,0,,0.0,0.11022400000000002,DPB1,,,,
DPB1*02:02 / DPA1*01:03,DPB1*05:01 / DPA1*02:01,0.19,,0.19,0,,0.0,0.0361,DPB1,,,,
DPB1*02:02 / DPA1*01:03,DPB1*05:01 / DPA1*02:02,0.129,,0.129,0,,0.0,0.016641,DPB1,,,,
DPB1*02:02 / DPA1*01:03,DPB1*06:01 / DPA1*01:03,0.202,,0.202,0,,0.0,0.04080400000000001,DPB1,,,,
DPB1*02:02 / DPA1*01:03,DPB1*06:01 / DPA1*02:01,0.137,,0.137,0,,0.0,0.018769000000000004,DPB1,,,,
DPB1*02:02 / DPA1*01:03,DPB1*09:01 / DPA1*02:01,0.131,,0.131,0,,0.0,0.017161000000000003,DPB1,,,,
DPB1*02:02 / DPA1*01:03,DPB1*105:01 / DPA1*02:01,0.464,,0.464,0,,0.0,0.21529600000000002,DPB1,,,,
DPB1*02:02 / DPA1*01:03,DPB1*107:01 / DPA1*02:01,0.269,,0.269,0,,0.0,0.07236100000000001,DPB1,,,,
DPB1*02:02 / DPA1*01:03,DPB1*10:01 / DPA1*02:02,0.186,,0.186,0,,0.0,0.034596,DPB1,,,,
DPB1*02:02 / DPA1*01:03,DPB1*11:01 / DPA1*01:03,0.31,,0.31,0,,0.0,0.0961,DPB1,,,,
DPB1*02:02 / DPA1*01:03,DPB1*11:01 / DPA1*02:02,0.151,,0.151,0,,0.0,0.022801,DPB1,,,,
DPB1*02:02 / DPA1*01:03,DPB1*13:01 / DPA1*02:01,0.161,,0.161,0,,0.0,0.025921000000000003,DPB1,,,,
DPB1*02:02 / DPA1*01:03,DPB1*13:01 / DPA1*02:02,0.157,,0.157,0,,0.0,0.024649,DPB1,,,,
DPB1*02:02 / DPA1*01:03,DPB1*13:01 / DPA1*03:01,0.329,,0.329,0,,0.0,0.108241,DPB1,,,,
DPB1*02:02 / DPA1*01:03,DPB1*14:01 / DPA1*02:01,0.126,,0.126,0,,0.0,0.015876,DPB1,,,,
DPB1*02:02 / DPA1*01:03,DPB1*15:01 / DPA1*02:01,0.405,,0.405,0,,0.0,0.16402500000000003,DPB1,,,,
DPB1*02:02 / DPA1*01:03,DPB1*17:01 / DPA1*02:01,0.194,,0.194,0,,0.0,0.037636,DPB1,,,,
DPB1*02:02 / DPA1*01:03,DPB1*18:01 / DPA1*01:04,0.329,,0.329,0,,0.0,0.108241,DPB1,,,,
DPB1*02:02 / DPA1*01:03,DPB1*18:01 / DPA1*01:05,0.325,,0.325,0,,0.0,0.10562500000000001,DPB1,,,,
DPB1*02:02 / DPA1*01:03,DPB1*18:01 / DPA1*02:01,0.297,,0.297,0,,0.0,0.088209,DPB1,,,,
DPB1*02:02 / DPA1*01:03,DPB1*19:01 / DPA1*01:03,0.362,,0.362,0,,0.0,0.131044,DPB1,,,,
DPB1*02:02 / DPA1*01:03,DPB1*20:01 / DPA1*03:01,0.213,,0.213,0,,0.0,0.045369,DPB1,,,,
DPB1*02:02 / DPA1*01:03,DPB1*23:01 / DPA1*01:03,0.591,,0.591,0,,0.0,0.34928099999999995,DPB1,,,,
DPB1*02:02 / DPA1*01:03,DPB1*26:01 / DPA1*03:01,0.399,,0.399,0,,0.0,0.159201,DPB1,,,,
DPB1*02:02 / DPA1*01:03,DPB1*28:01 / DPA1*01:03,0.356,,0.356,0,,0.0,0.126736,DPB1,,,,
DPB1*02:02 / DPA1*01:03,DPB1*28:01 / DPA1*01:05,0.376,,0.376,0,,0.0,0.141376,DPB1,,,,
DPB1*02:02 / DPA1*01:03,DPB1*28:01 / DPA1*04:01,0.366,,0.366,0,,0.0,0.133956,DPB1,,,,
DPB1*02:02 / DPA1*01:03,DPB1*30:01 / DPA1*02:01,0.364,,0.364,0,,0.0,0.132496,DPB1,,,,
DPB1*02:02 / DPA1*01:03,DPB1*31:01 / DPA1*03:01,0.395,,0.395,0,,0.0,0.15602500000000002,DPB1,,,,
DPB1*02:02 / DPA1*01:03,DPB1*40:01 / DPA1*01:05,0.676,,0.676,0,,0.0,0.45697600000000005,DPB1,,,,
DPB1*02:02 / DPA1*01:03,DPB1*85:01 / DPA1*01:03,0.433,,0.433,0,,0.0,0.187489,DPB1,,,,
DPB1*02:02 / DPA1*02:01,DPB1*03:01 / DPA1*01:03,0.407,,0.407,3553,,3553.0,0.165649,DPB1,,,,
DPB1*02:02 / DPA1*02:01,DPB1*03:01 / DPA1*01:04,0.477,,0.477,2287,,2287.0,0.22752899999999998,DPB1,,,,
DPB1*02:02 / DPA1*02:01,DPB1*03:01 / DPA1*01:05,0.37,,0.37,305,,305.0,0.1369,DPB1,,,,
DPB1*02:02 / DPA1*02:01,DPB1*03:01 / DPA1*02:01,0.415,,0.415,1702,,1702.0,0.172225,DPB1,,,,
DPB1*02:02 / DPA1*02:01,DPB1*04:01 / DPA1*01:03,0.516,,0.516,3553,,3553.0,0.266256,DPB1,,,,
DPB1*02:02 / DPA1*02:01,DPB1*04:02 / DPA1*01:03,0.489,,0.489,3553,,3553.0,0.239121,DPB1,,,,
DPB1*02:02 / DPA1*02:01,DPB1*05:01 / DPA1*02:01,0.639,,0.639,3553,,3553.0,0.408321,DPB1,,,,
DPB1*02:02 / DPA1*02:01,DPB1*06:01 / DPA1*02:01,0.487,,0.487,1702,,1702.0,0.237169,DPB1,,,,
DPB1*02:02 / DPA1*02:01,DPB1*09:01 / DPA1*02:01,0.433,,0.433,3553,,3553.0,0.187489,DPB1,,,,
DPB1*02:02 / DPA1*02:01,DPB1*10:01 / DPA1*02:01,0.587,,0.587,3553,,3553.0,0.34456899999999996,DPB1,,,,
DPB1*02:02 / DPA1*02:01,DPB1*11:01 / DPA1*01:03,0.547,,0.547,305,,305.0,0.29920900000000006,DPB1,,,,
DPB1*02:02 / DPA1*02:01,DPB1*11:01 / DPA1*01:04,0.527,,0.527,1397,,1397.0,0.277729,DPB1,,,,
DPB1*02:02 / DPA1*02:01,DPB1*11:01 / DPA1*01:05,0.454,,0.454,305,,305.0,0.20611600000000002,DPB1,,,,
DPB1*02:02 / DPA1*02:01,DPB1*11:01 / DPA1*02:01,0.634,,0.634,3248,,3248.0,0.40195600000000004,DPB1,,,,
DPB1*02:02 / DPA1*02:01,DPB1*13:01 / DPA1*01:04,0.735,,0.735,1397,,1397.0,0.540225,DPB1,,,,
DPB1*02:02 / DPA1*02:01,DPB1*13:01 / DPA1*01:05,0.731,,0.731,305,,305.0,0.534361,DPB1,,,,
DPB1*02:02 / DPA1*02:01,DPB1*13:01 / DPA1*02:01,0.74,,0.74,3426,,3426.0,0.5476,DPB1,,,,
DPB1*02:02 / DPA1*02:01,DPB1*13:01 / DPA1*04:01,0.711,,0.711,3248,,3248.0,0.505521,DPB1,,,,
DPB1*02:02 / DPA1*02:01,DPB1*14:01 / DPA1*02:01,0.529,,0.529,3553,,3553.0,0.279841,DPB1,,,,
DPB1*02:02 / DPA1*02:01,DPB1*15:01 / DPA1*02:01,0.828,,0.828,3553,,3553.0,0.685584,DPB1,,,,
DPB1*02:02 / DPA1*02:01,DPB1*17:01 / DPA1*02:01,0.493,,0.493,3553,,3553.0,0.243049,DPB1,,,,
DPB1*02:02 / DPA1*02:01,DPB1*18:01 / DPA1*01:04,0.396,,0.396,2592,,2592.0,0.156816,DPB1,,,,
DPB1*02:02 / DPA1*02:01,DPB1*18:01 / DPA1*01:05,0.407,,0.407,2592,,2592.0,0.165649,DPB1,,,,
DPB1*02:02 / DPA1*02:01,DPB1*18:01 / DPA1*02:01,0.544,,0.544,3553,,3553.0,0.29593600000000003,DPB1,,,,
DPB1*02:02 / DPA1*02:01,DPB1*19:01 / DPA1*01:03,0.646,,0.646,305,,305.0,0.417316,DPB1,,,,
DPB1*02:02 / DPA1*02:01,DPB1*19:01 / DPA1*02:01,0.653,,0.653,3248,,3248.0,0.42640900000000004,DPB1,,,,
DPB1*02:02 / DPA1*02:01,DPB1*20:01 / DPA1*01:03,0.656,,0.656,2287,,2287.0,0.43033600000000005,DPB1,,,,
DPB1*02:02 / DPA1*02:01,DPB1*23:01 / DPA1*02:01,0.83,,0.83,3553,,3553.0,0.6889,DPB1,,,,
DPB1*02:02 / DPA1*02:01,DPB1*28:01 / DPA1*01:04,0.495,,0.495,2287,,2287.0,0.245025,DPB1,,,,
DPB1*02:02 / DPA1*02:01,DPB1*28:01 / DPA1*01:05,0.372,,0.372,305,,305.0,0.138384,DPB1,,,,
DPB1*02:02 / DPA1*02:01,DPB1*28:01 / DPA1*02:01,0.636,,0.636,305,,305.0,0.404496,DPB1,,,,
DPB1*02:02 / DPA1*02:01,DPB1*28:01 / DPA1*02:02,0.657,,0.657,1397,,1397.0,0.43164900000000006,DPB1,,,,
DPB1*03:01 / DPA1*01:03,DPB1*03:01 / DPA1*01:04,0.786,,0.786,2287,,2287.0,0.617796,DPB1,,,,
DPB1*03:01 / DPA1*01:03,DPB1*03:01 / DPA1*01:05,0.931,,0.931,17512,,17512.0,0.8667610000000001,DPB1,,,,
DPB1*03:01 / DPA1*01:03,DPB1*03:01 / DPA1*02:01,0.811,,0.811,18909,,18909.0,0.6577210000000001,DPB1,,,,
DPB1*03:01 / DPA1*01:03,DPB1*04:01 / DPA1*01:03,0.376,0.222,0.402,27217,6399.0,20818.0,0.141376,DPB1,,,,
DPB1*03:01 / DPA1*01:03,DPB1*04:01 / DPA1*02:01,0.448,0.448,,6398,6398.0,,0.20070400000000002,DPB1,,,,
DPB1*03:01 / DPA1*01:03,DPB1*04:01 / DPA1*02:02,0.397,0.397,,6398,6398.0,,0.15760900000000003,DPB1,,,,
DPB1*03:01 / DPA1*01:03,DPB1*04:01 / DPA1*03:01,0.275,0.275,,6399,6399.0,,0.07562500000000001,DPB1,,,,
DPB1*03:01 / DPA1*01:03,DPB1*04:01 / DPA1*04:01,0.395,0.395,,6399,6399.0,,0.15602500000000002,DPB1,,,,
DPB1*03:01 / DPA1*01:03,DPB1*04:02 / DPA1*01:03,0.472,0.346,0.492,27199,6398.0,20801.0,0.22278399999999998,DPB1,,,,
DPB1*03:01 / DPA1*01:03,DPB1*04:02 / DPA1*03:01,0.438,0.438,,6398,6398.0,,0.191844,DPB1,,,,
DPB1*03:01 / DPA1*01:03,DPB1*05:01 / DPA1*02:01,0.554,0.373,0.612,27216,6398.0,20818.0,0.3069160000000001,DPB1,,,,
DPB1*03:01 / DPA1*01:03,DPB1*05:01 / DPA1*02:02,0.472,0.469,0.494,21830,6398.0,15432.0,0.22278399999999998,DPB1,,,,
DPB1*03:01 / DPA1*01:03,DPB1*05:01 / DPA1*03:01,0.575,0.575,,6399,6399.0,,0.33062499999999995,DPB1,,,,
DPB1*03:01 / DPA1*01:03,DPB1*06:01 / DPA1*01:03,0.826,0.832,0.825,21831,6399.0,15432.0,0.6822759999999999,DPB1,,,,
DPB1*03:01 / DPA1*01:03,DPB1*06:01 / DPA1*02:01,0.798,,0.798,18909,,18909.0,0.636804,DPB1,,,,
DPB1*03:01 / DPA1*01:03,DPB1*09:01 / DPA1*02:01,0.767,0.725,0.765,27199,6398.0,20801.0,0.5882890000000001,DPB1,,,,
DPB1*03:01 / DPA1*01:03,DPB1*105:01 / DPA1*02:01,0.6,,0.6,0,,0.0,0.36,DPB1,,,,
DPB1*03:01 / DPA1*01:03,DPB1*107:01 / DPA1*02:01,0.506,,0.506,0,,0.0,0.256036,DPB1,,,,
DPB1*03:01 / DPA1*01:03,DPB1*10:01 / DPA1*02:01,0.696,,0.696,6254,,6254.0,0.48441599999999996,DPB1,,,,
DPB1*03:01 / DPA1*01:03,DPB1*10:01 / DPA1*02:02,0.702,,0.702,14564,,14564.0,0.49280399999999996,DPB1,,,,
DPB1*03:01 / DPA1*01:03,DPB1*11:01 / DPA1*01:03,0.678,,0.678,17512,,17512.0,0.45968400000000004,DPB1,,,,
DPB1*03:01 / DPA1*01:03,DPB1*11:01 / DPA1*01:04,0.539,,0.539,2265,,2265.0,0.29052100000000003,DPB1,,,,
DPB1*03:01 / DPA1*01:03,DPB1*11:01 / DPA1*01:05,0.645,,0.645,2080,,2080.0,0.41602500000000003,DPB1,,,,
DPB1*03:01 / DPA1*01:03,DPB1*11:01 / DPA1*02:01,0.539,0.486,0.617,9704,6398.0,3306.0,0.29052100000000003,DPB1,,,,
DPB1*03:01 / DPA1*01:03,DPB1*11:01 / DPA1*02:02,0.564,,0.564,14564,,14564.0,0.31809599999999993,DPB1,,,,
DPB1*03:01 / DPA1*01:03,DPB1*13:01 / DPA1*01:04,0.586,,0.586,1397,,1397.0,0.343396,DPB1,,,,
DPB1*03:01 / DPA1*01:03,DPB1*13:01 / DPA1*01:05,0.643,,0.643,2080,,2080.0,0.413449,DPB1,,,,
DPB1*03:01 / DPA1*01:03,DPB1*13:01 / DPA1*02:01,0.568,0.523,0.571,27031,6398.0,20633.0,0.32262399999999997,DPB1,,,,
DPB1*03:01 / DPA1*01:03,DPB1*13:01 / DPA1*02:02,0.561,,0.561,15432,,15432.0,0.3147210000000001,DPB1,,,,
DPB1*03:01 / DPA1*01:03,DPB1*13:01 / DPA1*03:01,0.644,,0.644,15432,,15432.0,0.41473600000000005,DPB1,,,,
DPB1*03:01 / DPA1*01:03,DPB1*13:01 / DPA1*04:01,0.569,0.536,0.599,9704,6398.0,3306.0,0.32376099999999997,DPB1,,,,
DPB1*03:01 / DPA1*01:03,DPB1*14:01 / DPA1*02:01,0.702,0.611,0.702,27199,6398.0,20801.0,0.49280399999999996,DPB1,,,,
DPB1*03:01 / DPA1*01:03,DPB1*15:01 / DPA1*02:01,0.539,0.532,0.543,27158,6398.0,20760.0,0.29052100000000003,DPB1,,,,
DPB1*03:01 / DPA1*01:03,DPB1*17:01 / DPA1*02:01,0.77,0.69,0.772,27216,6398.0,20818.0,0.5929,DPB1,,,,
DPB1*03:01 / DPA1*01:03,DPB1*18:01 / DPA1*01:03,0.51,0.51,,6399,6399.0,,0.2601,DPB1,,,,
DPB1*03:01 / DPA1*01:03,DPB1*18:01 / DPA1*01:04,0.595,,0.595,19799,,19799.0,0.354025,DPB1,,,,
DPB1*03:01 / DPA1*01:03,DPB1*18:01 / DPA1*01:05,0.589,,0.589,19799,,19799.0,0.346921,DPB1,,,,
DPB1*03:01 / DPA1*01:03,DPB1*18:01 / DPA1*02:01,0.656,,0.656,20760,,20760.0,0.43033600000000005,DPB1,,,,
DPB1*03:01 / DPA1*01:03,DPB1*19:01 / DPA1*01:03,0.628,,0.628,17512,,17512.0,0.394384,DPB1,,,,
DPB1*03:01 / DPA1*01:03,DPB1*19:01 / DPA1*02:01,0.438,0.393,0.537,9687,6398.0,3289.0,0.191844,DPB1,,,,
DPB1*03:01 / DPA1*01:03,DPB1*20:01 / DPA1*01:03,0.605,,0.605,2287,,2287.0,0.366025,DPB1,,,,
DPB1*03:01 / DPA1*01:03,DPB1*20:01 / DPA1*03:01,0.839,,0.839,15432,,15432.0,0.7039209999999999,DPB1,,,,
DPB1*03:01 / DPA1*01:03,DPB1*23:01 / DPA1*01:03,0.389,,0.389,15432,,15432.0,0.151321,DPB1,,,,
DPB1*03:01 / DPA1*01:03,DPB1*23:01 / DPA1*02:01,0.519,,0.519,5328,,5328.0,0.269361,DPB1,,,,
DPB1*03:01 / DPA1*01:03,DPB1*26:01 / DPA1*03:01,0.619,,0.619,0,,0.0,0.383161,DPB1,,,,
DPB1*03:01 / DPA1*01:03,DPB1*28:01 / DPA1*01:03,0.507,,0.507,15432,,15432.0,0.257049,DPB1,,,,
DPB1*03:01 / DPA1*01:03,DPB1*28:01 / DPA1*01:04,0.519,,0.519,2287,,2287.0,0.269361,DPB1,,,,
DPB1*03:01 / DPA1*01:03,DPB1*28:01 / DPA1*01:05,0.553,,0.553,17512,,17512.0,0.30580900000000005,DPB1,,,,
DPB1*03:01 / DPA1*01:03,DPB1*28:01 / DPA1*02:01,0.634,,0.634,2080,,2080.0,0.40195600000000004,DPB1,,,,
DPB1*03:01 / DPA1*01:03,DPB1*28:01 / DPA1*02:02,0.585,0.571,0.587,7794,6397.0,1397.0,0.34222499999999995,DPB1,,,,
DPB1*03:01 / DPA1*01:03,DPB1*28:01 / DPA1*04:01,0.642,,0.642,15432,,15432.0,0.41216400000000003,DPB1,,,,
DPB1*03:01 / DPA1*01:03,DPB1*30:01 / DPA1*02:01,0.551,,0.551,0,,0.0,0.30360100000000007,DPB1,,,,
DPB1*03:01 / DPA1*01:03,DPB1*31:01 / DPA1*03:01,0.625,,0.625,0,,0.0,0.390625,DPB1,,,,
DPB1*03:01 / DPA1*01:03,DPB1*40:01 / DPA1*01:05,0.384,,0.384,0,,0.0,0.147456,DPB1,,,,
DPB1*03:01 / DPA1*01:03,DPB1*85:01 / DPA1*01:03,0.602,,0.602,0,,0.0,0.36240399999999995,DPB1,,,,
DPB1*03:01 / DPA1*01:04,DPB1*03:01 / DPA1*02:01,0.82,,0.82,1397,,1397.0,0.6723999999999999,DPB1,,,,
DPB1*03:01 / DPA1*01:04,DPB1*04:01 / DPA1*01:03,0.435,,0.435,2287,,2287.0,0.189225,DPB1,,,,
DPB1*03:01 / DPA1*01:04,DPB1*04:02 / DPA1*01:03,0.561,,0.561,2287,,2287.0,0.3147210000000001,DPB1,,,,
DPB1*03:01 / DPA1*01:04,DPB1*05:01 / DPA1*02:01,0.667,,0.667,2287,,2287.0,0.44488900000000003,DPB1,,,,
DPB1*03:01 / DPA1*01:04,DPB1*06:01 / DPA1*02:01,0.801,,0.801,1397,,1397.0,0.6416010000000001,DPB1,,,,
DPB1*03:01 / DPA1*01:04,DPB1*09:01 / DPA1*02:01,0.762,,0.762,2287,,2287.0,0.580644,DPB1,,,,
DPB1*03:01 / DPA1*01:04,DPB1*10:01 / DPA1*02:01,0.662,,0.662,2287,,2287.0,0.438244,DPB1,,,,
DPB1*03:01 / DPA1*01:04,DPB1*11:01 / DPA1*01:04,0.714,,0.714,1397,,1397.0,0.5097959999999999,DPB1,,,,
DPB1*03:01 / DPA1*01:04,DPB1*11:01 / DPA1*02:01,0.738,,0.738,2287,,2287.0,0.544644,DPB1,,,,
DPB1*03:01 / DPA1*01:04,DPB1*13:01 / DPA1*01:04,0.691,,0.691,1397,,1397.0,0.47748099999999993,DPB1,,,,
DPB1*03:01 / DPA1*01:04,DPB1*13:01 / DPA1*02:01,0.587,,0.587,2287,,2287.0,0.34456899999999996,DPB1,,,,
DPB1*03:01 / DPA1*01:04,DPB1*13:01 / DPA1*04:01,0.584,,0.584,2287,,2287.0,0.34105599999999997,DPB1,,,,
DPB1*03:01 / DPA1*01:04,DPB1*14:01 / DPA1*02:01,0.784,,0.784,2287,,2287.0,0.6146560000000001,DPB1,,,,
DPB1*03:01 / DPA1*01:04,DPB1*15:01 / DPA1*02:01,0.573,,0.573,2287,,2287.0,0.3283289999999999,DPB1,,,,
DPB1*03:01 / DPA1*01:04,DPB1*17:01 / DPA1*02:01,0.798,,0.798,2287,,2287.0,0.636804,DPB1,,,,
DPB1*03:01 / DPA1*01:04,DPB1*18:01 / DPA1*01:04,0.684,,0.684,2287,,2287.0,0.46785600000000005,DPB1,,,,
DPB1*03:01 / DPA1*01:04,DPB1*18:01 / DPA1*01:05,0.654,,0.654,2287,,2287.0,0.42771600000000004,DPB1,,,,
DPB1*03:01 / DPA1*01:04,DPB1*18:01 / DPA1*02:01,0.692,,0.692,2287,,2287.0,0.47886399999999996,DPB1,,,,
DPB1*03:01 / DPA1*01:04,DPB1*19:01 / DPA1*02:01,0.605,,0.605,2287,,2287.0,0.366025,DPB1,,,,
DPB1*03:01 / DPA1*01:04,DPB1*20:01 / DPA1*01:03,0.67,,0.67,2287,,2287.0,0.4489000000000001,DPB1,,,,
DPB1*03:01 / DPA1*01:04,DPB1*23:01 / DPA1*02:01,0.473,,0.473,2287,,2287.0,0.22372899999999998,DPB1,,,,
DPB1*03:01 / DPA1*01:04,DPB1*28:01 / DPA1*01:04,0.673,,0.673,2287,,2287.0,0.4529290000000001,DPB1,,,,
DPB1*03:01 / DPA1*01:04,DPB1*28:01 / DPA1*02:02,0.648,,0.648,1397,,1397.0,0.419904,DPB1,,,,
DPB1*03:01 / DPA1*01:05,DPB1*03:01 / DPA1*02:01,0.86,,0.86,17512,,17512.0,0.7395999999999999,DPB1,,,,
DPB1*03:01 / DPA1*01:05,DPB1*04:01 / DPA1*01:03,0.393,,0.393,17512,,17512.0,0.154449,DPB1,,,,
DPB1*03:01 / DPA1*01:05,DPB1*04:02 / DPA1*01:03,0.501,,0.501,17512,,17512.0,0.251001,DPB1,,,,
DPB1*03:01 / DPA1*01:05,DPB1*05:01 / DPA1*02:01,0.661,,0.661,17512,,17512.0,0.43692100000000006,DPB1,,,,
DPB1*03:01 / DPA1*01:05,DPB1*05:01 / DPA1*02:02,0.529,,0.529,15432,,15432.0,0.279841,DPB1,,,,
DPB1*03:01 / DPA1*01:05,DPB1*06:01 / DPA1*01:03,0.868,,0.868,15432,,15432.0,0.753424,DPB1,,,,
DPB1*03:01 / DPA1*01:05,DPB1*06:01 / DPA1*02:01,0.857,,0.857,17512,,17512.0,0.734449,DPB1,,,,
DPB1*03:01 / DPA1*01:05,DPB1*09:01 / DPA1*02:01,0.807,,0.807,17512,,17512.0,0.6512490000000001,DPB1,,,,
DPB1*03:01 / DPA1*01:05,DPB1*105:01 / DPA1*02:01,0.61,,0.61,0,,0.0,0.3721,DPB1,,,,
DPB1*03:01 / DPA1*01:05,DPB1*107:01 / DPA1*02:01,0.521,,0.521,0,,0.0,0.27144100000000004,DPB1,,,,
DPB1*03:01 / DPA1*01:05,DPB1*10:01 / DPA1*02:01,0.745,,0.745,2948,,2948.0,0.555025,DPB1,,,,
DPB1*03:01 / DPA1*01:05,DPB1*10:01 / DPA1*02:02,0.738,,0.738,14564,,14564.0,0.544644,DPB1,,,,
DPB1*03:01 / DPA1*01:05,DPB1*11:01 / DPA1*01:03,0.721,,0.721,17512,,17512.0,0.519841,DPB1,,,,
DPB1*03:01 / DPA1*01:05,DPB1*11:01 / DPA1*01:04,0.57,,0.57,868,,868.0,0.32489999999999997,DPB1,,,,
DPB1*03:01 / DPA1*01:05,DPB1*11:01 / DPA1*01:05,0.682,,0.682,2080,,2080.0,0.4651240000000001,DPB1,,,,
DPB1*03:01 / DPA1*01:05,DPB1*11:01 / DPA1*02:02,0.613,,0.613,14564,,14564.0,0.37576899999999996,DPB1,,,,
DPB1*03:01 / DPA1*01:05,DPB1*13:01 / DPA1*01:05,0.689,,0.689,2080,,2080.0,0.47472099999999995,DPB1,,,,
DPB1*03:01 / DPA1*01:05,DPB1*13:01 / DPA1*02:01,0.628,,0.628,17512,,17512.0,0.394384,DPB1,,,,
DPB1*03:01 / DPA1*01:05,DPB1*13:01 / DPA1*02:02,0.627,,0.627,15432,,15432.0,0.393129,DPB1,,,,
DPB1*03:01 / DPA1*01:05,DPB1*13:01 / DPA1*03:01,0.708,,0.708,15432,,15432.0,0.5012639999999999,DPB1,,,,
DPB1*03:01 / DPA1*01:05,DPB1*14:01 / DPA1*02:01,0.751,,0.751,17512,,17512.0,0.564001,DPB1,,,,
DPB1*03:01 / DPA1*01:05,DPB1*15:01 / DPA1*02:01,0.597,,0.597,17512,,17512.0,0.356409,DPB1,,,,
DPB1*03:01 / DPA1*01:05,DPB1*17:01 / DPA1*02:01,0.834,,0.834,17512,,17512.0,0.695556,DPB1,,,,
DPB1*03:01 / DPA1*01:05,DPB1*18:01 / DPA1*01:04,0.632,,0.632,17512,,17512.0,0.399424,DPB1,,,,
DPB1*03:01 / DPA1*01:05,DPB1*18:01 / DPA1*01:05,0.632,,0.632,17512,,17512.0,0.399424,DPB1,,,,
DPB1*03:01 / DPA1*01:05,DPB1*18:01 / DPA1*02:01,0.69,,0.69,17512,,17512.0,0.4760999999999999,DPB1,,,,
DPB1*03:01 / DPA1*01:05,DPB1*19:01 / DPA1*01:03,0.673,,0.673,17512,,17512.0,0.4529290000000001,DPB1,,,,
DPB1*03:01 / DPA1*01:05,DPB1*20:01 / DPA1*03:01,0.874,,0.874,15432,,15432.0,0.763876,DPB1,,,,
DPB1*03:01 / DPA1*01:05,DPB1*23:01 / DPA1*01:03,0.401,,0.401,15432,,15432.0,0.16080100000000003,DPB1,,,,
DPB1*03:01 / DPA1*01:05,DPB1*23:01 / DPA1*02:01,0.496,,0.496,2080,,2080.0,0.24601599999999998,DPB1,,,,
DPB1*03:01 / DPA1*01:05,DPB1*26:01 / DPA1*03:01,0.62,,0.62,0,,0.0,0.3844,DPB1,,,,
DPB1*03:01 / DPA1*01:05,DPB1*28:01 / DPA1*01:03,0.555,,0.555,15432,,15432.0,0.30802500000000005,DPB1,,,,
DPB1*03:01 / DPA1*01:05,DPB1*28:01 / DPA1*01:05,0.59,,0.59,17512,,17512.0,0.34809999999999997,DPB1,,,,
DPB1*03:01 / DPA1*01:05,DPB1*28:01 / DPA1*02:01,0.651,,0.651,2080,,2080.0,0.42380100000000004,DPB1,,,,
DPB1*03:01 / DPA1*01:05,DPB1*28:01 / DPA1*04:01,0.668,,0.668,15432,,15432.0,0.44622400000000007,DPB1,,,,
DPB1*03:01 / DPA1*01:05,DPB1*30:01 / DPA1*02:01,0.566,,0.566,0,,0.0,0.3203559999999999,DPB1,,,,
DPB1*03:01 / DPA1*01:05,DPB1*31:01 / DPA1*03:01,0.631,,0.631,0,,0.0,0.398161,DPB1,,,,
DPB1*03:01 / DPA1*01:05,DPB1*40:01 / DPA1*01:05,0.391,,0.391,0,,0.0,0.15288100000000002,DPB1,,,,
DPB1*03:01 / DPA1*01:05,DPB1*85:01 / DPA1*01:03,0.611,,0.611,0,,0.0,0.37332099999999996,DPB1,,,,
DPB1*03:01 / DPA1*02:01,DPB1*04:01 / DPA1*01:03,0.394,,0.394,18909,,18909.0,0.155236,DPB1,,,,
DPB1*03:01 / DPA1*02:01,DPB1*04:02 / DPA1*01:03,0.501,,0.501,18909,,18909.0,0.251001,DPB1,,,,
DPB1*03:01 / DPA1*02:01,DPB1*05:01 / DPA1*02:01,0.726,,0.726,18909,,18909.0,0.527076,DPB1,,,,
DPB1*03:01 / DPA1*02:01,DPB1*05:01 / DPA1*02:02,0.597,,0.597,15432,,15432.0,0.356409,DPB1,,,,
DPB1*03:01 / DPA1*02:01,DPB1*06:01 / DPA1*01:03,0.788,,0.788,15432,,15432.0,0.620944,DPB1,,,,
DPB1*03:01 / DPA1*02:01,DPB1*06:01 / DPA1*02:01,0.905,,0.905,18909,,18909.0,0.819025,DPB1,,,,
DPB1*03:01 / DPA1*02:01,DPB1*09:01 / DPA1*02:01,0.879,,0.879,18909,,18909.0,0.772641,DPB1,,,,
DPB1*03:01 / DPA1*02:01,DPB1*105:01 / DPA1*02:01,0.602,,0.602,0,,0.0,0.36240399999999995,DPB1,,,,
DPB1*03:01 / DPA1*02:01,DPB1*107:01 / DPA1*02:01,0.595,,0.595,0,,0.0,0.354025,DPB1,,,,
DPB1*03:01 / DPA1*02:01,DPB1*10:01 / DPA1*02:01,0.75,,0.75,4345,,4345.0,0.5625,DPB1,,,,
DPB1*03:01 / DPA1*02:01,DPB1*10:01 / DPA1*02:02,0.812,,0.812,14564,,14564.0,0.659344,DPB1,,,,
DPB1*03:01 / DPA1*02:01,DPB1*11:01 / DPA1*01:03,0.646,,0.646,17512,,17512.0,0.417316,DPB1,,,,
DPB1*03:01 / DPA1*02:01,DPB1*11:01 / DPA1*01:04,0.565,,0.565,2265,,2265.0,0.3192249999999999,DPB1,,,,
DPB1*03:01 / DPA1*02:01,DPB1*11:01 / DPA1*01:05,0.587,,0.587,2080,,2080.0,0.34456899999999996,DPB1,,,,
DPB1*03:01 / DPA1*02:01,DPB1*11:01 / DPA1*02:01,0.665,,0.665,1397,,1397.0,0.44222500000000003,DPB1,,,,
DPB1*03:01 / DPA1*02:01,DPB1*11:01 / DPA1*02:02,0.648,,0.648,14564,,14564.0,0.419904,DPB1,,,,
DPB1*03:01 / DPA1*02:01,DPB1*13:01 / DPA1*01:04,0.613,,0.613,1397,,1397.0,0.37576899999999996,DPB1,,,,
DPB1*03:01 / DPA1*02:01,DPB1*13:01 / DPA1*01:05,0.633,,0.633,2080,,2080.0,0.400689,DPB1,,,,
DPB1*03:01 / DPA1*02:01,DPB1*13:01 / DPA1*02:01,0.683,,0.683,18909,,18909.0,0.4664890000000001,DPB1,,,,
DPB1*03:01 / DPA1*02:01,DPB1*13:01 / DPA1*02:02,0.704,,0.704,15432,,15432.0,0.49561599999999995,DPB1,,,,
DPB1*03:01 / DPA1*02:01,DPB1*13:01 / DPA1*03:01,0.639,,0.639,15432,,15432.0,0.408321,DPB1,,,,
DPB1*03:01 / DPA1*02:01,DPB1*13:01 / DPA1*04:01,0.576,,0.576,1397,,1397.0,0.33177599999999996,DPB1,,,,
DPB1*03:01 / DPA1*02:01,DPB1*14:01 / DPA1*02:01,0.841,,0.841,18909,,18909.0,0.7072809999999999,DPB1,,,,
DPB1*03:01 / DPA1*02:01,DPB1*15:01 / DPA1*02:01,0.599,,0.599,18909,,18909.0,0.358801,DPB1,,,,
DPB1*03:01 / DPA1*02:01,DPB1*17:01 / DPA1*02:01,0.874,,0.874,18909,,18909.0,0.763876,DPB1,,,,
DPB1*03:01 / DPA1*02:01,DPB1*18:01 / DPA1*01:04,0.595,,0.595,18909,,18909.0,0.354025,DPB1,,,,
DPB1*03:01 / DPA1*02:01,DPB1*18:01 / DPA1*01:05,0.602,,0.602,18909,,18909.0,0.36240399999999995,DPB1,,,,
DPB1*03:01 / DPA1*02:01,DPB1*18:01 / DPA1*02:01,0.713,,0.713,18909,,18909.0,0.508369,DPB1,,,,
DPB1*03:01 / DPA1*02:01,DPB1*19:01 / DPA1*01:03,0.652,,0.652,17512,,17512.0,0.42510400000000004,DPB1,,,,
DPB1*03:01 / DPA1*02:01,DPB1*19:01 / DPA1*02:01,0.624,,0.624,1397,,1397.0,0.389376,DPB1,,,,
DPB1*03:01 / DPA1*02:01,DPB1*20:01 / DPA1*01:03,0.624,,0.624,1397,,1397.0,0.389376,DPB1,,,,
DPB1*03:01 / DPA1*02:01,DPB1*20:01 / DPA1*03:01,0.819,,0.819,15432,,15432.0,0.6707609999999999,DPB1,,,,
DPB1*03:01 / DPA1*02:01,DPB1*23:01 / DPA1*01:03,0.382,,0.382,15432,,15432.0,0.145924,DPB1,,,,
DPB1*03:01 / DPA1*02:01,DPB1*23:01 / DPA1*02:01,0.494,,0.494,3477,,3477.0,0.244036,DPB1,,,,
DPB1*03:01 / DPA1*02:01,DPB1*26:01 / DPA1*03:01,0.588,,0.588,0,,0.0,0.34574399999999994,DPB1,,,,
DPB1*03:01 / DPA1*02:01,DPB1*28:01 / DPA1*01:03,0.523,,0.523,15432,,15432.0,0.273529,DPB1,,,,
DPB1*03:01 / DPA1*02:01,DPB1*28:01 / DPA1*01:04,0.61,,0.61,1397,,1397.0,0.3721,DPB1,,,,
DPB1*03:01 / DPA1*02:01,DPB1*28:01 / DPA1*01:05,0.57,,0.57,17512,,17512.0,0.32489999999999997,DPB1,,,,
DPB1*03:01 / DPA1*02:01,DPB1*28:01 / DPA1*02:01,0.692,,0.692,2080,,2080.0,0.47886399999999996,DPB1,,,,
DPB1*03:01 / DPA1*02:01,DPB1*28:01 / DPA1*02:02,0.653,,0.653,1397,,1397.0,0.42640900000000004,DPB1,,,,
DPB1*03:01 / DPA1*02:01,DPB1*28:01 / DPA1*04:01,0.675,,0.675,15432,,15432.0,0.45562500000000006,DPB1,,,,
DPB1*03:01 / DPA1*02:01,DPB1*30:01 / DPA1*02:01,0.626,,0.626,0,,0.0,0.391876,DPB1,,,,
DPB1*03:01 / DPA1*02:01,DPB1*31:01 / DPA1*03:01,0.616,,0.616,0,,0.0,0.379456,DPB1,,,,
DPB1*03:01 / DPA1*02:01,DPB1*40:01 / DPA1*01:05,0.336,,0.336,0,,0.0,0.11289600000000001,DPB1,,,,
DPB1*03:01 / DPA1*02:01,DPB1*85:01 / DPA1*01:03,0.576,,0.576,0,,0.0,0.33177599999999996,DPB1,,,,
DPB1*04:01 / DPA1*01:03,DPB1*04:01 / DPA1*02:01,0.515,0.515,,6398,6398.0,,0.265225,DPB1,,,,
DPB1*04:01 / DPA1*01:03,DPB1*04:01 / DPA1*02:02,0.377,0.377,,6398,6398.0,,0.142129,DPB1,,,,
DPB1*04:01 / DPA1*01:03,DPB1*04:01 / DPA1*03:01,0.604,0.604,,6399,6399.0,,0.364816,DPB1,,,,
DPB1*04:01 / DPA1*01:03,DPB1*04:01 / DPA1*04:01,0.49,0.49,,6399,6399.0,,0.24009999999999998,DPB1,,,,
DPB1*04:01 / DPA1*01:03,DPB1*04:02 / DPA1*01:03,0.599,0.444,0.634,27199,6398.0,20801.0,0.358801,DPB1,,,,
DPB1*04:01 / DPA1*01:03,DPB1*04:02 / DPA1*03:01,0.377,0.377,,6398,6398.0,,0.142129,DPB1,,,,
DPB1*04:01 / DPA1*01:03,DPB1*05:01 / DPA1*02:01,0.393,0.093,0.484,27216,6398.0,20818.0,0.154449,DPB1,,,,
DPB1*04:01 / DPA1*01:03,DPB1*05:01 / DPA1*02:02,0.281,0.159,0.336,21830,6398.0,15432.0,0.07896100000000002,DPB1,,,,
DPB1*04:01 / DPA1*01:03,DPB1*05:01 / DPA1*03:01,0.304,0.304,,6399,6399.0,,0.092416,DPB1,,,,
DPB1*04:01 / DPA1*01:03,DPB1*06:01 / DPA1*01:03,0.3,0.165,0.339,21831,6399.0,15432.0,0.09,DPB1,,,,
DPB1*04:01 / DPA1*01:03,DPB1*06:01 / DPA1*02:01,0.362,,0.362,18909,,18909.0,0.131044,DPB1,,,,
DPB1*04:01 / DPA1*01:03,DPB1*09:01 / DPA1*02:01,0.325,0.149,0.357,27199,6398.0,20801.0,0.10562500000000001,DPB1,,,,
DPB1*04:01 / DPA1*01:03,DPB1*105:01 / DPA1*02:01,0.31,,0.31,0,,0.0,0.0961,DPB1,,,,
DPB1*04:01 / DPA1*01:03,DPB1*107:01 / DPA1*02:01,0.178,,0.178,0,,0.0,0.031684,DPB1,,,,
DPB1*04:01 / DPA1*01:03,DPB1*10:01 / DPA1*02:01,0.336,,0.336,6254,,6254.0,0.11289600000000001,DPB1,,,,
DPB1*04:01 / DPA1*01:03,DPB1*10:01 / DPA1*02:02,0.368,,0.368,14564,,14564.0,0.135424,DPB1,,,,
DPB1*04:01 / DPA1*01:03,DPB1*11:01 / DPA1*01:03,0.496,,0.496,17512,,17512.0,0.24601599999999998,DPB1,,,,
DPB1*04:01 / DPA1*01:03,DPB1*11:01 / DPA1*01:04,0.375,,0.375,2265,,2265.0,0.140625,DPB1,,,,
DPB1*04:01 / DPA1*01:03,DPB1*11:01 / DPA1*01:05,0.436,,0.436,2080,,2080.0,0.190096,DPB1,,,,
DPB1*04:01 / DPA1*01:03,DPB1*11:01 / DPA1*02:01,0.312,0.162,0.537,9704,6398.0,3306.0,0.097344,DPB1,,,,
DPB1*04:01 / DPA1*01:03,DPB1*11:01 / DPA1*02:02,0.385,,0.385,14564,,14564.0,0.148225,DPB1,,,,
DPB1*04:01 / DPA1*01:03,DPB1*13:01 / DPA1*01:04,0.535,,0.535,1397,,1397.0,0.286225,DPB1,,,,
DPB1*04:01 / DPA1*01:03,DPB1*13:01 / DPA1*01:05,0.479,,0.479,2080,,2080.0,0.22944099999999998,DPB1,,,,
DPB1*04:01 / DPA1*01:03,DPB1*13:01 / DPA1*02:01,0.405,0.159,0.452,27031,6398.0,20633.0,0.16402500000000003,DPB1,,,,
DPB1*04:01 / DPA1*01:03,DPB1*13:01 / DPA1*02:02,0.438,,0.438,15432,,15432.0,0.191844,DPB1,,,,
DPB1*04:01 / DPA1*01:03,DPB1*13:01 / DPA1*03:01,0.477,,0.477,15432,,15432.0,0.22752899999999998,DPB1,,,,
DPB1*04:01 / DPA1*01:03,DPB1*13:01 / DPA1*04:01,0.344,0.246,0.482,9704,6398.0,3306.0,0.11833599999999998,DPB1,,,,
DPB1*04:01 / DPA1*01:03,DPB1*14:01 / DPA1*02:01,0.266,0.156,0.282,27199,6398.0,20801.0,0.07075600000000001,DPB1,,,,
DPB1*04:01 / DPA1*01:03,DPB1*15:01 / DPA1*02:01,0.563,0.34,0.613,27158,6398.0,20760.0,0.31696899999999995,DPB1,,,,
DPB1*04:01 / DPA1*01:03,DPB1*17:01 / DPA1*02:01,0.344,0.181,0.373,27216,6398.0,20818.0,0.11833599999999998,DPB1,,,,
DPB1*04:01 / DPA1*01:03,DPB1*18:01 / DPA1*01:03,0.473,0.473,,6399,6399.0,,0.22372899999999998,DPB1,,,,
DPB1*04:01 / DPA1*01:03,DPB1*18:01 / DPA1*01:04,0.554,,0.554,19799,,19799.0,0.3069160000000001,DPB1,,,,
DPB1*04:01 / DPA1*01:03,DPB1*18:01 / DPA1*01:05,0.553,,0.553,19799,,19799.0,0.30580900000000005,DPB1,,,,
DPB1*04:01 / DPA1*01:03,DPB1*18:01 / DPA1*02:01,0.494,,0.494,20760,,20760.0,0.244036,DPB1,,,,
DPB1*04:01 / DPA1*01:03,DPB1*19:01 / DPA1*01:03,0.519,,0.519,17512,,17512.0,0.269361,DPB1,,,,
DPB1*04:01 / DPA1*01:03,DPB1*19:01 / DPA1*02:01,0.201,0.037,0.499,9687,6398.0,3289.0,0.040401000000000006,DPB1,,,,
DPB1*04:01 / DPA1*01:03,DPB1*20:01 / DPA1*01:03,0.489,,0.489,2287,,2287.0,0.239121,DPB1,,,,
DPB1*04:01 / DPA1*01:03,DPB1*20:01 / DPA1*03:01,0.379,,0.379,15432,,15432.0,0.143641,DPB1,,,,
DPB1*04:01 / DPA1*01:03,DPB1*23:01 / DPA1*01:03,0.892,,0.892,15432,,15432.0,0.795664,DPB1,,,,
DPB1*04:01 / DPA1*01:03,DPB1*23:01 / DPA1*02:01,0.503,,0.503,5328,,5328.0,0.253009,DPB1,,,,
DPB1*04:01 / DPA1*01:03,DPB1*26:01 / DPA1*03:01,0.341,,0.341,0,,0.0,0.11628100000000002,DPB1,,,,
DPB1*04:01 / DPA1*01:03,DPB1*28:01 / DPA1*01:03,0.574,,0.574,15432,,15432.0,0.32947599999999994,DPB1,,,,
DPB1*04:01 / DPA1*01:03,DPB1*28:01 / DPA1*01:04,0.56,,0.56,2287,,2287.0,0.31360000000000005,DPB1,,,,
DPB1*04:01 / DPA1*01:03,DPB1*28:01 / DPA1*01:05,0.628,,0.628,17512,,17512.0,0.394384,DPB1,,,,
DPB1*04:01 / DPA1*01:03,DPB1*28:01 / DPA1*02:01,0.448,,0.448,2080,,2080.0,0.20070400000000002,DPB1,,,,
DPB1*04:01 / DPA1*01:03,DPB1*28:01 / DPA1*02:02,0.354,0.308,0.43,7794,6397.0,1397.0,0.12531599999999998,DPB1,,,,
DPB1*04:01 / DPA1*01:03,DPB1*28:01 / DPA1*04:01,0.599,,0.599,15432,,15432.0,0.358801,DPB1,,,,
DPB1*04:01 / DPA1*01:03,DPB1*30:01 / DPA1*02:01,0.281,,0.281,0,,0.0,0.07896100000000002,DPB1,,,,
DPB1*04:01 / DPA1*01:03,DPB1*31:01 / DPA1*03:01,0.345,,0.345,0,,0.0,0.11902499999999998,DPB1,,,,
DPB1*04:01 / DPA1*01:03,DPB1*40:01 / DPA1*01:05,0.602,,0.602,0,,0.0,0.36240399999999995,DPB1,,,,
DPB1*04:01 / DPA1*01:03,DPB1*85:01 / DPA1*01:03,0.369,,0.369,0,,0.0,0.136161,DPB1,,,,
DPB1*04:01 / DPA1*02:01,DPB1*04:01 / DPA1*02:02,0.683,0.683,,6398,6398.0,,0.4664890000000001,DPB1,,,,
DPB1*04:01 / DPA1*02:01,DPB1*04:01 / DPA1*03:01,0.453,0.453,,6398,6398.0,,0.205209,DPB1,,,,
DPB1*04:01 / DPA1*02:01,DPB1*04:01 / DPA1*04:01,0.666,0.666,,6398,6398.0,,0.44355600000000006,DPB1,,,,
DPB1*04:01 / DPA1*02:01,DPB1*04:02 / DPA1*01:03,0.422,0.422,,6397,6397.0,,0.178084,DPB1,,,,
DPB1*04:01 / DPA1*02:01,DPB1*04:02 / DPA1*03:01,0.4,0.4,,6397,6397.0,,0.16000000000000003,DPB1,,,,
DPB1*04:01 / DPA1*02:01,DPB1*05:01 / DPA1*02:01,0.386,0.386,,6398,6398.0,,0.14899600000000002,DPB1,,,,
DPB1*04:01 / DPA1*02:01,DPB1*05:01 / DPA1*02:02,0.461,0.461,,6398,6398.0,,0.21252100000000002,DPB1,,,,
DPB1*04:01 / DPA1*02:01,DPB1*05:01 / DPA1*03:01,0.491,0.491,,6398,6398.0,,0.241081,DPB1,,,,
DPB1*04:01 / DPA1*02:01,DPB1*06:01 / DPA1*01:03,0.38,0.38,,6398,6398.0,,0.1444,DPB1,,,,
DPB1*04:01 / DPA1*02:01,DPB1*09:01 / DPA1*02:01,0.464,0.464,,6398,6398.0,,0.21529600000000002,DPB1,,,,
DPB1*04:01 / DPA1*02:01,DPB1*11:01 / DPA1*02:01,0.471,0.471,,6398,6398.0,,0.22184099999999998,DPB1,,,,
DPB1*04:01 / DPA1*02:01,DPB1*13:01 / DPA1*02:01,0.496,0.496,,6398,6398.0,,0.24601599999999998,DPB1,,,,
DPB1*04:01 / DPA1*02:01,DPB1*13:01 / DPA1*04:01,0.448,0.448,,6398,6398.0,,0.20070400000000002,DPB1,,,,
DPB1*04:01 / DPA1*02:01,DPB1*14:01 / DPA1*02:01,0.348,0.348,,6398,6398.0,,0.12110399999999999,DPB1,,,,
DPB1*04:01 / DPA1*02:01,DPB1*15:01 / DPA1*02:01,0.628,0.628,,6398,6398.0,,0.394384,DPB1,,,,
DPB1*04:01 / DPA1*02:01,DPB1*17:01 / DPA1*02:01,0.471,0.471,,6398,6398.0,,0.22184099999999998,DPB1,,,,
DPB1*04:01 / DPA1*02:01,DPB1*18:01 / DPA1*01:03,0.515,0.515,,6398,6398.0,,0.265225,DPB1,,,,
DPB1*04:01 / DPA1*02:01,DPB1*19:01 / DPA1*02:01,0.375,0.375,,6398,6398.0,,0.140625,DPB1,,,,
DPB1*04:01 / DPA1*02:01,DPB1*28:01 / DPA1*02:02,0.596,0.596,,6397,6397.0,,0.355216,DPB1,,,,
DPB1*04:01 / DPA1*02:02,DPB1*04:01 / DPA1*03:01,0.538,0.538,,6398,6398.0,,0.28944400000000003,DPB1,,,,
DPB1*04:01 / DPA1*02:02,DPB1*04:01 / DPA1*04:01,0.658,0.658,,6398,6398.0,,0.432964,DPB1,,,,
DPB1*04:01 / DPA1*02:02,DPB1*04:02 / DPA1*01:03,0.312,0.312,,6397,6397.0,,0.097344,DPB1,,,,
DPB1*04:01 / DPA1*02:02,DPB1*04:02 / DPA1*03:01,0.397,0.397,,6397,6397.0,,0.15760900000000003,DPB1,,,,
DPB1*04:01 / DPA1*02:02,DPB1*05:01 / DPA1*02:01,0.442,0.442,,6398,6398.0,,0.195364,DPB1,,,,
DPB1*04:01 / DPA1*02:02,DPB1*05:01 / DPA1*02:02,0.536,0.536,,6398,6398.0,,0.28729600000000005,DPB1,,,,
DPB1*04:01 / DPA1*02:02,DPB1*05:01 / DPA1*03:01,0.507,0.507,,6398,6398.0,,0.257049,DPB1,,,,
DPB1*04:01 / DPA1*02:02,DPB1*06:01 / DPA1*01:03,0.319,0.319,,6398,6398.0,,0.101761,DPB1,,,,
DPB1*04:01 / DPA1*02:02,DPB1*09:01 / DPA1*02:01,0.504,0.504,,6398,6398.0,,0.254016,DPB1,,,,
DPB1*04:01 / DPA1*02:02,DPB1*11:01 / DPA1*02:01,0.463,0.463,,6398,6398.0,,0.21436900000000003,DPB1,,,,
DPB1*04:01 / DPA1*02:02,DPB1*13:01 / DPA1*02:01,0.578,0.578,,6398,6398.0,,0.33408399999999994,DPB1,,,,
DPB1*04:01 / DPA1*02:02,DPB1*13:01 / DPA1*04:01,0.54,0.54,,6398,6398.0,,0.2916,DPB1,,,,
DPB1*04:01 / DPA1*02:02,DPB1*14:01 / DPA1*02:01,0.318,0.318,,6398,6398.0,,0.101124,DPB1,,,,
DPB1*04:01 / DPA1*02:02,DPB1*15:01 / DPA1*02:01,0.682,0.682,,6398,6398.0,,0.4651240000000001,DPB1,,,,
DPB1*04:01 / DPA1*02:02,DPB1*17:01 / DPA1*02:01,0.527,0.527,,6398,6398.0,,0.277729,DPB1,,,,
DPB1*04:01 / DPA1*02:02,DPB1*18:01 / DPA1*01:03,0.321,0.321,,6398,6398.0,,0.10304100000000001,DPB1,,,,
DPB1*04:01 / DPA1*02:02,DPB1*19:01 / DPA1*02:01,0.299,0.299,,6398,6398.0,,0.089401,DPB1,,,,
DPB1*04:01 / DPA1*02:02,DPB1*28:01 / DPA1*02:02,0.586,0.586,,6397,6397.0,,0.343396,DPB1,,,,
DPB1*04:01 / DPA1*03:01,DPB1*04:01 / DPA1*04:01,0.509,0.509,,6399,6399.0,,0.259081,DPB1,,,,
DPB1*04:01 / DPA1*03:01,DPB1*04:02 / DPA1*01:03,0.357,0.357,,6398,6398.0,,0.12744899999999998,DPB1,,,,
DPB1*04:01 / DPA1*03:01,DPB1*04:02 / DPA1*03:01,0.496,0.496,,6398,6398.0,,0.24601599999999998,DPB1,,,,
DPB1*04:01 / DPA1*03:01,DPB1*05:01 / DPA1*02:01,0.103,0.103,,6398,6398.0,,0.010608999999999999,DPB1,,,,
DPB1*04:01 / DPA1*03:01,DPB1*05:01 / DPA1*02:02,0.191,0.191,,6398,6398.0,,0.036481,DPB1,,,,
DPB1*04:01 / DPA1*03:01,DPB1*05:01 / DPA1*03:01,0.374,0.374,,6399,6399.0,,0.139876,DPB1,,,,
DPB1*04:01 / DPA1*03:01,DPB1*06:01 / DPA1*01:03,0.209,0.209,,6399,6399.0,,0.043681,DPB1,,,,
DPB1*04:01 / DPA1*03:01,DPB1*09:01 / DPA1*02:01,0.24,0.24,,6398,6398.0,,0.0576,DPB1,,,,
DPB1*04:01 / DPA1*03:01,DPB1*11:01 / DPA1*02:01,0.226,0.226,,6398,6398.0,,0.051076,DPB1,,,,
DPB1*04:01 / DPA1*03:01,DPB1*13:01 / DPA1*02:01,0.263,0.263,,6398,6398.0,,0.06916900000000001,DPB1,,,,
DPB1*04:01 / DPA1*03:01,DPB1*13:01 / DPA1*04:01,0.256,0.256,,6398,6398.0,,0.065536,DPB1,,,,
DPB1*04:01 / DPA1*03:01,DPB1*14:01 / DPA1*02:01,0.145,0.145,,6398,6398.0,,0.021025,DPB1,,,,
DPB1*04:01 / DPA1*03:01,DPB1*15:01 / DPA1*02:01,0.427,0.427,,6398,6398.0,,0.182329,DPB1,,,,
DPB1*04:01 / DPA1*03:01,DPB1*17:01 / DPA1*02:01,0.257,0.257,,6398,6398.0,,0.066049,DPB1,,,,
DPB1*04:01 / DPA1*03:01,DPB1*18:01 / DPA1*01:03,0.354,0.354,,6399,6399.0,,0.12531599999999998,DPB1,,,,
DPB1*04:01 / DPA1*03:01,DPB1*19:01 / DPA1*02:01,0.106,0.106,,6398,6398.0,,0.011236,DPB1,,,,
DPB1*04:01 / DPA1*03:01,DPB1*28:01 / DPA1*02:02,0.348,0.348,,6397,6397.0,,0.12110399999999999,DPB1,,,,
DPB1*04:01 / DPA1*04:01,DPB1*04:02 / DPA1*01:03,0.401,0.401,,6398,6398.0,,0.16080100000000003,DPB1,,,,
DPB1*04:01 / DPA1*04:01,DPB1*04:02 / DPA1*03:01,0.44,0.44,,6398,6398.0,,0.1936,DPB1,,,,
DPB1*04:01 / DPA1*04:01,DPB1*05:01 / DPA1*02:01,0.348,0.348,,6398,6398.0,,0.12110399999999999,DPB1,,,,
DPB1*04:01 / DPA1*04:01,DPB1*05:01 / DPA1*02:02,0.36,0.36,,6398,6398.0,,0.1296,DPB1,,,,
DPB1*04:01 / DPA1*04:01,DPB1*05:01 / DPA1*03:01,0.545,0.545,,6399,6399.0,,0.29702500000000004,DPB1,,,,
DPB1*04:01 / DPA1*04:01,DPB1*06:01 / DPA1*01:03,0.334,0.334,,6399,6399.0,,0.11155600000000002,DPB1,,,,
DPB1*04:01 / DPA1*04:01,DPB1*09:01 / DPA1*02:01,0.401,0.401,,6398,6398.0,,0.16080100000000003,DPB1,,,,
DPB1*04:01 / DPA1*04:01,DPB1*11:01 / DPA1*02:01,0.443,0.443,,6398,6398.0,,0.196249,DPB1,,,,
DPB1*04:01 / DPA1*04:01,DPB1*13:01 / DPA1*02:01,0.48,0.48,,6398,6398.0,,0.2304,DPB1,,,,
DPB1*04:01 / DPA1*04:01,DPB1*13:01 / DPA1*04:01,0.503,0.503,,6398,6398.0,,0.253009,DPB1,,,,
DPB1*04:01 / DPA1*04:01,DPB1*14:01 / DPA1*02:01,0.275,0.275,,6398,6398.0,,0.07562500000000001,DPB1,,,,
DPB1*04:01 / DPA1*04:01,DPB1*15:01 / DPA1*02:01,0.62,0.62,,6398,6398.0,,0.3844,DPB1,,,,
DPB1*04:01 / DPA1*04:01,DPB1*17:01 / DPA1*02:01,0.451,0.451,,6398,6398.0,,0.203401,DPB1,,,,
DPB1*04:01 / DPA1*04:01,DPB1*18:01 / DPA1*01:03,0.457,0.457,,6399,6399.0,,0.208849,DPB1,,,,
DPB1*04:01 / DPA1*04:01,DPB1*19:01 / DPA1*02:01,0.287,0.287,,6398,6398.0,,0.08236899999999998,DPB1,,,,
DPB1*04:01 / DPA1*04:01,DPB1*28:01 / DPA1*02:02,0.496,0.496,,6397,6397.0,,0.24601599999999998,DPB1,,,,
DPB1*04:02 / DPA1*01:03,DPB1*04:02 / DPA1*03:01,0.611,0.611,,6398,6398.0,,0.37332099999999996,DPB1,,,,
DPB1*04:02 / DPA1*01:03,DPB1*05:01 / DPA1*02:01,0.32,0.075,0.394,27198,6397.0,20801.0,0.1024,DPB1,,,,
DPB1*04:02 / DPA1*01:03,DPB1*05:01 / DPA1*02:02,0.228,0.183,0.262,21829,6397.0,15432.0,0.051984,DPB1,,,,
DPB1*04:02 / DPA1*01:03,DPB1*05:01 / DPA1*03:01,0.234,0.234,,6398,6398.0,,0.054756000000000006,DPB1,,,,
DPB1*04:02 / DPA1*01:03,DPB1*06:01 / DPA1*01:03,0.412,0.259,0.451,21830,6398.0,15432.0,0.16974399999999998,DPB1,,,,
DPB1*04:02 / DPA1*01:03,DPB1*06:01 / DPA1*02:01,0.473,,0.473,18909,,18909.0,0.22372899999999998,DPB1,,,,
DPB1*04:02 / DPA1*01:03,DPB1*09:01 / DPA1*02:01,0.405,0.271,0.429,27198,6397.0,20801.0,0.16402500000000003,DPB1,,,,
DPB1*04:02 / DPA1*01:03,DPB1*105:01 / DPA1*02:01,0.632,,0.632,0,,0.0,0.399424,DPB1,,,,
DPB1*04:02 / DPA1*01:03,DPB1*107:01 / DPA1*02:01,0.037,,0.037,0,,0.0,0.0013689999999999998,DPB1,,,,
DPB1*04:02 / DPA1*01:03,DPB1*10:01 / DPA1*02:01,0.544,,0.544,6237,,6237.0,0.29593600000000003,DPB1,,,,
DPB1*04:02 / DPA1*01:03,DPB1*10:01 / DPA1*02:02,0.521,,0.521,14564,,14564.0,0.27144100000000004,DPB1,,,,
DPB1*04:02 / DPA1*01:03,DPB1*11:01 / DPA1*01:03,0.382,,0.382,17512,,17512.0,0.145924,DPB1,,,,
DPB1*04:02 / DPA1*01:03,DPB1*11:01 / DPA1*01:04,0.334,,0.334,2265,,2265.0,0.11155600000000002,DPB1,,,,
DPB1*04:02 / DPA1*01:03,DPB1*11:01 / DPA1*01:05,0.316,,0.316,2080,,2080.0,0.099856,DPB1,,,,
DPB1*04:02 / DPA1*01:03,DPB1*11:01 / DPA1*02:01,0.242,0.064,0.492,9686,6397.0,3289.0,0.058564,DPB1,,,,
DPB1*04:02 / DPA1*01:03,DPB1*11:01 / DPA1*02:02,0.301,,0.301,14564,,14564.0,0.09060099999999999,DPB1,,,,
DPB1*04:02 / DPA1*01:03,DPB1*13:01 / DPA1*01:04,0.431,,0.431,1397,,1397.0,0.18576099999999998,DPB1,,,,
DPB1*04:02 / DPA1*01:03,DPB1*13:01 / DPA1*01:05,0.369,,0.369,2080,,2080.0,0.136161,DPB1,,,,
DPB1*04:02 / DPA1*01:03,DPB1*13:01 / DPA1*02:01,0.334,0.161,0.368,27030,6397.0,20633.0,0.11155600000000002,DPB1,,,,
DPB1*04:02 / DPA1*01:03,DPB1*13:01 / DPA1*02:02,0.345,,0.345,15432,,15432.0,0.11902499999999998,DPB1,,,,
DPB1*04:02 / DPA1*01:03,DPB1*13:01 / DPA1*03:01,0.384,,0.384,15432,,15432.0,0.147456,DPB1,,,,
DPB1*04:02 / DPA1*01:03,DPB1*13:01 / DPA1*04:01,0.34,0.24,0.476,9686,6397.0,3289.0,0.11560000000000002,DPB1,,,,
DPB1*04:02 / DPA1*01:03,DPB1*14:01 / DPA1*02:01,0.359,0.148,0.393,27198,6397.0,20801.0,0.128881,DPB1,,,,
DPB1*04:02 / DPA1*01:03,DPB1*15:01 / DPA1*02:01,0.479,0.305,0.518,27157,6397.0,20760.0,0.22944099999999998,DPB1,,,,
DPB1*04:02 / DPA1*01:03,DPB1*17:01 / DPA1*02:01,0.447,0.312,0.473,27198,6397.0,20801.0,0.19980900000000001,DPB1,,,,
DPB1*04:02 / DPA1*01:03,DPB1*18:01 / DPA1*01:03,0.628,0.628,,6398,6398.0,,0.394384,DPB1,,,,
DPB1*04:02 / DPA1*01:03,DPB1*18:01 / DPA1*01:04,0.791,,0.791,19799,,19799.0,0.625681,DPB1,,,,
DPB1*04:02 / DPA1*01:03,DPB1*18:01 / DPA1*01:05,0.779,,0.779,19799,,19799.0,0.6068410000000001,DPB1,,,,
DPB1*04:02 / DPA1*01:03,DPB1*18:01 / DPA1*02:01,0.645,,0.645,20760,,20760.0,0.41602500000000003,DPB1,,,,
DPB1*04:02 / DPA1*01:03,DPB1*19:01 / DPA1*01:03,0.417,,0.417,17512,,17512.0,0.173889,DPB1,,,,
DPB1*04:02 / DPA1*01:03,DPB1*19:01 / DPA1*02:01,0.156,-0.043,0.477,9686,6397.0,3289.0,0.024336,DPB1,,,,
DPB1*04:02 / DPA1*01:03,DPB1*20:01 / DPA1*01:03,0.486,,0.486,2287,,2287.0,0.236196,DPB1,,,,
DPB1*04:02 / DPA1*01:03,DPB1*20:01 / DPA1*03:01,0.503,,0.503,15432,,15432.0,0.253009,DPB1,,,,
DPB1*04:02 / DPA1*01:03,DPB1*23:01 / DPA1*01:03,0.598,,0.598,15432,,15432.0,0.357604,DPB1,,,,
DPB1*04:02 / DPA1*01:03,DPB1*23:01 / DPA1*02:01,0.497,,0.497,5328,,5328.0,0.247009,DPB1,,,,
DPB1*04:02 / DPA1*01:03,DPB1*26:01 / DPA1*03:01,0.149,,0.149,0,,0.0,0.022201,DPB1,,,,
DPB1*04:02 / DPA1*01:03,DPB1*28:01 / DPA1*01:03,0.868,,0.868,15432,,15432.0,0.753424,DPB1,,,,
DPB1*04:02 / DPA1*01:03,DPB1*28:01 / DPA1*01:04,0.815,,0.815,2287,,2287.0,0.664225,DPB1,,,,
DPB1*04:02 / DPA1*01:03,DPB1*28:01 / DPA1*01:05,0.87,,0.87,17512,,17512.0,0.7569,DPB1,,,,
DPB1*04:02 / DPA1*01:03,DPB1*28:01 / DPA1*02:01,0.662,,0.662,2080,,2080.0,0.438244,DPB1,,,,
DPB1*04:02 / DPA1*01:03,DPB1*28:01 / DPA1*02:02,0.545,0.501,0.648,7794,6397.0,1397.0,0.29702500000000004,DPB1,,,,
DPB1*04:02 / DPA1*01:03,DPB1*28:01 / DPA1*04:01,0.784,,0.784,15432,,15432.0,0.6146560000000001,DPB1,,,,
DPB1*04:02 / DPA1*01:03,DPB1*30:01 / DPA1*02:01,0.138,,0.138,0,,0.0,0.019044000000000002,DPB1,,,,
DPB1*04:02 / DPA1*01:03,DPB1*31:01 / DPA1*03:01,0.173,,0.173,0,,0.0,0.029928999999999997,DPB1,,,,
DPB1*04:02 / DPA1*01:03,DPB1*40:01 / DPA1*01:05,0.331,,0.331,0,,0.0,0.109561,DPB1,,,,
DPB1*04:02 / DPA1*01:03,DPB1*85:01 / DPA1*01:03,0.169,,0.169,0,,0.0,0.028561000000000003,DPB1,,,,
DPB1*04:02 / DPA1*03:01,DPB1*05:01 / DPA1*02:01,0.096,0.096,,6397,6397.0,,0.009216,DPB1,,,,
DPB1*04:02 / DPA1*03:01,DPB1*05:01 / DPA1*02:02,0.187,0.187,,6397,6397.0,,0.034969,DPB1,,,,
DPB1*04:02 / DPA1*03:01,DPB1*05:01 / DPA1*03:01,0.381,0.381,,6398,6398.0,,0.145161,DPB1,,,,
DPB1*04:02 / DPA1*03:01,DPB1*06:01 / DPA1*01:03,0.384,0.384,,6398,6398.0,,0.147456,DPB1,,,,
DPB1*04:02 / DPA1*03:01,DPB1*09:01 / DPA1*02:01,0.374,0.374,,6397,6397.0,,0.139876,DPB1,,,,
DPB1*04:02 / DPA1*03:01,DPB1*11:01 / DPA1*02:01,0.209,0.209,,6397,6397.0,,0.043681,DPB1,,,,
DPB1*04:02 / DPA1*03:01,DPB1*13:01 / DPA1*02:01,0.262,0.262,,6397,6397.0,,0.06864400000000001,DPB1,,,,
DPB1*04:02 / DPA1*03:01,DPB1*13:01 / DPA1*04:01,0.263,0.263,,6397,6397.0,,0.06916900000000001,DPB1,,,,
DPB1*04:02 / DPA1*03:01,DPB1*14:01 / DPA1*02:01,0.286,0.286,,6397,6397.0,,0.08179599999999998,DPB1,,,,
DPB1*04:02 / DPA1*03:01,DPB1*15:01 / DPA1*02:01,0.389,0.389,,6397,6397.0,,0.151321,DPB1,,,,
DPB1*04:02 / DPA1*03:01,DPB1*17:01 / DPA1*02:01,0.381,0.381,,6397,6397.0,,0.145161,DPB1,,,,
DPB1*04:02 / DPA1*03:01,DPB1*18:01 / DPA1*01:03,0.605,0.605,,6398,6398.0,,0.366025,DPB1,,,,
DPB1*04:02 / DPA1*03:01,DPB1*19:01 / DPA1*02:01,0.128,0.128,,6397,6397.0,,0.016384,DPB1,,,,
DPB1*04:02 / DPA1*03:01,DPB1*28:01 / DPA1*02:02,0.508,0.508,,6397,6397.0,,0.258064,DPB1,,,,
DPB1*05:01 / DPA1*02:01,DPB1*05:01 / DPA1*02:02,0.734,0.633,0.759,21830,6398.0,15432.0,0.538756,DPB1,,,,
DPB1*05:01 / DPA1*02:01,DPB1*05:01 / DPA1*03:01,0.525,0.525,,6398,6398.0,,0.275625,DPB1,,,,
DPB1*05:01 / DPA1*02:01,DPB1*06:01 / DPA1*01:03,0.526,0.289,0.607,21830,6398.0,15432.0,0.27667600000000003,DPB1,,,,
DPB1*05:01 / DPA1*02:01,DPB1*06:01 / DPA1*02:01,0.716,,0.716,18909,,18909.0,0.512656,DPB1,,,,
DPB1*05:01 / DPA1*02:01,DPB1*09:01 / DPA1*02:01,0.61,0.472,0.667,27199,6398.0,20801.0,0.3721,DPB1,,,,
DPB1*05:01 / DPA1*02:01,DPB1*105:01 / DPA1*02:01,0.369,,0.369,0,,0.0,0.136161,DPB1,,,,
DPB1*05:01 / DPA1*02:01,DPB1*107:01 / DPA1*02:01,0.778,,0.778,0,,0.0,0.605284,DPB1,,,,
DPB1*05:01 / DPA1*02:01,DPB1*10:01 / DPA1*02:01,0.648,,0.648,6254,,6254.0,0.419904,DPB1,,,,
DPB1*05:01 / DPA1*02:01,DPB1*10:01 / DPA1*02:02,0.694,,0.694,14564,,14564.0,0.48163599999999995,DPB1,,,,
DPB1*05:01 / DPA1*02:01,DPB1*11:01 / DPA1*01:03,0.728,,0.728,17512,,17512.0,0.529984,DPB1,,,,
DPB1*05:01 / DPA1*02:01,DPB1*11:01 / DPA1*01:04,0.641,,0.641,2265,,2265.0,0.410881,DPB1,,,,
DPB1*05:01 / DPA1*02:01,DPB1*11:01 / DPA1*01:05,0.705,,0.705,2080,,2080.0,0.49702499999999994,DPB1,,,,
DPB1*05:01 / DPA1*02:01,DPB1*11:01 / DPA1*02:01,0.601,0.512,0.73,9704,6398.0,3306.0,0.361201,DPB1,,,,
DPB1*05:01 / DPA1*02:01,DPB1*11:01 / DPA1*02:02,0.747,,0.747,14564,,14564.0,0.558009,DPB1,,,,
DPB1*05:01 / DPA1*02:01,DPB1*13:01 / DPA1*01:04,0.775,,0.775,1397,,1397.0,0.6006250000000001,DPB1,,,,
DPB1*05:01 / DPA1*02:01,DPB1*13:01 / DPA1*01:05,0.773,,0.773,2080,,2080.0,0.597529,DPB1,,,,
DPB1*05:01 / DPA1*02:01,DPB1*13:01 / DPA1*02:01,0.755,0.594,0.81,27031,6398.0,20633.0,0.570025,DPB1,,,,
DPB1*05:01 / DPA1*02:01,DPB1*13:01 / DPA1*02:02,0.832,,0.832,15432,,15432.0,0.692224,DPB1,,,,
DPB1*05:01 / DPA1*02:01,DPB1*13:01 / DPA1*03:01,0.731,,0.731,15432,,15432.0,0.534361,DPB1,,,,
DPB1*05:01 / DPA1*02:01,DPB1*13:01 / DPA1*04:01,0.597,0.499,0.763,9704,6398.0,3306.0,0.356409,DPB1,,,,
DPB1*05:01 / DPA1*02:01,DPB1*14:01 / DPA1*02:01,0.558,0.377,0.626,27199,6398.0,20801.0,0.3113640000000001,DPB1,,,,
DPB1*05:01 / DPA1*02:01,DPB1*15:01 / DPA1*02:01,0.67,0.441,0.728,27158,6398.0,20760.0,0.4489000000000001,DPB1,,,,
DPB1*05:01 / DPA1*02:01,DPB1*17:01 / DPA1*02:01,0.608,0.443,0.682,27216,6398.0,20818.0,0.369664,DPB1,,,,
DPB1*05:01 / DPA1*02:01,DPB1*18:01 / DPA1*01:03,0.165,0.165,,6398,6398.0,,0.027225000000000003,DPB1,,,,
DPB1*05:01 / DPA1*02:01,DPB1*18:01 / DPA1*01:04,0.476,,0.476,19799,,19799.0,0.22657599999999997,DPB1,,,,
DPB1*05:01 / DPA1*02:01,DPB1*18:01 / DPA1*01:05,0.475,,0.475,19799,,19799.0,0.225625,DPB1,,,,
DPB1*05:01 / DPA1*02:01,DPB1*18:01 / DPA1*02:01,0.631,,0.631,20760,,20760.0,0.398161,DPB1,,,,
DPB1*05:01 / DPA1*02:01,DPB1*19:01 / DPA1*01:03,0.753,,0.753,17512,,17512.0,0.567009,DPB1,,,,
DPB1*05:01 / DPA1*02:01,DPB1*19:01 / DPA1*02:01,0.495,0.343,0.729,9687,6398.0,3289.0,0.245025,DPB1,,,,
DPB1*05:01 / DPA1*02:01,DPB1*20:01 / DPA1*01:03,0.795,,0.795,2287,,2287.0,0.6320250000000001,DPB1,,,,
DPB1*05:01 / DPA1*02:01,DPB1*20:01 / DPA1*03:01,0.646,,0.646,15432,,15432.0,0.417316,DPB1,,,,
DPB1*05:01 / DPA1*02:01,DPB1*23:01 / DPA1*01:03,0.461,,0.461,15432,,15432.0,0.21252100000000002,DPB1,,,,
DPB1*05:01 / DPA1*02:01,DPB1*23:01 / DPA1*02:01,0.673,,0.673,5328,,5328.0,0.4529290000000001,DPB1,,,,
DPB1*05:01 / DPA1*02:01,DPB1*26:01 / DPA1*03:01,0.701,,0.701,0,,0.0,0.4914009999999999,DPB1,,,,
DPB1*05:01 / DPA1*02:01,DPB1*28:01 / DPA1*01:03,0.42,,0.42,15432,,15432.0,0.17639999999999997,DPB1,,,,
DPB1*05:01 / DPA1*02:01,DPB1*28:01 / DPA1*01:04,0.549,,0.549,2287,,2287.0,0.30140100000000003,DPB1,,,,
DPB1*05:01 / DPA1*02:01,DPB1*28:01 / DPA1*01:05,0.461,,0.461,17512,,17512.0,0.21252100000000002,DPB1,,,,
DPB1*05:01 / DPA1*02:01,DPB1*28:01 / DPA1*02:01,0.65,,0.65,2080,,2080.0,0.42250000000000004,DPB1,,,,
DPB1*05:01 / DPA1*02:01,DPB1*28:01 / DPA1*02:02,0.39,0.336,0.643,7794,6397.0,1397.0,0.1521,DPB1,,,,
DPB1*05:01 / DPA1*02:01,DPB1*28:01 / DPA1*04:01,0.565,,0.565,15432,,15432.0,0.3192249999999999,DPB1,,,,
DPB1*05:01 / DPA1*02:01,DPB1*30:01 / DPA1*02:01,0.789,,0.789,0,,0.0,0.6225210000000001,DPB1,,,,
DPB1*05:01 / DPA1*02:01,DPB1*31:01 / DPA1*03:01,0.722,,0.722,0,,0.0,0.521284,DPB1,,,,
DPB1*05:01 / DPA1*02:01,DPB1*40:01 / DPA1*01:05,0.423,,0.423,0,,0.0,0.17892899999999998,DPB1,,,,
DPB1*05:01 / DPA1*02:01,DPB1*85:01 / DPA1*01:03,0.698,,0.698,0,,0.0,0.4872039999999999,DPB1,,,,
DPB1*05:01 / DPA1*02:02,DPB1*05:01 / DPA1*03:01,0.432,0.432,,6398,6398.0,,0.18662399999999998,DPB1,,,,
DPB1*05:01 / DPA1*02:02,DPB1*06:01 / DPA1*01:03,0.467,0.341,0.51,21830,6398.0,15432.0,0.21808900000000003,DPB1,,,,
DPB1*05:01 / DPA1*02:02,DPB1*06:01 / DPA1*02:01,0.59,,0.59,15432,,15432.0,0.34809999999999997,DPB1,,,,
DPB1*05:01 / DPA1*02:02,DPB1*09:01 / DPA1*02:01,0.534,0.54,0.556,21830,6398.0,15432.0,0.285156,DPB1,,,,
DPB1*05:01 / DPA1*02:02,DPB1*105:01 / DPA1*02:01,0.322,,0.322,0,,0.0,0.10368400000000001,DPB1,,,,
DPB1*05:01 / DPA1*02:02,DPB1*107:01 / DPA1*02:01,0.764,,0.764,0,,0.0,0.583696,DPB1,,,,
DPB1*05:01 / DPA1*02:02,DPB1*10:01 / DPA1*02:01,0.624,,0.624,868,,868.0,0.389376,DPB1,,,,
DPB1*05:01 / DPA1*02:02,DPB1*10:01 / DPA1*02:02,0.591,,0.591,14564,,14564.0,0.34928099999999995,DPB1,,,,
DPB1*05:01 / DPA1*02:02,DPB1*11:01 / DPA1*01:03,0.601,,0.601,15432,,15432.0,0.361201,DPB1,,,,
DPB1*05:01 / DPA1*02:02,DPB1*11:01 / DPA1*01:04,0.544,,0.544,868,,868.0,0.29593600000000003,DPB1,,,,
DPB1*05:01 / DPA1*02:02,DPB1*11:01 / DPA1*02:01,0.466,0.466,,6398,6398.0,,0.21715600000000002,DPB1,,,,
DPB1*05:01 / DPA1*02:02,DPB1*11:01 / DPA1*02:02,0.628,,0.628,14564,,14564.0,0.394384,DPB1,,,,
DPB1*05:01 / DPA1*02:02,DPB1*13:01 / DPA1*02:01,0.678,0.53,0.734,21830,6398.0,15432.0,0.45968400000000004,DPB1,,,,
DPB1*05:01 / DPA1*02:02,DPB1*13:01 / DPA1*02:02,0.756,,0.756,15432,,15432.0,0.571536,DPB1,,,,
DPB1*05:01 / DPA1*02:02,DPB1*13:01 / DPA1*03:01,0.601,,0.601,15432,,15432.0,0.361201,DPB1,,,,
DPB1*05:01 / DPA1*02:02,DPB1*13:01 / DPA1*04:01,0.532,0.532,,6398,6398.0,,0.28302400000000005,DPB1,,,,
DPB1*05:01 / DPA1*02:02,DPB1*14:01 / DPA1*02:01,0.485,0.34,0.548,21830,6398.0,15432.0,0.235225,DPB1,,,,
DPB1*05:01 / DPA1*02:02,DPB1*15:01 / DPA1*02:01,0.573,0.59,0.579,21830,6398.0,15432.0,0.3283289999999999,DPB1,,,,
DPB1*05:01 / DPA1*02:02,DPB1*17:01 / DPA1*02:01,0.532,0.526,0.571,21830,6398.0,15432.0,0.28302400000000005,DPB1,,,,
DPB1*05:01 / DPA1*02:02,DPB1*18:01 / DPA1*01:03,0.188,0.188,,6398,6398.0,,0.035344,DPB1,,,,
DPB1*05:01 / DPA1*02:02,DPB1*18:01 / DPA1*01:04,0.376,,0.376,15432,,15432.0,0.141376,DPB1,,,,
DPB1*05:01 / DPA1*02:02,DPB1*18:01 / DPA1*01:05,0.373,,0.373,15432,,15432.0,0.139129,DPB1,,,,
DPB1*05:01 / DPA1*02:02,DPB1*18:01 / DPA1*02:01,0.494,,0.494,15432,,15432.0,0.244036,DPB1,,,,
DPB1*05:01 / DPA1*02:02,DPB1*19:01 / DPA1*01:03,0.613,,0.613,15432,,15432.0,0.37576899999999996,DPB1,,,,
DPB1*05:01 / DPA1*02:02,DPB1*19:01 / DPA1*02:01,0.275,0.275,,6398,6398.0,,0.07562500000000001,DPB1,,,,
DPB1*05:01 / DPA1*02:02,DPB1*20:01 / DPA1*03:01,0.537,,0.537,15432,,15432.0,0.28836900000000004,DPB1,,,,
DPB1*05:01 / DPA1*02:02,DPB1*23:01 / DPA1*01:03,0.34,,0.34,15432,,15432.0,0.11560000000000002,DPB1,,,,
DPB1*05:01 / DPA1*02:02,DPB1*26:01 / DPA1*03:01,0.669,,0.669,0,,0.0,0.44756100000000004,DPB1,,,,
DPB1*05:01 / DPA1*02:02,DPB1*28:01 / DPA1*01:03,0.292,,0.292,15432,,15432.0,0.08526399999999999,DPB1,,,,
DPB1*05:01 / DPA1*02:02,DPB1*28:01 / DPA1*01:05,0.337,,0.337,15432,,15432.0,0.11356900000000002,DPB1,,,,
DPB1*05:01 / DPA1*02:02,DPB1*28:01 / DPA1*02:02,0.436,0.436,,6397,6397.0,,0.190096,DPB1,,,,
DPB1*05:01 / DPA1*02:02,DPB1*28:01 / DPA1*04:01,0.447,,0.447,15432,,15432.0,0.19980900000000001,DPB1,,,,
DPB1*05:01 / DPA1*02:02,DPB1*30:01 / DPA1*02:01,0.737,,0.737,0,,0.0,0.543169,DPB1,,,,
DPB1*05:01 / DPA1*02:02,DPB1*31:01 / DPA1*03:01,0.694,,0.694,0,,0.0,0.48163599999999995,DPB1,,,,
DPB1*05:01 / DPA1*02:02,DPB1*40:01 / DPA1*01:05,0.375,,0.375,0,,0.0,0.140625,DPB1,,,,
DPB1*05:01 / DPA1*02:02,DPB1*85:01 / DPA1*01:03,0.665,,0.665,0,,0.0,0.44222500000000003,DPB1,,,,
DPB1*05:01 / DPA1*03:01,DPB1*06:01 / DPA1*01:03,0.564,0.564,,6399,6399.0,,0.31809599999999993,DPB1,,,,
DPB1*05:01 / DPA1*03:01,DPB1*09:01 / DPA1*02:01,0.547,0.547,,6398,6398.0,,0.29920900000000006,DPB1,,,,
DPB1*05:01 / DPA1*03:01,DPB1*11:01 / DPA1*02:01,0.578,0.578,,6398,6398.0,,0.33408399999999994,DPB1,,,,
DPB1*05:01 / DPA1*03:01,DPB1*13:01 / DPA1*02:01,0.625,0.625,,6398,6398.0,,0.390625,DPB1,,,,
DPB1*05:01 / DPA1*03:01,DPB1*13:01 / DPA1*04:01,0.613,0.613,,6398,6398.0,,0.37576899999999996,DPB1,,,,
DPB1*05:01 / DPA1*03:01,DPB1*14:01 / DPA1*02:01,0.508,0.508,,6398,6398.0,,0.258064,DPB1,,,,
DPB1*05:01 / DPA1*03:01,DPB1*15:01 / DPA1*02:01,0.546,0.546,,6398,6398.0,,0.29811600000000005,DPB1,,,,
DPB1*05:01 / DPA1*03:01,DPB1*17:01 / DPA1*02:01,0.514,0.514,,6398,6398.0,,0.264196,DPB1,,,,
DPB1*05:01 / DPA1*03:01,DPB1*18:01 / DPA1*01:03,0.446,0.446,,6399,6399.0,,0.198916,DPB1,,,,
DPB1*05:01 / DPA1*03:01,DPB1*19:01 / DPA1*02:01,0.537,0.537,,6398,6398.0,,0.28836900000000004,DPB1,,,,
DPB1*05:01 / DPA1*03:01,DPB1*28:01 / DPA1*02:02,0.466,0.466,,6397,6397.0,,0.21715600000000002,DPB1,,,,
DPB1*06:01 / DPA1*01:03,DPB1*06:01 / DPA1*02:01,0.837,,0.837,15432,,15432.0,0.700569,DPB1,,,,
DPB1*06:01 / DPA1*01:03,DPB1*09:01 / DPA1*02:01,0.753,0.718,0.762,21830,6398.0,15432.0,0.567009,DPB1,,,,
DPB1*06:01 / DPA1*01:03,DPB1*105:01 / DPA1*02:01,0.603,,0.603,0,,0.0,0.36360899999999996,DPB1,,,,
DPB1*06:01 / DPA1*01:03,DPB1*107:01 / DPA1*02:01,0.525,,0.525,0,,0.0,0.275625,DPB1,,,,
DPB1*06:01 / DPA1*01:03,DPB1*10:01 / DPA1*02:01,0.719,,0.719,868,,868.0,0.516961,DPB1,,,,
DPB1*06:01 / DPA1*01:03,DPB1*10:01 / DPA1*02:02,0.7,,0.7,14564,,14564.0,0.48999999999999994,DPB1,,,,
DPB1*06:01 / DPA1*01:03,DPB1*11:01 / DPA1*01:03,0.692,,0.692,15432,,15432.0,0.47886399999999996,DPB1,,,,
DPB1*06:01 / DPA1*01:03,DPB1*11:01 / DPA1*01:04,0.746,,0.746,868,,868.0,0.556516,DPB1,,,,
DPB1*06:01 / DPA1*01:03,DPB1*11:01 / DPA1*02:01,0.454,0.454,,6398,6398.0,,0.20611600000000002,DPB1,,,,
DPB1*06:01 / DPA1*01:03,DPB1*11:01 / DPA1*02:02,0.576,,0.576,14564,,14564.0,0.33177599999999996,DPB1,,,,
DPB1*06:01 / DPA1*01:03,DPB1*13:01 / DPA1*02:01,0.572,0.481,0.593,21830,6398.0,15432.0,0.3271839999999999,DPB1,,,,
DPB1*06:01 / DPA1*01:03,DPB1*13:01 / DPA1*02:02,0.594,,0.594,15432,,15432.0,0.352836,DPB1,,,,
DPB1*06:01 / DPA1*01:03,DPB1*13:01 / DPA1*03:01,0.716,,0.716,15432,,15432.0,0.512656,DPB1,,,,
DPB1*06:01 / DPA1*01:03,DPB1*13:01 / DPA1*04:01,0.521,0.521,,6398,6398.0,,0.27144100000000004,DPB1,,,,
DPB1*06:01 / DPA1*01:03,DPB1*14:01 / DPA1*02:01,0.685,0.628,0.698,21830,6398.0,15432.0,0.46922500000000006,DPB1,,,,
DPB1*06:01 / DPA1*01:03,DPB1*15:01 / DPA1*02:01,0.526,0.43,0.552,21830,6398.0,15432.0,0.27667600000000003,DPB1,,,,
DPB1*06:01 / DPA1*01:03,DPB1*17:01 / DPA1*02:01,0.79,0.704,0.813,21830,6398.0,15432.0,0.6241000000000001,DPB1,,,,
DPB1*06:01 / DPA1*01:03,DPB1*18:01 / DPA1*01:03,0.488,0.488,,6399,6399.0,,0.238144,DPB1,,,,
DPB1*06:01 / DPA1*01:03,DPB1*18:01 / DPA1*01:04,0.596,,0.596,15432,,15432.0,0.355216,DPB1,,,,
DPB1*06:01 / DPA1*01:03,DPB1*18:01 / DPA1*01:05,0.599,,0.599,15432,,15432.0,0.358801,DPB1,,,,
DPB1*06:01 / DPA1*01:03,DPB1*18:01 / DPA1*02:01,0.632,,0.632,15432,,15432.0,0.399424,DPB1,,,,
DPB1*06:01 / DPA1*01:03,DPB1*19:01 / DPA1*01:03,0.629,,0.629,15432,,15432.0,0.395641,DPB1,,,,
DPB1*06:01 / DPA1*01:03,DPB1*19:01 / DPA1*02:01,0.437,0.437,,6398,6398.0,,0.190969,DPB1,,,,
DPB1*06:01 / DPA1*01:03,DPB1*20:01 / DPA1*03:01,0.806,,0.806,15432,,15432.0,0.6496360000000001,DPB1,,,,
DPB1*06:01 / DPA1*01:03,DPB1*23:01 / DPA1*01:03,0.341,,0.341,15432,,15432.0,0.11628100000000002,DPB1,,,,
DPB1*06:01 / DPA1*01:03,DPB1*26:01 / DPA1*03:01,0.611,,0.611,0,,0.0,0.37332099999999996,DPB1,,,,
DPB1*06:01 / DPA1*01:03,DPB1*28:01 / DPA1*01:03,0.496,,0.496,15432,,15432.0,0.24601599999999998,DPB1,,,,
DPB1*06:01 / DPA1*01:03,DPB1*28:01 / DPA1*01:05,0.527,,0.527,15432,,15432.0,0.277729,DPB1,,,,
DPB1*06:01 / DPA1*01:03,DPB1*28:01 / DPA1*02:02,0.513,0.513,,6397,6397.0,,0.263169,DPB1,,,,
DPB1*06:01 / DPA1*01:03,DPB1*28:01 / DPA1*04:01,0.614,,0.614,15432,,15432.0,0.376996,DPB1,,,,
DPB1*06:01 / DPA1*01:03,DPB1*30:01 / DPA1*02:01,0.562,,0.562,0,,0.0,0.31584400000000007,DPB1,,,,
DPB1*06:01 / DPA1*01:03,DPB1*31:01 / DPA1*03:01,0.624,,0.624,0,,0.0,0.389376,DPB1,,,,
DPB1*06:01 / DPA1*01:03,DPB1*40:01 / DPA1*01:05,0.398,,0.398,0,,0.0,0.15840400000000002,DPB1,,,,
DPB1*06:01 / DPA1*01:03,DPB1*85:01 / DPA1*01:03,0.606,,0.606,0,,0.0,0.367236,DPB1,,,,
DPB1*06:01 / DPA1*02:01,DPB1*09:01 / DPA1*02:01,0.882,,0.882,18909,,18909.0,0.7779240000000001,DPB1,,,,
DPB1*06:01 / DPA1*02:01,DPB1*105:01 / DPA1*02:01,0.604,,0.604,0,,0.0,0.364816,DPB1,,,,
DPB1*06:01 / DPA1*02:01,DPB1*107:01 / DPA1*02:01,0.602,,0.602,0,,0.0,0.36240399999999995,DPB1,,,,
DPB1*06:01 / DPA1*02:01,DPB1*10:01 / DPA1*02:01,0.762,,0.762,4345,,4345.0,0.580644,DPB1,,,,
DPB1*06:01 / DPA1*02:01,DPB1*10:01 / DPA1*02:02,0.818,,0.818,14564,,14564.0,0.6691239999999999,DPB1,,,,
DPB1*06:01 / DPA1*02:01,DPB1*11:01 / DPA1*01:03,0.673,,0.673,17512,,17512.0,0.4529290000000001,DPB1,,,,
DPB1*06:01 / DPA1*02:01,DPB1*11:01 / DPA1*01:04,0.582,,0.582,2265,,2265.0,0.33872399999999997,DPB1,,,,
DPB1*06:01 / DPA1*02:01,DPB1*11:01 / DPA1*01:05,0.621,,0.621,2080,,2080.0,0.385641,DPB1,,,,
DPB1*06:01 / DPA1*02:01,DPB1*11:01 / DPA1*02:01,0.674,,0.674,1397,,1397.0,0.45427600000000007,DPB1,,,,
DPB1*06:01 / DPA1*02:01,DPB1*11:01 / DPA1*02:02,0.661,,0.661,14564,,14564.0,0.43692100000000006,DPB1,,,,
DPB1*06:01 / DPA1*02:01,DPB1*13:01 / DPA1*01:04,0.669,,0.669,1397,,1397.0,0.44756100000000004,DPB1,,,,
DPB1*06:01 / DPA1*02:01,DPB1*13:01 / DPA1*01:05,0.66,,0.66,2080,,2080.0,0.43560000000000004,DPB1,,,,
DPB1*06:01 / DPA1*02:01,DPB1*13:01 / DPA1*02:01,0.676,,0.676,18909,,18909.0,0.45697600000000005,DPB1,,,,
DPB1*06:01 / DPA1*02:01,DPB1*13:01 / DPA1*02:02,0.691,,0.691,15432,,15432.0,0.47748099999999993,DPB1,,,,
DPB1*06:01 / DPA1*02:01,DPB1*13:01 / DPA1*03:01,0.686,,0.686,15432,,15432.0,0.47059600000000007,DPB1,,,,
DPB1*06:01 / DPA1*02:01,DPB1*13:01 / DPA1*04:01,0.596,,0.596,1397,,1397.0,0.355216,DPB1,,,,
DPB1*06:01 / DPA1*02:01,DPB1*14:01 / DPA1*02:01,0.826,,0.826,18909,,18909.0,0.6822759999999999,DPB1,,,,
DPB1*06:01 / DPA1*02:01,DPB1*15:01 / DPA1*02:01,0.609,,0.609,18909,,18909.0,0.37088099999999996,DPB1,,,,
DPB1*06:01 / DPA1*02:01,DPB1*17:01 / DPA1*02:01,0.907,,0.907,18909,,18909.0,0.8226490000000001,DPB1,,,,
DPB1*06:01 / DPA1*02:01,DPB1*18:01 / DPA1*01:04,0.593,,0.593,18909,,18909.0,0.351649,DPB1,,,,
DPB1*06:01 / DPA1*02:01,DPB1*18:01 / DPA1*01:05,0.597,,0.597,18909,,18909.0,0.356409,DPB1,,,,
DPB1*06:01 / DPA1*02:01,DPB1*18:01 / DPA1*02:01,0.693,,0.693,18909,,18909.0,0.4802489999999999,DPB1,,,,
DPB1*06:01 / DPA1*02:01,DPB1*19:01 / DPA1*01:03,0.642,,0.642,17512,,17512.0,0.41216400000000003,DPB1,,,,
DPB1*06:01 / DPA1*02:01,DPB1*19:01 / DPA1*02:01,0.645,,0.645,1397,,1397.0,0.41602500000000003,DPB1,,,,
DPB1*06:01 / DPA1*02:01,DPB1*20:01 / DPA1*01:03,0.689,,0.689,1397,,1397.0,0.47472099999999995,DPB1,,,,
DPB1*06:01 / DPA1*02:01,DPB1*20:01 / DPA1*03:01,0.823,,0.823,15432,,15432.0,0.677329,DPB1,,,,
DPB1*06:01 / DPA1*02:01,DPB1*23:01 / DPA1*01:03,0.352,,0.352,15432,,15432.0,0.12390399999999999,DPB1,,,,
DPB1*06:01 / DPA1*02:01,DPB1*23:01 / DPA1*02:01,0.545,,0.545,3477,,3477.0,0.29702500000000004,DPB1,,,,
DPB1*06:01 / DPA1*02:01,DPB1*26:01 / DPA1*03:01,0.585,,0.585,0,,0.0,0.34222499999999995,DPB1,,,,
DPB1*06:01 / DPA1*02:01,DPB1*28:01 / DPA1*01:03,0.508,,0.508,15432,,15432.0,0.258064,DPB1,,,,
DPB1*06:01 / DPA1*02:01,DPB1*28:01 / DPA1*01:04,0.6,,0.6,1397,,1397.0,0.36,DPB1,,,,
DPB1*06:01 / DPA1*02:01,DPB1*28:01 / DPA1*01:05,0.541,,0.541,17512,,17512.0,0.292681,DPB1,,,,
DPB1*06:01 / DPA1*02:01,DPB1*28:01 / DPA1*02:01,0.681,,0.681,2080,,2080.0,0.4637610000000001,DPB1,,,,
DPB1*06:01 / DPA1*02:01,DPB1*28:01 / DPA1*02:02,0.728,,0.728,1397,,1397.0,0.529984,DPB1,,,,
DPB1*06:01 / DPA1*02:01,DPB1*28:01 / DPA1*04:01,0.656,,0.656,15432,,15432.0,0.43033600000000005,DPB1,,,,
DPB1*06:01 / DPA1*02:01,DPB1*30:01 / DPA1*02:01,0.627,,0.627,0,,0.0,0.393129,DPB1,,,,
DPB1*06:01 / DPA1*02:01,DPB1*31:01 / DPA1*03:01,0.605,,0.605,0,,0.0,0.366025,DPB1,,,,
DPB1*06:01 / DPA1*02:01,DPB1*40:01 / DPA1*01:05,0.339,,0.339,0,,0.0,0.11492100000000001,DPB1,,,,
DPB1*06:01 / DPA1*02:01,DPB1*85:01 / DPA1*01:03,0.578,,0.578,0,,0.0,0.33408399999999994,DPB1,,,,
DPB1*09:01 / DPA1*02:01,DPB1*105:01 / DPA1*02:01,0.604,,0.604,0,,0.0,0.364816,DPB1,,,,
DPB1*09:01 / DPA1*02:01,DPB1*107:01 / DPA1*02:01,0.594,,0.594,0,,0.0,0.352836,DPB1,,,,
DPB1*09:01 / DPA1*02:01,DPB1*10:01 / DPA1*02:01,0.685,,0.685,6237,,6237.0,0.46922500000000006,DPB1,,,,
DPB1*09:01 / DPA1*02:01,DPB1*10:01 / DPA1*02:02,0.79,,0.79,14564,,14564.0,0.6241000000000001,DPB1,,,,
DPB1*09:01 / DPA1*02:01,DPB1*11:01 / DPA1*01:03,0.593,,0.593,17512,,17512.0,0.351649,DPB1,,,,
DPB1*09:01 / DPA1*02:01,DPB1*11:01 / DPA1*01:04,0.518,,0.518,2265,,2265.0,0.268324,DPB1,,,,
DPB1*09:01 / DPA1*02:01,DPB1*11:01 / DPA1*01:05,0.517,,0.517,2080,,2080.0,0.267289,DPB1,,,,
DPB1*09:01 / DPA1*02:01,DPB1*11:01 / DPA1*02:01,0.556,0.569,0.601,9687,6398.0,3289.0,0.3091360000000001,DPB1,,,,
DPB1*09:01 / DPA1*02:01,DPB1*11:01 / DPA1*02:02,0.591,,0.591,14564,,14564.0,0.34928099999999995,DPB1,,,,
DPB1*09:01 / DPA1*02:01,DPB1*13:01 / DPA1*01:04,0.521,,0.521,1397,,1397.0,0.27144100000000004,DPB1,,,,
DPB1*09:01 / DPA1*02:01,DPB1*13:01 / DPA1*01:05,0.533,,0.533,2080,,2080.0,0.28408900000000004,DPB1,,,,
DPB1*09:01 / DPA1*02:01,DPB1*13:01 / DPA1*02:01,0.62,0.641,0.612,27031,6398.0,20633.0,0.3844,DPB1,,,,
DPB1*09:01 / DPA1*02:01,DPB1*13:01 / DPA1*02:02,0.641,,0.641,15432,,15432.0,0.410881,DPB1,,,,
DPB1*09:01 / DPA1*02:01,DPB1*13:01 / DPA1*03:01,0.574,,0.574,15432,,15432.0,0.32947599999999994,DPB1,,,,
DPB1*09:01 / DPA1*02:01,DPB1*13:01 / DPA1*04:01,0.582,0.607,0.569,9687,6398.0,3289.0,0.33872399999999997,DPB1,,,,
DPB1*09:01 / DPA1*02:01,DPB1*14:01 / DPA1*02:01,0.821,0.671,0.831,27199,6398.0,20801.0,0.6740409999999999,DPB1,,,,
DPB1*09:01 / DPA1*02:01,DPB1*15:01 / DPA1*02:01,0.534,0.587,0.529,27158,6398.0,20760.0,0.285156,DPB1,,,,
DPB1*09:01 / DPA1*02:01,DPB1*17:01 / DPA1*02:01,0.899,0.87,0.899,27199,6398.0,20801.0,0.8082010000000001,DPB1,,,,
DPB1*09:01 / DPA1*02:01,DPB1*18:01 / DPA1*01:03,0.401,0.401,,6398,6398.0,,0.16080100000000003,DPB1,,,,
DPB1*09:01 / DPA1*02:01,DPB1*18:01 / DPA1*01:04,0.541,,0.541,19799,,19799.0,0.292681,DPB1,,,,
DPB1*09:01 / DPA1*02:01,DPB1*18:01 / DPA1*01:05,0.548,,0.548,19799,,19799.0,0.30030400000000007,DPB1,,,,
DPB1*09:01 / DPA1*02:01,DPB1*18:01 / DPA1*02:01,0.696,,0.696,20760,,20760.0,0.48441599999999996,DPB1,,,,
DPB1*09:01 / DPA1*02:01,DPB1*19:01 / DPA1*01:03,0.6,,0.6,17512,,17512.0,0.36,DPB1,,,,
DPB1*09:01 / DPA1*02:01,DPB1*19:01 / DPA1*02:01,0.464,0.484,0.525,9687,6398.0,3289.0,0.21529600000000002,DPB1,,,,
DPB1*09:01 / DPA1*02:01,DPB1*20:01 / DPA1*01:03,0.518,,0.518,2287,,2287.0,0.268324,DPB1,,,,
DPB1*09:01 / DPA1*02:01,DPB1*20:01 / DPA1*03:01,0.771,,0.771,15432,,15432.0,0.594441,DPB1,,,,
DPB1*09:01 / DPA1*02:01,DPB1*23:01 / DPA1*01:03,0.334,,0.334,15432,,15432.0,0.11155600000000002,DPB1,,,,
DPB1*09:01 / DPA1*02:01,DPB1*23:01 / DPA1*02:01,0.408,,0.408,5328,,5328.0,0.16646399999999997,DPB1,,,,
DPB1*09:01 / DPA1*02:01,DPB1*26:01 / DPA1*03:01,0.579,,0.579,0,,0.0,0.33524099999999996,DPB1,,,,
DPB1*09:01 / DPA1*02:01,DPB1*28:01 / DPA1*01:03,0.449,,0.449,15432,,15432.0,0.201601,DPB1,,,,
DPB1*09:01 / DPA1*02:01,DPB1*28:01 / DPA1*01:04,0.516,,0.516,2287,,2287.0,0.266256,DPB1,,,,
DPB1*09:01 / DPA1*02:01,DPB1*28:01 / DPA1*01:05,0.477,,0.477,17512,,17512.0,0.22752899999999998,DPB1,,,,
DPB1*09:01 / DPA1*02:01,DPB1*28:01 / DPA1*02:01,0.55,,0.55,2080,,2080.0,0.30250000000000005,DPB1,,,,
DPB1*09:01 / DPA1*02:01,DPB1*28:01 / DPA1*02:02,0.565,0.561,0.523,7794,6397.0,1397.0,0.3192249999999999,DPB1,,,,
DPB1*09:01 / DPA1*02:01,DPB1*28:01 / DPA1*04:01,0.602,,0.602,15432,,15432.0,0.36240399999999995,DPB1,,,,
DPB1*09:01 / DPA1*02:01,DPB1*30:01 / DPA1*02:01,0.629,,0.629,0,,0.0,0.395641,DPB1,,,,
DPB1*09:01 / DPA1*02:01,DPB1*31:01 / DPA1*03:01,0.611,,0.611,0,,0.0,0.37332099999999996,DPB1,,,,
DPB1*09:01 / DPA1*02:01,DPB1*40:01 / DPA1*01:05,0.335,,0.335,0,,0.0,0.11222500000000002,DPB1,,,,
DPB1*09:01 / DPA1*02:01,DPB1*85:01 / DPA1*01:03,0.57,,0.57,0,,0.0,0.32489999999999997,DPB1,,,,
DPB1*105:01 / DPA1*02:01,DPB1*107:01 / DPA1*02:01,0.427,,0.427,0,,0.0,0.182329,DPB1,,,,
DPB1*105:01 / DPA1*02:01,DPB1*10:01 / DPA1*02:02,0.711,,0.711,0,,0.0,0.505521,DPB1,,,,
DPB1*105:01 / DPA1*02:01,DPB1*11:01 / DPA1*01:03,0.438,,0.438,0,,0.0,0.191844,DPB1,,,,
DPB1*105:01 / DPA1*02:01,DPB1*11:01 / DPA1*02:02,0.341,,0.341,0,,0.0,0.11628100000000002,DPB1,,,,
DPB1*105:01 / DPA1*02:01,DPB1*13:01 / DPA1*02:01,0.355,,0.355,0,,0.0,0.126025,DPB1,,,,
DPB1*105:01 / DPA1*02:01,DPB1*13:01 / DPA1*02:02,0.344,,0.344,0,,0.0,0.11833599999999998,DPB1,,,,
DPB1*105:01 / DPA1*02:01,DPB1*13:01 / DPA1*03:01,0.442,,0.442,0,,0.0,0.195364,DPB1,,,,
DPB1*105:01 / DPA1*02:01,DPB1*14:01 / DPA1*02:01,0.584,,0.584,0,,0.0,0.34105599999999997,DPB1,,,,
DPB1*105:01 / DPA1*02:01,DPB1*15:01 / DPA1*02:01,0.541,,0.541,0,,0.0,0.292681,DPB1,,,,
DPB1*105:01 / DPA1*02:01,DPB1*17:01 / DPA1*02:01,0.643,,0.643,0,,0.0,0.413449,DPB1,,,,
DPB1*105:01 / DPA1*02:01,DPB1*18:01 / DPA1*01:04,0.698,,0.698,0,,0.0,0.4872039999999999,DPB1,,,,
DPB1*105:01 / DPA1*02:01,DPB1*18:01 / DPA1*01:05,0.708,,0.708,0,,0.0,0.5012639999999999,DPB1,,,,
DPB1*105:01 / DPA1*02:01,DPB1*18:01 / DPA1*02:01,0.825,,0.825,0,,0.0,0.6806249999999999,DPB1,,,,
DPB1*105:01 / DPA1*02:01,DPB1*19:01 / DPA1*01:03,0.485,,0.485,0,,0.0,0.235225,DPB1,,,,
DPB1*105:01 / DPA1*02:01,DPB1*20:01 / DPA1*03:01,0.627,,0.627,0,,0.0,0.393129,DPB1,,,,
DPB1*105:01 / DPA1*02:01,DPB1*23:01 / DPA1*01:03,0.323,,0.323,0,,0.0,0.104329,DPB1,,,,
DPB1*105:01 / DPA1*02:01,DPB1*26:01 / DPA1*03:01,0.475,,0.475,0,,0.0,0.225625,DPB1,,,,
DPB1*105:01 / DPA1*02:01,DPB1*28:01 / DPA1*01:03,0.635,,0.635,0,,0.0,0.403225,DPB1,,,,
DPB1*105:01 / DPA1*02:01,DPB1*28:01 / DPA1*01:05,0.668,,0.668,0,,0.0,0.44622400000000007,DPB1,,,,
DPB1*105:01 / DPA1*02:01,DPB1*28:01 / DPA1*04:01,0.835,,0.835,0,,0.0,0.697225,DPB1,,,,
DPB1*105:01 / DPA1*02:01,DPB1*30:01 / DPA1*02:01,0.497,,0.497,0,,0.0,0.247009,DPB1,,,,
DPB1*105:01 / DPA1*02:01,DPB1*31:01 / DPA1*03:01,0.494,,0.494,0,,0.0,0.244036,DPB1,,,,
DPB1*105:01 / DPA1*02:01,DPB1*40:01 / DPA1*01:05,0.515,,0.515,0,,0.0,0.265225,DPB1,,,,
DPB1*105:01 / DPA1*02:01,DPB1*85:01 / DPA1*01:03,0.488,,0.488,0,,0.0,0.238144,DPB1,,,,
DPB1*107:01 / DPA1*02:01,DPB1*10:01 / DPA1*02:02,0.606,,0.606,0,,0.0,0.367236,DPB1,,,,
DPB1*107:01 / DPA1*02:01,DPB1*11:01 / DPA1*01:03,0.7,,0.7,0,,0.0,0.48999999999999994,DPB1,,,,
DPB1*107:01 / DPA1*02:01,DPB1*11:01 / DPA1*02:02,0.794,,0.794,0,,0.0,0.6304360000000001,DPB1,,,,
DPB1*107:01 / DPA1*02:01,DPB1*13:01 / DPA1*02:01,0.849,,0.849,0,,0.0,0.7208009999999999,DPB1,,,,
DPB1*107:01 / DPA1*02:01,DPB1*13:01 / DPA1*02:02,0.845,,0.845,0,,0.0,0.7140249999999999,DPB1,,,,
DPB1*107:01 / DPA1*02:01,DPB1*13:01 / DPA1*03:01,0.688,,0.688,0,,0.0,0.47334399999999993,DPB1,,,,
DPB1*107:01 / DPA1*02:01,DPB1*14:01 / DPA1*02:01,0.582,,0.582,0,,0.0,0.33872399999999997,DPB1,,,,
DPB1*107:01 / DPA1*02:01,DPB1*15:01 / DPA1*02:01,0.63,,0.63,0,,0.0,0.39690000000000003,DPB1,,,,
DPB1*107:01 / DPA1*02:01,DPB1*17:01 / DPA1*02:01,0.564,,0.564,0,,0.0,0.31809599999999993,DPB1,,,,
DPB1*107:01 / DPA1*02:01,DPB1*18:01 / DPA1*01:04,0.219,,0.219,0,,0.0,0.047961,DPB1,,,,
DPB1*107:01 / DPA1*02:01,DPB1*18:01 / DPA1*01:05,0.233,,0.233,0,,0.0,0.054289000000000004,DPB1,,,,
DPB1*107:01 / DPA1*02:01,DPB1*18:01 / DPA1*02:01,0.451,,0.451,0,,0.0,0.203401,DPB1,,,,
DPB1*107:01 / DPA1*02:01,DPB1*19:01 / DPA1*01:03,0.694,,0.694,0,,0.0,0.48163599999999995,DPB1,,,,
DPB1*107:01 / DPA1*02:01,DPB1*20:01 / DPA1*03:01,0.531,,0.531,0,,0.0,0.281961,DPB1,,,,
DPB1*107:01 / DPA1*02:01,DPB1*23:01 / DPA1*01:03,0.164,,0.164,0,,0.0,0.026896000000000003,DPB1,,,,
DPB1*107:01 / DPA1*02:01,DPB1*26:01 / DPA1*03:01,0.818,,0.818,0,,0.0,0.6691239999999999,DPB1,,,,
DPB1*107:01 / DPA1*02:01,DPB1*28:01 / DPA1*01:03,0.063,,0.063,0,,0.0,0.003969,DPB1,,,,
DPB1*107:01 / DPA1*02:01,DPB1*28:01 / DPA1*01:05,0.105,,0.105,0,,0.0,0.011024999999999998,DPB1,,,,
DPB1*107:01 / DPA1*02:01,DPB1*28:01 / DPA1*04:01,0.337,,0.337,0,,0.0,0.11356900000000002,DPB1,,,,
DPB1*107:01 / DPA1*02:01,DPB1*30:01 / DPA1*02:01,0.849,,0.849,0,,0.0,0.7208009999999999,DPB1,,,,
DPB1*107:01 / DPA1*02:01,DPB1*31:01 / DPA1*03:01,0.798,,0.798,0,,0.0,0.636804,DPB1,,,,
DPB1*107:01 / DPA1*02:01,DPB1*40:01 / DPA1*01:05,0.502,,0.502,0,,0.0,0.252004,DPB1,,,,
DPB1*107:01 / DPA1*02:01,DPB1*85:01 / DPA1*01:03,0.803,,0.803,0,,0.0,0.6448090000000001,DPB1,,,,
DPB1*10:01 / DPA1*02:01,DPB1*11:01 / DPA1*01:03,0.644,,0.644,2948,,2948.0,0.41473600000000005,DPB1,,,,
DPB1*10:01 / DPA1*02:01,DPB1*11:01 / DPA1*01:04,0.561,,0.561,2265,,2265.0,0.3147210000000001,DPB1,,,,
DPB1*10:01 / DPA1*02:01,DPB1*11:01 / DPA1*01:05,0.595,,0.595,2080,,2080.0,0.354025,DPB1,,,,
DPB1*10:01 / DPA1*02:01,DPB1*11:01 / DPA1*02:01,0.645,,0.645,3306,,3306.0,0.41602500000000003,DPB1,,,,
DPB1*10:01 / DPA1*02:01,DPB1*13:01 / DPA1*01:04,0.645,,0.645,1397,,1397.0,0.41602500000000003,DPB1,,,,
DPB1*10:01 / DPA1*02:01,DPB1*13:01 / DPA1*01:05,0.637,,0.637,2080,,2080.0,0.405769,DPB1,,,,
DPB1*10:01 / DPA1*02:01,DPB1*13:01 / DPA1*02:01,0.685,,0.685,6069,,6069.0,0.46922500000000006,DPB1,,,,
DPB1*10:01 / DPA1*02:01,DPB1*13:01 / DPA1*02:02,0.69,,0.69,868,,868.0,0.4760999999999999,DPB1,,,,
DPB1*10:01 / DPA1*02:01,DPB1*13:01 / DPA1*03:01,0.671,,0.671,868,,868.0,0.45024100000000006,DPB1,,,,
DPB1*10:01 / DPA1*02:01,DPB1*13:01 / DPA1*04:01,0.733,,0.733,3306,,3306.0,0.537289,DPB1,,,,
DPB1*10:01 / DPA1*02:01,DPB1*14:01 / DPA1*02:01,0.773,,0.773,6237,,6237.0,0.597529,DPB1,,,,
DPB1*10:01 / DPA1*02:01,DPB1*15:01 / DPA1*02:01,0.649,,0.649,6196,,6196.0,0.42120100000000005,DPB1,,,,
DPB1*10:01 / DPA1*02:01,DPB1*17:01 / DPA1*02:01,0.735,,0.735,6254,,6254.0,0.540225,DPB1,,,,
DPB1*10:01 / DPA1*02:01,DPB1*18:01 / DPA1*01:04,0.574,,0.574,5235,,5235.0,0.32947599999999994,DPB1,,,,
DPB1*10:01 / DPA1*02:01,DPB1*18:01 / DPA1*01:05,0.557,,0.557,5235,,5235.0,0.31024900000000005,DPB1,,,,
DPB1*10:01 / DPA1*02:01,DPB1*18:01 / DPA1*02:01,0.699,,0.699,6196,,6196.0,0.48860099999999995,DPB1,,,,
DPB1*10:01 / DPA1*02:01,DPB1*19:01 / DPA1*01:03,0.627,,0.627,2948,,2948.0,0.393129,DPB1,,,,
DPB1*10:01 / DPA1*02:01,DPB1*19:01 / DPA1*02:01,0.634,,0.634,3289,,3289.0,0.40195600000000004,DPB1,,,,
DPB1*10:01 / DPA1*02:01,DPB1*20:01 / DPA1*01:03,0.672,,0.672,2287,,2287.0,0.45158400000000004,DPB1,,,,
DPB1*10:01 / DPA1*02:01,DPB1*20:01 / DPA1*03:01,0.769,,0.769,868,,868.0,0.591361,DPB1,,,,
DPB1*10:01 / DPA1*02:01,DPB1*23:01 / DPA1*01:03,0.394,,0.394,868,,868.0,0.155236,DPB1,,,,
DPB1*10:01 / DPA1*02:01,DPB1*23:01 / DPA1*02:01,0.618,,0.618,5328,,5328.0,0.381924,DPB1,,,,
DPB1*10:01 / DPA1*02:01,DPB1*28:01 / DPA1*01:03,0.634,,0.634,868,,868.0,0.40195600000000004,DPB1,,,,
DPB1*10:01 / DPA1*02:01,DPB1*28:01 / DPA1*01:04,0.554,,0.554,2287,,2287.0,0.3069160000000001,DPB1,,,,
DPB1*10:01 / DPA1*02:01,DPB1*28:01 / DPA1*01:05,0.614,,0.614,2948,,2948.0,0.376996,DPB1,,,,
DPB1*10:01 / DPA1*02:01,DPB1*28:01 / DPA1*02:01,0.738,,0.738,2080,,2080.0,0.544644,DPB1,,,,
DPB1*10:01 / DPA1*02:01,DPB1*28:01 / DPA1*02:02,0.713,,0.713,1397,,1397.0,0.508369,DPB1,,,,
DPB1*10:01 / DPA1*02:01,DPB1*28:01 / DPA1*04:01,0.726,,0.726,868,,868.0,0.527076,DPB1,,,,
DPB1*10:01 / DPA1*02:02,DPB1*11:01 / DPA1*01:03,0.64,,0.64,14564,,14564.0,0.4096,DPB1,,,,
DPB1*10:01 / DPA1*02:02,DPB1*11:01 / DPA1*02:02,0.628,,0.628,14564,,14564.0,0.394384,DPB1,,,,
DPB1*10:01 / DPA1*02:02,DPB1*13:01 / DPA1*02:01,0.668,,0.668,14564,,14564.0,0.44622400000000007,DPB1,,,,
DPB1*10:01 / DPA1*02:02,DPB1*13:01 / DPA1*02:02,0.667,,0.667,14564,,14564.0,0.44488900000000003,DPB1,,,,
DPB1*10:01 / DPA1*02:02,DPB1*13:01 / DPA1*03:01,0.681,,0.681,14564,,14564.0,0.4637610000000001,DPB1,,,,
DPB1*10:01 / DPA1*02:02,DPB1*14:01 / DPA1*02:01,0.815,,0.815,14564,,14564.0,0.664225,DPB1,,,,
DPB1*10:01 / DPA1*02:02,DPB1*15:01 / DPA1*02:01,0.612,,0.612,14564,,14564.0,0.374544,DPB1,,,,
DPB1*10:01 / DPA1*02:02,DPB1*17:01 / DPA1*02:01,0.822,,0.822,14564,,14564.0,0.675684,DPB1,,,,
DPB1*10:01 / DPA1*02:02,DPB1*18:01 / DPA1*01:04,0.65,,0.65,14564,,14564.0,0.42250000000000004,DPB1,,,,
DPB1*10:01 / DPA1*02:02,DPB1*18:01 / DPA1*01:05,0.651,,0.651,14564,,14564.0,0.42380100000000004,DPB1,,,,
DPB1*10:01 / DPA1*02:02,DPB1*18:01 / DPA1*02:01,0.748,,0.748,14564,,14564.0,0.559504,DPB1,,,,
DPB1*10:01 / DPA1*02:02,DPB1*19:01 / DPA1*01:03,0.653,,0.653,14564,,14564.0,0.42640900000000004,DPB1,,,,
DPB1*10:01 / DPA1*02:02,DPB1*20:01 / DPA1*03:01,0.765,,0.765,14564,,14564.0,0.585225,DPB1,,,,
DPB1*10:01 / DPA1*02:02,DPB1*23:01 / DPA1*01:03,0.373,,0.373,14564,,14564.0,0.139129,DPB1,,,,
DPB1*10:01 / DPA1*02:02,DPB1*26:01 / DPA1*03:01,0.586,,0.586,0,,0.0,0.343396,DPB1,,,,
DPB1*10:01 / DPA1*02:02,DPB1*28:01 / DPA1*01:03,0.565,,0.565,14564,,14564.0,0.3192249999999999,DPB1,,,,
DPB1*10:01 / DPA1*02:02,DPB1*28:01 / DPA1*01:05,0.597,,0.597,14564,,14564.0,0.356409,DPB1,,,,
DPB1*10:01 / DPA1*02:02,DPB1*28:01 / DPA1*04:01,0.715,,0.715,14564,,14564.0,0.5112249999999999,DPB1,,,,
DPB1*10:01 / DPA1*02:02,DPB1*30:01 / DPA1*02:01,0.631,,0.631,0,,0.0,0.398161,DPB1,,,,
DPB1*10:01 / DPA1*02:02,DPB1*31:01 / DPA1*03:01,0.625,,0.625,0,,0.0,0.390625,DPB1,,,,
DPB1*10:01 / DPA1*02:02,DPB1*40:01 / DPA1*01:05,0.375,,0.375,0,,0.0,0.140625,DPB1,,,,
DPB1*10:01 / DPA1*02:02,DPB1*85:01 / DPA1*01:03,0.571,,0.571,0,,0.0,0.32604099999999997,DPB1,,,,
DPB1*11:01 / DPA1*01:03,DPB1*11:01 / DPA1*01:04,0.857,,0.857,868,,868.0,0.734449,DPB1,,,,
DPB1*11:01 / DPA1*01:03,DPB1*11:01 / DPA1*01:05,0.902,,0.902,2080,,2080.0,0.813604,DPB1,,,,
DPB1*11:01 / DPA1*01:03,DPB1*11:01 / DPA1*02:02,0.738,,0.738,14564,,14564.0,0.544644,DPB1,,,,
DPB1*11:01 / DPA1*01:03,DPB1*13:01 / DPA1*01:05,0.861,,0.861,2080,,2080.0,0.741321,DPB1,,,,
DPB1*11:01 / DPA1*01:03,DPB1*13:01 / DPA1*02:01,0.71,,0.71,17512,,17512.0,0.5041,DPB1,,,,
DPB1*11:01 / DPA1*01:03,DPB1*13:01 / DPA1*02:02,0.726,,0.726,15432,,15432.0,0.527076,DPB1,,,,
DPB1*11:01 / DPA1*01:03,DPB1*13:01 / DPA1*03:01,0.86,,0.86,15432,,15432.0,0.7395999999999999,DPB1,,,,
DPB1*11:01 / DPA1*01:03,DPB1*14:01 / DPA1*02:01,0.558,,0.558,17512,,17512.0,0.3113640000000001,DPB1,,,,
DPB1*11:01 / DPA1*01:03,DPB1*15:01 / DPA1*02:01,0.694,,0.694,17512,,17512.0,0.48163599999999995,DPB1,,,,
DPB1*11:01 / DPA1*01:03,DPB1*17:01 / DPA1*02:01,0.662,,0.662,17512,,17512.0,0.438244,DPB1,,,,
DPB1*11:01 / DPA1*01:03,DPB1*18:01 / DPA1*01:04,0.528,,0.528,17512,,17512.0,0.27878400000000003,DPB1,,,,
DPB1*11:01 / DPA1*01:03,DPB1*18:01 / DPA1*01:05,0.522,,0.522,17512,,17512.0,0.272484,DPB1,,,,
DPB1*11:01 / DPA1*01:03,DPB1*18:01 / DPA1*02:01,0.561,,0.561,17512,,17512.0,0.3147210000000001,DPB1,,,,
DPB1*11:01 / DPA1*01:03,DPB1*19:01 / DPA1*01:03,0.76,,0.76,17512,,17512.0,0.5776,DPB1,,,,
DPB1*11:01 / DPA1*01:03,DPB1*20:01 / DPA1*03:01,0.662,,0.662,15432,,15432.0,0.438244,DPB1,,,,
DPB1*11:01 / DPA1*01:03,DPB1*23:01 / DPA1*01:03,0.505,,0.505,15432,,15432.0,0.255025,DPB1,,,,
DPB1*11:01 / DPA1*01:03,DPB1*23:01 / DPA1*02:01,0.664,,0.664,2080,,2080.0,0.44089600000000007,DPB1,,,,
DPB1*11:01 / DPA1*01:03,DPB1*26:01 / DPA1*03:01,0.829,,0.829,0,,0.0,0.6872409999999999,DPB1,,,,
DPB1*11:01 / DPA1*01:03,DPB1*28:01 / DPA1*01:03,0.414,,0.414,15432,,15432.0,0.171396,DPB1,,,,
DPB1*11:01 / DPA1*01:03,DPB1*28:01 / DPA1*01:05,0.474,,0.474,17512,,17512.0,0.224676,DPB1,,,,
DPB1*11:01 / DPA1*01:03,DPB1*28:01 / DPA1*02:01,0.618,,0.618,2080,,2080.0,0.381924,DPB1,,,,
DPB1*11:01 / DPA1*01:03,DPB1*28:01 / DPA1*04:01,0.556,,0.556,15432,,15432.0,0.3091360000000001,DPB1,,,,
DPB1*11:01 / DPA1*01:03,DPB1*30:01 / DPA1*02:01,0.74,,0.74,0,,0.0,0.5476,DPB1,,,,
DPB1*11:01 / DPA1*01:03,DPB1*31:01 / DPA1*03:01,0.822,,0.822,0,,0.0,0.675684,DPB1,,,,
DPB1*11:01 / DPA1*01:03,DPB1*40:01 / DPA1*01:05,0.56,,0.56,0,,0.0,0.31360000000000005,DPB1,,,,
DPB1*11:01 / DPA1*01:03,DPB1*85:01 / DPA1*01:03,0.834,,0.834,0,,0.0,0.695556,DPB1,,,,
DPB1*11:01 / DPA1*01:04,DPB1*11:01 / DPA1*02:01,0.902,,0.902,1397,,1397.0,0.813604,DPB1,,,,
DPB1*11:01 / DPA1*01:04,DPB1*13:01 / DPA1*01:04,0.771,,0.771,1397,,1397.0,0.594441,DPB1,,,,
DPB1*11:01 / DPA1*01:04,DPB1*13:01 / DPA1*02:01,0.594,,0.594,2265,,2265.0,0.352836,DPB1,,,,
DPB1*11:01 / DPA1*01:04,DPB1*13:01 / DPA1*02:02,0.59,,0.59,868,,868.0,0.34809999999999997,DPB1,,,,
DPB1*11:01 / DPA1*01:04,DPB1*13:01 / DPA1*03:01,0.817,,0.817,868,,868.0,0.6674889999999999,DPB1,,,,
DPB1*11:01 / DPA1*01:04,DPB1*13:01 / DPA1*04:01,0.635,,0.635,1397,,1397.0,0.403225,DPB1,,,,
DPB1*11:01 / DPA1*01:04,DPB1*14:01 / DPA1*02:01,0.552,,0.552,2265,,2265.0,0.30470400000000003,DPB1,,,,
DPB1*11:01 / DPA1*01:04,DPB1*15:01 / DPA1*02:01,0.587,,0.587,2265,,2265.0,0.34456899999999996,DPB1,,,,
DPB1*11:01 / DPA1*01:04,DPB1*17:01 / DPA1*02:01,0.618,,0.618,2265,,2265.0,0.381924,DPB1,,,,
DPB1*11:01 / DPA1*01:04,DPB1*18:01 / DPA1*01:04,0.506,,0.506,2265,,2265.0,0.256036,DPB1,,,,
DPB1*11:01 / DPA1*01:04,DPB1*18:01 / DPA1*01:05,0.465,,0.465,2265,,2265.0,0.21622500000000003,DPB1,,,,
DPB1*11:01 / DPA1*01:04,DPB1*18:01 / DPA1*02:01,0.509,,0.509,2265,,2265.0,0.259081,DPB1,,,,
DPB1*11:01 / DPA1*01:04,DPB1*19:01 / DPA1*01:03,0.591,,0.591,868,,868.0,0.34928099999999995,DPB1,,,,
DPB1*11:01 / DPA1*01:04,DPB1*19:01 / DPA1*02:01,0.636,,0.636,1397,,1397.0,0.404496,DPB1,,,,
DPB1*11:01 / DPA1*01:04,DPB1*20:01 / DPA1*01:03,0.667,,0.667,1397,,1397.0,0.44488900000000003,DPB1,,,,
DPB1*11:01 / DPA1*01:04,DPB1*20:01 / DPA1*03:01,0.592,,0.592,868,,868.0,0.35046399999999994,DPB1,,,,
DPB1*11:01 / DPA1*01:04,DPB1*23:01 / DPA1*01:03,0.343,,0.343,868,,868.0,0.11764900000000002,DPB1,,,,
DPB1*11:01 / DPA1*01:04,DPB1*23:01 / DPA1*02:01,0.566,,0.566,1397,,1397.0,0.3203559999999999,DPB1,,,,
DPB1*11:01 / DPA1*01:04,DPB1*28:01 / DPA1*01:03,0.382,,0.382,868,,868.0,0.145924,DPB1,,,,
DPB1*11:01 / DPA1*01:04,DPB1*28:01 / DPA1*01:04,0.494,,0.494,1397,,1397.0,0.244036,DPB1,,,,
DPB1*11:01 / DPA1*01:04,DPB1*28:01 / DPA1*01:05,0.371,,0.371,868,,868.0,0.13764099999999999,DPB1,,,,
DPB1*11:01 / DPA1*01:04,DPB1*28:01 / DPA1*02:02,0.551,,0.551,1397,,1397.0,0.30360100000000007,DPB1,,,,
DPB1*11:01 / DPA1*01:04,DPB1*28:01 / DPA1*04:01,0.443,,0.443,868,,868.0,0.196249,DPB1,,,,
DPB1*11:01 / DPA1*01:05,DPB1*13:01 / DPA1*01:05,0.794,,0.794,2080,,2080.0,0.6304360000000001,DPB1,,,,
DPB1*11:01 / DPA1*01:05,DPB1*13:01 / DPA1*02:01,0.604,,0.604,2080,,2080.0,0.364816,DPB1,,,,
DPB1*11:01 / DPA1*01:05,DPB1*14:01 / DPA1*02:01,0.535,,0.535,2080,,2080.0,0.286225,DPB1,,,,
DPB1*11:01 / DPA1*01:05,DPB1*15:01 / DPA1*02:01,0.649,,0.649,2080,,2080.0,0.42120100000000005,DPB1,,,,
DPB1*11:01 / DPA1*01:05,DPB1*17:01 / DPA1*02:01,0.618,,0.618,2080,,2080.0,0.381924,DPB1,,,,
DPB1*11:01 / DPA1*01:05,DPB1*18:01 / DPA1*01:04,0.473,,0.473,2080,,2080.0,0.22372899999999998,DPB1,,,,
DPB1*11:01 / DPA1*01:05,DPB1*18:01 / DPA1*01:05,0.468,,0.468,2080,,2080.0,0.21902400000000002,DPB1,,,,
DPB1*11:01 / DPA1*01:05,DPB1*18:01 / DPA1*02:01,0.472,,0.472,2080,,2080.0,0.22278399999999998,DPB1,,,,
DPB1*11:01 / DPA1*01:05,DPB1*19:01 / DPA1*01:03,0.678,,0.678,2080,,2080.0,0.45968400000000004,DPB1,,,,
DPB1*11:01 / DPA1*01:05,DPB1*23:01 / DPA1*02:01,0.583,,0.583,2080,,2080.0,0.33988899999999994,DPB1,,,,
DPB1*11:01 / DPA1*01:05,DPB1*28:01 / DPA1*01:05,0.475,,0.475,2080,,2080.0,0.225625,DPB1,,,,
DPB1*11:01 / DPA1*01:05,DPB1*28:01 / DPA1*02:01,0.552,,0.552,2080,,2080.0,0.30470400000000003,DPB1,,,,
DPB1*11:01 / DPA1*02:01,DPB1*13:01 / DPA1*01:04,0.865,,0.865,1397,,1397.0,0.748225,DPB1,,,,
DPB1*11:01 / DPA1*02:01,DPB1*13:01 / DPA1*02:01,0.685,0.665,0.712,9519,6398.0,3121.0,0.46922500000000006,DPB1,,,,
DPB1*11:01 / DPA1*02:01,DPB1*13:01 / DPA1*04:01,0.596,0.505,0.713,9704,6398.0,3306.0,0.355216,DPB1,,,,
DPB1*11:01 / DPA1*02:01,DPB1*14:01 / DPA1*02:01,0.572,0.522,0.64,9687,6398.0,3289.0,0.3271839999999999,DPB1,,,,
DPB1*11:01 / DPA1*02:01,DPB1*15:01 / DPA1*02:01,0.66,0.608,0.726,9646,6398.0,3248.0,0.43560000000000004,DPB1,,,,
DPB1*11:01 / DPA1*02:01,DPB1*17:01 / DPA1*02:01,0.538,0.495,0.638,9704,6398.0,3306.0,0.28944400000000003,DPB1,,,,
DPB1*11:01 / DPA1*02:01,DPB1*18:01 / DPA1*01:03,0.266,0.266,,6398,6398.0,,0.07075600000000001,DPB1,,,,
DPB1*11:01 / DPA1*02:01,DPB1*18:01 / DPA1*01:04,0.538,,0.538,2287,,2287.0,0.28944400000000003,DPB1,,,,
DPB1*11:01 / DPA1*02:01,DPB1*18:01 / DPA1*01:05,0.553,,0.553,2287,,2287.0,0.30580900000000005,DPB1,,,,
DPB1*11:01 / DPA1*02:01,DPB1*18:01 / DPA1*02:01,0.609,,0.609,3248,,3248.0,0.37088099999999996,DPB1,,,,
DPB1*11:01 / DPA1*02:01,DPB1*19:01 / DPA1*02:01,0.659,0.581,0.767,9687,6398.0,3289.0,0.43428100000000003,DPB1,,,,
DPB1*11:01 / DPA1*02:01,DPB1*20:01 / DPA1*01:03,0.752,,0.752,2287,,2287.0,0.565504,DPB1,,,,
DPB1*11:01 / DPA1*02:01,DPB1*23:01 / DPA1*02:01,0.627,,0.627,3248,,3248.0,0.393129,DPB1,,,,
DPB1*11:01 / DPA1*02:01,DPB1*28:01 / DPA1*01:04,0.566,,0.566,2287,,2287.0,0.3203559999999999,DPB1,,,,
DPB1*11:01 / DPA1*02:01,DPB1*28:01 / DPA1*02:02,0.433,0.369,0.645,7794,6397.0,1397.0,0.187489,DPB1,,,,
DPB1*11:01 / DPA1*02:02,DPB1*13:01 / DPA1*02:01,0.796,,0.796,14564,,14564.0,0.6336160000000001,DPB1,,,,
DPB1*11:01 / DPA1*02:02,DPB1*13:01 / DPA1*02:02,0.798,,0.798,14564,,14564.0,0.636804,DPB1,,,,
DPB1*11:01 / DPA1*02:02,DPB1*13:01 / DPA1*03:01,0.716,,0.716,14564,,14564.0,0.512656,DPB1,,,,
DPB1*11:01 / DPA1*02:02,DPB1*14:01 / DPA1*02:01,0.568,,0.568,14564,,14564.0,0.32262399999999997,DPB1,,,,
DPB1*11:01 / DPA1*02:02,DPB1*15:01 / DPA1*02:01,0.681,,0.681,14564,,14564.0,0.4637610000000001,DPB1,,,,
DPB1*11:01 / DPA1*02:02,DPB1*17:01 / DPA1*02:01,0.632,,0.632,14564,,14564.0,0.399424,DPB1,,,,
DPB1*11:01 / DPA1*02:02,DPB1*18:01 / DPA1*01:04,0.427,,0.427,14564,,14564.0,0.182329,DPB1,,,,
DPB1*11:01 / DPA1*02:02,DPB1*18:01 / DPA1*01:05,0.422,,0.422,14564,,14564.0,0.178084,DPB1,,,,
DPB1*11:01 / DPA1*02:02,DPB1*18:01 / DPA1*02:01,0.533,,0.533,14564,,14564.0,0.28408900000000004,DPB1,,,,
DPB1*11:01 / DPA1*02:02,DPB1*19:01 / DPA1*01:03,0.648,,0.648,14564,,14564.0,0.419904,DPB1,,,,
DPB1*11:01 / DPA1*02:02,DPB1*20:01 / DPA1*03:01,0.593,,0.593,14564,,14564.0,0.351649,DPB1,,,,
DPB1*11:01 / DPA1*02:02,DPB1*23:01 / DPA1*01:03,0.397,,0.397,14564,,14564.0,0.15760900000000003,DPB1,,,,
DPB1*11:01 / DPA1*02:02,DPB1*26:01 / DPA1*03:01,0.723,,0.723,0,,0.0,0.522729,DPB1,,,,
DPB1*11:01 / DPA1*02:02,DPB1*28:01 / DPA1*01:03,0.346,,0.346,14564,,14564.0,0.11971599999999999,DPB1,,,,
DPB1*11:01 / DPA1*02:02,DPB1*28:01 / DPA1*01:05,0.392,,0.392,14564,,14564.0,0.15366400000000002,DPB1,,,,
DPB1*11:01 / DPA1*02:02,DPB1*28:01 / DPA1*04:01,0.526,,0.526,14564,,14564.0,0.27667600000000003,DPB1,,,,
DPB1*11:01 / DPA1*02:02,DPB1*30:01 / DPA1*02:01,0.761,,0.761,0,,0.0,0.579121,DPB1,,,,
DPB1*11:01 / DPA1*02:02,DPB1*31:01 / DPA1*03:01,0.708,,0.708,0,,0.0,0.5012639999999999,DPB1,,,,
DPB1*11:01 / DPA1*02:02,DPB1*40:01 / DPA1*01:05,0.388,,0.388,0,,0.0,0.150544,DPB1,,,,
DPB1*11:01 / DPA1*02:02,DPB1*85:01 / DPA1*01:03,0.714,,0.714,0,,0.0,0.5097959999999999,DPB1,,,,
DPB1*13:01 / DPA1*01:04,DPB1*13:01 / DPA1*02:01,0.8,,0.8,1397,,1397.0,0.6400000000000001,DPB1,,,,
DPB1*13:01 / DPA1*01:04,DPB1*13:01 / DPA1*04:01,0.826,,0.826,1397,,1397.0,0.6822759999999999,DPB1,,,,
DPB1*13:01 / DPA1*01:04,DPB1*14:01 / DPA1*02:01,0.561,,0.561,1397,,1397.0,0.3147210000000001,DPB1,,,,
DPB1*13:01 / DPA1*01:04,DPB1*15:01 / DPA1*02:01,0.826,,0.826,1397,,1397.0,0.6822759999999999,DPB1,,,,
DPB1*13:01 / DPA1*01:04,DPB1*17:01 / DPA1*02:01,0.623,,0.623,1397,,1397.0,0.388129,DPB1,,,,
DPB1*13:01 / DPA1*01:04,DPB1*18:01 / DPA1*01:04,0.511,,0.511,1397,,1397.0,0.261121,DPB1,,,,
DPB1*13:01 / DPA1*01:04,DPB1*18:01 / DPA1*01:05,0.503,,0.503,1397,,1397.0,0.253009,DPB1,,,,
DPB1*13:01 / DPA1*01:04,DPB1*18:01 / DPA1*02:01,0.552,,0.552,1397,,1397.0,0.30470400000000003,DPB1,,,,
DPB1*13:01 / DPA1*01:04,DPB1*19:01 / DPA1*02:01,0.828,,0.828,1397,,1397.0,0.685584,DPB1,,,,
DPB1*13:01 / DPA1*01:04,DPB1*20:01 / DPA1*01:03,0.809,,0.809,1397,,1397.0,0.6544810000000001,DPB1,,,,
DPB1*13:01 / DPA1*01:04,DPB1*23:01 / DPA1*02:01,0.82,,0.82,1397,,1397.0,0.6723999999999999,DPB1,,,,
DPB1*13:01 / DPA1*01:04,DPB1*28:01 / DPA1*01:04,0.528,,0.528,1397,,1397.0,0.27878400000000003,DPB1,,,,
DPB1*13:01 / DPA1*01:04,DPB1*28:01 / DPA1*02:02,0.706,,0.706,1397,,1397.0,0.49843599999999993,DPB1,,,,
DPB1*13:01 / DPA1*01:05,DPB1*13:01 / DPA1*02:01,0.772,,0.772,2080,,2080.0,0.5959840000000001,DPB1,,,,
DPB1*13:01 / DPA1*01:05,DPB1*14:01 / DPA1*02:01,0.568,,0.568,2080,,2080.0,0.32262399999999997,DPB1,,,,
DPB1*13:01 / DPA1*01:05,DPB1*15:01 / DPA1*02:01,0.747,,0.747,2080,,2080.0,0.558009,DPB1,,,,
DPB1*13:01 / DPA1*01:05,DPB1*17:01 / DPA1*02:01,0.626,,0.626,2080,,2080.0,0.391876,DPB1,,,,
DPB1*13:01 / DPA1*01:05,DPB1*18:01 / DPA1*01:04,0.492,,0.492,2080,,2080.0,0.242064,DPB1,,,,
DPB1*13:01 / DPA1*01:05,DPB1*18:01 / DPA1*01:05,0.462,,0.462,2080,,2080.0,0.21344400000000002,DPB1,,,,
DPB1*13:01 / DPA1*01:05,DPB1*18:01 / DPA1*02:01,0.511,,0.511,2080,,2080.0,0.261121,DPB1,,,,
DPB1*13:01 / DPA1*01:05,DPB1*19:01 / DPA1*01:03,0.805,,0.805,2080,,2080.0,0.6480250000000001,DPB1,,,,
DPB1*13:01 / DPA1*01:05,DPB1*23:01 / DPA1*02:01,0.774,,0.774,2080,,2080.0,0.599076,DPB1,,,,
DPB1*13:01 / DPA1*01:05,DPB1*28:01 / DPA1*01:05,0.519,,0.519,2080,,2080.0,0.269361,DPB1,,,,
DPB1*13:01 / DPA1*01:05,DPB1*28:01 / DPA1*02:01,0.666,,0.666,2080,,2080.0,0.44355600000000006,DPB1,,,,
DPB1*13:01 / DPA1*02:01,DPB1*13:01 / DPA1*02:02,0.939,,0.939,15432,,15432.0,0.8817209999999999,DPB1,,,,
DPB1*13:01 / DPA1*02:01,DPB1*13:01 / DPA1*03:01,0.765,,0.765,15432,,15432.0,0.585225,DPB1,,,,
DPB1*13:01 / DPA1*02:01,DPB1*13:01 / DPA1*04:01,0.724,0.678,0.807,9519,6398.0,3121.0,0.524176,DPB1,,,,
DPB1*13:01 / DPA1*02:01,DPB1*14:01 / DPA1*02:01,0.592,0.518,0.597,27031,6398.0,20633.0,0.35046399999999994,DPB1,,,,
DPB1*13:01 / DPA1*02:01,DPB1*15:01 / DPA1*02:01,0.724,0.617,0.746,27031,6398.0,20633.0,0.524176,DPB1,,,,
DPB1*13:01 / DPA1*02:01,DPB1*17:01 / DPA1*02:01,0.638,0.604,0.642,27031,6398.0,20633.0,0.407044,DPB1,,,,
DPB1*13:01 / DPA1*02:01,DPB1*18:01 / DPA1*01:03,0.296,0.296,,6398,6398.0,,0.08761599999999999,DPB1,,,,
DPB1*13:01 / DPA1*02:01,DPB1*18:01 / DPA1*01:04,0.446,,0.446,19799,,19799.0,0.198916,DPB1,,,,
DPB1*13:01 / DPA1*02:01,DPB1*18:01 / DPA1*01:05,0.434,,0.434,19799,,19799.0,0.188356,DPB1,,,,
DPB1*13:01 / DPA1*02:01,DPB1*18:01 / DPA1*02:01,0.576,,0.576,20633,,20633.0,0.33177599999999996,DPB1,,,,
DPB1*13:01 / DPA1*02:01,DPB1*19:01 / DPA1*01:03,0.725,,0.725,17512,,17512.0,0.525625,DPB1,,,,
DPB1*13:01 / DPA1*02:01,DPB1*19:01 / DPA1*02:01,0.559,0.481,0.712,9519,6398.0,3121.0,0.31248100000000006,DPB1,,,,
DPB1*13:01 / DPA1*02:01,DPB1*20:01 / DPA1*01:03,0.775,,0.775,2287,,2287.0,0.6006250000000001,DPB1,,,,
DPB1*13:01 / DPA1*02:01,DPB1*20:01 / DPA1*03:01,0.626,,0.626,15432,,15432.0,0.391876,DPB1,,,,
DPB1*13:01 / DPA1*02:01,DPB1*23:01 / DPA1*01:03,0.477,,0.477,15432,,15432.0,0.22752899999999998,DPB1,,,,
DPB1*13:01 / DPA1*02:01,DPB1*23:01 / DPA1*02:01,0.775,,0.775,5201,,5201.0,0.6006250000000001,DPB1,,,,
DPB1*13:01 / DPA1*02:01,DPB1*26:01 / DPA1*03:01,0.723,,0.723,0,,0.0,0.522729,DPB1,,,,
DPB1*13:01 / DPA1*02:01,DPB1*28:01 / DPA1*01:03,0.396,,0.396,15432,,15432.0,0.156816,DPB1,,,,
DPB1*13:01 / DPA1*02:01,DPB1*28:01 / DPA1*01:04,0.467,,0.467,2287,,2287.0,0.21808900000000003,DPB1,,,,
DPB1*13:01 / DPA1*02:01,DPB1*28:01 / DPA1*01:05,0.438,,0.438,17512,,17512.0,0.191844,DPB1,,,,
DPB1*13:01 / DPA1*02:01,DPB1*28:01 / DPA1*02:01,0.584,,0.584,2080,,2080.0,0.34105599999999997,DPB1,,,,
DPB1*13:01 / DPA1*02:01,DPB1*28:01 / DPA1*02:02,0.514,0.449,0.699,7794,6397.0,1397.0,0.264196,DPB1,,,,
DPB1*13:01 / DPA1*02:01,DPB1*28:01 / DPA1*04:01,0.556,,0.556,15432,,15432.0,0.3091360000000001,DPB1,,,,
DPB1*13:01 / DPA1*02:01,DPB1*30:01 / DPA1*02:01,0.754,,0.754,0,,0.0,0.568516,DPB1,,,,
DPB1*13:01 / DPA1*02:01,DPB1*31:01 / DPA1*03:01,0.712,,0.712,0,,0.0,0.506944,DPB1,,,,
DPB1*13:01 / DPA1*02:01,DPB1*40:01 / DPA1*01:05,0.397,,0.397,0,,0.0,0.15760900000000003,DPB1,,,,
DPB1*13:01 / DPA1*02:01,DPB1*85:01 / DPA1*01:03,0.716,,0.716,0,,0.0,0.512656,DPB1,,,,
DPB1*13:01 / DPA1*02:02,DPB1*13:01 / DPA1*03:01,0.748,,0.748,15432,,15432.0,0.559504,DPB1,,,,
DPB1*13:01 / DPA1*02:02,DPB1*14:01 / DPA1*02:01,0.597,,0.597,15432,,15432.0,0.356409,DPB1,,,,
DPB1*13:01 / DPA1*02:02,DPB1*15:01 / DPA1*02:01,0.709,,0.709,15432,,15432.0,0.5026809999999999,DPB1,,,,
DPB1*13:01 / DPA1*02:02,DPB1*17:01 / DPA1*02:01,0.663,,0.663,15432,,15432.0,0.43956900000000004,DPB1,,,,
DPB1*13:01 / DPA1*02:02,DPB1*18:01 / DPA1*01:04,0.453,,0.453,15432,,15432.0,0.205209,DPB1,,,,
DPB1*13:01 / DPA1*02:02,DPB1*18:01 / DPA1*01:05,0.454,,0.454,15432,,15432.0,0.20611600000000002,DPB1,,,,
DPB1*13:01 / DPA1*02:02,DPB1*18:01 / DPA1*02:01,0.572,,0.572,15432,,15432.0,0.3271839999999999,DPB1,,,,
DPB1*13:01 / DPA1*02:02,DPB1*19:01 / DPA1*01:03,0.723,,0.723,15432,,15432.0,0.522729,DPB1,,,,
DPB1*13:01 / DPA1*02:02,DPB1*20:01 / DPA1*03:01,0.606,,0.606,15432,,15432.0,0.367236,DPB1,,,,
DPB1*13:01 / DPA1*02:02,DPB1*23:01 / DPA1*01:03,0.451,,0.451,15432,,15432.0,0.203401,DPB1,,,,
DPB1*13:01 / DPA1*02:02,DPB1*26:01 / DPA1*03:01,0.727,,0.727,0,,0.0,0.5285289999999999,DPB1,,,,
DPB1*13:01 / DPA1*02:02,DPB1*28:01 / DPA1*01:03,0.374,,0.374,15432,,15432.0,0.139876,DPB1,,,,
DPB1*13:01 / DPA1*02:02,DPB1*28:01 / DPA1*01:05,0.424,,0.424,15432,,15432.0,0.179776,DPB1,,,,
DPB1*13:01 / DPA1*02:02,DPB1*28:01 / DPA1*04:01,0.531,,0.531,15432,,15432.0,0.281961,DPB1,,,,
DPB1*13:01 / DPA1*02:02,DPB1*30:01 / DPA1*02:01,0.771,,0.771,0,,0.0,0.594441,DPB1,,,,
DPB1*13:01 / DPA1*02:02,DPB1*31:01 / DPA1*03:01,0.713,,0.713,0,,0.0,0.508369,DPB1,,,,
DPB1*13:01 / DPA1*02:02,DPB1*40:01 / DPA1*01:05,0.392,,0.392,0,,0.0,0.15366400000000002,DPB1,,,,
DPB1*13:01 / DPA1*02:02,DPB1*85:01 / DPA1*01:03,0.718,,0.718,0,,0.0,0.515524,DPB1,,,,
DPB1*13:01 / DPA1*03:01,DPB1*14:01 / DPA1*02:01,0.554,,0.554,15432,,15432.0,0.3069160000000001,DPB1,,,,
DPB1*13:01 / DPA1*03:01,DPB1*15:01 / DPA1*02:01,0.715,,0.715,15432,,15432.0,0.5112249999999999,DPB1,,,,
DPB1*13:01 / DPA1*03:01,DPB1*17:01 / DPA1*02:01,0.67,,0.67,15432,,15432.0,0.4489000000000001,DPB1,,,,
DPB1*13:01 / DPA1*03:01,DPB1*18:01 / DPA1*01:04,0.54,,0.54,15432,,15432.0,0.2916,DPB1,,,,
DPB1*13:01 / DPA1*03:01,DPB1*18:01 / DPA1*01:05,0.522,,0.522,15432,,15432.0,0.272484,DPB1,,,,
DPB1*13:01 / DPA1*03:01,DPB1*18:01 / DPA1*02:01,0.553,,0.553,15432,,15432.0,0.30580900000000005,DPB1,,,,
DPB1*13:01 / DPA1*03:01,DPB1*19:01 / DPA1*01:03,0.77,,0.77,15432,,15432.0,0.5929,DPB1,,,,
DPB1*13:01 / DPA1*03:01,DPB1*20:01 / DPA1*03:01,0.687,,0.687,15432,,15432.0,0.4719690000000001,DPB1,,,,
DPB1*13:01 / DPA1*03:01,DPB1*23:01 / DPA1*01:03,0.493,,0.493,15432,,15432.0,0.243049,DPB1,,,,
DPB1*13:01 / DPA1*03:01,DPB1*26:01 / DPA1*03:01,0.807,,0.807,0,,0.0,0.6512490000000001,DPB1,,,,
DPB1*13:01 / DPA1*03:01,DPB1*28:01 / DPA1*01:03,0.449,,0.449,15432,,15432.0,0.201601,DPB1,,,,
DPB1*13:01 / DPA1*03:01,DPB1*28:01 / DPA1*01:05,0.495,,0.495,15432,,15432.0,0.245025,DPB1,,,,
DPB1*13:01 / DPA1*03:01,DPB1*28:01 / DPA1*04:01,0.579,,0.579,15432,,15432.0,0.33524099999999996,DPB1,,,,
DPB1*13:01 / DPA1*03:01,DPB1*30:01 / DPA1*02:01,0.712,,0.712,0,,0.0,0.506944,DPB1,,,,
DPB1*13:01 / DPA1*03:01,DPB1*31:01 / DPA1*03:01,0.797,,0.797,0,,0.0,0.635209,DPB1,,,,
DPB1*13:01 / DPA1*03:01,DPB1*40:01 / DPA1*01:05,0.545,,0.545,0,,0.0,0.29702500000000004,DPB1,,,,
DPB1*13:01 / DPA1*03:01,DPB1*85:01 / DPA1*01:03,0.801,,0.801,0,,0.0,0.6416010000000001,DPB1,,,,
DPB1*13:01 / DPA1*04:01,DPB1*14:01 / DPA1*02:01,0.547,0.478,0.639,9687,6398.0,3289.0,0.29920900000000006,DPB1,,,,
DPB1*13:01 / DPA1*04:01,DPB1*15:01 / DPA1*02:01,0.682,0.595,0.809,9646,6398.0,3248.0,0.4651240000000001,DPB1,,,,
DPB1*13:01 / DPA1*04:01,DPB1*17:01 / DPA1*02:01,0.627,0.635,0.656,9704,6398.0,3306.0,0.393129,DPB1,,,,
DPB1*13:01 / DPA1*04:01,DPB1*18:01 / DPA1*01:03,0.328,0.328,,6398,6398.0,,0.10758400000000001,DPB1,,,,
DPB1*13:01 / DPA1*04:01,DPB1*18:01 / DPA1*01:04,0.383,,0.383,2287,,2287.0,0.146689,DPB1,,,,
DPB1*13:01 / DPA1*04:01,DPB1*18:01 / DPA1*01:05,0.377,,0.377,2287,,2287.0,0.142129,DPB1,,,,
DPB1*13:01 / DPA1*04:01,DPB1*18:01 / DPA1*02:01,0.601,,0.601,3248,,3248.0,0.361201,DPB1,,,,
DPB1*13:01 / DPA1*04:01,DPB1*19:01 / DPA1*02:01,0.516,0.389,0.71,9687,6398.0,3289.0,0.266256,DPB1,,,,
DPB1*13:01 / DPA1*04:01,DPB1*20:01 / DPA1*01:03,0.723,,0.723,2287,,2287.0,0.522729,DPB1,,,,
DPB1*13:01 / DPA1*04:01,DPB1*23:01 / DPA1*02:01,0.818,,0.818,3248,,3248.0,0.6691239999999999,DPB1,,,,
DPB1*13:01 / DPA1*04:01,DPB1*28:01 / DPA1*01:04,0.429,,0.429,2287,,2287.0,0.18404099999999998,DPB1,,,,
DPB1*13:01 / DPA1*04:01,DPB1*28:01 / DPA1*02:02,0.473,0.438,0.599,7794,6397.0,1397.0,0.22372899999999998,DPB1,,,,
DPB1*14:01 / DPA1*02:01,DPB1*15:01 / DPA1*02:01,0.496,0.39,0.517,27158,6398.0,20760.0,0.24601599999999998,DPB1,,,,
DPB1*14:01 / DPA1*02:01,DPB1*17:01 / DPA1*02:01,0.822,0.603,0.842,27199,6398.0,20801.0,0.675684,DPB1,,,,
DPB1*14:01 / DPA1*02:01,DPB1*18:01 / DPA1*01:03,0.432,0.432,,6398,6398.0,,0.18662399999999998,DPB1,,,,
DPB1*14:01 / DPA1*02:01,DPB1*18:01 / DPA1*01:04,0.497,,0.497,19799,,19799.0,0.247009,DPB1,,,,
DPB1*14:01 / DPA1*02:01,DPB1*18:01 / DPA1*01:05,0.511,,0.511,19799,,19799.0,0.261121,DPB1,,,,
DPB1*14:01 / DPA1*02:01,DPB1*18:01 / DPA1*02:01,0.631,,0.631,20760,,20760.0,0.398161,DPB1,,,,
DPB1*14:01 / DPA1*02:01,DPB1*19:01 / DPA1*01:03,0.56,,0.56,17512,,17512.0,0.31360000000000005,DPB1,,,,
DPB1*14:01 / DPA1*02:01,DPB1*19:01 / DPA1*02:01,0.529,0.514,0.582,9687,6398.0,3289.0,0.279841,DPB1,,,,
DPB1*14:01 / DPA1*02:01,DPB1*20:01 / DPA1*01:03,0.63,,0.63,2287,,2287.0,0.39690000000000003,DPB1,,,,
DPB1*14:01 / DPA1*02:01,DPB1*20:01 / DPA1*03:01,0.732,,0.732,15432,,15432.0,0.535824,DPB1,,,,
DPB1*14:01 / DPA1*02:01,DPB1*23:01 / DPA1*01:03,0.27,,0.27,15432,,15432.0,0.0729,DPB1,,,,
DPB1*14:01 / DPA1*02:01,DPB1*23:01 / DPA1*02:01,0.491,,0.491,5328,,5328.0,0.241081,DPB1,,,,
DPB1*14:01 / DPA1*02:01,DPB1*26:01 / DPA1*03:01,0.56,,0.56,0,,0.0,0.31360000000000005,DPB1,,,,
DPB1*14:01 / DPA1*02:01,DPB1*28:01 / DPA1*01:03,0.425,,0.425,15432,,15432.0,0.18062499999999998,DPB1,,,,
DPB1*14:01 / DPA1*02:01,DPB1*28:01 / DPA1*01:04,0.571,,0.571,2287,,2287.0,0.32604099999999997,DPB1,,,,
DPB1*14:01 / DPA1*02:01,DPB1*28:01 / DPA1*01:05,0.451,,0.451,17512,,17512.0,0.203401,DPB1,,,,
DPB1*14:01 / DPA1*02:01,DPB1*28:01 / DPA1*02:01,0.63,,0.63,2080,,2080.0,0.39690000000000003,DPB1,,,,
DPB1*14:01 / DPA1*02:01,DPB1*28:01 / DPA1*02:02,0.502,0.456,0.573,7794,6397.0,1397.0,0.252004,DPB1,,,,
DPB1*14:01 / DPA1*02:01,DPB1*28:01 / DPA1*04:01,0.559,,0.559,15432,,15432.0,0.31248100000000006,DPB1,,,,
DPB1*14:01 / DPA1*02:01,DPB1*30:01 / DPA1*02:01,0.603,,0.603,0,,0.0,0.36360899999999996,DPB1,,,,
DPB1*14:01 / DPA1*02:01,DPB1*31:01 / DPA1*03:01,0.618,,0.618,0,,0.0,0.381924,DPB1,,,,
DPB1*14:01 / DPA1*02:01,DPB1*40:01 / DPA1*01:05,0.318,,0.318,0,,0.0,0.101124,DPB1,,,,
DPB1*14:01 / DPA1*02:01,DPB1*85:01 / DPA1*01:03,0.552,,0.552,0,,0.0,0.30470400000000003,DPB1,,,,
DPB1*15:01 / DPA1*02:01,DPB1*17:01 / DPA1*02:01,0.569,0.567,0.579,27158,6398.0,20760.0,0.32376099999999997,DPB1,,,,
DPB1*15:01 / DPA1*02:01,DPB1*18:01 / DPA1*01:03,0.39,0.39,,6398,6398.0,,0.1521,DPB1,,,,
DPB1*15:01 / DPA1*02:01,DPB1*18:01 / DPA1*01:04,0.56,,0.56,19799,,19799.0,0.31360000000000005,DPB1,,,,
DPB1*15:01 / DPA1*02:01,DPB1*18:01 / DPA1*01:05,0.548,,0.548,19799,,19799.0,0.30030400000000007,DPB1,,,,
DPB1*15:01 / DPA1*02:01,DPB1*18:01 / DPA1*02:01,0.635,,0.635,20760,,20760.0,0.403225,DPB1,,,,
DPB1*15:01 / DPA1*02:01,DPB1*19:01 / DPA1*01:03,0.708,,0.708,17512,,17512.0,0.5012639999999999,DPB1,,,,
DPB1*15:01 / DPA1*02:01,DPB1*19:01 / DPA1*02:01,0.531,0.399,0.731,9646,6398.0,3248.0,0.281961,DPB1,,,,
DPB1*15:01 / DPA1*02:01,DPB1*20:01 / DPA1*01:03,0.753,,0.753,2287,,2287.0,0.567009,DPB1,,,,
DPB1*15:01 / DPA1*02:01,DPB1*20:01 / DPA1*03:01,0.592,,0.592,15432,,15432.0,0.35046399999999994,DPB1,,,,
DPB1*15:01 / DPA1*02:01,DPB1*23:01 / DPA1*01:03,0.609,,0.609,15432,,15432.0,0.37088099999999996,DPB1,,,,
DPB1*15:01 / DPA1*02:01,DPB1*23:01 / DPA1*02:01,0.832,,0.832,5328,,5328.0,0.692224,DPB1,,,,
DPB1*15:01 / DPA1*02:01,DPB1*26:01 / DPA1*03:01,0.653,,0.653,0,,0.0,0.42640900000000004,DPB1,,,,
DPB1*15:01 / DPA1*02:01,DPB1*28:01 / DPA1*01:03,0.524,,0.524,15432,,15432.0,0.27457600000000004,DPB1,,,,
DPB1*15:01 / DPA1*02:01,DPB1*28:01 / DPA1*01:04,0.591,,0.591,2287,,2287.0,0.34928099999999995,DPB1,,,,
DPB1*15:01 / DPA1*02:01,DPB1*28:01 / DPA1*01:05,0.588,,0.588,17512,,17512.0,0.34574399999999994,DPB1,,,,
DPB1*15:01 / DPA1*02:01,DPB1*28:01 / DPA1*02:01,0.718,,0.718,2080,,2080.0,0.515524,DPB1,,,,
DPB1*15:01 / DPA1*02:01,DPB1*28:01 / DPA1*02:02,0.601,0.557,0.762,7794,6397.0,1397.0,0.361201,DPB1,,,,
DPB1*15:01 / DPA1*02:01,DPB1*28:01 / DPA1*04:01,0.668,,0.668,15432,,15432.0,0.44622400000000007,DPB1,,,,
DPB1*15:01 / DPA1*02:01,DPB1*30:01 / DPA1*02:01,0.667,,0.667,0,,0.0,0.44488900000000003,DPB1,,,,
DPB1*15:01 / DPA1*02:01,DPB1*31:01 / DPA1*03:01,0.668,,0.668,0,,0.0,0.44622400000000007,DPB1,,,,
DPB1*15:01 / DPA1*02:01,DPB1*40:01 / DPA1*01:05,0.628,,0.628,0,,0.0,0.394384,DPB1,,,,
DPB1*15:01 / DPA1*02:01,DPB1*85:01 / DPA1*01:03,0.661,,0.661,0,,0.0,0.43692100000000006,DPB1,,,,
DPB1*17:01 / DPA1*02:01,DPB1*18:01 / DPA1*01:03,0.402,0.402,,6398,6398.0,,0.16160400000000003,DPB1,,,,
DPB1*17:01 / DPA1*02:01,DPB1*18:01 / DPA1*01:04,0.584,,0.584,19799,,19799.0,0.34105599999999997,DPB1,,,,
DPB1*17:01 / DPA1*02:01,DPB1*18:01 / DPA1*01:05,0.585,,0.585,19799,,19799.0,0.34222499999999995,DPB1,,,,
DPB1*17:01 / DPA1*02:01,DPB1*18:01 / DPA1*02:01,0.693,,0.693,20760,,20760.0,0.4802489999999999,DPB1,,,,
DPB1*17:01 / DPA1*02:01,DPB1*19:01 / DPA1*01:03,0.615,,0.615,17512,,17512.0,0.378225,DPB1,,,,
DPB1*17:01 / DPA1*02:01,DPB1*19:01 / DPA1*02:01,0.441,0.396,0.575,9687,6398.0,3289.0,0.19448100000000001,DPB1,,,,
DPB1*17:01 / DPA1*02:01,DPB1*20:01 / DPA1*01:03,0.584,,0.584,2287,,2287.0,0.34105599999999997,DPB1,,,,
DPB1*17:01 / DPA1*02:01,DPB1*20:01 / DPA1*03:01,0.796,,0.796,15432,,15432.0,0.6336160000000001,DPB1,,,,
DPB1*17:01 / DPA1*02:01,DPB1*23:01 / DPA1*01:03,0.355,,0.355,15432,,15432.0,0.126025,DPB1,,,,
DPB1*17:01 / DPA1*02:01,DPB1*23:01 / DPA1*02:01,0.51,,0.51,5328,,5328.0,0.2601,DPB1,,,,
DPB1*17:01 / DPA1*02:01,DPB1*26:01 / DPA1*03:01,0.567,,0.567,0,,0.0,0.32148899999999997,DPB1,,,,
DPB1*17:01 / DPA1*02:01,DPB1*28:01 / DPA1*01:03,0.505,,0.505,15432,,15432.0,0.255025,DPB1,,,,
DPB1*17:01 / DPA1*02:01,DPB1*28:01 / DPA1*01:04,0.557,,0.557,2287,,2287.0,0.31024900000000005,DPB1,,,,
DPB1*17:01 / DPA1*02:01,DPB1*28:01 / DPA1*01:05,0.534,,0.534,17512,,17512.0,0.285156,DPB1,,,,
DPB1*17:01 / DPA1*02:01,DPB1*28:01 / DPA1*02:01,0.628,,0.628,2080,,2080.0,0.394384,DPB1,,,,
DPB1*17:01 / DPA1*02:01,DPB1*28:01 / DPA1*02:02,0.594,0.574,0.614,7794,6397.0,1397.0,0.352836,DPB1,,,,
DPB1*17:01 / DPA1*02:01,DPB1*28:01 / DPA1*04:01,0.651,,0.651,15432,,15432.0,0.42380100000000004,DPB1,,,,
DPB1*17:01 / DPA1*02:01,DPB1*30:01 / DPA1*02:01,0.663,,0.663,0,,0.0,0.43956900000000004,DPB1,,,,
DPB1*17:01 / DPA1*02:01,DPB1*31:01 / DPA1*03:01,0.594,,0.594,0,,0.0,0.352836,DPB1,,,,
DPB1*17:01 / DPA1*02:01,DPB1*40:01 / DPA1*01:05,0.363,,0.363,0,,0.0,0.131769,DPB1,,,,
DPB1*17:01 / DPA1*02:01,DPB1*85:01 / DPA1*01:03,0.562,,0.562,0,,0.0,0.31584400000000007,DPB1,,,,
DPB1*18:01 / DPA1*01:03,DPB1*19:01 / DPA1*02:01,0.221,0.221,,6398,6398.0,,0.048841,DPB1,,,,
DPB1*18:01 / DPA1*01:03,DPB1*28:01 / DPA1*02:02,0.561,0.561,,6397,6397.0,,0.3147210000000001,DPB1,,,,
DPB1*18:01 / DPA1*01:04,DPB1*18:01 / DPA1*01:05,0.928,,0.928,19799,,19799.0,0.8611840000000001,DPB1,,,,
DPB1*18:01 / DPA1*01:04,DPB1*18:01 / DPA1*02:01,0.794,,0.794,19799,,19799.0,0.6304360000000001,DPB1,,,,
DPB1*18:01 / DPA1*01:04,DPB1*19:01 / DPA1*01:03,0.505,,0.505,17512,,17512.0,0.255025,DPB1,,,,
DPB1*18:01 / DPA1*01:04,DPB1*19:01 / DPA1*02:01,0.44,,0.44,2287,,2287.0,0.1936,DPB1,,,,
DPB1*18:01 / DPA1*01:04,DPB1*20:01 / DPA1*01:03,0.516,,0.516,2287,,2287.0,0.266256,DPB1,,,,
DPB1*18:01 / DPA1*01:04,DPB1*20:01 / DPA1*03:01,0.626,,0.626,15432,,15432.0,0.391876,DPB1,,,,
DPB1*18:01 / DPA1*01:04,DPB1*23:01 / DPA1*01:03,0.557,,0.557,15432,,15432.0,0.31024900000000005,DPB1,,,,
DPB1*18:01 / DPA1*01:04,DPB1*23:01 / DPA1*02:01,0.398,,0.398,4367,,4367.0,0.15840400000000002,DPB1,,,,
DPB1*18:01 / DPA1*01:04,DPB1*26:01 / DPA1*03:01,0.336,,0.336,0,,0.0,0.11289600000000001,DPB1,,,,
DPB1*18:01 / DPA1*01:04,DPB1*28:01 / DPA1*01:03,0.839,,0.839,15432,,15432.0,0.7039209999999999,DPB1,,,,
DPB1*18:01 / DPA1*01:04,DPB1*28:01 / DPA1*01:04,0.892,,0.892,2287,,2287.0,0.795664,DPB1,,,,
DPB1*18:01 / DPA1*01:04,DPB1*28:01 / DPA1*01:05,0.856,,0.856,17512,,17512.0,0.7327359999999999,DPB1,,,,
DPB1*18:01 / DPA1*01:04,DPB1*28:01 / DPA1*02:01,0.719,,0.719,2080,,2080.0,0.516961,DPB1,,,,
DPB1*18:01 / DPA1*01:04,DPB1*28:01 / DPA1*02:02,0.671,,0.671,1397,,1397.0,0.45024100000000006,DPB1,,,,
DPB1*18:01 / DPA1*01:04,DPB1*28:01 / DPA1*04:01,0.814,,0.814,15432,,15432.0,0.662596,DPB1,,,,
DPB1*18:01 / DPA1*01:04,DPB1*30:01 / DPA1*02:01,0.289,,0.289,0,,0.0,0.08352099999999998,DPB1,,,,
DPB1*18:01 / DPA1*01:04,DPB1*31:01 / DPA1*03:01,0.348,,0.348,0,,0.0,0.12110399999999999,DPB1,,,,
DPB1*18:01 / DPA1*01:04,DPB1*40:01 / DPA1*01:05,0.479,,0.479,0,,0.0,0.22944099999999998,DPB1,,,,
DPB1*18:01 / DPA1*01:04,DPB1*85:01 / DPA1*01:03,0.351,,0.351,0,,0.0,0.12320099999999999,DPB1,,,,
DPB1*18:01 / DPA1*01:05,DPB1*18:01 / DPA1*02:01,0.8,,0.8,19799,,19799.0,0.6400000000000001,DPB1,,,,
DPB1*18:01 / DPA1*01:05,DPB1*19:01 / DPA1*01:03,0.504,,0.504,17512,,17512.0,0.254016,DPB1,,,,
DPB1*18:01 / DPA1*01:05,DPB1*19:01 / DPA1*02:01,0.466,,0.466,2287,,2287.0,0.21715600000000002,DPB1,,,,
DPB1*18:01 / DPA1*01:05,DPB1*20:01 / DPA1*01:03,0.504,,0.504,2287,,2287.0,0.254016,DPB1,,,,
DPB1*18:01 / DPA1*01:05,DPB1*20:01 / DPA1*03:01,0.605,,0.605,15432,,15432.0,0.366025,DPB1,,,,
DPB1*18:01 / DPA1*01:05,DPB1*23:01 / DPA1*01:03,0.534,,0.534,15432,,15432.0,0.285156,DPB1,,,,
DPB1*18:01 / DPA1*01:05,DPB1*23:01 / DPA1*02:01,0.393,,0.393,4367,,4367.0,0.154449,DPB1,,,,
DPB1*18:01 / DPA1*01:05,DPB1*26:01 / DPA1*03:01,0.349,,0.349,0,,0.0,0.12180099999999998,DPB1,,,,
DPB1*18:01 / DPA1*01:05,DPB1*28:01 / DPA1*01:03,0.8,,0.8,15432,,15432.0,0.6400000000000001,DPB1,,,,
DPB1*18:01 / DPA1*01:05,DPB1*28:01 / DPA1*01:04,0.91,,0.91,2287,,2287.0,0.8281000000000001,DPB1,,,,
DPB1*18:01 / DPA1*01:05,DPB1*28:01 / DPA1*01:05,0.838,,0.838,17512,,17512.0,0.702244,DPB1,,,,
DPB1*18:01 / DPA1*01:05,DPB1*28:01 / DPA1*02:01,0.716,,0.716,2080,,2080.0,0.512656,DPB1,,,,
DPB1*18:01 / DPA1*01:05,DPB1*28:01 / DPA1*02:02,0.667,,0.667,1397,,1397.0,0.44488900000000003,DPB1,,,,
DPB1*18:01 / DPA1*01:05,DPB1*28:01 / DPA1*04:01,0.791,,0.791,15432,,15432.0,0.625681,DPB1,,,,
DPB1*18:01 / DPA1*01:05,DPB1*30:01 / DPA1*02:01,0.307,,0.307,0,,0.0,0.094249,DPB1,,,,
DPB1*18:01 / DPA1*01:05,DPB1*31:01 / DPA1*03:01,0.365,,0.365,0,,0.0,0.13322499999999998,DPB1,,,,
DPB1*18:01 / DPA1*01:05,DPB1*40:01 / DPA1*01:05,0.484,,0.484,0,,0.0,0.234256,DPB1,,,,
DPB1*18:01 / DPA1*01:05,DPB1*85:01 / DPA1*01:03,0.363,,0.363,0,,0.0,0.131769,DPB1,,,,
DPB1*18:01 / DPA1*02:01,DPB1*19:01 / DPA1*01:03,0.579,,0.579,17512,,17512.0,0.33524099999999996,DPB1,,,,
DPB1*18:01 / DPA1*02:01,DPB1*19:01 / DPA1*02:01,0.573,,0.573,3248,,3248.0,0.3283289999999999,DPB1,,,,
DPB1*18:01 / DPA1*02:01,DPB1*20:01 / DPA1*01:03,0.545,,0.545,2287,,2287.0,0.29702500000000004,DPB1,,,,
DPB1*18:01 / DPA1*02:01,DPB1*20:01 / DPA1*03:01,0.666,,0.666,15432,,15432.0,0.44355600000000006,DPB1,,,,
DPB1*18:01 / DPA1*02:01,DPB1*23:01 / DPA1*01:03,0.465,,0.465,15432,,15432.0,0.21622500000000003,DPB1,,,,
DPB1*18:01 / DPA1*02:01,DPB1*23:01 / DPA1*02:01,0.5,,0.5,5328,,5328.0,0.25,DPB1,,,,
DPB1*18:01 / DPA1*02:01,DPB1*26:01 / DPA1*03:01,0.5,,0.5,0,,0.0,0.25,DPB1,,,,
DPB1*18:01 / DPA1*02:01,DPB1*28:01 / DPA1*01:03,0.707,,0.707,15432,,15432.0,0.49984899999999993,DPB1,,,,
DPB1*18:01 / DPA1*02:01,DPB1*28:01 / DPA1*01:04,0.74,,0.74,2287,,2287.0,0.5476,DPB1,,,,
DPB1*18:01 / DPA1*02:01,DPB1*28:01 / DPA1*01:05,0.738,,0.738,17512,,17512.0,0.544644,DPB1,,,,
DPB1*18:01 / DPA1*02:01,DPB1*28:01 / DPA1*02:01,0.772,,0.772,2080,,2080.0,0.5959840000000001,DPB1,,,,
DPB1*18:01 / DPA1*02:01,DPB1*28:01 / DPA1*02:02,0.708,,0.708,1397,,1397.0,0.5012639999999999,DPB1,,,,
DPB1*18:01 / DPA1*02:01,DPB1*28:01 / DPA1*04:01,0.801,,0.801,15432,,15432.0,0.6416010000000001,DPB1,,,,
DPB1*18:01 / DPA1*02:01,DPB1*30:01 / DPA1*02:01,0.522,,0.522,0,,0.0,0.272484,DPB1,,,,
DPB1*18:01 / DPA1*02:01,DPB1*31:01 / DPA1*03:01,0.521,,0.521,0,,0.0,0.27144100000000004,DPB1,,,,
DPB1*18:01 / DPA1*02:01,DPB1*40:01 / DPA1*01:05,0.477,,0.477,0,,0.0,0.22752899999999998,DPB1,,,,
DPB1*18:01 / DPA1*02:01,DPB1*85:01 / DPA1*01:03,0.5,,0.5,0,,0.0,0.25,DPB1,,,,
DPB1*19:01 / DPA1*01:03,DPB1*20:01 / DPA1*03:01,0.665,,0.665,15432,,15432.0,0.44222500000000003,DPB1,,,,
DPB1*19:01 / DPA1*01:03,DPB1*23:01 / DPA1*01:03,0.533,,0.533,15432,,15432.0,0.28408900000000004,DPB1,,,,
DPB1*19:01 / DPA1*01:03,DPB1*23:01 / DPA1*02:01,0.721,,0.721,2080,,2080.0,0.519841,DPB1,,,,
DPB1*19:01 / DPA1*01:03,DPB1*26:01 / DPA1*03:01,0.811,,0.811,0,,0.0,0.6577210000000001,DPB1,,,,
DPB1*19:01 / DPA1*01:03,DPB1*28:01 / DPA1*01:03,0.451,,0.451,15432,,15432.0,0.203401,DPB1,,,,
DPB1*19:01 / DPA1*01:03,DPB1*28:01 / DPA1*01:05,0.505,,0.505,17512,,17512.0,0.255025,DPB1,,,,
DPB1*19:01 / DPA1*01:03,DPB1*28:01 / DPA1*02:01,0.659,,0.659,2080,,2080.0,0.43428100000000003,DPB1,,,,
DPB1*19:01 / DPA1*01:03,DPB1*28:01 / DPA1*04:01,0.592,,0.592,15432,,15432.0,0.35046399999999994,DPB1,,,,
DPB1*19:01 / DPA1*01:03,DPB1*30:01 / DPA1*02:01,0.761,,0.761,0,,0.0,0.579121,DPB1,,,,
DPB1*19:01 / DPA1*01:03,DPB1*31:01 / DPA1*03:01,0.807,,0.807,0,,0.0,0.6512490000000001,DPB1,,,,
DPB1*19:01 / DPA1*01:03,DPB1*40:01 / DPA1*01:05,0.555,,0.555,0,,0.0,0.30802500000000005,DPB1,,,,
DPB1*19:01 / DPA1*01:03,DPB1*85:01 / DPA1*01:03,0.816,,0.816,0,,0.0,0.6658559999999999,DPB1,,,,
DPB1*19:01 / DPA1*02:01,DPB1*20:01 / DPA1*01:03,0.729,,0.729,2287,,2287.0,0.5314409999999999,DPB1,,,,
DPB1*19:01 / DPA1*02:01,DPB1*23:01 / DPA1*02:01,0.654,,0.654,3248,,3248.0,0.42771600000000004,DPB1,,,,
DPB1*19:01 / DPA1*02:01,DPB1*28:01 / DPA1*01:04,0.523,,0.523,2287,,2287.0,0.273529,DPB1,,,,
DPB1*19:01 / DPA1*02:01,DPB1*28:01 / DPA1*02:02,0.408,0.354,0.677,7794,6397.0,1397.0,0.16646399999999997,DPB1,,,,
DPB1*20:01 / DPA1*01:03,DPB1*23:01 / DPA1*02:01,0.688,,0.688,2287,,2287.0,0.47334399999999993,DPB1,,,,
DPB1*20:01 / DPA1*01:03,DPB1*28:01 / DPA1*01:04,0.559,,0.559,2287,,2287.0,0.31248100000000006,DPB1,,,,
DPB1*20:01 / DPA1*01:03,DPB1*28:01 / DPA1*02:02,0.671,,0.671,1397,,1397.0,0.45024100000000006,DPB1,,,,
DPB1*20:01 / DPA1*03:01,DPB1*23:01 / DPA1*01:03,0.396,,0.396,15432,,15432.0,0.156816,DPB1,,,,
DPB1*20:01 / DPA1*03:01,DPB1*26:01 / DPA1*03:01,0.625,,0.625,0,,0.0,0.390625,DPB1,,,,
DPB1*20:01 / DPA1*03:01,DPB1*28:01 / DPA1*01:03,0.564,,0.564,15432,,15432.0,0.31809599999999993,DPB1,,,,
DPB1*20:01 / DPA1*03:01,DPB1*28:01 / DPA1*01:05,0.587,,0.587,15432,,15432.0,0.34456899999999996,DPB1,,,,
DPB1*20:01 / DPA1*03:01,DPB1*28:01 / DPA1*04:01,0.674,,0.674,15432,,15432.0,0.45427600000000007,DPB1,,,,
DPB1*20:01 / DPA1*03:01,DPB1*30:01 / DPA1*02:01,0.566,,0.566,0,,0.0,0.3203559999999999,DPB1,,,,
DPB1*20:01 / DPA1*03:01,DPB1*31:01 / DPA1*03:01,0.642,,0.642,0,,0.0,0.41216400000000003,DPB1,,,,
DPB1*20:01 / DPA1*03:01,DPB1*40:01 / DPA1*01:05,0.405,,0.405,0,,0.0,0.16402500000000003,DPB1,,,,
DPB1*20:01 / DPA1*03:01,DPB1*85:01 / DPA1*01:03,0.613,,0.613,0,,0.0,0.37576899999999996,DPB1,,,,
DPB1*23:01 / DPA1*01:03,DPB1*26:01 / DPA1*03:01,0.332,,0.332,0,,0.0,0.11022400000000002,DPB1,,,,
DPB1*23:01 / DPA1*01:03,DPB1*28:01 / DPA1*01:03,0.544,,0.544,15432,,15432.0,0.29593600000000003,DPB1,,,,
DPB1*23:01 / DPA1*01:03,DPB1*28:01 / DPA1*01:05,0.602,,0.602,15432,,15432.0,0.36240399999999995,DPB1,,,,
DPB1*23:01 / DPA1*01:03,DPB1*28:01 / DPA1*04:01,0.596,,0.596,15432,,15432.0,0.355216,DPB1,,,,
DPB1*23:01 / DPA1*01:03,DPB1*30:01 / DPA1*02:01,0.268,,0.268,0,,0.0,0.07182400000000001,DPB1,,,,
DPB1*23:01 / DPA1*01:03,DPB1*31:01 / DPA1*03:01,0.339,,0.339,0,,0.0,0.11492100000000001,DPB1,,,,
DPB1*23:01 / DPA1*01:03,DPB1*40:01 / DPA1*01:05,0.585,,0.585,0,,0.0,0.34222499999999995,DPB1,,,,
DPB1*23:01 / DPA1*01:03,DPB1*85:01 / DPA1*01:03,0.361,,0.361,0,,0.0,0.130321,DPB1,,,,
DPB1*23:01 / DPA1*02:01,DPB1*28:01 / DPA1*01:04,0.456,,0.456,2287,,2287.0,0.207936,DPB1,,,,
DPB1*23:01 / DPA1*02:01,DPB1*28:01 / DPA1*01:05,0.474,,0.474,2080,,2080.0,0.224676,DPB1,,,,
DPB1*23:01 / DPA1*02:01,DPB1*28:01 / DPA1*02:01,0.717,,0.717,2080,,2080.0,0.5140889999999999,DPB1,,,,
DPB1*23:01 / DPA1*02:01,DPB1*28:01 / DPA1*02:02,0.708,,0.708,1397,,1397.0,0.5012639999999999,DPB1,,,,
DPB1*26:01 / DPA1*03:01,DPB1*28:01 / DPA1*01:03,0.176,,0.176,0,,0.0,0.030975999999999997,DPB1,,,,
DPB1*26:01 / DPA1*03:01,DPB1*28:01 / DPA1*01:05,0.221,,0.221,0,,0.0,0.048841,DPB1,,,,
DPB1*26:01 / DPA1*03:01,DPB1*28:01 / DPA1*04:01,0.417,,0.417,0,,0.0,0.173889,DPB1,,,,
DPB1*26:01 / DPA1*03:01,DPB1*30:01 / DPA1*02:01,0.796,,0.796,0,,0.0,0.6336160000000001,DPB1,,,,
DPB1*26:01 / DPA1*03:01,DPB1*31:01 / DPA1*03:01,0.907,,0.907,0,,0.0,0.8226490000000001,DPB1,,,,
DPB1*26:01 / DPA1*03:01,DPB1*40:01 / DPA1*01:05,0.651,,0.651,0,,0.0,0.42380100000000004,DPB1,,,,
DPB1*26:01 / DPA1*03:01,DPB1*85:01 / DPA1*01:03,0.95,,0.95,0,,0.0,0.9025,DPB1,,,,
DPB1*28:01 / DPA1*01:03,DPB1*28:01 / DPA1*01:05,0.917,,0.917,15432,,15432.0,0.8408890000000001,DPB1,,,,
DPB1*28:01 / DPA1*01:03,DPB1*28:01 / DPA1*04:01,0.797,,0.797,15432,,15432.0,0.635209,DPB1,,,,
DPB1*28:01 / DPA1*01:03,DPB1*30:01 / DPA1*02:01,0.167,,0.167,0,,0.0,0.027889000000000004,DPB1,,,,
DPB1*28:01 / DPA1*01:03,DPB1*31:01 / DPA1*03:01,0.195,,0.195,0,,0.0,0.038025,DPB1,,,,
DPB1*28:01 / DPA1*01:03,DPB1*40:01 / DPA1*01:05,0.372,,0.372,0,,0.0,0.138384,DPB1,,,,
DPB1*28:01 / DPA1*01:03,DPB1*85:01 / DPA1*01:03,0.194,,0.194,0,,0.0,0.037636,DPB1,,,,
DPB1*28:01 / DPA1*01:04,DPB1*28:01 / DPA1*02:02,0.735,,0.735,1397,,1397.0,0.540225,DPB1,,,,
DPB1*28:01 / DPA1*01:05,DPB1*28:01 / DPA1*02:01,0.795,,0.795,2080,,2080.0,0.6320250000000001,DPB1,,,,
DPB1*28:01 / DPA1*01:05,DPB1*28:01 / DPA1*04:01,0.85,,0.85,15432,,15432.0,0.7224999999999999,DPB1,,,,
DPB1*28:01 / DPA1*01:05,DPB1*30:01 / DPA1*02:01,0.214,,0.214,0,,0.0,0.045795999999999996,DPB1,,,,
DPB1*28:01 / DPA1*01:05,DPB1*31:01 / DPA1*03:01,0.241,,0.241,0,,0.0,0.058080999999999994,DPB1,,,,
DPB1*28:01 / DPA1*01:05,DPB1*40:01 / DPA1*01:05,0.398,,0.398,0,,0.0,0.15840400000000002,DPB1,,,,
DPB1*28:01 / DPA1*01:05,DPB1*85:01 / DPA1*01:03,0.246,,0.246,0,,0.0,0.060516,DPB1,,,,
DPB1*28:01 / DPA1*04:01,DPB1*30:01 / DPA1*02:01,0.433,,0.433,0,,0.0,0.187489,DPB1,,,,
DPB1*28:01 / DPA1*04:01,DPB1*31:01 / DPA1*03:01,0.429,,0.429,0,,0.0,0.18404099999999998,DPB1,,,,
DPB1*28:01 / DPA1*04:01,DPB1*40:01 / DPA1*01:05,0.451,,0.451,0,,0.0,0.203401,DPB1,,,,
DPB1*28:01 / DPA1*04:01,DPB1*85:01 / DPA1*01:03,0.42,,0.42,0,,0.0,0.17639999999999997,DPB1,,,,
DPB1*30:01 / DPA1*02:01,DPB1*31:01 / DPA1*03:01,0.806,,0.806,0,,0.0,0.6496360000000001,DPB1,,,,
DPB1*30:01 / DPA1*02:01,DPB1*40:01 / DPA1*01:05,0.548,,0.548,0,,0.0,0.30030400000000007,DPB1,,,,
DPB1*30:01 / DPA1*02:01,DPB1*85:01 / DPA1*01:03,0.8,,0.8,0,,0.0,0.6400000000000001,DPB1,,,,
DPB1*31:01 / DPA1*03:01,DPB1*40:01 / DPA1*01:05,0.652,,0.652,0,,0.0,0.42510400000000004,DPB1,,,,
DPB1*31:01 / DPA1*03:01,DPB1*85:01 / DPA1*01:03,0.902,,0.902,0,,0.0,0.813604,DPB1,,,,
DPB1*40:01 / DPA1*01:05,DPB1*85:01 / DPA1*01:03,0.691,,0.691,0,,0.0,0.47748099999999993,DPB1,,,,
DQB1*02:01 / DQA1*02:01,DPB1*01:01 / DPA1*01:03,0.277,0.214,0.304,26196,6397.0,19799.0,0.07672900000000002,DQB1,,,,
DQB1*02:01 / DQA1*02:01,DPB1*01:01 / DPA1*02:01,0.258,0.229,0.264,27214,6396.0,20818.0,0.066564,DQB1,,,,
DQB1*02:01 / DQA1*02:01,DPB1*01:01 / DPA1*02:02,0.205,0.205,,6396,6396.0,,0.04202499999999999,DQB1,,,,
DQB1*02:01 / DQA1*02:01,DPB1*01:01 / DPA1*03:01,0.215,0.215,,6397,6397.0,,0.046224999999999995,DQB1,,,,
DQB1*02:01 / DQA1*02:01,DPB1*02:01 / DPA1*01:03,0.249,0.149,0.285,27214,6396.0,20818.0,0.062001,DQB1,,,,
DQB1*02:01 / DQA1*02:01,DPB1*02:02 / DPA1*01:03,0.141,,0.141,0,,0.0,0.019880999999999996,DQB1,,,,
DQB1*02:01 / DQA1*02:01,DPB1*02:02 / DPA1*02:01,0.294,,0.294,3553,,3553.0,0.08643599999999999,DQB1,,,,
DQB1*02:01 / DQA1*02:01,DPB1*03:01 / DPA1*01:03,0.281,0.148,0.326,27215,6397.0,20818.0,0.07896100000000002,DQB1,,,,
DQB1*02:01 / DQA1*02:01,DPB1*03:01 / DPA1*01:04,0.383,,0.383,2287,,2287.0,0.146689,DQB1,,,,
DQB1*02:01 / DQA1*02:01,DPB1*03:01 / DPA1*01:05,0.343,,0.343,17512,,17512.0,0.11764900000000002,DQB1,,,,
DQB1*02:01 / DQA1*02:01,DPB1*03:01 / DPA1*02:01,0.353,,0.353,18909,,18909.0,0.12460899999999998,DQB1,,,,
DQB1*02:01 / DQA1*02:01,DPB1*04:01 / DPA1*01:03,0.28,0.094,0.341,27215,6397.0,20818.0,0.07840000000000001,DQB1,,,,
DQB1*02:01 / DQA1*02:01,DPB1*04:01 / DPA1*02:01,0.23,0.23,,6396,6396.0,,0.0529,DQB1,,,,
DQB1*02:01 / DQA1*02:01,DPB1*04:01 / DPA1*02:02,0.287,0.287,,6396,6396.0,,0.08236899999999998,DQB1,,,,
DQB1*02:01 / DQA1*02:01,DPB1*04:01 / DPA1*03:01,0.152,0.152,,6397,6397.0,,0.023104,DQB1,,,,
DQB1*02:01 / DQA1*02:01,DPB1*04:01 / DPA1*04:01,0.243,0.243,,6397,6397.0,,0.059049,DQB1,,,,
DQB1*02:01 / DQA1*02:01,DPB1*04:02 / DPA1*01:03,0.233,0.089,0.281,27197,6396.0,20801.0,0.054289000000000004,DQB1,,,,
DQB1*02:01 / DQA1*02:01,DPB1*04:02 / DPA1*03:01,0.148,0.148,,6396,6396.0,,0.021903999999999996,DQB1,,,,
DQB1*02:01 / DQA1*02:01,DPB1*05:01 / DPA1*02:01,0.351,0.194,0.388,27214,6396.0,20818.0,0.12320099999999999,DQB1,,,,
DQB1*02:01 / DQA1*02:01,DPB1*05:01 / DPA1*02:02,0.28,0.215,0.292,21828,6396.0,15432.0,0.07840000000000001,DQB1,,,,
DQB1*02:01 / DQA1*02:01,DPB1*05:01 / DPA1*03:01,0.221,0.221,,6397,6397.0,,0.048841,DQB1,,,,
DQB1*02:01 / DQA1*02:01,DPB1*06:01 / DPA1*01:03,0.282,0.128,0.34,21829,6397.0,15432.0,0.07952399999999998,DQB1,,,,
DQB1*02:01 / DQA1*02:01,DPB1*06:01 / DPA1*02:01,0.366,,0.366,18909,,18909.0,0.133956,DQB1,,,,
DQB1*02:01 / DQA1*02:01,DPB1*09:01 / DPA1*02:01,0.32,0.218,0.363,27197,6396.0,20801.0,0.1024,DQB1,,,,
DQB1*02:01 / DQA1*02:01,DPB1*105:01 / DPA1*02:01,0.088,,0.088,0,,0.0,0.007743999999999999,DQB1,,,,
DQB1*02:01 / DQA1*02:01,DPB1*107:01 / DPA1*02:01,0.171,,0.171,0,,0.0,0.029241000000000003,DQB1,,,,
DQB1*02:01 / DQA1*02:01,DPB1*10:01 / DPA1*02:01,0.341,,0.341,6254,,6254.0,0.11628100000000002,DQB1,,,,
DQB1*02:01 / DQA1*02:01,DPB1*10:01 / DPA1*02:02,0.326,,0.326,14564,,14564.0,0.10627600000000001,DQB1,,,,
DQB1*02:01 / DQA1*02:01,DPB1*11:01 / DPA1*01:03,0.36,,0.36,17512,,17512.0,0.1296,DQB1,,,,
DQB1*02:01 / DQA1*02:01,DPB1*11:01 / DPA1*01:04,0.322,,0.322,2265,,2265.0,0.10368400000000001,DQB1,,,,
DQB1*02:01 / DQA1*02:01,DPB1*11:01 / DPA1*01:05,0.326,,0.326,2080,,2080.0,0.10627600000000001,DQB1,,,,
DQB1*02:01 / DQA1*02:01,DPB1*11:01 / DPA1*02:01,0.267,0.211,0.365,9702,6396.0,3306.0,0.071289,DQB1,,,,
DQB1*02:01 / DQA1*02:01,DPB1*11:01 / DPA1*02:02,0.364,,0.364,14564,,14564.0,0.132496,DQB1,,,,
DQB1*02:01 / DQA1*02:01,DPB1*13:01 / DPA1*01:04,0.349,,0.349,1397,,1397.0,0.12180099999999998,DQB1,,,,
DQB1*02:01 / DQA1*02:01,DPB1*13:01 / DPA1*01:05,0.357,,0.357,2080,,2080.0,0.12744899999999998,DQB1,,,,
DQB1*02:01 / DQA1*02:01,DPB1*13:01 / DPA1*02:01,0.332,0.245,0.367,27029,6396.0,20633.0,0.11022400000000002,DQB1,,,,
DQB1*02:01 / DQA1*02:01,DPB1*13:01 / DPA1*02:02,0.368,,0.368,15432,,15432.0,0.135424,DQB1,,,,
DQB1*02:01 / DQA1*02:01,DPB1*13:01 / DPA1*03:01,0.389,,0.389,15432,,15432.0,0.151321,DQB1,,,,
DQB1*02:01 / DQA1*02:01,DPB1*13:01 / DPA1*04:01,0.27,0.2,0.399,9702,6396.0,3306.0,0.0729,DQB1,,,,
DQB1*02:01 / DQA1*02:01,DPB1*14:01 / DPA1*02:01,0.259,0.122,0.31,27197,6396.0,20801.0,0.067081,DQB1,,,,
DQB1*02:01 / DQA1*02:01,DPB1*15:01 / DPA1*02:01,0.369,0.254,0.402,27156,6396.0,20760.0,0.136161,DQB1,,,,
DQB1*02:01 / DQA1*02:01,DPB1*17:01 / DPA1*02:01,0.323,0.2,0.378,27214,6396.0,20818.0,0.104329,DQB1,,,,
DQB1*02:01 / DQA1*02:01,DPB1*18:01 / DPA1*01:03,0.099,0.099,,6397,6397.0,,0.009801,DQB1,,,,
DQB1*02:01 / DQA1*02:01,DPB1*18:01 / DPA1*01:04,0.327,,0.327,19799,,19799.0,0.10692900000000001,DQB1,,,,
DQB1*02:01 / DQA1*02:01,DPB1*18:01 / DPA1*01:05,0.313,,0.313,19799,,19799.0,0.097969,DQB1,,,,
DQB1*02:01 / DQA1*02:01,DPB1*18:01 / DPA1*02:01,0.349,,0.349,20760,,20760.0,0.12180099999999998,DQB1,,,,
DQB1*02:01 / DQA1*02:01,DPB1*19:01 / DPA1*01:03,0.315,,0.315,17512,,17512.0,0.09922500000000001,DQB1,,,,
DQB1*02:01 / DQA1*02:01,DPB1*19:01 / DPA1*02:01,0.207,0.16,0.296,9685,6396.0,3289.0,0.042849,DQB1,,,,
DQB1*02:01 / DQA1*02:01,DPB1*20:01 / DPA1*01:03,0.33,,0.33,2287,,2287.0,0.10890000000000001,DQB1,,,,
DQB1*02:01 / DQA1*02:01,DPB1*20:01 / DPA1*03:01,0.325,,0.325,15432,,15432.0,0.10562500000000001,DQB1,,,,
DQB1*02:01 / DQA1*02:01,DPB1*23:01 / DPA1*01:03,0.321,,0.321,15432,,15432.0,0.10304100000000001,DQB1,,,,
DQB1*02:01 / DQA1*02:01,DPB1*23:01 / DPA1*02:01,0.323,,0.323,5328,,5328.0,0.104329,DQB1,,,,
DQB1*02:01 / DQA1*02:01,DPB1*26:01 / DPA1*03:01,0.17,,0.17,0,,0.0,0.028900000000000006,DQB1,,,,
DQB1*02:01 / DQA1*02:01,DPB1*28:01 / DPA1*01:03,0.282,,0.282,15432,,15432.0,0.07952399999999998,DQB1,,,,
DQB1*02:01 / DQA1*02:01,DPB1*28:01 / DPA1*01:04,0.344,,0.344,2287,,2287.0,0.11833599999999998,DQB1,,,,
DQB1*02:01 / DQA1*02:01,DPB1*28:01 / DPA1*01:05,0.305,,0.305,17512,,17512.0,0.093025,DQB1,,,,
DQB1*02:01 / DQA1*02:01,DPB1*28:01 / DPA1*02:01,0.294,,0.294,2080,,2080.0,0.08643599999999999,DQB1,,,,
DQB1*02:01 / DQA1*02:01,DPB1*28:01 / DPA1*02:02,0.198,0.178,0.281,7792,6395.0,1397.0,0.039204,DQB1,,,,
DQB1*02:01 / DQA1*02:01,DPB1*28:01 / DPA1*04:01,0.34,,0.34,15432,,15432.0,0.11560000000000002,DQB1,,,,
DQB1*02:01 / DQA1*02:01,DPB1*30:01 / DPA1*02:01,0.166,,0.166,0,,0.0,0.027556000000000004,DQB1,,,,
DQB1*02:01 / DQA1*02:01,DPB1*31:01 / DPA1*03:01,0.179,,0.179,0,,0.0,0.032041,DQB1,,,,
DQB1*02:01 / DQA1*02:01,DPB1*40:01 / DPA1*01:05,0.191,,0.191,0,,0.0,0.036481,DQB1,,,,
DQB1*02:01 / DQA1*02:01,DPB1*85:01 / DPA1*01:03,0.164,,0.164,0,,0.0,0.026896000000000003,DQB1,,,,
DQB1*02:01 / DQA1*02:01,DQB1*02:01 / DQA1*03:01,0.824,,0.824,20801,,20801.0,0.6789759999999999,DQB1,,,,
DQB1*02:01 / DQA1*02:01,DQB1*02:01 / DQA1*04:01,0.815,,0.815,20760,,20760.0,0.664225,DQB1,,,,
DQB1*02:01 / DQA1*02:01,DQB1*02:01 / DQA1*05:01,0.635,0.599,0.661,27198,6397.0,20801.0,0.403225,DQB1,,,,
DQB1*02:01 / DQA1*02:01,DQB1*02:02 / DQA1*02:01,0.923,0.821,0.947,27198,6397.0,20801.0,0.851929,DQB1,,,,
DQB1*02:01 / DQA1*02:01,DQB1*02:02 / DQA1*03:02,0.613,0.613,,6397,6397.0,,0.37576899999999996,DQB1,,,,
DQB1*02:01 / DQA1*02:01,DQB1*02:02 / DQA1*05:01,0.611,0.611,,6397,6397.0,,0.37332099999999996,DQB1,,,,
DQB1*02:01 / DQA1*02:01,DQB1*03:01 / DQA1*02:01,0.361,,0.361,19799,,19799.0,0.130321,DQB1,,,,
DQB1*02:01 / DQA1*02:01,DQB1*03:01 / DQA1*03:01,0.286,0.165,0.322,27197,6396.0,20801.0,0.08179599999999998,DQB1,,,,
DQB1*02:01 / DQA1*02:01,DQB1*03:01 / DQA1*03:02,0.168,0.168,,6396,6396.0,,0.028224000000000003,DQB1,,,,
DQB1*02:01 / DQA1*02:01,DQB1*03:01 / DQA1*05:01,0.115,0.115,,6396,6396.0,,0.013225,DQB1,,,,
DQB1*02:01 / DQA1*02:01,DQB1*03:01 / DQA1*05:03,0.203,,0.203,20760,,20760.0,0.041209,DQB1,,,,
DQB1*02:01 / DQA1*02:01,DQB1*03:01 / DQA1*06:01,0.217,0.175,0.239,27197,6396.0,20801.0,0.047089,DQB1,,,,
DQB1*02:01 / DQA1*02:01,DQB1*03:02 / DQA1*01:01,0.337,,0.337,5369,,5369.0,0.11356900000000002,DQB1,,,,
DQB1*02:01 / DQA1*02:01,DQB1*03:02 / DQA1*02:01,0.345,0.174,0.393,26194,6395.0,19799.0,0.11902499999999998,DQB1,,,,
DQB1*02:01 / DQA1*02:01,DQB1*03:02 / DQA1*03:01,0.269,0.073,0.32,27197,6396.0,20801.0,0.07236100000000001,DQB1,,,,
DQB1*02:01 / DQA1*02:01,DQB1*03:02 / DQA1*03:02,0.196,0.091,0.235,22488,6396.0,16092.0,0.038416000000000006,DQB1,,,,
DQB1*02:01 / DQA1*02:01,DQB1*03:02 / DQA1*03:03,0.272,,0.272,4541,,4541.0,0.07398400000000001,DQB1,,,,
DQB1*02:01 / DQA1*02:01,DQB1*03:03 / DQA1*02:01,0.367,,0.367,20801,,20801.0,0.134689,DQB1,,,,
DQB1*02:01 / DQA1*02:01,DQB1*03:03 / DQA1*03:01,0.316,,0.316,20801,,20801.0,0.099856,DQB1,,,,
DQB1*02:01 / DQA1*02:01,DQB1*03:03 / DQA1*03:02,0.231,0.131,0.267,27156,6396.0,20760.0,0.053361000000000006,DQB1,,,,
DQB1*02:01 / DQA1*02:01,DQB1*03:03 / DQA1*04:01,0.16,0.16,,6396,6396.0,,0.0256,DQB1,,,,
DQB1*02:01 / DQA1*02:01,DQB1*03:03 / DQA1*06:01,0.144,0.144,,6396,6396.0,,0.020735999999999997,DQB1,,,,
DQB1*02:01 / DQA1*02:01,DQB1*03:04 / DQA1*03:01,0.515,,0.515,127,,127.0,0.265225,DQB1,,,,
DQB1*02:01 / DQA1*02:01,DQB1*03:19 / DQA1*02:01,0.301,,0.301,0,,0.0,0.09060099999999999,DQB1,,,,
DQB1*02:01 / DQA1*02:01,DQB1*03:19 / DQA1*05:05,0.203,,0.203,20677,,20677.0,0.041209,DQB1,,,,
DQB1*02:01 / DQA1*02:01,DQB1*04:01 / DQA1*02:01,0.432,0.229,0.481,27197,6396.0,20801.0,0.18662399999999998,DQB1,,,,
DQB1*02:01 / DQA1*02:01,DQB1*04:01 / DQA1*03:03,0.37,,0.37,20760,,20760.0,0.1369,DQB1,,,,
DQB1*02:01 / DQA1*02:01,DQB1*04:01 / DQA1*04:01,0.198,0.197,,6397,6397.0,,0.039204,DQB1,,,,
DQB1*02:01 / DQA1*02:01,DQB1*04:01 / DQA1*05:01,0.193,0.193,,6397,6397.0,,0.037249000000000004,DQB1,,,,
DQB1*02:01 / DQA1*02:01,DQB1*04:02 / DQA1*02:01,0.479,,0.479,20801,,20801.0,0.22944099999999998,DQB1,,,,
DQB1*02:01 / DQA1*02:01,DQB1*04:02 / DQA1*03:01,0.195,0.195,,6397,6397.0,,0.038025,DQB1,,,,
DQB1*02:01 / DQA1*02:01,DQB1*04:02 / DQA1*04:01,0.35,0.157,0.416,27215,6397.0,20818.0,0.12249999999999998,DQB1,,,,
DQB1*02:01 / DQA1*02:01,DQB1*04:02 / DQA1*06:01,0.184,0.184,,6397,6397.0,,0.033856,DQB1,,,,
DQB1*02:01 / DQA1*02:01,DQB1*05:01 / DQA1*01:01,0.219,0.096,0.284,27198,6397.0,20801.0,0.047961,DQB1,,,,
DQB1*02:01 / DQA1*02:01,DQB1*05:01 / DQA1*01:02,0.065,0.065,,6397,6397.0,,0.0042250000000000005,DQB1,,,,
DQB1*02:01 / DQA1*02:01,DQB1*05:02 / DQA1*01:02,0.261,0.059,0.336,27215,6397.0,20818.0,0.068121,DQB1,,,,
DQB1*02:01 / DQA1*02:01,DQB1*05:03 / DQA1*01:01,0.166,,0.166,0,,0.0,0.027556000000000004,DQB1,,,,
DQB1*02:01 / DQA1*02:01,DQB1*05:03 / DQA1*01:04,0.106,0.106,,6397,6397.0,,0.011236,DQB1,,,,
DQB1*02:01 / DQA1*02:01,DQB1*06:01 / DQA1*01:03,0.208,-0.033,0.272,27198,6397.0,20801.0,0.043264,DQB1,,,,
DQB1*02:01 / DQA1*02:01,DQB1*06:01 / DQA1*01:04,0.047,0.045,,6397,6397.0,,0.002209,DQB1,,,,
DQB1*02:01 / DQA1*02:01,DQB1*06:01 / DQA1*02:01,0.277,0.276,,6397,6397.0,,0.07672900000000002,DQB1,,,,
DQB1*02:01 / DQA1*02:01,DQB1*06:02 / DQA1*01:01,0.252,,0.252,20760,,20760.0,0.063504,DQB1,,,,
DQB1*02:01 / DQA1*02:01,DQB1*06:02 / DQA1*01:02,0.201,-0.035,0.262,27215,6397.0,20818.0,0.040401000000000006,DQB1,,,,
DQB1*02:01 / DQA1*02:01,DQB1*06:03 / DQA1*01:03,0.144,0.019,0.182,27157,6397.0,20760.0,0.020735999999999997,DQB1,,,,
DQB1*02:01 / DQA1*02:01,DQB1*06:04 / DQA1*01:02,0.226,0.087,0.301,27157,6397.0,20760.0,0.051076,DQB1,,,,
DQB1*02:01 / DQA1*02:01,DQB1*06:09 / DQA1*01:02,0.256,,0.256,20760,,20760.0,0.065536,DQB1,,,,
DQB1*02:01 / DQA1*03:01,DPB1*01:01 / DPA1*01:03,0.289,,0.289,19799,,19799.0,0.08352099999999998,DQB1,,,,
DQB1*02:01 / DQA1*03:01,DPB1*01:01 / DPA1*02:01,0.241,,0.241,20801,,20801.0,0.058080999999999994,DQB1,,,,
DQB1*02:01 / DQA1*03:01,DPB1*02:01 / DPA1*01:03,0.283,,0.283,20801,,20801.0,0.08008899999999998,DQB1,,,,
DQB1*02:01 / DQA1*03:01,DPB1*02:02 / DPA1*01:03,0.139,,0.139,0,,0.0,0.019321000000000005,DQB1,,,,
DQB1*02:01 / DQA1*03:01,DPB1*02:02 / DPA1*02:01,0.297,,0.297,3553,,3553.0,0.088209,DQB1,,,,
DQB1*02:01 / DQA1*03:01,DPB1*03:01 / DPA1*01:03,0.305,,0.305,20801,,20801.0,0.093025,DQB1,,,,
DQB1*02:01 / DQA1*03:01,DPB1*03:01 / DPA1*01:04,0.345,,0.345,2287,,2287.0,0.11902499999999998,DQB1,,,,
DQB1*02:01 / DQA1*03:01,DPB1*03:01 / DPA1*01:05,0.328,,0.328,17512,,17512.0,0.10758400000000001,DQB1,,,,
DQB1*02:01 / DQA1*03:01,DPB1*03:01 / DPA1*02:01,0.342,,0.342,18909,,18909.0,0.11696400000000001,DQB1,,,,
DQB1*02:01 / DQA1*03:01,DPB1*04:01 / DPA1*01:03,0.311,,0.311,20801,,20801.0,0.096721,DQB1,,,,
DQB1*02:01 / DQA1*03:01,DPB1*04:02 / DPA1*01:03,0.266,,0.266,20801,,20801.0,0.07075600000000001,DQB1,,,,
DQB1*02:01 / DQA1*03:01,DPB1*05:01 / DPA1*02:01,0.364,,0.364,20801,,20801.0,0.132496,DQB1,,,,
DQB1*02:01 / DQA1*03:01,DPB1*05:01 / DPA1*02:02,0.273,,0.273,15432,,15432.0,0.07452900000000001,DQB1,,,,
DQB1*02:01 / DQA1*03:01,DPB1*06:01 / DPA1*01:03,0.322,,0.322,15432,,15432.0,0.10368400000000001,DQB1,,,,
DQB1*02:01 / DQA1*03:01,DPB1*06:01 / DPA1*02:01,0.35,,0.35,18909,,18909.0,0.12249999999999998,DQB1,,,,
DQB1*02:01 / DQA1*03:01,DPB1*09:01 / DPA1*02:01,0.346,,0.346,20801,,20801.0,0.11971599999999999,DQB1,,,,
DQB1*02:01 / DQA1*03:01,DPB1*105:01 / DPA1*02:01,0.112,,0.112,0,,0.0,0.012544000000000001,DQB1,,,,
DQB1*02:01 / DQA1*03:01,DPB1*107:01 / DPA1*02:01,0.165,,0.165,0,,0.0,0.027225000000000003,DQB1,,,,
DQB1*02:01 / DQA1*03:01,DPB1*10:01 / DPA1*02:01,0.324,,0.324,6237,,6237.0,0.104976,DQB1,,,,
DQB1*02:01 / DQA1*03:01,DPB1*10:01 / DPA1*02:02,0.308,,0.308,14564,,14564.0,0.094864,DQB1,,,,
DQB1*02:01 / DQA1*03:01,DPB1*11:01 / DPA1*01:03,0.333,,0.333,17512,,17512.0,0.11088900000000002,DQB1,,,,
DQB1*02:01 / DQA1*03:01,DPB1*11:01 / DPA1*01:04,0.295,,0.295,2265,,2265.0,0.08702499999999999,DQB1,,,,
DQB1*02:01 / DQA1*03:01,DPB1*11:01 / DPA1*01:05,0.296,,0.296,2080,,2080.0,0.08761599999999999,DQB1,,,,
DQB1*02:01 / DQA1*03:01,DPB1*11:01 / DPA1*02:01,0.35,,0.35,3289,,3289.0,0.12249999999999998,DQB1,,,,
DQB1*02:01 / DQA1*03:01,DPB1*11:01 / DPA1*02:02,0.343,,0.343,14564,,14564.0,0.11764900000000002,DQB1,,,,
DQB1*02:01 / DQA1*03:01,DPB1*13:01 / DPA1*01:04,0.298,,0.298,1397,,1397.0,0.088804,DQB1,,,,
DQB1*02:01 / DQA1*03:01,DPB1*13:01 / DPA1*01:05,0.335,,0.335,2080,,2080.0,0.11222500000000002,DQB1,,,,
DQB1*02:01 / DQA1*03:01,DPB1*13:01 / DPA1*02:01,0.349,,0.349,20633,,20633.0,0.12180099999999998,DQB1,,,,
DQB1*02:01 / DQA1*03:01,DPB1*13:01 / DPA1*02:02,0.352,,0.352,15432,,15432.0,0.12390399999999999,DQB1,,,,
DQB1*02:01 / DQA1*03:01,DPB1*13:01 / DPA1*03:01,0.352,,0.352,15432,,15432.0,0.12390399999999999,DQB1,,,,
DQB1*02:01 / DQA1*03:01,DPB1*13:01 / DPA1*04:01,0.39,,0.39,3289,,3289.0,0.1521,DQB1,,,,
DQB1*02:01 / DQA1*03:01,DPB1*14:01 / DPA1*02:01,0.308,,0.308,20801,,20801.0,0.094864,DQB1,,,,
DQB1*02:01 / DQA1*03:01,DPB1*15:01 / DPA1*02:01,0.377,,0.377,20760,,20760.0,0.142129,DQB1,,,,
DQB1*02:01 / DQA1*03:01,DPB1*17:01 / DPA1*02:01,0.359,,0.359,20801,,20801.0,0.128881,DQB1,,,,
DQB1*02:01 / DQA1*03:01,DPB1*18:01 / DPA1*01:04,0.314,,0.314,19799,,19799.0,0.098596,DQB1,,,,
DQB1*02:01 / DQA1*03:01,DPB1*18:01 / DPA1*01:05,0.299,,0.299,19799,,19799.0,0.089401,DQB1,,,,
DQB1*02:01 / DQA1*03:01,DPB1*18:01 / DPA1*02:01,0.347,,0.347,20760,,20760.0,0.12040899999999999,DQB1,,,,
DQB1*02:01 / DQA1*03:01,DPB1*19:01 / DPA1*01:03,0.295,,0.295,17512,,17512.0,0.08702499999999999,DQB1,,,,
DQB1*02:01 / DQA1*03:01,DPB1*19:01 / DPA1*02:01,0.27,,0.27,3289,,3289.0,0.0729,DQB1,,,,
DQB1*02:01 / DQA1*03:01,DPB1*20:01 / DPA1*01:03,0.281,,0.281,2287,,2287.0,0.07896100000000002,DQB1,,,,
DQB1*02:01 / DQA1*03:01,DPB1*20:01 / DPA1*03:01,0.332,,0.332,15432,,15432.0,0.11022400000000002,DQB1,,,,
DQB1*02:01 / DQA1*03:01,DPB1*23:01 / DPA1*01:03,0.307,,0.307,15432,,15432.0,0.094249,DQB1,,,,
DQB1*02:01 / DQA1*03:01,DPB1*23:01 / DPA1*02:01,0.311,,0.311,5328,,5328.0,0.096721,DQB1,,,,
DQB1*02:01 / DQA1*03:01,DPB1*26:01 / DPA1*03:01,0.162,,0.162,0,,0.0,0.026244,DQB1,,,,
DQB1*02:01 / DQA1*03:01,DPB1*28:01 / DPA1*01:03,0.284,,0.284,15432,,15432.0,0.08065599999999999,DQB1,,,,
DQB1*02:01 / DQA1*03:01,DPB1*28:01 / DPA1*01:04,0.293,,0.293,2287,,2287.0,0.085849,DQB1,,,,
DQB1*02:01 / DQA1*03:01,DPB1*28:01 / DPA1*01:05,0.296,,0.296,17512,,17512.0,0.08761599999999999,DQB1,,,,
DQB1*02:01 / DQA1*03:01,DPB1*28:01 / DPA1*02:01,0.29,,0.29,2080,,2080.0,0.0841,DQB1,,,,
DQB1*02:01 / DQA1*03:01,DPB1*28:01 / DPA1*02:02,0.242,,0.242,1397,,1397.0,0.058564,DQB1,,,,
DQB1*02:01 / DQA1*03:01,DPB1*28:01 / DPA1*04:01,0.323,,0.323,15432,,15432.0,0.104329,DQB1,,,,
DQB1*02:01 / DQA1*03:01,DPB1*30:01 / DPA1*02:01,0.163,,0.163,0,,0.0,0.026569000000000002,DQB1,,,,
DQB1*02:01 / DQA1*03:01,DPB1*31:01 / DPA1*03:01,0.181,,0.181,0,,0.0,0.032761,DQB1,,,,
DQB1*02:01 / DQA1*03:01,DPB1*40:01 / DPA1*01:05,0.224,,0.224,0,,0.0,0.050176000000000005,DQB1,,,,
DQB1*02:01 / DQA1*03:01,DPB1*85:01 / DPA1*01:03,0.162,,0.162,0,,0.0,0.026244,DQB1,,,,
DQB1*02:01 / DQA1*03:01,DQB1*02:01 / DQA1*04:01,0.808,,0.808,20760,,20760.0,0.6528640000000001,DQB1,,,,
DQB1*02:01 / DQA1*03:01,DQB1*02:01 / DQA1*05:01,0.693,,0.693,20801,,20801.0,0.4802489999999999,DQB1,,,,
DQB1*02:01 / DQA1*03:01,DQB1*02:02 / DQA1*02:01,0.812,,0.812,20801,,20801.0,0.659344,DQB1,,,,
DQB1*02:01 / DQA1*03:01,DQB1*03:01 / DQA1*02:01,0.365,,0.365,19799,,19799.0,0.13322499999999998,DQB1,,,,
DQB1*02:01 / DQA1*03:01,DQB1*03:01 / DQA1*03:01,0.408,,0.408,20801,,20801.0,0.16646399999999997,DQB1,,,,
DQB1*02:01 / DQA1*03:01,DQB1*03:01 / DQA1*05:03,0.244,,0.244,20760,,20760.0,0.059536,DQB1,,,,
DQB1*02:01 / DQA1*03:01,DQB1*03:01 / DQA1*06:01,0.283,,0.283,20801,,20801.0,0.08008899999999998,DQB1,,,,
DQB1*02:01 / DQA1*03:01,DQB1*03:02 / DQA1*01:01,0.414,,0.414,5369,,5369.0,0.171396,DQB1,,,,
DQB1*02:01 / DQA1*03:01,DQB1*03:02 / DQA1*02:01,0.42,,0.42,19799,,19799.0,0.17639999999999997,DQB1,,,,
DQB1*02:01 / DQA1*03:01,DQB1*03:02 / DQA1*03:01,0.402,,0.402,20801,,20801.0,0.16160400000000003,DQB1,,,,
DQB1*02:01 / DQA1*03:01,DQB1*03:02 / DQA1*03:02,0.335,,0.335,16092,,16092.0,0.11222500000000002,DQB1,,,,
DQB1*02:01 / DQA1*03:01,DQB1*03:02 / DQA1*03:03,0.364,,0.364,4541,,4541.0,0.132496,DQB1,,,,
DQB1*02:01 / DQA1*03:01,DQB1*03:03 / DQA1*02:01,0.397,,0.397,20801,,20801.0,0.15760900000000003,DQB1,,,,
DQB1*02:01 / DQA1*03:01,DQB1*03:03 / DQA1*03:01,0.398,,0.398,20801,,20801.0,0.15840400000000002,DQB1,,,,
DQB1*02:01 / DQA1*03:01,DQB1*03:03 / DQA1*03:02,0.36,,0.36,20760,,20760.0,0.1296,DQB1,,,,
DQB1*02:01 / DQA1*03:01,DQB1*03:04 / DQA1*03:01,0.564,,0.564,127,,127.0,0.31809599999999993,DQB1,,,,
DQB1*02:01 / DQA1*03:01,DQB1*03:19 / DQA1*02:01,0.411,,0.411,0,,0.0,0.168921,DQB1,,,,
DQB1*02:01 / DQA1*03:01,DQB1*03:19 / DQA1*05:05,0.247,,0.247,20677,,20677.0,0.061009,DQB1,,,,
DQB1*02:01 / DQA1*03:01,DQB1*04:01 / DQA1*02:01,0.445,,0.445,20801,,20801.0,0.198025,DQB1,,,,
DQB1*02:01 / DQA1*03:01,DQB1*04:01 / DQA1*03:03,0.439,,0.439,20760,,20760.0,0.192721,DQB1,,,,
DQB1*02:01 / DQA1*03:01,DQB1*04:02 / DQA1*02:01,0.437,,0.437,20801,,20801.0,0.190969,DQB1,,,,
DQB1*02:01 / DQA1*03:01,DQB1*04:02 / DQA1*04:01,0.43,,0.43,20801,,20801.0,0.18489999999999998,DQB1,,,,
DQB1*02:01 / DQA1*03:01,DQB1*05:01 / DQA1*01:01,0.249,,0.249,20801,,20801.0,0.062001,DQB1,,,,
DQB1*02:01 / DQA1*03:01,DQB1*05:02 / DQA1*01:02,0.296,,0.296,20801,,20801.0,0.08761599999999999,DQB1,,,,
DQB1*02:01 / DQA1*03:01,DQB1*05:03 / DQA1*01:01,0.151,,0.151,0,,0.0,0.022801,DQB1,,,,
DQB1*02:01 / DQA1*03:01,DQB1*06:01 / DQA1*01:03,0.274,,0.274,20801,,20801.0,0.07507600000000002,DQB1,,,,
DQB1*02:01 / DQA1*03:01,DQB1*06:02 / DQA1*01:01,0.244,,0.244,20760,,20760.0,0.059536,DQB1,,,,
DQB1*02:01 / DQA1*03:01,DQB1*06:02 / DQA1*01:02,0.25,,0.25,20801,,20801.0,0.0625,DQB1,,,,
DQB1*02:01 / DQA1*03:01,DQB1*06:03 / DQA1*01:03,0.18,,0.18,20760,,20760.0,0.0324,DQB1,,,,
DQB1*02:01 / DQA1*03:01,DQB1*06:04 / DQA1*01:02,0.287,,0.287,20760,,20760.0,0.08236899999999998,DQB1,,,,
DQB1*02:01 / DQA1*03:01,DQB1*06:09 / DQA1*01:02,0.244,,0.244,20760,,20760.0,0.059536,DQB1,,,,
DQB1*02:01 / DQA1*04:01,DPB1*01:01 / DPA1*01:03,0.292,,0.292,19799,,19799.0,0.08526399999999999,DQB1,,,,
DQB1*02:01 / DQA1*04:01,DPB1*01:01 / DPA1*02:01,0.263,,0.263,20760,,20760.0,0.06916900000000001,DQB1,,,,
DQB1*02:01 / DQA1*04:01,DPB1*02:01 / DPA1*01:03,0.319,,0.319,20760,,20760.0,0.101761,DQB1,,,,
DQB1*02:01 / DQA1*04:01,DPB1*02:02 / DPA1*01:03,0.165,,0.165,0,,0.0,0.027225000000000003,DQB1,,,,
DQB1*02:01 / DQA1*04:01,DPB1*02:02 / DPA1*02:01,0.339,,0.339,3553,,3553.0,0.11492100000000001,DQB1,,,,
DQB1*02:01 / DQA1*04:01,DPB1*03:01 / DPA1*01:03,0.337,,0.337,20760,,20760.0,0.11356900000000002,DQB1,,,,
DQB1*02:01 / DQA1*04:01,DPB1*03:01 / DPA1*01:04,0.398,,0.398,2287,,2287.0,0.15840400000000002,DQB1,,,,
DQB1*02:01 / DQA1*04:01,DPB1*03:01 / DPA1*01:05,0.346,,0.346,17512,,17512.0,0.11971599999999999,DQB1,,,,
DQB1*02:01 / DQA1*04:01,DPB1*03:01 / DPA1*02:01,0.363,,0.363,18909,,18909.0,0.131769,DQB1,,,,
DQB1*02:01 / DQA1*04:01,DPB1*04:01 / DPA1*01:03,0.359,,0.359,20760,,20760.0,0.128881,DQB1,,,,
DQB1*02:01 / DQA1*04:01,DPB1*04:02 / DPA1*01:03,0.325,,0.325,20760,,20760.0,0.10562500000000001,DQB1,,,,
DQB1*02:01 / DQA1*04:01,DPB1*05:01 / DPA1*02:01,0.4,,0.4,20760,,20760.0,0.16000000000000003,DQB1,,,,
DQB1*02:01 / DQA1*04:01,DPB1*05:01 / DPA1*02:02,0.288,,0.288,15432,,15432.0,0.08294399999999999,DQB1,,,,
DQB1*02:01 / DQA1*04:01,DPB1*06:01 / DPA1*01:03,0.34,,0.34,15432,,15432.0,0.11560000000000002,DQB1,,,,
DQB1*02:01 / DQA1*04:01,DPB1*06:01 / DPA1*02:01,0.37,,0.37,18909,,18909.0,0.1369,DQB1,,,,
DQB1*02:01 / DQA1*04:01,DPB1*09:01 / DPA1*02:01,0.357,,0.357,20760,,20760.0,0.12744899999999998,DQB1,,,,
DQB1*02:01 / DQA1*04:01,DPB1*105:01 / DPA1*02:01,0.126,,0.126,0,,0.0,0.015876,DQB1,,,,
DQB1*02:01 / DQA1*04:01,DPB1*107:01 / DPA1*02:01,0.177,,0.177,0,,0.0,0.031328999999999996,DQB1,,,,
DQB1*02:01 / DQA1*04:01,DPB1*10:01 / DPA1*02:01,0.348,,0.348,6196,,6196.0,0.12110399999999999,DQB1,,,,
DQB1*02:01 / DQA1*04:01,DPB1*10:01 / DPA1*02:02,0.359,,0.359,14564,,14564.0,0.128881,DQB1,,,,
DQB1*02:01 / DQA1*04:01,DPB1*11:01 / DPA1*01:03,0.344,,0.344,17512,,17512.0,0.11833599999999998,DQB1,,,,
DQB1*02:01 / DQA1*04:01,DPB1*11:01 / DPA1*01:04,0.302,,0.302,2265,,2265.0,0.091204,DQB1,,,,
DQB1*02:01 / DQA1*04:01,DPB1*11:01 / DPA1*01:05,0.319,,0.319,2080,,2080.0,0.101761,DQB1,,,,
DQB1*02:01 / DQA1*04:01,DPB1*11:01 / DPA1*02:01,0.386,,0.386,3248,,3248.0,0.14899600000000002,DQB1,,,,
DQB1*02:01 / DQA1*04:01,DPB1*11:01 / DPA1*02:02,0.363,,0.363,14564,,14564.0,0.131769,DQB1,,,,
DQB1*02:01 / DQA1*04:01,DPB1*13:01 / DPA1*01:04,0.347,,0.347,1397,,1397.0,0.12040899999999999,DQB1,,,,
DQB1*02:01 / DQA1*04:01,DPB1*13:01 / DPA1*01:05,0.362,,0.362,2080,,2080.0,0.131044,DQB1,,,,
DQB1*02:01 / DQA1*04:01,DPB1*13:01 / DPA1*02:01,0.381,,0.381,20633,,20633.0,0.145161,DQB1,,,,
DQB1*02:01 / DQA1*04:01,DPB1*13:01 / DPA1*02:02,0.368,,0.368,15432,,15432.0,0.135424,DQB1,,,,
DQB1*02:01 / DQA1*04:01,DPB1*13:01 / DPA1*03:01,0.396,,0.396,15432,,15432.0,0.156816,DQB1,,,,
DQB1*02:01 / DQA1*04:01,DPB1*13:01 / DPA1*04:01,0.42,,0.42,3248,,3248.0,0.17639999999999997,DQB1,,,,
DQB1*02:01 / DQA1*04:01,DPB1*14:01 / DPA1*02:01,0.306,,0.306,20760,,20760.0,0.093636,DQB1,,,,
DQB1*02:01 / DQA1*04:01,DPB1*15:01 / DPA1*02:01,0.435,,0.435,20760,,20760.0,0.189225,DQB1,,,,
DQB1*02:01 / DQA1*04:01,DPB1*17:01 / DPA1*02:01,0.369,,0.369,20760,,20760.0,0.136161,DQB1,,,,
DQB1*02:01 / DQA1*04:01,DPB1*18:01 / DPA1*01:04,0.35,,0.35,19799,,19799.0,0.12249999999999998,DQB1,,,,
DQB1*02:01 / DQA1*04:01,DPB1*18:01 / DPA1*01:05,0.323,,0.323,19799,,19799.0,0.104329,DQB1,,,,
DQB1*02:01 / DQA1*04:01,DPB1*18:01 / DPA1*02:01,0.364,,0.364,20760,,20760.0,0.132496,DQB1,,,,
DQB1*02:01 / DQA1*04:01,DPB1*19:01 / DPA1*01:03,0.341,,0.341,17512,,17512.0,0.11628100000000002,DQB1,,,,
DQB1*02:01 / DQA1*04:01,DPB1*19:01 / DPA1*02:01,0.362,,0.362,3248,,3248.0,0.131044,DQB1,,,,
DQB1*02:01 / DQA1*04:01,DPB1*20:01 / DPA1*01:03,0.351,,0.351,2287,,2287.0,0.12320099999999999,DQB1,,,,
DQB1*02:01 / DQA1*04:01,DPB1*20:01 / DPA1*03:01,0.361,,0.361,15432,,15432.0,0.130321,DQB1,,,,
DQB1*02:01 / DQA1*04:01,DPB1*23:01 / DPA1*01:03,0.339,,0.339,15432,,15432.0,0.11492100000000001,DQB1,,,,
DQB1*02:01 / DQA1*04:01,DPB1*23:01 / DPA1*02:01,0.353,,0.353,5328,,5328.0,0.12460899999999998,DQB1,,,,
DQB1*02:01 / DQA1*04:01,DPB1*26:01 / DPA1*03:01,0.179,,0.179,0,,0.0,0.032041,DQB1,,,,
DQB1*02:01 / DQA1*04:01,DPB1*28:01 / DPA1*01:03,0.337,,0.337,15432,,15432.0,0.11356900000000002,DQB1,,,,
DQB1*02:01 / DQA1*04:01,DPB1*28:01 / DPA1*01:04,0.372,,0.372,2287,,2287.0,0.138384,DQB1,,,,
DQB1*02:01 / DQA1*04:01,DPB1*28:01 / DPA1*01:05,0.35,,0.35,17512,,17512.0,0.12249999999999998,DQB1,,,,
DQB1*02:01 / DQA1*04:01,DPB1*28:01 / DPA1*02:01,0.313,,0.313,2080,,2080.0,0.097969,DQB1,,,,
DQB1*02:01 / DQA1*04:01,DPB1*28:01 / DPA1*02:02,0.284,,0.284,1397,,1397.0,0.08065599999999999,DQB1,,,,
DQB1*02:01 / DQA1*04:01,DPB1*28:01 / DPA1*04:01,0.378,,0.378,15432,,15432.0,0.142884,DQB1,,,,
DQB1*02:01 / DQA1*04:01,DPB1*30:01 / DPA1*02:01,0.164,,0.164,0,,0.0,0.026896000000000003,DQB1,,,,
DQB1*02:01 / DQA1*04:01,DPB1*31:01 / DPA1*03:01,0.178,,0.178,0,,0.0,0.031684,DQB1,,,,
DQB1*02:01 / DQA1*04:01,DPB1*40:01 / DPA1*01:05,0.226,,0.226,0,,0.0,0.051076,DQB1,,,,
DQB1*02:01 / DQA1*04:01,DPB1*85:01 / DPA1*01:03,0.177,,0.177,0,,0.0,0.031328999999999996,DQB1,,,,
DQB1*02:01 / DQA1*04:01,DQB1*02:01 / DQA1*05:01,0.788,,0.788,20760,,20760.0,0.620944,DQB1,,,,
DQB1*02:01 / DQA1*04:01,DQB1*02:02 / DQA1*02:01,0.804,,0.804,20760,,20760.0,0.6464160000000001,DQB1,,,,
DQB1*02:01 / DQA1*04:01,DQB1*03:01 / DQA1*02:01,0.406,,0.406,19799,,19799.0,0.164836,DQB1,,,,
DQB1*02:01 / DQA1*04:01,DQB1*03:01 / DQA1*03:01,0.399,,0.399,20760,,20760.0,0.159201,DQB1,,,,
DQB1*02:01 / DQA1*04:01,DQB1*03:01 / DQA1*05:03,0.342,,0.342,20760,,20760.0,0.11696400000000001,DQB1,,,,
DQB1*02:01 / DQA1*04:01,DQB1*03:01 / DQA1*06:01,0.366,,0.366,20760,,20760.0,0.133956,DQB1,,,,
DQB1*02:01 / DQA1*04:01,DQB1*03:02 / DQA1*01:01,0.36,,0.36,5328,,5328.0,0.1296,DQB1,,,,
DQB1*02:01 / DQA1*04:01,DQB1*03:02 / DQA1*02:01,0.379,,0.379,19799,,19799.0,0.143641,DQB1,,,,
DQB1*02:01 / DQA1*04:01,DQB1*03:02 / DQA1*03:01,0.346,,0.346,20760,,20760.0,0.11971599999999999,DQB1,,,,
DQB1*02:01 / DQA1*04:01,DQB1*03:02 / DQA1*03:02,0.264,,0.264,16092,,16092.0,0.06969600000000001,DQB1,,,,
DQB1*02:01 / DQA1*04:01,DQB1*03:02 / DQA1*03:03,0.278,,0.278,4541,,4541.0,0.07728400000000002,DQB1,,,,
DQB1*02:01 / DQA1*04:01,DQB1*03:03 / DQA1*02:01,0.36,,0.36,20760,,20760.0,0.1296,DQB1,,,,
DQB1*02:01 / DQA1*04:01,DQB1*03:03 / DQA1*03:01,0.332,,0.332,20760,,20760.0,0.11022400000000002,DQB1,,,,
DQB1*02:01 / DQA1*04:01,DQB1*03:03 / DQA1*03:02,0.29,,0.29,20760,,20760.0,0.0841,DQB1,,,,
DQB1*02:01 / DQA1*04:01,DQB1*03:04 / DQA1*03:01,0.476,,0.476,127,,127.0,0.22657599999999997,DQB1,,,,
DQB1*02:01 / DQA1*04:01,DQB1*03:19 / DQA1*02:01,0.416,,0.416,0,,0.0,0.173056,DQB1,,,,
DQB1*02:01 / DQA1*04:01,DQB1*03:19 / DQA1*05:05,0.336,,0.336,20677,,20677.0,0.11289600000000001,DQB1,,,,
DQB1*02:01 / DQA1*04:01,DQB1*04:01 / DQA1*02:01,0.482,,0.482,20760,,20760.0,0.23232399999999997,DQB1,,,,
DQB1*02:01 / DQA1*04:01,DQB1*04:01 / DQA1*03:03,0.404,,0.404,20760,,20760.0,0.16321600000000003,DQB1,,,,
DQB1*02:01 / DQA1*04:01,DQB1*04:02 / DQA1*02:01,0.468,,0.468,20760,,20760.0,0.21902400000000002,DQB1,,,,
DQB1*02:01 / DQA1*04:01,DQB1*04:02 / DQA1*04:01,0.515,,0.515,20760,,20760.0,0.265225,DQB1,,,,
DQB1*02:01 / DQA1*04:01,DQB1*05:01 / DQA1*01:01,0.259,,0.259,20760,,20760.0,0.067081,DQB1,,,,
DQB1*02:01 / DQA1*04:01,DQB1*05:02 / DQA1*01:02,0.294,,0.294,20760,,20760.0,0.08643599999999999,DQB1,,,,
DQB1*02:01 / DQA1*04:01,DQB1*05:03 / DQA1*01:01,0.155,,0.155,0,,0.0,0.024025,DQB1,,,,
DQB1*02:01 / DQA1*04:01,DQB1*06:01 / DQA1*01:03,0.295,,0.295,20760,,20760.0,0.08702499999999999,DQB1,,,,
DQB1*02:01 / DQA1*04:01,DQB1*06:02 / DQA1*01:01,0.254,,0.254,20760,,20760.0,0.064516,DQB1,,,,
DQB1*02:01 / DQA1*04:01,DQB1*06:02 / DQA1*01:02,0.251,,0.251,20760,,20760.0,0.063001,DQB1,,,,
DQB1*02:01 / DQA1*04:01,DQB1*06:03 / DQA1*01:03,0.171,,0.171,20760,,20760.0,0.029241000000000003,DQB1,,,,
DQB1*02:01 / DQA1*04:01,DQB1*06:04 / DQA1*01:02,0.294,,0.294,20760,,20760.0,0.08643599999999999,DQB1,,,,
DQB1*02:01 / DQA1*04:01,DQB1*06:09 / DQA1*01:02,0.258,,0.258,20760,,20760.0,0.066564,DQB1,,,,
DQB1*02:01 / DQA1*05:01,DPB1*01:01 / DPA1*01:03,0.247,0.339,0.235,26196,6397.0,19799.0,0.061009,DQB1,,,,
DQB1*02:01 / DQA1*05:01,DPB1*01:01 / DPA1*02:01,0.202,0.341,0.188,27197,6396.0,20801.0,0.04080400000000001,DQB1,,,,
DQB1*02:01 / DQA1*05:01,DPB1*01:01 / DPA1*02:02,0.314,0.314,,6396,6396.0,,0.098596,DQB1,,,,
DQB1*02:01 / DQA1*05:01,DPB1*01:01 / DPA1*03:01,0.336,0.336,,6397,6397.0,,0.11289600000000001,DQB1,,,,
DQB1*02:01 / DQA1*05:01,DPB1*02:01 / DPA1*01:03,0.219,0.296,0.208,27197,6396.0,20801.0,0.047961,DQB1,,,,
DQB1*02:01 / DQA1*05:01,DPB1*02:02 / DPA1*01:03,0.144,,0.144,0,,0.0,0.020735999999999997,DQB1,,,,
DQB1*02:01 / DQA1*05:01,DPB1*02:02 / DPA1*02:01,0.338,,0.338,3553,,3553.0,0.11424400000000001,DQB1,,,,
DQB1*02:01 / DQA1*05:01,DPB1*03:01 / DPA1*01:03,0.256,0.289,0.248,27198,6397.0,20801.0,0.065536,DQB1,,,,
DQB1*02:01 / DQA1*05:01,DPB1*03:01 / DPA1*01:04,0.361,,0.361,2287,,2287.0,0.130321,DQB1,,,,
DQB1*02:01 / DQA1*05:01,DPB1*03:01 / DPA1*01:05,0.259,,0.259,17512,,17512.0,0.067081,DQB1,,,,
DQB1*02:01 / DQA1*05:01,DPB1*03:01 / DPA1*02:01,0.266,,0.266,18909,,18909.0,0.07075600000000001,DQB1,,,,
DQB1*02:01 / DQA1*05:01,DPB1*04:01 / DPA1*01:03,0.203,0.192,0.205,27198,6397.0,20801.0,0.041209,DQB1,,,,
DQB1*02:01 / DQA1*05:01,DPB1*04:01 / DPA1*02:01,0.358,0.358,,6396,6396.0,,0.128164,DQB1,,,,
DQB1*02:01 / DQA1*05:01,DPB1*04:01 / DPA1*02:02,0.425,0.425,,6396,6396.0,,0.18062499999999998,DQB1,,,,
DQB1*02:01 / DQA1*05:01,DPB1*04:01 / DPA1*03:01,0.262,0.262,,6397,6397.0,,0.06864400000000001,DQB1,,,,
DQB1*02:01 / DQA1*05:01,DPB1*04:01 / DPA1*04:01,0.365,0.365,,6397,6397.0,,0.13322499999999998,DQB1,,,,
DQB1*02:01 / DQA1*05:01,DPB1*04:02 / DPA1*01:03,0.194,0.246,0.187,27197,6396.0,20801.0,0.037636,DQB1,,,,
DQB1*02:01 / DQA1*05:01,DPB1*04:02 / DPA1*03:01,0.32,0.32,,6396,6396.0,,0.1024,DQB1,,,,
DQB1*02:01 / DQA1*05:01,DPB1*05:01 / DPA1*02:01,0.26,0.264,0.27,27197,6396.0,20801.0,0.06760000000000001,DQB1,,,,
DQB1*02:01 / DQA1*05:01,DPB1*05:01 / DPA1*02:02,0.2,0.323,0.186,21828,6396.0,15432.0,0.04000000000000001,DQB1,,,,
DQB1*02:01 / DQA1*05:01,DPB1*05:01 / DPA1*03:01,0.347,0.347,,6397,6397.0,,0.12040899999999999,DQB1,,,,
DQB1*02:01 / DQA1*05:01,DPB1*06:01 / DPA1*01:03,0.254,0.263,0.257,21829,6397.0,15432.0,0.064516,DQB1,,,,
DQB1*02:01 / DQA1*05:01,DPB1*06:01 / DPA1*02:01,0.283,,0.283,18909,,18909.0,0.08008899999999998,DQB1,,,,
DQB1*02:01 / DQA1*05:01,DPB1*09:01 / DPA1*02:01,0.281,0.371,0.268,27197,6396.0,20801.0,0.07896100000000002,DQB1,,,,
DQB1*02:01 / DQA1*05:01,DPB1*105:01 / DPA1*02:01,0.136,,0.136,0,,0.0,0.018496000000000002,DQB1,,,,
DQB1*02:01 / DQA1*05:01,DPB1*107:01 / DPA1*02:01,0.166,,0.166,0,,0.0,0.027556000000000004,DQB1,,,,
DQB1*02:01 / DQA1*05:01,DPB1*10:01 / DPA1*02:01,0.323,,0.323,6237,,6237.0,0.104329,DQB1,,,,
DQB1*02:01 / DQA1*05:01,DPB1*10:01 / DPA1*02:02,0.243,,0.243,14564,,14564.0,0.059049,DQB1,,,,
DQB1*02:01 / DQA1*05:01,DPB1*11:01 / DPA1*01:03,0.237,,0.237,17512,,17512.0,0.056169,DQB1,,,,
DQB1*02:01 / DQA1*05:01,DPB1*11:01 / DPA1*01:04,0.265,,0.265,2265,,2265.0,0.07022500000000001,DQB1,,,,
DQB1*02:01 / DQA1*05:01,DPB1*11:01 / DPA1*01:05,0.271,,0.271,2080,,2080.0,0.073441,DQB1,,,,
DQB1*02:01 / DQA1*05:01,DPB1*11:01 / DPA1*02:01,0.292,0.257,0.333,9685,6396.0,3289.0,0.08526399999999999,DQB1,,,,
DQB1*02:01 / DQA1*05:01,DPB1*11:01 / DPA1*02:02,0.25,,0.25,14564,,14564.0,0.0625,DQB1,,,,
DQB1*02:01 / DQA1*05:01,DPB1*13:01 / DPA1*01:04,0.379,,0.379,1397,,1397.0,0.143641,DQB1,,,,
DQB1*02:01 / DQA1*05:01,DPB1*13:01 / DPA1*01:05,0.311,,0.311,2080,,2080.0,0.096721,DQB1,,,,
DQB1*02:01 / DQA1*05:01,DPB1*13:01 / DPA1*02:01,0.274,0.361,0.263,27029,6396.0,20633.0,0.07507600000000002,DQB1,,,,
DQB1*02:01 / DQA1*05:01,DPB1*13:01 / DPA1*02:02,0.245,,0.245,15432,,15432.0,0.060024999999999995,DQB1,,,,
DQB1*02:01 / DQA1*05:01,DPB1*13:01 / DPA1*03:01,0.253,,0.253,15432,,15432.0,0.064009,DQB1,,,,
DQB1*02:01 / DQA1*05:01,DPB1*13:01 / DPA1*04:01,0.396,0.389,0.401,9685,6396.0,3289.0,0.156816,DQB1,,,,
DQB1*02:01 / DQA1*05:01,DPB1*14:01 / DPA1*02:01,0.252,0.213,0.255,27197,6396.0,20801.0,0.063504,DQB1,,,,
DQB1*02:01 / DQA1*05:01,DPB1*15:01 / DPA1*02:01,0.294,0.411,0.28,27156,6396.0,20760.0,0.08643599999999999,DQB1,,,,
DQB1*02:01 / DQA1*05:01,DPB1*17:01 / DPA1*02:01,0.294,0.372,0.282,27197,6396.0,20801.0,0.08643599999999999,DQB1,,,,
DQB1*02:01 / DQA1*05:01,DPB1*18:01 / DPA1*01:03,0.252,0.252,,6397,6397.0,,0.063504,DQB1,,,,
DQB1*02:01 / DQA1*05:01,DPB1*18:01 / DPA1*01:04,0.234,,0.234,19799,,19799.0,0.054756000000000006,DQB1,,,,
DQB1*02:01 / DQA1*05:01,DPB1*18:01 / DPA1*01:05,0.235,,0.235,19799,,19799.0,0.055224999999999996,DQB1,,,,
DQB1*02:01 / DQA1*05:01,DPB1*18:01 / DPA1*02:01,0.284,,0.284,20760,,20760.0,0.08065599999999999,DQB1,,,,
DQB1*02:01 / DQA1*05:01,DPB1*19:01 / DPA1*01:03,0.226,,0.226,17512,,17512.0,0.051076,DQB1,,,,
DQB1*02:01 / DQA1*05:01,DPB1*19:01 / DPA1*02:01,0.246,0.2,0.318,9685,6396.0,3289.0,0.060516,DQB1,,,,
DQB1*02:01 / DQA1*05:01,DPB1*20:01 / DPA1*01:03,0.351,,0.351,2287,,2287.0,0.12320099999999999,DQB1,,,,
DQB1*02:01 / DQA1*05:01,DPB1*20:01 / DPA1*03:01,0.246,,0.246,15432,,15432.0,0.060516,DQB1,,,,
DQB1*02:01 / DQA1*05:01,DPB1*23:01 / DPA1*01:03,0.189,,0.189,15432,,15432.0,0.035721,DQB1,,,,
DQB1*02:01 / DQA1*05:01,DPB1*23:01 / DPA1*02:01,0.328,,0.328,5328,,5328.0,0.10758400000000001,DQB1,,,,
DQB1*02:01 / DQA1*05:01,DPB1*26:01 / DPA1*03:01,0.176,,0.176,0,,0.0,0.030975999999999997,DQB1,,,,
DQB1*02:01 / DQA1*05:01,DPB1*28:01 / DPA1*01:03,0.193,,0.193,15432,,15432.0,0.037249000000000004,DQB1,,,,
DQB1*02:01 / DQA1*05:01,DPB1*28:01 / DPA1*01:04,0.318,,0.318,2287,,2287.0,0.101124,DQB1,,,,
DQB1*02:01 / DQA1*05:01,DPB1*28:01 / DPA1*01:05,0.206,,0.206,17512,,17512.0,0.042435999999999995,DQB1,,,,
DQB1*02:01 / DQA1*05:01,DPB1*28:01 / DPA1*02:01,0.272,,0.272,2080,,2080.0,0.07398400000000001,DQB1,,,,
DQB1*02:01 / DQA1*05:01,DPB1*28:01 / DPA1*02:02,0.326,0.315,0.344,7792,6395.0,1397.0,0.10627600000000001,DQB1,,,,
DQB1*02:01 / DQA1*05:01,DPB1*28:01 / DPA1*04:01,0.236,,0.236,15432,,15432.0,0.055695999999999996,DQB1,,,,
DQB1*02:01 / DQA1*05:01,DPB1*30:01 / DPA1*02:01,0.146,,0.146,0,,0.0,0.021315999999999998,DQB1,,,,
DQB1*02:01 / DQA1*05:01,DPB1*31:01 / DPA1*03:01,0.171,,0.171,0,,0.0,0.029241000000000003,DQB1,,,,
DQB1*02:01 / DQA1*05:01,DPB1*40:01 / DPA1*01:05,0.205,,0.205,0,,0.0,0.04202499999999999,DQB1,,,,
DQB1*02:01 / DQA1*05:01,DPB1*85:01 / DPA1*01:03,0.17,,0.17,0,,0.0,0.028900000000000006,DQB1,,,,
DQB1*02:01 / DQA1*05:01,DQB1*02:02 / DQA1*02:01,0.649,0.719,0.652,27198,6397.0,20801.0,0.42120100000000005,DQB1,,,,
DQB1*02:01 / DQA1*05:01,DQB1*02:02 / DQA1*03:02,0.785,0.785,,6397,6397.0,,0.616225,DQB1,,,,
DQB1*02:01 / DQA1*05:01,DQB1*02:02 / DQA1*05:01,0.939,0.939,,6397,6397.0,,0.8817209999999999,DQB1,,,,
DQB1*02:01 / DQA1*05:01,DQB1*03:01 / DQA1*02:01,0.337,,0.337,19799,,19799.0,0.11356900000000002,DQB1,,,,
DQB1*02:01 / DQA1*05:01,DQB1*03:01 / DQA1*03:01,0.326,0.389,0.317,27197,6396.0,20801.0,0.10627600000000001,DQB1,,,,
DQB1*02:01 / DQA1*05:01,DQB1*03:01 / DQA1*03:02,0.401,0.401,,6396,6396.0,,0.16080100000000003,DQB1,,,,
DQB1*02:01 / DQA1*05:01,DQB1*03:01 / DQA1*05:01,0.401,0.401,,6396,6396.0,,0.16080100000000003,DQB1,,,,
DQB1*02:01 / DQA1*05:01,DQB1*03:01 / DQA1*05:03,0.343,,0.343,20760,,20760.0,0.11764900000000002,DQB1,,,,
DQB1*02:01 / DQA1*05:01,DQB1*03:01 / DQA1*06:01,0.363,0.47,0.352,27197,6396.0,20801.0,0.131769,DQB1,,,,
DQB1*02:01 / DQA1*05:01,DQB1*03:02 / DQA1*01:01,0.303,,0.303,5369,,5369.0,0.091809,DQB1,,,,
DQB1*02:01 / DQA1*05:01,DQB1*03:02 / DQA1*02:01,0.28,0.29,0.283,26194,6395.0,19799.0,0.07840000000000001,DQB1,,,,
DQB1*02:01 / DQA1*05:01,DQB1*03:02 / DQA1*03:01,0.241,0.251,0.242,27197,6396.0,20801.0,0.058080999999999994,DQB1,,,,
DQB1*02:01 / DQA1*05:01,DQB1*03:02 / DQA1*03:02,0.233,0.275,0.222,22488,6396.0,16092.0,0.054289000000000004,DQB1,,,,
DQB1*02:01 / DQA1*05:01,DQB1*03:02 / DQA1*03:03,0.245,,0.245,4541,,4541.0,0.060024999999999995,DQB1,,,,
DQB1*02:01 / DQA1*05:01,DQB1*03:03 / DQA1*02:01,0.277,,0.277,20801,,20801.0,0.07672900000000002,DQB1,,,,
DQB1*02:01 / DQA1*05:01,DQB1*03:03 / DQA1*03:01,0.248,,0.248,20801,,20801.0,0.061503999999999996,DQB1,,,,
DQB1*02:01 / DQA1*05:01,DQB1*03:03 / DQA1*03:02,0.252,0.324,0.241,27156,6396.0,20760.0,0.063504,DQB1,,,,
DQB1*02:01 / DQA1*05:01,DQB1*03:03 / DQA1*04:01,0.407,0.407,,6396,6396.0,,0.165649,DQB1,,,,
DQB1*02:01 / DQA1*05:01,DQB1*03:03 / DQA1*06:01,0.394,0.394,,6396,6396.0,,0.155236,DQB1,,,,
DQB1*02:01 / DQA1*05:01,DQB1*03:04 / DQA1*03:01,0.527,,0.527,127,,127.0,0.277729,DQB1,,,,
DQB1*02:01 / DQA1*05:01,DQB1*03:19 / DQA1*02:01,0.372,,0.372,0,,0.0,0.138384,DQB1,,,,
DQB1*02:01 / DQA1*05:01,DQB1*03:19 / DQA1*05:05,0.348,,0.348,20677,,20677.0,0.12110399999999999,DQB1,,,,
DQB1*02:01 / DQA1*05:01,DQB1*04:01 / DQA1*02:01,0.324,0.336,0.327,27197,6396.0,20801.0,0.104976,DQB1,,,,
DQB1*02:01 / DQA1*05:01,DQB1*04:01 / DQA1*03:03,0.321,,0.321,20760,,20760.0,0.10304100000000001,DQB1,,,,
DQB1*02:01 / DQA1*05:01,DQB1*04:01 / DQA1*04:01,0.484,0.485,,6397,6397.0,,0.234256,DQB1,,,,
DQB1*02:01 / DQA1*05:01,DQB1*04:01 / DQA1*05:01,0.493,0.493,,6397,6397.0,,0.243049,DQB1,,,,
DQB1*02:01 / DQA1*05:01,DQB1*04:02 / DQA1*02:01,0.334,,0.334,20801,,20801.0,0.11155600000000002,DQB1,,,,
DQB1*02:01 / DQA1*05:01,DQB1*04:02 / DQA1*03:01,0.404,0.404,,6397,6397.0,,0.16321600000000003,DQB1,,,,
DQB1*02:01 / DQA1*05:01,DQB1*04:02 / DQA1*04:01,0.385,0.421,0.38,27198,6397.0,20801.0,0.148225,DQB1,,,,
DQB1*02:01 / DQA1*05:01,DQB1*04:02 / DQA1*06:01,0.47,0.47,,6397,6397.0,,0.22089999999999999,DQB1,,,,
DQB1*02:01 / DQA1*05:01,DQB1*05:01 / DQA1*01:01,0.161,0.245,0.149,27198,6397.0,20801.0,0.025921000000000003,DQB1,,,,
DQB1*02:01 / DQA1*05:01,DQB1*05:01 / DQA1*01:02,0.189,0.189,,6397,6397.0,,0.035721,DQB1,,,,
DQB1*02:01 / DQA1*05:01,DQB1*05:02 / DQA1*01:02,0.154,0.184,0.147,27198,6397.0,20801.0,0.023716,DQB1,,,,
DQB1*02:01 / DQA1*05:01,DQB1*05:03 / DQA1*01:01,0.072,,0.072,0,,0.0,0.005183999999999999,DQB1,,,,
DQB1*02:01 / DQA1*05:01,DQB1*05:03 / DQA1*01:04,0.273,0.273,,6397,6397.0,,0.07452900000000001,DQB1,,,,
DQB1*02:01 / DQA1*05:01,DQB1*06:01 / DQA1*01:03,0.182,0.126,0.196,27198,6397.0,20801.0,0.033124,DQB1,,,,
DQB1*02:01 / DQA1*05:01,DQB1*06:01 / DQA1*01:04,0.242,0.242,,6397,6397.0,,0.058564,DQB1,,,,
DQB1*02:01 / DQA1*05:01,DQB1*06:01 / DQA1*02:01,0.405,0.405,,6397,6397.0,,0.16402500000000003,DQB1,,,,
DQB1*02:01 / DQA1*05:01,DQB1*06:02 / DQA1*01:01,0.12,,0.12,20760,,20760.0,0.0144,DQB1,,,,
DQB1*02:01 / DQA1*05:01,DQB1*06:02 / DQA1*01:02,0.123,0.113,0.127,27198,6397.0,20801.0,0.015129,DQB1,,,,
DQB1*02:01 / DQA1*05:01,DQB1*06:03 / DQA1*01:03,0.121,0.197,0.111,27157,6397.0,20760.0,0.014641,DQB1,,,,
DQB1*02:01 / DQA1*05:01,DQB1*06:04 / DQA1*01:02,0.165,0.283,0.153,27157,6397.0,20760.0,0.027225000000000003,DQB1,,,,
DQB1*02:01 / DQA1*05:01,DQB1*06:09 / DQA1*01:02,0.186,,0.186,20760,,20760.0,0.034596,DQB1,,,,
DQB1*02:02 / DQA1*02:01,DPB1*01:01 / DPA1*01:03,0.288,0.257,0.302,26196,6397.0,19799.0,0.08294399999999999,DQB1,,,,
DQB1*02:02 / DQA1*02:01,DPB1*01:01 / DPA1*02:01,0.279,0.291,0.276,27197,6396.0,20801.0,0.07784100000000002,DQB1,,,,
DQB1*02:02 / DQA1*02:01,DPB1*01:01 / DPA1*02:02,0.246,0.246,,6396,6396.0,,0.060516,DQB1,,,,
DQB1*02:02 / DQA1*02:01,DPB1*01:01 / DPA1*03:01,0.258,0.258,,6397,6397.0,,0.066564,DQB1,,,,
DQB1*02:02 / DQA1*02:01,DPB1*02:01 / DPA1*01:03,0.265,0.22,0.282,27197,6396.0,20801.0,0.07022500000000001,DQB1,,,,
DQB1*02:02 / DQA1*02:01,DPB1*02:02 / DPA1*01:03,0.146,,0.146,0,,0.0,0.021315999999999998,DQB1,,,,
DQB1*02:02 / DQA1*02:01,DPB1*02:02 / DPA1*02:01,0.315,,0.315,3553,,3553.0,0.09922500000000001,DQB1,,,,
DQB1*02:02 / DQA1*02:01,DPB1*03:01 / DPA1*01:03,0.306,0.219,0.334,27198,6397.0,20801.0,0.093636,DQB1,,,,
DQB1*02:02 / DQA1*02:01,DPB1*03:01 / DPA1*01:04,0.386,,0.386,2287,,2287.0,0.14899600000000002,DQB1,,,,
DQB1*02:02 / DQA1*02:01,DPB1*03:01 / DPA1*01:05,0.344,,0.344,17512,,17512.0,0.11833599999999998,DQB1,,,,
DQB1*02:02 / DQA1*02:01,DPB1*03:01 / DPA1*02:01,0.351,,0.351,18909,,18909.0,0.12320099999999999,DQB1,,,,
DQB1*02:02 / DQA1*02:01,DPB1*04:01 / DPA1*01:03,0.302,0.139,0.349,27198,6397.0,20801.0,0.091204,DQB1,,,,
DQB1*02:02 / DQA1*02:01,DPB1*04:01 / DPA1*02:01,0.307,0.307,,6396,6396.0,,0.094249,DQB1,,,,
DQB1*02:02 / DQA1*02:01,DPB1*04:01 / DPA1*02:02,0.352,0.352,,6396,6396.0,,0.12390399999999999,DQB1,,,,
DQB1*02:02 / DQA1*02:01,DPB1*04:01 / DPA1*03:01,0.205,0.205,,6397,6397.0,,0.04202499999999999,DQB1,,,,
DQB1*02:02 / DQA1*02:01,DPB1*04:01 / DPA1*04:01,0.3,0.3,,6397,6397.0,,0.09,DQB1,,,,
DQB1*02:02 / DQA1*02:01,DPB1*04:02 / DPA1*01:03,0.252,0.142,0.284,27197,6396.0,20801.0,0.063504,DQB1,,,,
DQB1*02:02 / DQA1*02:01,DPB1*04:02 / DPA1*03:01,0.23,0.23,,6396,6396.0,,0.0529,DQB1,,,,
DQB1*02:02 / DQA1*02:01,DPB1*05:01 / DPA1*02:01,0.358,0.227,0.388,27197,6396.0,20801.0,0.128164,DQB1,,,,
DQB1*02:02 / DQA1*02:01,DPB1*05:01 / DPA1*02:02,0.291,0.266,0.291,21828,6396.0,15432.0,0.08468099999999999,DQB1,,,,
DQB1*02:02 / DQA1*02:01,DPB1*05:01 / DPA1*03:01,0.291,0.291,,6397,6397.0,,0.08468099999999999,DQB1,,,,
DQB1*02:02 / DQA1*02:01,DPB1*06:01 / DPA1*01:03,0.292,0.2,0.326,21829,6397.0,15432.0,0.08526399999999999,DQB1,,,,
DQB1*02:02 / DQA1*02:01,DPB1*06:01 / DPA1*02:01,0.363,,0.363,18909,,18909.0,0.131769,DQB1,,,,
DQB1*02:02 / DQA1*02:01,DPB1*09:01 / DPA1*02:01,0.355,0.293,0.382,27197,6396.0,20801.0,0.126025,DQB1,,,,
DQB1*02:02 / DQA1*02:01,DPB1*105:01 / DPA1*02:01,0.121,,0.121,0,,0.0,0.014641,DQB1,,,,
DQB1*02:02 / DQA1*02:01,DPB1*107:01 / DPA1*02:01,0.185,,0.185,0,,0.0,0.034225,DQB1,,,,
DQB1*02:02 / DQA1*02:01,DPB1*10:01 / DPA1*02:01,0.352,,0.352,6237,,6237.0,0.12390399999999999,DQB1,,,,
DQB1*02:02 / DQA1*02:01,DPB1*10:01 / DPA1*02:02,0.33,,0.33,14564,,14564.0,0.10890000000000001,DQB1,,,,
DQB1*02:02 / DQA1*02:01,DPB1*11:01 / DPA1*01:03,0.361,,0.361,17512,,17512.0,0.130321,DQB1,,,,
DQB1*02:02 / DQA1*02:01,DPB1*11:01 / DPA1*01:04,0.331,,0.331,2265,,2265.0,0.109561,DQB1,,,,
DQB1*02:02 / DQA1*02:01,DPB1*11:01 / DPA1*01:05,0.322,,0.322,2080,,2080.0,0.10368400000000001,DQB1,,,,
DQB1*02:02 / DQA1*02:01,DPB1*11:01 / DPA1*02:01,0.297,0.235,0.386,9685,6396.0,3289.0,0.088209,DQB1,,,,
DQB1*02:02 / DQA1*02:01,DPB1*11:01 / DPA1*02:02,0.364,,0.364,14564,,14564.0,0.132496,DQB1,,,,
DQB1*02:02 / DQA1*02:01,DPB1*13:01 / DPA1*01:04,0.348,,0.348,1397,,1397.0,0.12110399999999999,DQB1,,,,
DQB1*02:02 / DQA1*02:01,DPB1*13:01 / DPA1*01:05,0.351,,0.351,2080,,2080.0,0.12320099999999999,DQB1,,,,
DQB1*02:02 / DQA1*02:01,DPB1*13:01 / DPA1*02:01,0.354,0.293,0.376,27029,6396.0,20633.0,0.12531599999999998,DQB1,,,,
DQB1*02:02 / DQA1*02:01,DPB1*13:01 / DPA1*02:02,0.371,,0.371,15432,,15432.0,0.13764099999999999,DQB1,,,,
DQB1*02:02 / DQA1*02:01,DPB1*13:01 / DPA1*03:01,0.38,,0.38,15432,,15432.0,0.1444,DQB1,,,,
DQB1*02:02 / DQA1*02:01,DPB1*13:01 / DPA1*04:01,0.334,0.284,0.406,9685,6396.0,3289.0,0.11155600000000002,DQB1,,,,
DQB1*02:02 / DQA1*02:01,DPB1*14:01 / DPA1*02:01,0.285,0.178,0.32,27197,6396.0,20801.0,0.08122499999999999,DQB1,,,,
DQB1*02:02 / DQA1*02:01,DPB1*15:01 / DPA1*02:01,0.398,0.317,0.419,27156,6396.0,20760.0,0.15840400000000002,DQB1,,,,
DQB1*02:02 / DQA1*02:01,DPB1*17:01 / DPA1*02:01,0.347,0.283,0.381,27197,6396.0,20801.0,0.12040899999999999,DQB1,,,,
DQB1*02:02 / DQA1*02:01,DPB1*18:01 / DPA1*01:03,0.175,0.175,,6397,6397.0,,0.030624999999999996,DQB1,,,,
DQB1*02:02 / DQA1*02:01,DPB1*18:01 / DPA1*01:04,0.317,,0.317,19799,,19799.0,0.10048900000000001,DQB1,,,,
DQB1*02:02 / DQA1*02:01,DPB1*18:01 / DPA1*01:05,0.305,,0.305,19799,,19799.0,0.093025,DQB1,,,,
DQB1*02:02 / DQA1*02:01,DPB1*18:01 / DPA1*02:01,0.35,,0.35,20760,,20760.0,0.12249999999999998,DQB1,,,,
DQB1*02:02 / DQA1*02:01,DPB1*19:01 / DPA1*01:03,0.329,,0.329,17512,,17512.0,0.108241,DQB1,,,,
DQB1*02:02 / DQA1*02:01,DPB1*19:01 / DPA1*02:01,0.226,0.18,0.303,9685,6396.0,3289.0,0.051076,DQB1,,,,
DQB1*02:02 / DQA1*02:01,DPB1*20:01 / DPA1*01:03,0.337,,0.337,2287,,2287.0,0.11356900000000002,DQB1,,,,
DQB1*02:02 / DQA1*02:01,DPB1*20:01 / DPA1*03:01,0.328,,0.328,15432,,15432.0,0.10758400000000001,DQB1,,,,
DQB1*02:02 / DQA1*02:01,DPB1*23:01 / DPA1*01:03,0.335,,0.335,15432,,15432.0,0.11222500000000002,DQB1,,,,
DQB1*02:02 / DQA1*02:01,DPB1*23:01 / DPA1*02:01,0.333,,0.333,5328,,5328.0,0.11088900000000002,DQB1,,,,
DQB1*02:02 / DQA1*02:01,DPB1*26:01 / DPA1*03:01,0.188,,0.188,0,,0.0,0.035344,DQB1,,,,
DQB1*02:02 / DQA1*02:01,DPB1*28:01 / DPA1*01:03,0.276,,0.276,15432,,15432.0,0.07617600000000001,DQB1,,,,
DQB1*02:02 / DQA1*02:01,DPB1*28:01 / DPA1*01:04,0.34,,0.34,2287,,2287.0,0.11560000000000002,DQB1,,,,
DQB1*02:02 / DQA1*02:01,DPB1*28:01 / DPA1*01:05,0.3,,0.3,17512,,17512.0,0.09,DQB1,,,,
DQB1*02:02 / DQA1*02:01,DPB1*28:01 / DPA1*02:01,0.295,,0.295,2080,,2080.0,0.08702499999999999,DQB1,,,,
DQB1*02:02 / DQA1*02:01,DPB1*28:01 / DPA1*02:02,0.253,0.235,0.277,7792,6395.0,1397.0,0.064009,DQB1,,,,
DQB1*02:02 / DQA1*02:01,DPB1*28:01 / DPA1*04:01,0.336,,0.336,15432,,15432.0,0.11289600000000001,DQB1,,,,
DQB1*02:02 / DQA1*02:01,DPB1*30:01 / DPA1*02:01,0.183,,0.183,0,,0.0,0.033489,DQB1,,,,
DQB1*02:02 / DQA1*02:01,DPB1*31:01 / DPA1*03:01,0.199,,0.199,0,,0.0,0.039601000000000004,DQB1,,,,
DQB1*02:02 / DQA1*02:01,DPB1*40:01 / DPA1*01:05,0.209,,0.209,0,,0.0,0.043681,DQB1,,,,
DQB1*02:02 / DQA1*02:01,DPB1*85:01 / DPA1*01:03,0.177,,0.177,0,,0.0,0.031328999999999996,DQB1,,,,
DQB1*02:02 / DQA1*02:01,DQB1*02:02 / DQA1*03:02,0.715,0.715,,6397,6397.0,,0.5112249999999999,DQB1,,,,
DQB1*02:02 / DQA1*02:01,DQB1*02:02 / DQA1*05:01,0.705,0.705,,6397,6397.0,,0.49702499999999994,DQB1,,,,
DQB1*02:02 / DQA1*02:01,DQB1*03:01 / DQA1*02:01,0.361,,0.361,19799,,19799.0,0.130321,DQB1,,,,
DQB1*02:02 / DQA1*02:01,DQB1*03:01 / DQA1*03:01,0.307,0.271,0.32,27197,6396.0,20801.0,0.094249,DQB1,,,,
DQB1*02:02 / DQA1*02:01,DQB1*03:01 / DQA1*03:02,0.268,0.268,,6396,6396.0,,0.07182400000000001,DQB1,,,,
DQB1*02:02 / DQA1*02:01,DQB1*03:01 / DQA1*05:01,0.217,0.217,,6396,6396.0,,0.047089,DQB1,,,,
DQB1*02:02 / DQA1*02:01,DQB1*03:01 / DQA1*05:03,0.198,,0.198,20760,,20760.0,0.039204,DQB1,,,,
DQB1*02:02 / DQA1*02:01,DQB1*03:01 / DQA1*06:01,0.236,0.296,0.235,27197,6396.0,20801.0,0.055695999999999996,DQB1,,,,
DQB1*02:02 / DQA1*02:01,DQB1*03:02 / DQA1*01:01,0.324,,0.324,5369,,5369.0,0.104976,DQB1,,,,
DQB1*02:02 / DQA1*02:01,DQB1*03:02 / DQA1*02:01,0.361,0.277,0.383,26194,6395.0,19799.0,0.130321,DQB1,,,,
DQB1*02:02 / DQA1*02:01,DQB1*03:02 / DQA1*03:01,0.279,0.171,0.305,27197,6396.0,20801.0,0.07784100000000002,DQB1,,,,
DQB1*02:02 / DQA1*02:01,DQB1*03:02 / DQA1*03:02,0.214,0.203,0.223,22488,6396.0,16092.0,0.045795999999999996,DQB1,,,,
DQB1*02:02 / DQA1*02:01,DQB1*03:02 / DQA1*03:03,0.269,,0.269,4541,,4541.0,0.07236100000000001,DQB1,,,,
DQB1*02:02 / DQA1*02:01,DQB1*03:03 / DQA1*02:01,0.364,,0.364,20801,,20801.0,0.132496,DQB1,,,,
DQB1*02:02 / DQA1*02:01,DQB1*03:03 / DQA1*03:01,0.307,,0.307,20801,,20801.0,0.094249,DQB1,,,,
DQB1*02:02 / DQA1*02:01,DQB1*03:03 / DQA1*03:02,0.248,0.239,0.262,27156,6396.0,20760.0,0.061503999999999996,DQB1,,,,
DQB1*02:02 / DQA1*02:01,DQB1*03:03 / DQA1*04:01,0.274,0.274,,6396,6396.0,,0.07507600000000002,DQB1,,,,
DQB1*02:02 / DQA1*02:01,DQB1*03:03 / DQA1*06:01,0.253,0.253,,6396,6396.0,,0.064009,DQB1,,,,
DQB1*02:02 / DQA1*02:01,DQB1*03:04 / DQA1*03:01,0.513,,0.513,127,,127.0,0.263169,DQB1,,,,
DQB1*02:02 / DQA1*02:01,DQB1*03:19 / DQA1*02:01,0.273,,0.273,0,,0.0,0.07452900000000001,DQB1,,,,
DQB1*02:02 / DQA1*02:01,DQB1*03:19 / DQA1*05:05,0.199,,0.199,20677,,20677.0,0.039601000000000004,DQB1,,,,
DQB1*02:02 / DQA1*02:01,DQB1*04:01 / DQA1*02:01,0.434,0.32,0.46,27197,6396.0,20801.0,0.188356,DQB1,,,,
DQB1*02:02 / DQA1*02:01,DQB1*04:01 / DQA1*03:03,0.355,,0.355,20760,,20760.0,0.126025,DQB1,,,,
DQB1*02:02 / DQA1*02:01,DQB1*04:01 / DQA1*04:01,0.323,0.323,,6397,6397.0,,0.104329,DQB1,,,,
DQB1*02:02 / DQA1*02:01,DQB1*04:01 / DQA1*05:01,0.307,0.307,,6397,6397.0,,0.094249,DQB1,,,,
DQB1*02:02 / DQA1*02:01,DQB1*04:02 / DQA1*02:01,0.456,,0.456,20801,,20801.0,0.207936,DQB1,,,,
DQB1*02:02 / DQA1*02:01,DQB1*04:02 / DQA1*03:01,0.302,0.302,,6397,6397.0,,0.091204,DQB1,,,,
DQB1*02:02 / DQA1*02:01,DQB1*04:02 / DQA1*04:01,0.358,0.271,0.395,27198,6397.0,20801.0,0.128164,DQB1,,,,
DQB1*02:02 / DQA1*02:01,DQB1*04:02 / DQA1*06:01,0.302,0.302,,6397,6397.0,,0.091204,DQB1,,,,
DQB1*02:02 / DQA1*02:01,DQB1*05:01 / DQA1*01:01,0.234,0.197,0.275,27198,6397.0,20801.0,0.054756000000000006,DQB1,,,,
DQB1*02:02 / DQA1*02:01,DQB1*05:01 / DQA1*01:02,0.138,0.138,,6397,6397.0,,0.019044000000000002,DQB1,,,,
DQB1*02:02 / DQA1*02:01,DQB1*05:02 / DQA1*01:02,0.256,0.131,0.303,27198,6397.0,20801.0,0.065536,DQB1,,,,
DQB1*02:02 / DQA1*02:01,DQB1*05:03 / DQA1*01:01,0.149,,0.149,0,,0.0,0.022201,DQB1,,,,
DQB1*02:02 / DQA1*02:01,DQB1*05:03 / DQA1*01:04,0.196,0.196,,6397,6397.0,,0.038416000000000006,DQB1,,,,
DQB1*02:02 / DQA1*02:01,DQB1*06:01 / DQA1*01:03,0.217,0.06,0.257,27198,6397.0,20801.0,0.047089,DQB1,,,,
DQB1*02:02 / DQA1*02:01,DQB1*06:01 / DQA1*01:04,0.154,0.153,,6397,6397.0,,0.023716,DQB1,,,,
DQB1*02:02 / DQA1*02:01,DQB1*06:01 / DQA1*02:01,0.377,0.377,,6397,6397.0,,0.142129,DQB1,,,,
DQB1*02:02 / DQA1*02:01,DQB1*06:02 / DQA1*01:01,0.243,,0.243,20760,,20760.0,0.059049,DQB1,,,,
DQB1*02:02 / DQA1*02:01,DQB1*06:02 / DQA1*01:02,0.214,0.069,0.249,27198,6397.0,20801.0,0.045795999999999996,DQB1,,,,
DQB1*02:02 / DQA1*02:01,DQB1*06:03 / DQA1*01:03,0.151,0.126,0.164,27157,6397.0,20760.0,0.022801,DQB1,,,,
DQB1*02:02 / DQA1*02:01,DQB1*06:04 / DQA1*01:02,0.242,0.198,0.291,27157,6397.0,20760.0,0.058564,DQB1,,,,
DQB1*02:02 / DQA1*02:01,DQB1*06:09 / DQA1*01:02,0.249,,0.249,20760,,20760.0,0.062001,DQB1,,,,
DQB1*02:02 / DQA1*03:02,DPB1*01:01 / DPA1*01:03,0.289,0.289,,6397,6397.0,,0.08352099999999998,DQB1,,,,
DQB1*02:02 / DQA1*03:02,DPB1*01:01 / DPA1*02:01,0.277,0.277,,6396,6396.0,,0.07672900000000002,DQB1,,,,
DQB1*02:02 / DQA1*03:02,DPB1*01:01 / DPA1*02:02,0.271,0.271,,6396,6396.0,,0.073441,DQB1,,,,
DQB1*02:02 / DQA1*03:02,DPB1*01:01 / DPA1*03:01,0.302,0.302,,6397,6397.0,,0.091204,DQB1,,,,
DQB1*02:02 / DQA1*03:02,DPB1*02:01 / DPA1*01:03,0.229,0.229,,6396,6396.0,,0.052441,DQB1,,,,
DQB1*02:02 / DQA1*03:02,DPB1*03:01 / DPA1*01:03,0.273,0.273,,6397,6397.0,,0.07452900000000001,DQB1,,,,
DQB1*02:02 / DQA1*03:02,DPB1*04:01 / DPA1*01:03,0.17,0.17,,6397,6397.0,,0.028900000000000006,DQB1,,,,
DQB1*02:02 / DQA1*03:02,DPB1*04:01 / DPA1*02:01,0.325,0.325,,6396,6396.0,,0.10562500000000001,DQB1,,,,
DQB1*02:02 / DQA1*03:02,DPB1*04:01 / DPA1*02:02,0.34,0.34,,6396,6396.0,,0.11560000000000002,DQB1,,,,
DQB1*02:02 / DQA1*03:02,DPB1*04:01 / DPA1*03:01,0.207,0.207,,6397,6397.0,,0.042849,DQB1,,,,
DQB1*02:02 / DQA1*03:02,DPB1*04:01 / DPA1*04:01,0.293,0.293,,6397,6397.0,,0.085849,DQB1,,,,
DQB1*02:02 / DQA1*03:02,DPB1*04:02 / DPA1*01:03,0.172,0.172,,6396,6396.0,,0.029583999999999996,DQB1,,,,
DQB1*02:02 / DQA1*03:02,DPB1*04:02 / DPA1*03:01,0.248,0.248,,6396,6396.0,,0.061503999999999996,DQB1,,,,
DQB1*02:02 / DQA1*03:02,DPB1*05:01 / DPA1*02:01,0.224,0.224,,6396,6396.0,,0.050176000000000005,DQB1,,,,
DQB1*02:02 / DQA1*03:02,DPB1*05:01 / DPA1*02:02,0.283,0.283,,6396,6396.0,,0.08008899999999998,DQB1,,,,
DQB1*02:02 / DQA1*03:02,DPB1*05:01 / DPA1*03:01,0.307,0.307,,6397,6397.0,,0.094249,DQB1,,,,
DQB1*02:02 / DQA1*03:02,DPB1*06:01 / DPA1*01:03,0.257,0.257,,6397,6397.0,,0.066049,DQB1,,,,
DQB1*02:02 / DQA1*03:02,DPB1*09:01 / DPA1*02:01,0.319,0.319,,6396,6396.0,,0.101761,DQB1,,,,
DQB1*02:02 / DQA1*03:02,DPB1*11:01 / DPA1*02:01,0.23,0.23,,6396,6396.0,,0.0529,DQB1,,,,
DQB1*02:02 / DQA1*03:02,DPB1*13:01 / DPA1*02:01,0.296,0.296,,6396,6396.0,,0.08761599999999999,DQB1,,,,
DQB1*02:02 / DQA1*03:02,DPB1*13:01 / DPA1*04:01,0.333,0.333,,6396,6396.0,,0.11088900000000002,DQB1,,,,
DQB1*02:02 / DQA1*03:02,DPB1*14:01 / DPA1*02:01,0.218,0.218,,6396,6396.0,,0.047524,DQB1,,,,
DQB1*02:02 / DQA1*03:02,DPB1*15:01 / DPA1*02:01,0.357,0.357,,6396,6396.0,,0.12744899999999998,DQB1,,,,
DQB1*02:02 / DQA1*03:02,DPB1*17:01 / DPA1*02:01,0.311,0.311,,6396,6396.0,,0.096721,DQB1,,,,
DQB1*02:02 / DQA1*03:02,DPB1*18:01 / DPA1*01:03,0.232,0.232,,6397,6397.0,,0.053824000000000004,DQB1,,,,
DQB1*02:02 / DQA1*03:02,DPB1*19:01 / DPA1*02:01,0.211,0.211,,6396,6396.0,,0.044521,DQB1,,,,
DQB1*02:02 / DQA1*03:02,DPB1*28:01 / DPA1*02:02,0.275,0.275,,6395,6395.0,,0.07562500000000001,DQB1,,,,
DQB1*02:02 / DQA1*03:02,DQB1*02:02 / DQA1*05:01,0.789,0.789,,6397,6397.0,,0.6225210000000001,DQB1,,,,
DQB1*02:02 / DQA1*03:02,DQB1*03:01 / DQA1*03:01,0.396,0.396,,6396,6396.0,,0.156816,DQB1,,,,
DQB1*02:02 / DQA1*03:02,DQB1*03:01 / DQA1*03:02,0.399,0.399,,6396,6396.0,,0.159201,DQB1,,,,
DQB1*02:02 / DQA1*03:02,DQB1*03:01 / DQA1*05:01,0.277,0.277,,6396,6396.0,,0.07672900000000002,DQB1,,,,
DQB1*02:02 / DQA1*03:02,DQB1*03:01 / DQA1*06:01,0.383,0.383,,6396,6396.0,,0.146689,DQB1,,,,
DQB1*02:02 / DQA1*03:02,DQB1*03:02 / DQA1*02:01,0.303,0.303,,6395,6395.0,,0.091809,DQB1,,,,
DQB1*02:02 / DQA1*03:02,DQB1*03:02 / DQA1*03:01,0.299,0.299,,6396,6396.0,,0.089401,DQB1,,,,
DQB1*02:02 / DQA1*03:02,DQB1*03:02 / DQA1*03:02,0.321,0.321,,6396,6396.0,,0.10304100000000001,DQB1,,,,
DQB1*02:02 / DQA1*03:02,DQB1*03:03 / DQA1*03:02,0.356,0.356,,6396,6396.0,,0.126736,DQB1,,,,
DQB1*02:02 / DQA1*03:02,DQB1*03:03 / DQA1*04:01,0.349,0.349,,6396,6396.0,,0.12180099999999998,DQB1,,,,
DQB1*02:02 / DQA1*03:02,DQB1*03:03 / DQA1*06:01,0.346,0.346,,6396,6396.0,,0.11971599999999999,DQB1,,,,
DQB1*02:02 / DQA1*03:02,DQB1*04:01 / DQA1*02:01,0.308,0.308,,6396,6396.0,,0.094864,DQB1,,,,
DQB1*02:02 / DQA1*03:02,DQB1*04:01 / DQA1*04:01,0.389,0.389,,6397,6397.0,,0.151321,DQB1,,,,
DQB1*02:02 / DQA1*03:02,DQB1*04:01 / DQA1*05:01,0.386,0.386,,6397,6397.0,,0.14899600000000002,DQB1,,,,
DQB1*02:02 / DQA1*03:02,DQB1*04:02 / DQA1*03:01,0.422,0.422,,6397,6397.0,,0.178084,DQB1,,,,
DQB1*02:02 / DQA1*03:02,DQB1*04:02 / DQA1*04:01,0.338,0.338,,6397,6397.0,,0.11424400000000001,DQB1,,,,
DQB1*02:02 / DQA1*03:02,DQB1*04:02 / DQA1*06:01,0.379,0.379,,6397,6397.0,,0.143641,DQB1,,,,
DQB1*02:02 / DQA1*03:02,DQB1*05:01 / DQA1*01:01,0.196,0.196,,6397,6397.0,,0.038416000000000006,DQB1,,,,
DQB1*02:02 / DQA1*03:02,DQB1*05:01 / DQA1*01:02,0.149,0.149,,6397,6397.0,,0.022201,DQB1,,,,
DQB1*02:02 / DQA1*03:02,DQB1*05:02 / DQA1*01:02,0.153,0.153,,6397,6397.0,,0.023409,DQB1,,,,
DQB1*02:02 / DQA1*03:02,DQB1*05:03 / DQA1*01:04,0.233,0.233,,6397,6397.0,,0.054289000000000004,DQB1,,,,
DQB1*02:02 / DQA1*03:02,DQB1*06:01 / DQA1*01:03,0.102,0.102,,6397,6397.0,,0.010403999999999998,DQB1,,,,
DQB1*02:02 / DQA1*03:02,DQB1*06:01 / DQA1*01:04,0.189,0.189,,6397,6397.0,,0.035721,DQB1,,,,
DQB1*02:02 / DQA1*03:02,DQB1*06:01 / DQA1*02:01,0.363,0.363,,6397,6397.0,,0.131769,DQB1,,,,
DQB1*02:02 / DQA1*03:02,DQB1*06:02 / DQA1*01:02,0.093,0.093,,6397,6397.0,,0.008649,DQB1,,,,
DQB1*02:02 / DQA1*03:02,DQB1*06:03 / DQA1*01:03,0.165,0.165,,6397,6397.0,,0.027225000000000003,DQB1,,,,
DQB1*02:02 / DQA1*03:02,DQB1*06:04 / DQA1*01:02,0.236,0.236,,6397,6397.0,,0.055695999999999996,DQB1,,,,
DQB1*02:02 / DQA1*05:01,DPB1*01:01 / DPA1*01:03,0.334,0.334,,6397,6397.0,,0.11155600000000002,DQB1,,,,
DQB1*02:02 / DQA1*05:01,DPB1*01:01 / DPA1*02:01,0.319,0.319,,6396,6396.0,,0.101761,DQB1,,,,
DQB1*02:02 / DQA1*05:01,DPB1*01:01 / DPA1*02:02,0.308,0.308,,6396,6396.0,,0.094864,DQB1,,,,
DQB1*02:02 / DQA1*05:01,DPB1*01:01 / DPA1*03:01,0.329,0.329,,6397,6397.0,,0.108241,DQB1,,,,
DQB1*02:02 / DQA1*05:01,DPB1*02:01 / DPA1*01:03,0.264,0.264,,6396,6396.0,,0.06969600000000001,DQB1,,,,
DQB1*02:02 / DQA1*05:01,DPB1*03:01 / DPA1*01:03,0.284,0.284,,6397,6397.0,,0.08065599999999999,DQB1,,,,
DQB1*02:02 / DQA1*05:01,DPB1*04:01 / DPA1*01:03,0.2,0.2,,6397,6397.0,,0.04000000000000001,DQB1,,,,
DQB1*02:02 / DQA1*05:01,DPB1*04:01 / DPA1*02:01,0.343,0.343,,6396,6396.0,,0.11764900000000002,DQB1,,,,
DQB1*02:02 / DQA1*05:01,DPB1*04:01 / DPA1*02:02,0.405,0.405,,6396,6396.0,,0.16402500000000003,DQB1,,,,
DQB1*02:02 / DQA1*05:01,DPB1*04:01 / DPA1*03:01,0.254,0.254,,6397,6397.0,,0.064516,DQB1,,,,
DQB1*02:02 / DQA1*05:01,DPB1*04:01 / DPA1*04:01,0.343,0.343,,6397,6397.0,,0.11764900000000002,DQB1,,,,
DQB1*02:02 / DQA1*05:01,DPB1*04:02 / DPA1*01:03,0.243,0.243,,6396,6396.0,,0.059049,DQB1,,,,
DQB1*02:02 / DQA1*05:01,DPB1*04:02 / DPA1*03:01,0.292,0.292,,6396,6396.0,,0.08526399999999999,DQB1,,,,
DQB1*02:02 / DQA1*05:01,DPB1*05:01 / DPA1*02:01,0.268,0.268,,6396,6396.0,,0.07182400000000001,DQB1,,,,
DQB1*02:02 / DQA1*05:01,DPB1*05:01 / DPA1*02:02,0.329,0.329,,6396,6396.0,,0.108241,DQB1,,,,
DQB1*02:02 / DQA1*05:01,DPB1*05:01 / DPA1*03:01,0.322,0.322,,6397,6397.0,,0.10368400000000001,DQB1,,,,
DQB1*02:02 / DQA1*05:01,DPB1*06:01 / DPA1*01:03,0.251,0.251,,6397,6397.0,,0.063001,DQB1,,,,
DQB1*02:02 / DQA1*05:01,DPB1*09:01 / DPA1*02:01,0.349,0.349,,6396,6396.0,,0.12180099999999998,DQB1,,,,
DQB1*02:02 / DQA1*05:01,DPB1*11:01 / DPA1*02:01,0.235,0.235,,6396,6396.0,,0.055224999999999996,DQB1,,,,
DQB1*02:02 / DQA1*05:01,DPB1*13:01 / DPA1*02:01,0.345,0.345,,6396,6396.0,,0.11902499999999998,DQB1,,,,
DQB1*02:02 / DQA1*05:01,DPB1*13:01 / DPA1*04:01,0.389,0.389,,6396,6396.0,,0.151321,DQB1,,,,
DQB1*02:02 / DQA1*05:01,DPB1*14:01 / DPA1*02:01,0.201,0.201,,6396,6396.0,,0.040401000000000006,DQB1,,,,
DQB1*02:02 / DQA1*05:01,DPB1*15:01 / DPA1*02:01,0.399,0.399,,6396,6396.0,,0.159201,DQB1,,,,
DQB1*02:02 / DQA1*05:01,DPB1*17:01 / DPA1*02:01,0.35,0.35,,6396,6396.0,,0.12249999999999998,DQB1,,,,
DQB1*02:02 / DQA1*05:01,DPB1*18:01 / DPA1*01:03,0.245,0.245,,6397,6397.0,,0.060024999999999995,DQB1,,,,
DQB1*02:02 / DQA1*05:01,DPB1*19:01 / DPA1*02:01,0.171,0.171,,6396,6396.0,,0.029241000000000003,DQB1,,,,
DQB1*02:02 / DQA1*05:01,DPB1*28:01 / DPA1*02:02,0.309,0.309,,6395,6395.0,,0.095481,DQB1,,,,
DQB1*02:02 / DQA1*05:01,DQB1*03:01 / DQA1*03:01,0.37,0.37,,6396,6396.0,,0.1369,DQB1,,,,
DQB1*02:02 / DQA1*05:01,DQB1*03:01 / DQA1*03:02,0.386,0.386,,6396,6396.0,,0.14899600000000002,DQB1,,,,
DQB1*02:02 / DQA1*05:01,DQB1*03:01 / DQA1*05:01,0.385,0.385,,6396,6396.0,,0.148225,DQB1,,,,
DQB1*02:02 / DQA1*05:01,DQB1*03:01 / DQA1*06:01,0.451,0.451,,6396,6396.0,,0.203401,DQB1,,,,
DQB1*02:02 / DQA1*05:01,DQB1*03:02 / DQA1*02:01,0.279,0.279,,6395,6395.0,,0.07784100000000002,DQB1,,,,
DQB1*02:02 / DQA1*05:01,DQB1*03:02 / DQA1*03:01,0.235,0.235,,6396,6396.0,,0.055224999999999996,DQB1,,,,
DQB1*02:02 / DQA1*05:01,DQB1*03:02 / DQA1*03:02,0.251,0.251,,6396,6396.0,,0.063001,DQB1,,,,
DQB1*02:02 / DQA1*05:01,DQB1*03:03 / DQA1*03:02,0.304,0.304,,6396,6396.0,,0.092416,DQB1,,,,
DQB1*02:02 / DQA1*05:01,DQB1*03:03 / DQA1*04:01,0.383,0.383,,6396,6396.0,,0.146689,DQB1,,,,
DQB1*02:02 / DQA1*05:01,DQB1*03:03 / DQA1*06:01,0.38,0.38,,6396,6396.0,,0.1444,DQB1,,,,
DQB1*02:02 / DQA1*05:01,DQB1*04:01 / DQA1*02:01,0.319,0.319,,6396,6396.0,,0.101761,DQB1,,,,
DQB1*02:02 / DQA1*05:01,DQB1*04:01 / DQA1*04:01,0.461,0.461,,6397,6397.0,,0.21252100000000002,DQB1,,,,
DQB1*02:02 / DQA1*05:01,DQB1*04:01 / DQA1*05:01,0.477,0.477,,6397,6397.0,,0.22752899999999998,DQB1,,,,
DQB1*02:02 / DQA1*05:01,DQB1*04:02 / DQA1*03:01,0.386,0.386,,6397,6397.0,,0.14899600000000002,DQB1,,,,
DQB1*02:02 / DQA1*05:01,DQB1*04:02 / DQA1*04:01,0.401,0.401,,6397,6397.0,,0.16080100000000003,DQB1,,,,
DQB1*02:02 / DQA1*05:01,DQB1*04:02 / DQA1*06:01,0.45,0.45,,6397,6397.0,,0.2025,DQB1,,,,
DQB1*02:02 / DQA1*05:01,DQB1*05:01 / DQA1*01:01,0.225,0.225,,6397,6397.0,,0.050625,DQB1,,,,
DQB1*02:02 / DQA1*05:01,DQB1*05:01 / DQA1*01:02,0.175,0.175,,6397,6397.0,,0.030624999999999996,DQB1,,,,
DQB1*02:02 / DQA1*05:01,DQB1*05:02 / DQA1*01:02,0.175,0.175,,6397,6397.0,,0.030624999999999996,DQB1,,,,
DQB1*02:02 / DQA1*05:01,DQB1*05:03 / DQA1*01:04,0.246,0.246,,6397,6397.0,,0.060516,DQB1,,,,
DQB1*02:02 / DQA1*05:01,DQB1*06:01 / DQA1*01:03,0.106,0.106,,6397,6397.0,,0.011236,DQB1,,,,
DQB1*02:02 / DQA1*05:01,DQB1*06:01 / DQA1*01:04,0.217,0.217,,6397,6397.0,,0.047089,DQB1,,,,
DQB1*02:02 / DQA1*05:01,DQB1*06:01 / DQA1*02:01,0.378,0.378,,6397,6397.0,,0.142884,DQB1,,,,
DQB1*02:02 / DQA1*05:01,DQB1*06:02 / DQA1*01:02,0.098,0.098,,6397,6397.0,,0.009604000000000001,DQB1,,,,
DQB1*02:02 / DQA1*05:01,DQB1*06:03 / DQA1*01:03,0.184,0.184,,6397,6397.0,,0.033856,DQB1,,,,
DQB1*02:02 / DQA1*05:01,DQB1*06:04 / DQA1*01:02,0.272,0.272,,6397,6397.0,,0.07398400000000001,DQB1,,,,
DQB1*03:01 / DQA1*02:01,DPB1*01:01 / DPA1*01:03,0.191,,0.191,19799,,19799.0,0.036481,DQB1,,,,
DQB1*03:01 / DQA1*02:01,DPB1*01:01 / DPA1*02:01,0.147,,0.147,19799,,19799.0,0.021608999999999996,DQB1,,,,
DQB1*03:01 / DQA1*02:01,DPB1*02:01 / DPA1*01:03,0.26,,0.26,19799,,19799.0,0.06760000000000001,DQB1,,,,
DQB1*03:01 / DQA1*02:01,DPB1*02:02 / DPA1*01:03,0.061,,0.061,0,,0.0,0.003721,DQB1,,,,
DQB1*03:01 / DQA1*02:01,DPB1*02:02 / DPA1*02:01,0.178,,0.178,2592,,2592.0,0.031684,DQB1,,,,
DQB1*03:01 / DQA1*02:01,DPB1*03:01 / DPA1*01:03,0.214,,0.214,19799,,19799.0,0.045795999999999996,DQB1,,,,
DQB1*03:01 / DQA1*02:01,DPB1*03:01 / DPA1*01:04,0.294,,0.294,2287,,2287.0,0.08643599999999999,DQB1,,,,
DQB1*03:01 / DQA1*02:01,DPB1*03:01 / DPA1*01:05,0.23,,0.23,17512,,17512.0,0.0529,DQB1,,,,
DQB1*03:01 / DQA1*02:01,DPB1*03:01 / DPA1*02:01,0.245,,0.245,18909,,18909.0,0.060024999999999995,DQB1,,,,
DQB1*03:01 / DQA1*02:01,DPB1*04:01 / DPA1*01:03,0.232,,0.232,19799,,19799.0,0.053824000000000004,DQB1,,,,
DQB1*03:01 / DQA1*02:01,DPB1*04:02 / DPA1*01:03,0.272,,0.272,19799,,19799.0,0.07398400000000001,DQB1,,,,
DQB1*03:01 / DQA1*02:01,DPB1*05:01 / DPA1*02:01,0.197,,0.197,19799,,19799.0,0.038809,DQB1,,,,
DQB1*03:01 / DQA1*02:01,DPB1*05:01 / DPA1*02:02,0.15,,0.15,15432,,15432.0,0.0225,DQB1,,,,
DQB1*03:01 / DQA1*02:01,DPB1*06:01 / DPA1*01:03,0.221,,0.221,15432,,15432.0,0.048841,DQB1,,,,
DQB1*03:01 / DQA1*02:01,DPB1*06:01 / DPA1*02:01,0.242,,0.242,18909,,18909.0,0.058564,DQB1,,,,
DQB1*03:01 / DQA1*02:01,DPB1*09:01 / DPA1*02:01,0.24,,0.24,19799,,19799.0,0.0576,DQB1,,,,
DQB1*03:01 / DQA1*02:01,DPB1*105:01 / DPA1*02:01,0.139,,0.139,0,,0.0,0.019321000000000005,DQB1,,,,
DQB1*03:01 / DQA1*02:01,DPB1*107:01 / DPA1*02:01,0.063,,0.063,0,,0.0,0.003969,DQB1,,,,
DQB1*03:01 / DQA1*02:01,DPB1*10:01 / DPA1*02:01,0.222,,0.222,5235,,5235.0,0.049284,DQB1,,,,
DQB1*03:01 / DQA1*02:01,DPB1*10:01 / DPA1*02:02,0.234,,0.234,14564,,14564.0,0.054756000000000006,DQB1,,,,
DQB1*03:01 / DQA1*02:01,DPB1*11:01 / DPA1*01:03,0.196,,0.196,17512,,17512.0,0.038416000000000006,DQB1,,,,
DQB1*03:01 / DQA1*02:01,DPB1*11:01 / DPA1*01:04,0.231,,0.231,2265,,2265.0,0.053361000000000006,DQB1,,,,
DQB1*03:01 / DQA1*02:01,DPB1*11:01 / DPA1*01:05,0.185,,0.185,2080,,2080.0,0.034225,DQB1,,,,
DQB1*03:01 / DQA1*02:01,DPB1*11:01 / DPA1*02:01,0.226,,0.226,2287,,2287.0,0.051076,DQB1,,,,
DQB1*03:01 / DQA1*02:01,DPB1*11:01 / DPA1*02:02,0.206,,0.206,14564,,14564.0,0.042435999999999995,DQB1,,,,
DQB1*03:01 / DQA1*02:01,DPB1*13:01 / DPA1*01:04,0.205,,0.205,1397,,1397.0,0.04202499999999999,DQB1,,,,
DQB1*03:01 / DQA1*02:01,DPB1*13:01 / DPA1*01:05,0.24,,0.24,2080,,2080.0,0.0576,DQB1,,,,
DQB1*03:01 / DQA1*02:01,DPB1*13:01 / DPA1*02:01,0.215,,0.215,19799,,19799.0,0.046224999999999995,DQB1,,,,
DQB1*03:01 / DQA1*02:01,DPB1*13:01 / DPA1*02:02,0.22,,0.22,15432,,15432.0,0.0484,DQB1,,,,
DQB1*03:01 / DQA1*02:01,DPB1*13:01 / DPA1*03:01,0.229,,0.229,15432,,15432.0,0.052441,DQB1,,,,
DQB1*03:01 / DQA1*02:01,DPB1*13:01 / DPA1*04:01,0.247,,0.247,2287,,2287.0,0.061009,DQB1,,,,
DQB1*03:01 / DQA1*02:01,DPB1*14:01 / DPA1*02:01,0.201,,0.201,19799,,19799.0,0.040401000000000006,DQB1,,,,
DQB1*03:01 / DQA1*02:01,DPB1*15:01 / DPA1*02:01,0.251,,0.251,19799,,19799.0,0.063001,DQB1,,,,
DQB1*03:01 / DQA1*02:01,DPB1*17:01 / DPA1*02:01,0.237,,0.237,19799,,19799.0,0.056169,DQB1,,,,
DQB1*03:01 / DQA1*02:01,DPB1*18:01 / DPA1*01:04,0.269,,0.269,19799,,19799.0,0.07236100000000001,DQB1,,,,
DQB1*03:01 / DQA1*02:01,DPB1*18:01 / DPA1*01:05,0.272,,0.272,19799,,19799.0,0.07398400000000001,DQB1,,,,
DQB1*03:01 / DQA1*02:01,DPB1*18:01 / DPA1*02:01,0.268,,0.268,19799,,19799.0,0.07182400000000001,DQB1,,,,
DQB1*03:01 / DQA1*02:01,DPB1*19:01 / DPA1*01:03,0.232,,0.232,17512,,17512.0,0.053824000000000004,DQB1,,,,
DQB1*03:01 / DQA1*02:01,DPB1*19:01 / DPA1*02:01,0.25,,0.25,2287,,2287.0,0.0625,DQB1,,,,
DQB1*03:01 / DQA1*02:01,DPB1*20:01 / DPA1*01:03,0.181,,0.181,2287,,2287.0,0.032761,DQB1,,,,
DQB1*03:01 / DQA1*02:01,DPB1*20:01 / DPA1*03:01,0.233,,0.233,15432,,15432.0,0.054289000000000004,DQB1,,,,
DQB1*03:01 / DQA1*02:01,DPB1*23:01 / DPA1*01:03,0.231,,0.231,15432,,15432.0,0.053361000000000006,DQB1,,,,
DQB1*03:01 / DQA1*02:01,DPB1*23:01 / DPA1*02:01,0.189,,0.189,4367,,4367.0,0.035721,DQB1,,,,
DQB1*03:01 / DQA1*02:01,DPB1*26:01 / DPA1*03:01,0.065,,0.065,0,,0.0,0.0042250000000000005,DQB1,,,,
DQB1*03:01 / DQA1*02:01,DPB1*28:01 / DPA1*01:03,0.253,,0.253,15432,,15432.0,0.064009,DQB1,,,,
DQB1*03:01 / DQA1*02:01,DPB1*28:01 / DPA1*01:04,0.309,,0.309,2287,,2287.0,0.095481,DQB1,,,,
DQB1*03:01 / DQA1*02:01,DPB1*28:01 / DPA1*01:05,0.276,,0.276,17512,,17512.0,0.07617600000000001,DQB1,,,,
DQB1*03:01 / DQA1*02:01,DPB1*28:01 / DPA1*02:01,0.25,,0.25,2080,,2080.0,0.0625,DQB1,,,,
DQB1*03:01 / DQA1*02:01,DPB1*28:01 / DPA1*02:02,0.239,,0.239,1397,,1397.0,0.057121,DQB1,,,,
DQB1*03:01 / DQA1*02:01,DPB1*28:01 / DPA1*04:01,0.281,,0.281,15432,,15432.0,0.07896100000000002,DQB1,,,,
DQB1*03:01 / DQA1*02:01,DPB1*30:01 / DPA1*02:01,0.021,,0.021,0,,0.0,0.00044100000000000004,DQB1,,,,
DQB1*03:01 / DQA1*02:01,DPB1*31:01 / DPA1*03:01,0.048,,0.048,0,,0.0,0.002304,DQB1,,,,
DQB1*03:01 / DQA1*02:01,DPB1*40:01 / DPA1*01:05,0.058,,0.058,0,,0.0,0.0033640000000000002,DQB1,,,,
DQB1*03:01 / DQA1*02:01,DPB1*85:01 / DPA1*01:03,0.062,,0.062,0,,0.0,0.0038439999999999998,DQB1,,,,
DQB1*03:01 / DQA1*02:01,DQB1*03:01 / DQA1*03:01,0.849,,0.849,19799,,19799.0,0.7208009999999999,DQB1,,,,
DQB1*03:01 / DQA1*02:01,DQB1*03:01 / DQA1*05:03,0.792,,0.792,19799,,19799.0,0.627264,DQB1,,,,
DQB1*03:01 / DQA1*02:01,DQB1*03:01 / DQA1*06:01,0.808,,0.808,19799,,19799.0,0.6528640000000001,DQB1,,,,
DQB1*03:01 / DQA1*02:01,DQB1*03:02 / DQA1*01:01,0.696,,0.696,4367,,4367.0,0.48441599999999996,DQB1,,,,
DQB1*03:01 / DQA1*02:01,DQB1*03:02 / DQA1*02:01,0.757,,0.757,19799,,19799.0,0.573049,DQB1,,,,
DQB1*03:01 / DQA1*02:01,DQB1*03:02 / DQA1*03:01,0.684,,0.684,19799,,19799.0,0.46785600000000005,DQB1,,,,
DQB1*03:01 / DQA1*02:01,DQB1*03:02 / DQA1*03:02,0.645,,0.645,15258,,15258.0,0.41602500000000003,DQB1,,,,
DQB1*03:01 / DQA1*02:01,DQB1*03:02 / DQA1*03:03,0.642,,0.642,4541,,4541.0,0.41216400000000003,DQB1,,,,
DQB1*03:01 / DQA1*02:01,DQB1*03:03 / DQA1*02:01,0.773,,0.773,19799,,19799.0,0.597529,DQB1,,,,
DQB1*03:01 / DQA1*02:01,DQB1*03:03 / DQA1*03:01,0.699,,0.699,19799,,19799.0,0.48860099999999995,DQB1,,,,
DQB1*03:01 / DQA1*02:01,DQB1*03:03 / DQA1*03:02,0.662,,0.662,19799,,19799.0,0.438244,DQB1,,,,
DQB1*03:01 / DQA1*02:01,DQB1*03:19 / DQA1*02:01,0.951,,0.951,0,,0.0,0.9044009999999999,DQB1,,,,
DQB1*03:01 / DQA1*02:01,DQB1*03:19 / DQA1*05:05,0.779,,0.779,19799,,19799.0,0.6068410000000001,DQB1,,,,
DQB1*03:01 / DQA1*02:01,DQB1*04:01 / DQA1*02:01,0.443,,0.443,19799,,19799.0,0.196249,DQB1,,,,
DQB1*03:01 / DQA1*02:01,DQB1*04:01 / DQA1*03:03,0.384,,0.384,19799,,19799.0,0.147456,DQB1,,,,
DQB1*03:01 / DQA1*02:01,DQB1*04:02 / DQA1*02:01,0.464,,0.464,19799,,19799.0,0.21529600000000002,DQB1,,,,
DQB1*03:01 / DQA1*02:01,DQB1*04:02 / DQA1*04:01,0.414,,0.414,19799,,19799.0,0.171396,DQB1,,,,
DQB1*03:01 / DQA1*02:01,DQB1*05:01 / DQA1*01:01,0.095,,0.095,19799,,19799.0,0.009025,DQB1,,,,
DQB1*03:01 / DQA1*02:01,DQB1*05:02 / DQA1*01:02,0.125,,0.125,19799,,19799.0,0.015625,DQB1,,,,
DQB1*03:01 / DQA1*02:01,DQB1*05:03 / DQA1*01:01,0.008,,0.008,0,,0.0,6.4e-05,DQB1,,,,
DQB1*03:01 / DQA1*02:01,DQB1*06:01 / DQA1*01:03,0.232,,0.232,19799,,19799.0,0.053824000000000004,DQB1,,,,
DQB1*03:01 / DQA1*02:01,DQB1*06:02 / DQA1*01:01,0.203,,0.203,19799,,19799.0,0.041209,DQB1,,,,
DQB1*03:01 / DQA1*02:01,DQB1*06:02 / DQA1*01:02,0.198,,0.198,19799,,19799.0,0.039204,DQB1,,,,
DQB1*03:01 / DQA1*02:01,DQB1*06:03 / DQA1*01:03,0.131,,0.131,19799,,19799.0,0.017161000000000003,DQB1,,,,
DQB1*03:01 / DQA1*02:01,DQB1*06:04 / DQA1*01:02,0.217,,0.217,19799,,19799.0,0.047089,DQB1,,,,
DQB1*03:01 / DQA1*02:01,DQB1*06:09 / DQA1*01:02,0.204,,0.204,19799,,19799.0,0.04161599999999999,DQB1,,,,
DQB1*03:01 / DQA1*03:01,DPB1*01:01 / DPA1*01:03,0.218,0.278,0.209,26195,6396.0,19799.0,0.047524,DQB1,,,,
DQB1*03:01 / DQA1*03:01,DPB1*01:01 / DPA1*02:01,0.184,0.253,0.18,27196,6395.0,20801.0,0.033856,DQB1,,,,
DQB1*03:01 / DQA1*03:01,DPB1*01:01 / DPA1*02:02,0.255,0.255,,6395,6395.0,,0.065025,DQB1,,,,
DQB1*03:01 / DQA1*03:01,DPB1*01:01 / DPA1*03:01,0.299,0.299,,6396,6396.0,,0.089401,DQB1,,,,
DQB1*03:01 / DQA1*03:01,DPB1*02:01 / DPA1*01:03,0.282,0.308,0.277,27196,6395.0,20801.0,0.07952399999999998,DQB1,,,,
DQB1*03:01 / DQA1*03:01,DPB1*02:02 / DPA1*01:03,0.083,,0.083,0,,0.0,0.006889000000000001,DQB1,,,,
DQB1*03:01 / DQA1*03:01,DPB1*02:02 / DPA1*02:01,0.264,,0.264,3553,,3553.0,0.06969600000000001,DQB1,,,,
DQB1*03:01 / DQA1*03:01,DPB1*03:01 / DPA1*01:03,0.265,0.332,0.251,27197,6396.0,20801.0,0.07022500000000001,DQB1,,,,
DQB1*03:01 / DQA1*03:01,DPB1*03:01 / DPA1*01:04,0.325,,0.325,2287,,2287.0,0.10562500000000001,DQB1,,,,
DQB1*03:01 / DQA1*03:01,DPB1*03:01 / DPA1*01:05,0.255,,0.255,17512,,17512.0,0.065025,DQB1,,,,
DQB1*03:01 / DQA1*03:01,DPB1*03:01 / DPA1*02:01,0.251,,0.251,18909,,18909.0,0.063001,DQB1,,,,
DQB1*03:01 / DQA1*03:01,DPB1*04:01 / DPA1*01:03,0.233,0.197,0.239,27197,6396.0,20801.0,0.054289000000000004,DQB1,,,,
DQB1*03:01 / DQA1*03:01,DPB1*04:01 / DPA1*02:01,0.303,0.303,,6395,6395.0,,0.091809,DQB1,,,,
DQB1*03:01 / DQA1*03:01,DPB1*04:01 / DPA1*02:02,0.282,0.282,,6395,6395.0,,0.07952399999999998,DQB1,,,,
DQB1*03:01 / DQA1*03:01,DPB1*04:01 / DPA1*03:01,0.261,0.261,,6396,6396.0,,0.068121,DQB1,,,,
DQB1*03:01 / DQA1*03:01,DPB1*04:01 / DPA1*04:01,0.312,0.312,,6396,6396.0,,0.097344,DQB1,,,,
DQB1*03:01 / DQA1*03:01,DPB1*04:02 / DPA1*01:03,0.28,0.281,0.279,27196,6395.0,20801.0,0.07840000000000001,DQB1,,,,
DQB1*03:01 / DQA1*03:01,DPB1*04:02 / DPA1*03:01,0.365,0.365,,6395,6395.0,,0.13322499999999998,DQB1,,,,
DQB1*03:01 / DQA1*03:01,DPB1*05:01 / DPA1*02:01,0.212,0.134,0.238,27196,6395.0,20801.0,0.044944,DQB1,,,,
DQB1*03:01 / DQA1*03:01,DPB1*05:01 / DPA1*02:02,0.167,0.209,0.167,21827,6395.0,15432.0,0.027889000000000004,DQB1,,,,
DQB1*03:01 / DQA1*03:01,DPB1*05:01 / DPA1*03:01,0.281,0.281,,6396,6396.0,,0.07896100000000002,DQB1,,,,
DQB1*03:01 / DQA1*03:01,DPB1*06:01 / DPA1*01:03,0.246,0.278,0.24,21828,6396.0,15432.0,0.060516,DQB1,,,,
DQB1*03:01 / DQA1*03:01,DPB1*06:01 / DPA1*02:01,0.257,,0.257,18909,,18909.0,0.066049,DQB1,,,,
DQB1*03:01 / DQA1*03:01,DPB1*09:01 / DPA1*02:01,0.259,0.309,0.247,27196,6395.0,20801.0,0.067081,DQB1,,,,
DQB1*03:01 / DQA1*03:01,DPB1*105:01 / DPA1*02:01,0.153,,0.153,0,,0.0,0.023409,DQB1,,,,
DQB1*03:01 / DQA1*03:01,DPB1*107:01 / DPA1*02:01,0.076,,0.076,0,,0.0,0.005776,DQB1,,,,
DQB1*03:01 / DQA1*03:01,DPB1*10:01 / DPA1*02:01,0.265,,0.265,6237,,6237.0,0.07022500000000001,DQB1,,,,
DQB1*03:01 / DQA1*03:01,DPB1*10:01 / DPA1*02:02,0.246,,0.246,14564,,14564.0,0.060516,DQB1,,,,
DQB1*03:01 / DQA1*03:01,DPB1*11:01 / DPA1*01:03,0.216,,0.216,17512,,17512.0,0.046655999999999996,DQB1,,,,
DQB1*03:01 / DQA1*03:01,DPB1*11:01 / DPA1*01:04,0.244,,0.244,2265,,2265.0,0.059536,DQB1,,,,
DQB1*03:01 / DQA1*03:01,DPB1*11:01 / DPA1*01:05,0.199,,0.199,2080,,2080.0,0.039601000000000004,DQB1,,,,
DQB1*03:01 / DQA1*03:01,DPB1*11:01 / DPA1*02:01,0.231,0.202,0.277,9684,6395.0,3289.0,0.053361000000000006,DQB1,,,,
DQB1*03:01 / DQA1*03:01,DPB1*11:01 / DPA1*02:02,0.226,,0.226,14564,,14564.0,0.051076,DQB1,,,,
DQB1*03:01 / DQA1*03:01,DPB1*13:01 / DPA1*01:04,0.233,,0.233,1397,,1397.0,0.054289000000000004,DQB1,,,,
DQB1*03:01 / DQA1*03:01,DPB1*13:01 / DPA1*01:05,0.263,,0.263,2080,,2080.0,0.06916900000000001,DQB1,,,,
DQB1*03:01 / DQA1*03:01,DPB1*13:01 / DPA1*02:01,0.256,0.249,0.256,27028,6395.0,20633.0,0.065536,DQB1,,,,
DQB1*03:01 / DQA1*03:01,DPB1*13:01 / DPA1*02:02,0.237,,0.237,15432,,15432.0,0.056169,DQB1,,,,
DQB1*03:01 / DQA1*03:01,DPB1*13:01 / DPA1*03:01,0.263,,0.263,15432,,15432.0,0.06916900000000001,DQB1,,,,
DQB1*03:01 / DQA1*03:01,DPB1*13:01 / DPA1*04:01,0.293,0.253,0.335,9684,6395.0,3289.0,0.085849,DQB1,,,,
DQB1*03:01 / DQA1*03:01,DPB1*14:01 / DPA1*02:01,0.22,0.2,0.215,27196,6395.0,20801.0,0.0484,DQB1,,,,
DQB1*03:01 / DQA1*03:01,DPB1*15:01 / DPA1*02:01,0.303,0.348,0.298,27155,6395.0,20760.0,0.091809,DQB1,,,,
DQB1*03:01 / DQA1*03:01,DPB1*17:01 / DPA1*02:01,0.276,0.297,0.267,27196,6395.0,20801.0,0.07617600000000001,DQB1,,,,
DQB1*03:01 / DQA1*03:01,DPB1*18:01 / DPA1*01:03,0.321,0.321,,6396,6396.0,,0.10304100000000001,DQB1,,,,
DQB1*03:01 / DQA1*03:01,DPB1*18:01 / DPA1*01:04,0.276,,0.276,19799,,19799.0,0.07617600000000001,DQB1,,,,
DQB1*03:01 / DQA1*03:01,DPB1*18:01 / DPA1*01:05,0.266,,0.266,19799,,19799.0,0.07075600000000001,DQB1,,,,
DQB1*03:01 / DQA1*03:01,DPB1*18:01 / DPA1*02:01,0.286,,0.286,20760,,20760.0,0.08179599999999998,DQB1,,,,
DQB1*03:01 / DQA1*03:01,DPB1*19:01 / DPA1*01:03,0.202,,0.202,17512,,17512.0,0.04080400000000001,DQB1,,,,
DQB1*03:01 / DQA1*03:01,DPB1*19:01 / DPA1*02:01,0.209,0.201,0.26,9684,6395.0,3289.0,0.043681,DQB1,,,,
DQB1*03:01 / DQA1*03:01,DPB1*20:01 / DPA1*01:03,0.233,,0.233,2287,,2287.0,0.054289000000000004,DQB1,,,,
DQB1*03:01 / DQA1*03:01,DPB1*20:01 / DPA1*03:01,0.267,,0.267,15432,,15432.0,0.071289,DQB1,,,,
DQB1*03:01 / DQA1*03:01,DPB1*23:01 / DPA1*01:03,0.221,,0.221,15432,,15432.0,0.048841,DQB1,,,,
DQB1*03:01 / DQA1*03:01,DPB1*23:01 / DPA1*02:01,0.289,,0.289,5328,,5328.0,0.08352099999999998,DQB1,,,,
DQB1*03:01 / DQA1*03:01,DPB1*26:01 / DPA1*03:01,0.079,,0.079,0,,0.0,0.006241,DQB1,,,,
DQB1*03:01 / DQA1*03:01,DPB1*28:01 / DPA1*01:03,0.27,,0.27,15432,,15432.0,0.0729,DQB1,,,,
DQB1*03:01 / DQA1*03:01,DPB1*28:01 / DPA1*01:04,0.336,,0.336,2287,,2287.0,0.11289600000000001,DQB1,,,,
DQB1*03:01 / DQA1*03:01,DPB1*28:01 / DPA1*01:05,0.291,,0.291,17512,,17512.0,0.08468099999999999,DQB1,,,,
DQB1*03:01 / DQA1*03:01,DPB1*28:01 / DPA1*02:01,0.271,,0.271,2080,,2080.0,0.073441,DQB1,,,,
DQB1*03:01 / DQA1*03:01,DPB1*28:01 / DPA1*02:02,0.313,0.311,0.277,7791,6394.0,1397.0,0.097969,DQB1,,,,
DQB1*03:01 / DQA1*03:01,DPB1*28:01 / DPA1*04:01,0.282,,0.282,15432,,15432.0,0.07952399999999998,DQB1,,,,
DQB1*03:01 / DQA1*03:01,DPB1*30:01 / DPA1*02:01,0.043,,0.043,0,,0.0,0.0018489999999999997,DQB1,,,,
DQB1*03:01 / DQA1*03:01,DPB1*31:01 / DPA1*03:01,0.067,,0.067,0,,0.0,0.004489000000000001,DQB1,,,,
DQB1*03:01 / DQA1*03:01,DPB1*40:01 / DPA1*01:05,0.09,,0.09,0,,0.0,0.0081,DQB1,,,,
DQB1*03:01 / DQA1*03:01,DPB1*85:01 / DPA1*01:03,0.083,,0.083,0,,0.0,0.006889000000000001,DQB1,,,,
DQB1*03:01 / DQA1*03:01,DQB1*03:01 / DQA1*03:02,0.885,0.885,,6396,6396.0,,0.7832250000000001,DQB1,,,,
DQB1*03:01 / DQA1*03:01,DQB1*03:01 / DQA1*05:01,0.752,0.752,,6396,6396.0,,0.565504,DQB1,,,,
DQB1*03:01 / DQA1*03:01,DQB1*03:01 / DQA1*05:03,0.75,,0.75,20760,,20760.0,0.5625,DQB1,,,,
DQB1*03:01 / DQA1*03:01,DQB1*03:01 / DQA1*06:01,0.78,0.797,0.773,27197,6396.0,20801.0,0.6084,DQB1,,,,
DQB1*03:01 / DQA1*03:01,DQB1*03:02 / DQA1*01:01,0.802,,0.802,5369,,5369.0,0.6432040000000001,DQB1,,,,
DQB1*03:01 / DQA1*03:01,DQB1*03:02 / DQA1*02:01,0.704,0.621,0.725,26194,6395.0,19799.0,0.49561599999999995,DQB1,,,,
DQB1*03:01 / DQA1*03:01,DQB1*03:02 / DQA1*03:01,0.759,0.712,0.772,27197,6396.0,20801.0,0.5760810000000001,DQB1,,,,
DQB1*03:01 / DQA1*03:01,DQB1*03:02 / DQA1*03:02,0.712,0.722,0.705,22488,6396.0,16092.0,0.506944,DQB1,,,,
DQB1*03:01 / DQA1*03:01,DQB1*03:02 / DQA1*03:03,0.717,,0.717,4541,,4541.0,0.5140889999999999,DQB1,,,,
DQB1*03:01 / DQA1*03:01,DQB1*03:03 / DQA1*02:01,0.72,,0.72,20801,,20801.0,0.5184,DQB1,,,,
DQB1*03:01 / DQA1*03:01,DQB1*03:03 / DQA1*03:01,0.799,,0.799,20801,,20801.0,0.6384010000000001,DQB1,,,,
DQB1*03:01 / DQA1*03:01,DQB1*03:03 / DQA1*03:02,0.729,0.77,0.717,27156,6396.0,20760.0,0.5314409999999999,DQB1,,,,
DQB1*03:01 / DQA1*03:01,DQB1*03:03 / DQA1*04:01,0.742,0.742,,6396,6396.0,,0.5505639999999999,DQB1,,,,
DQB1*03:01 / DQA1*03:01,DQB1*03:03 / DQA1*06:01,0.754,0.754,,6396,6396.0,,0.568516,DQB1,,,,
DQB1*03:01 / DQA1*03:01,DQB1*03:04 / DQA1*03:01,0.949,,0.949,127,,127.0,0.9006009999999999,DQB1,,,,
DQB1*03:01 / DQA1*03:01,DQB1*03:19 / DQA1*02:01,0.899,,0.899,0,,0.0,0.8082010000000001,DQB1,,,,
DQB1*03:01 / DQA1*03:01,DQB1*03:19 / DQA1*05:05,0.741,,0.741,20677,,20677.0,0.549081,DQB1,,,,
DQB1*03:01 / DQA1*03:01,DQB1*04:01 / DQA1*02:01,0.406,0.381,0.418,27196,6395.0,20801.0,0.164836,DQB1,,,,
DQB1*03:01 / DQA1*03:01,DQB1*04:01 / DQA1*03:03,0.447,,0.447,20760,,20760.0,0.19980900000000001,DQB1,,,,
DQB1*03:01 / DQA1*03:01,DQB1*04:01 / DQA1*04:01,0.503,0.504,,6396,6396.0,,0.253009,DQB1,,,,
DQB1*03:01 / DQA1*03:01,DQB1*04:01 / DQA1*05:01,0.508,0.508,,6396,6396.0,,0.258064,DQB1,,,,
DQB1*03:01 / DQA1*03:01,DQB1*04:02 / DQA1*02:01,0.406,,0.406,20801,,20801.0,0.164836,DQB1,,,,
DQB1*03:01 / DQA1*03:01,DQB1*04:02 / DQA1*03:01,0.545,0.545,,6396,6396.0,,0.29702500000000004,DQB1,,,,
DQB1*03:01 / DQA1*03:01,DQB1*04:02 / DQA1*04:01,0.465,0.449,0.468,27197,6396.0,20801.0,0.21622500000000003,DQB1,,,,
DQB1*03:01 / DQA1*03:01,DQB1*04:02 / DQA1*06:01,0.508,0.508,,6396,6396.0,,0.258064,DQB1,,,,
DQB1*03:01 / DQA1*03:01,DQB1*05:01 / DQA1*01:01,0.125,0.233,0.106,27197,6396.0,20801.0,0.015625,DQB1,,,,
DQB1*03:01 / DQA1*03:01,DQB1*05:01 / DQA1*01:02,0.165,0.165,,6396,6396.0,,0.027225000000000003,DQB1,,,,
DQB1*03:01 / DQA1*03:01,DQB1*05:02 / DQA1*01:02,0.161,0.196,0.155,27197,6396.0,20801.0,0.025921000000000003,DQB1,,,,
DQB1*03:01 / DQA1*03:01,DQB1*05:03 / DQA1*01:01,0.003,,0.003,0,,0.0,9e-06,DQB1,,,,
DQB1*03:01 / DQA1*03:01,DQB1*05:03 / DQA1*01:04,0.283,0.283,,6396,6396.0,,0.08008899999999998,DQB1,,,,
DQB1*03:01 / DQA1*03:01,DQB1*06:01 / DQA1*01:03,0.24,0.199,0.253,27197,6396.0,20801.0,0.0576,DQB1,,,,
DQB1*03:01 / DQA1*03:01,DQB1*06:01 / DQA1*01:04,0.27,0.271,,6396,6396.0,,0.0729,DQB1,,,,
DQB1*03:01 / DQA1*03:01,DQB1*06:01 / DQA1*02:01,0.432,0.433,,6396,6396.0,,0.18662399999999998,DQB1,,,,
DQB1*03:01 / DQA1*03:01,DQB1*06:02 / DQA1*01:01,0.226,,0.226,20760,,20760.0,0.051076,DQB1,,,,
DQB1*03:01 / DQA1*03:01,DQB1*06:02 / DQA1*01:02,0.217,0.175,0.228,27197,6396.0,20801.0,0.047089,DQB1,,,,
DQB1*03:01 / DQA1*03:01,DQB1*06:03 / DQA1*01:03,0.173,0.241,0.161,27156,6396.0,20760.0,0.029928999999999997,DQB1,,,,
DQB1*03:01 / DQA1*03:01,DQB1*06:04 / DQA1*01:02,0.266,0.29,0.269,27156,6396.0,20760.0,0.07075600000000001,DQB1,,,,
DQB1*03:01 / DQA1*03:01,DQB1*06:09 / DQA1*01:02,0.219,,0.219,20760,,20760.0,0.047961,DQB1,,,,
DQB1*03:01 / DQA1*03:02,DPB1*01:01 / DPA1*01:03,0.28,0.28,,6396,6396.0,,0.07840000000000001,DQB1,,,,
DQB1*03:01 / DQA1*03:02,DPB1*01:01 / DPA1*02:01,0.19,0.19,,6395,6395.0,,0.0361,DQB1,,,,
DQB1*03:01 / DQA1*03:02,DPB1*01:01 / DPA1*02:02,0.204,0.204,,6395,6395.0,,0.04161599999999999,DQB1,,,,
DQB1*03:01 / DQA1*03:02,DPB1*01:01 / DPA1*03:01,0.277,0.277,,6396,6396.0,,0.07672900000000002,DQB1,,,,
DQB1*03:01 / DQA1*03:02,DPB1*02:01 / DPA1*01:03,0.289,0.289,,6395,6395.0,,0.08352099999999998,DQB1,,,,
DQB1*03:01 / DQA1*03:02,DPB1*03:01 / DPA1*01:03,0.28,0.28,,6396,6396.0,,0.07840000000000001,DQB1,,,,
DQB1*03:01 / DQA1*03:02,DPB1*04:01 / DPA1*01:03,0.144,0.144,,6396,6396.0,,0.020735999999999997,DQB1,,,,
DQB1*03:01 / DQA1*03:02,DPB1*04:01 / DPA1*02:01,0.251,0.251,,6395,6395.0,,0.063001,DQB1,,,,
DQB1*03:01 / DQA1*03:02,DPB1*04:01 / DPA1*02:02,0.301,0.301,,6395,6395.0,,0.09060099999999999,DQB1,,,,
DQB1*03:01 / DQA1*03:02,DPB1*04:01 / DPA1*03:01,0.211,0.211,,6396,6396.0,,0.044521,DQB1,,,,
DQB1*03:01 / DQA1*03:02,DPB1*04:01 / DPA1*04:01,0.291,0.291,,6396,6396.0,,0.08468099999999999,DQB1,,,,
DQB1*03:01 / DQA1*03:02,DPB1*04:02 / DPA1*01:03,0.271,0.271,,6395,6395.0,,0.073441,DQB1,,,,
DQB1*03:01 / DQA1*03:02,DPB1*04:02 / DPA1*03:01,0.285,0.285,,6395,6395.0,,0.08122499999999999,DQB1,,,,
DQB1*03:01 / DQA1*03:02,DPB1*05:01 / DPA1*02:01,0.183,0.183,,6395,6395.0,,0.033489,DQB1,,,,
DQB1*03:01 / DQA1*03:02,DPB1*05:01 / DPA1*02:02,0.258,0.258,,6395,6395.0,,0.066564,DQB1,,,,
DQB1*03:01 / DQA1*03:02,DPB1*05:01 / DPA1*03:01,0.23,0.23,,6396,6396.0,,0.0529,DQB1,,,,
DQB1*03:01 / DQA1*03:02,DPB1*06:01 / DPA1*01:03,0.212,0.212,,6396,6396.0,,0.044944,DQB1,,,,
DQB1*03:01 / DQA1*03:02,DPB1*09:01 / DPA1*02:01,0.284,0.284,,6395,6395.0,,0.08065599999999999,DQB1,,,,
DQB1*03:01 / DQA1*03:02,DPB1*11:01 / DPA1*02:01,0.138,0.138,,6395,6395.0,,0.019044000000000002,DQB1,,,,
DQB1*03:01 / DQA1*03:02,DPB1*13:01 / DPA1*02:01,0.217,0.217,,6395,6395.0,,0.047089,DQB1,,,,
DQB1*03:01 / DQA1*03:02,DPB1*13:01 / DPA1*04:01,0.255,0.255,,6395,6395.0,,0.065025,DQB1,,,,
DQB1*03:01 / DQA1*03:02,DPB1*14:01 / DPA1*02:01,0.126,0.126,,6395,6395.0,,0.015876,DQB1,,,,
DQB1*03:01 / DQA1*03:02,DPB1*15:01 / DPA1*02:01,0.323,0.323,,6395,6395.0,,0.104329,DQB1,,,,
DQB1*03:01 / DQA1*03:02,DPB1*17:01 / DPA1*02:01,0.273,0.273,,6395,6395.0,,0.07452900000000001,DQB1,,,,
DQB1*03:01 / DQA1*03:02,DPB1*18:01 / DPA1*01:03,0.242,0.242,,6396,6396.0,,0.058564,DQB1,,,,
DQB1*03:01 / DQA1*03:02,DPB1*19:01 / DPA1*02:01,0.116,0.116,,6395,6395.0,,0.013456000000000001,DQB1,,,,
DQB1*03:01 / DQA1*03:02,DPB1*28:01 / DPA1*02:02,0.287,0.287,,6394,6394.0,,0.08236899999999998,DQB1,,,,
DQB1*03:01 / DQA1*03:02,DQB1*03:01 / DQA1*05:01,0.714,0.714,,6396,6396.0,,0.5097959999999999,DQB1,,,,
DQB1*03:01 / DQA1*03:02,DQB1*03:01 / DQA1*06:01,0.762,0.762,,6396,6396.0,,0.580644,DQB1,,,,
DQB1*03:01 / DQA1*03:02,DQB1*03:02 / DQA1*02:01,0.619,0.619,,6395,6395.0,,0.383161,DQB1,,,,
DQB1*03:01 / DQA1*03:02,DQB1*03:02 / DQA1*03:01,0.689,0.689,,6396,6396.0,,0.47472099999999995,DQB1,,,,
DQB1*03:01 / DQA1*03:02,DQB1*03:02 / DQA1*03:02,0.685,0.685,,6396,6396.0,,0.46922500000000006,DQB1,,,,
DQB1*03:01 / DQA1*03:02,DQB1*03:03 / DQA1*03:02,0.737,0.737,,6396,6396.0,,0.543169,DQB1,,,,
DQB1*03:01 / DQA1*03:02,DQB1*03:03 / DQA1*04:01,0.702,0.702,,6396,6396.0,,0.49280399999999996,DQB1,,,,
DQB1*03:01 / DQA1*03:02,DQB1*03:03 / DQA1*06:01,0.715,0.715,,6396,6396.0,,0.5112249999999999,DQB1,,,,
DQB1*03:01 / DQA1*03:02,DQB1*04:01 / DQA1*02:01,0.349,0.349,,6395,6395.0,,0.12180099999999998,DQB1,,,,
DQB1*03:01 / DQA1*03:02,DQB1*04:01 / DQA1*04:01,0.487,0.487,,6396,6396.0,,0.237169,DQB1,,,,
DQB1*03:01 / DQA1*03:02,DQB1*04:01 / DQA1*05:01,0.487,0.487,,6396,6396.0,,0.237169,DQB1,,,,
DQB1*03:01 / DQA1*03:02,DQB1*04:02 / DQA1*03:01,0.501,0.501,,6396,6396.0,,0.251001,DQB1,,,,
DQB1*03:01 / DQA1*03:02,DQB1*04:02 / DQA1*04:01,0.418,0.418,,6396,6396.0,,0.174724,DQB1,,,,
DQB1*03:01 / DQA1*03:02,DQB1*04:02 / DQA1*06:01,0.477,0.477,,6396,6396.0,,0.22752899999999998,DQB1,,,,
DQB1*03:01 / DQA1*03:02,DQB1*05:01 / DQA1*01:01,0.195,0.195,,6396,6396.0,,0.038025,DQB1,,,,
DQB1*03:01 / DQA1*03:02,DQB1*05:01 / DQA1*01:02,0.131,0.131,,6396,6396.0,,0.017161000000000003,DQB1,,,,
DQB1*03:01 / DQA1*03:02,DQB1*05:02 / DQA1*01:02,0.132,0.132,,6396,6396.0,,0.017424000000000002,DQB1,,,,
DQB1*03:01 / DQA1*03:02,DQB1*05:03 / DQA1*01:04,0.21,0.21,,6396,6396.0,,0.04409999999999999,DQB1,,,,
DQB1*03:01 / DQA1*03:02,DQB1*06:01 / DQA1*01:03,0.148,0.148,,6396,6396.0,,0.021903999999999996,DQB1,,,,
DQB1*03:01 / DQA1*03:02,DQB1*06:01 / DQA1*01:04,0.242,0.242,,6396,6396.0,,0.058564,DQB1,,,,
DQB1*03:01 / DQA1*03:02,DQB1*06:01 / DQA1*02:01,0.395,0.395,,6396,6396.0,,0.15602500000000002,DQB1,,,,
DQB1*03:01 / DQA1*03:02,DQB1*06:02 / DQA1*01:02,0.133,0.133,,6396,6396.0,,0.017689000000000003,DQB1,,,,
DQB1*03:01 / DQA1*03:02,DQB1*06:03 / DQA1*01:03,0.228,0.228,,6396,6396.0,,0.051984,DQB1,,,,
DQB1*03:01 / DQA1*03:02,DQB1*06:04 / DQA1*01:02,0.274,0.274,,6396,6396.0,,0.07507600000000002,DQB1,,,,
DQB1*03:01 / DQA1*05:01,DPB1*01:01 / DPA1*01:03,0.246,0.246,,6396,6396.0,,0.060516,DQB1,,,,
DQB1*03:01 / DQA1*05:01,DPB1*01:01 / DPA1*02:01,0.223,0.223,,6395,6395.0,,0.049729,DQB1,,,,
DQB1*03:01 / DQA1*05:01,DPB1*01:01 / DPA1*02:02,0.218,0.218,,6395,6395.0,,0.047524,DQB1,,,,
DQB1*03:01 / DQA1*05:01,DPB1*01:01 / DPA1*03:01,0.252,0.252,,6396,6396.0,,0.063504,DQB1,,,,
DQB1*03:01 / DQA1*05:01,DPB1*02:01 / DPA1*01:03,0.3,0.3,,6395,6395.0,,0.09,DQB1,,,,
DQB1*03:01 / DQA1*05:01,DPB1*03:01 / DPA1*01:03,0.274,0.274,,6396,6396.0,,0.07507600000000002,DQB1,,,,
DQB1*03:01 / DQA1*05:01,DPB1*04:01 / DPA1*01:03,0.185,0.185,,6396,6396.0,,0.034225,DQB1,,,,
DQB1*03:01 / DQA1*05:01,DPB1*04:01 / DPA1*02:01,0.261,0.261,,6395,6395.0,,0.068121,DQB1,,,,
DQB1*03:01 / DQA1*05:01,DPB1*04:01 / DPA1*02:02,0.271,0.271,,6395,6395.0,,0.073441,DQB1,,,,
DQB1*03:01 / DQA1*05:01,DPB1*04:01 / DPA1*03:01,0.246,0.246,,6396,6396.0,,0.060516,DQB1,,,,
DQB1*03:01 / DQA1*05:01,DPB1*04:01 / DPA1*04:01,0.28,0.28,,6396,6396.0,,0.07840000000000001,DQB1,,,,
DQB1*03:01 / DQA1*05:01,DPB1*04:02 / DPA1*01:03,0.287,0.287,,6395,6395.0,,0.08236899999999998,DQB1,,,,
DQB1*03:01 / DQA1*05:01,DPB1*04:02 / DPA1*03:01,0.336,0.336,,6395,6395.0,,0.11289600000000001,DQB1,,,,
DQB1*03:01 / DQA1*05:01,DPB1*05:01 / DPA1*02:01,0.122,0.122,,6395,6395.0,,0.014884,DQB1,,,,
DQB1*03:01 / DQA1*05:01,DPB1*05:01 / DPA1*02:02,0.192,0.192,,6395,6395.0,,0.036864,DQB1,,,,
DQB1*03:01 / DQA1*05:01,DPB1*05:01 / DPA1*03:01,0.224,0.224,,6396,6396.0,,0.050176000000000005,DQB1,,,,
DQB1*03:01 / DQA1*05:01,DPB1*06:01 / DPA1*01:03,0.231,0.231,,6396,6396.0,,0.053361000000000006,DQB1,,,,
DQB1*03:01 / DQA1*05:01,DPB1*09:01 / DPA1*02:01,0.3,0.3,,6395,6395.0,,0.09,DQB1,,,,
DQB1*03:01 / DQA1*05:01,DPB1*11:01 / DPA1*02:01,0.177,0.177,,6395,6395.0,,0.031328999999999996,DQB1,,,,
DQB1*03:01 / DQA1*05:01,DPB1*13:01 / DPA1*02:01,0.221,0.221,,6395,6395.0,,0.048841,DQB1,,,,
DQB1*03:01 / DQA1*05:01,DPB1*13:01 / DPA1*04:01,0.235,0.235,,6395,6395.0,,0.055224999999999996,DQB1,,,,
DQB1*03:01 / DQA1*05:01,DPB1*14:01 / DPA1*02:01,0.148,0.148,,6395,6395.0,,0.021903999999999996,DQB1,,,,
DQB1*03:01 / DQA1*05:01,DPB1*15:01 / DPA1*02:01,0.316,0.316,,6395,6395.0,,0.099856,DQB1,,,,
DQB1*03:01 / DQA1*05:01,DPB1*17:01 / DPA1*02:01,0.299,0.299,,6395,6395.0,,0.089401,DQB1,,,,
DQB1*03:01 / DQA1*05:01,DPB1*18:01 / DPA1*01:03,0.269,0.269,,6396,6396.0,,0.07236100000000001,DQB1,,,,
DQB1*03:01 / DQA1*05:01,DPB1*19:01 / DPA1*02:01,0.12,0.12,,6395,6395.0,,0.0144,DQB1,,,,
DQB1*03:01 / DQA1*05:01,DPB1*28:01 / DPA1*02:02,0.264,0.264,,6394,6394.0,,0.06969600000000001,DQB1,,,,
DQB1*03:01 / DQA1*05:01,DQB1*03:01 / DQA1*06:01,0.808,0.808,,6396,6396.0,,0.6528640000000001,DQB1,,,,
DQB1*03:01 / DQA1*05:01,DQB1*03:02 / DQA1*02:01,0.54,0.54,,6395,6395.0,,0.2916,DQB1,,,,
DQB1*03:01 / DQA1*05:01,DQB1*03:02 / DQA1*03:01,0.552,0.552,,6396,6396.0,,0.30470400000000003,DQB1,,,,
DQB1*03:01 / DQA1*05:01,DQB1*03:02 / DQA1*03:02,0.584,0.584,,6396,6396.0,,0.34105599999999997,DQB1,,,,
DQB1*03:01 / DQA1*05:01,DQB1*03:03 / DQA1*03:02,0.643,0.643,,6396,6396.0,,0.413449,DQB1,,,,
DQB1*03:01 / DQA1*05:01,DQB1*03:03 / DQA1*04:01,0.759,0.759,,6396,6396.0,,0.5760810000000001,DQB1,,,,
DQB1*03:01 / DQA1*05:01,DQB1*03:03 / DQA1*06:01,0.733,0.733,,6396,6396.0,,0.537289,DQB1,,,,
DQB1*03:01 / DQA1*05:01,DQB1*04:01 / DQA1*02:01,0.307,0.307,,6395,6395.0,,0.094249,DQB1,,,,
DQB1*03:01 / DQA1*05:01,DQB1*04:01 / DQA1*04:01,0.487,0.487,,6396,6396.0,,0.237169,DQB1,,,,
DQB1*03:01 / DQA1*05:01,DQB1*04:01 / DQA1*05:01,0.529,0.529,,6396,6396.0,,0.279841,DQB1,,,,
DQB1*03:01 / DQA1*05:01,DQB1*04:02 / DQA1*03:01,0.417,0.417,,6396,6396.0,,0.173889,DQB1,,,,
DQB1*03:01 / DQA1*05:01,DQB1*04:02 / DQA1*04:01,0.453,0.453,,6396,6396.0,,0.205209,DQB1,,,,
DQB1*03:01 / DQA1*05:01,DQB1*04:02 / DQA1*06:01,0.472,0.472,,6396,6396.0,,0.22278399999999998,DQB1,,,,
DQB1*03:01 / DQA1*05:01,DQB1*05:01 / DQA1*01:01,0.171,0.171,,6396,6396.0,,0.029241000000000003,DQB1,,,,
DQB1*03:01 / DQA1*05:01,DQB1*05:01 / DQA1*01:02,0.094,0.094,,6396,6396.0,,0.008836,DQB1,,,,
DQB1*03:01 / DQA1*05:01,DQB1*05:02 / DQA1*01:02,0.12,0.12,,6396,6396.0,,0.0144,DQB1,,,,
DQB1*03:01 / DQA1*05:01,DQB1*05:03 / DQA1*01:04,0.208,0.208,,6396,6396.0,,0.043264,DQB1,,,,
DQB1*03:01 / DQA1*05:01,DQB1*06:01 / DQA1*01:03,0.114,0.114,,6396,6396.0,,0.012996,DQB1,,,,
DQB1*03:01 / DQA1*05:01,DQB1*06:01 / DQA1*01:04,0.194,0.194,,6396,6396.0,,0.037636,DQB1,,,,
DQB1*03:01 / DQA1*05:01,DQB1*06:01 / DQA1*02:01,0.343,0.343,,6396,6396.0,,0.11764900000000002,DQB1,,,,
DQB1*03:01 / DQA1*05:01,DQB1*06:02 / DQA1*01:02,0.099,0.099,,6396,6396.0,,0.009801,DQB1,,,,
DQB1*03:01 / DQA1*05:01,DQB1*06:03 / DQA1*01:03,0.174,0.174,,6396,6396.0,,0.030275999999999997,DQB1,,,,
DQB1*03:01 / DQA1*05:01,DQB1*06:04 / DQA1*01:02,0.23,0.23,,6396,6396.0,,0.0529,DQB1,,,,
DQB1*03:01 / DQA1*05:03,DPB1*01:01 / DPA1*01:03,0.113,,0.113,19799,,19799.0,0.012769,DQB1,,,,
DQB1*03:01 / DQA1*05:03,DPB1*01:01 / DPA1*02:01,0.089,,0.089,20760,,20760.0,0.007921,DQB1,,,,
DQB1*03:01 / DQA1*05:03,DPB1*02:01 / DPA1*01:03,0.203,,0.203,20760,,20760.0,0.041209,DQB1,,,,
DQB1*03:01 / DQA1*05:03,DPB1*02:02 / DPA1*01:03,0.054,,0.054,0,,0.0,0.0029159999999999998,DQB1,,,,
DQB1*03:01 / DQA1*05:03,DPB1*02:02 / DPA1*02:01,0.1,,0.1,3553,,3553.0,0.010000000000000002,DQB1,,,,
DQB1*03:01 / DQA1*05:03,DPB1*03:01 / DPA1*01:03,0.173,,0.173,20760,,20760.0,0.029928999999999997,DQB1,,,,
DQB1*03:01 / DQA1*05:03,DPB1*03:01 / DPA1*01:04,0.173,,0.173,2287,,2287.0,0.029928999999999997,DQB1,,,,
DQB1*03:01 / DQA1*05:03,DPB1*03:01 / DPA1*01:05,0.166,,0.166,17512,,17512.0,0.027556000000000004,DQB1,,,,
DQB1*03:01 / DQA1*05:03,DPB1*03:01 / DPA1*02:01,0.167,,0.167,18909,,18909.0,0.027889000000000004,DQB1,,,,
DQB1*03:01 / DQA1*05:03,DPB1*04:01 / DPA1*01:03,0.172,,0.172,20760,,20760.0,0.029583999999999996,DQB1,,,,
DQB1*03:01 / DQA1*05:03,DPB1*04:02 / DPA1*01:03,0.218,,0.218,20760,,20760.0,0.047524,DQB1,,,,
DQB1*03:01 / DQA1*05:03,DPB1*05:01 / DPA1*02:01,0.131,,0.131,20760,,20760.0,0.017161000000000003,DQB1,,,,
DQB1*03:01 / DQA1*05:03,DPB1*05:01 / DPA1*02:02,0.084,,0.084,15432,,15432.0,0.007056000000000001,DQB1,,,,
DQB1*03:01 / DQA1*05:03,DPB1*06:01 / DPA1*01:03,0.169,,0.169,15432,,15432.0,0.028561000000000003,DQB1,,,,
DQB1*03:01 / DQA1*05:03,DPB1*06:01 / DPA1*02:01,0.165,,0.165,18909,,18909.0,0.027225000000000003,DQB1,,,,
DQB1*03:01 / DQA1*05:03,DPB1*09:01 / DPA1*02:01,0.181,,0.181,20760,,20760.0,0.032761,DQB1,,,,
DQB1*03:01 / DQA1*05:03,DPB1*105:01 / DPA1*02:01,0.122,,0.122,0,,0.0,0.014884,DQB1,,,,
DQB1*03:01 / DQA1*05:03,DPB1*107:01 / DPA1*02:01,0.016,,0.016,0,,0.0,0.000256,DQB1,,,,
DQB1*03:01 / DQA1*05:03,DPB1*10:01 / DPA1*02:01,0.153,,0.153,6196,,6196.0,0.023409,DQB1,,,,
DQB1*03:01 / DQA1*05:03,DPB1*10:01 / DPA1*02:02,0.169,,0.169,14564,,14564.0,0.028561000000000003,DQB1,,,,
DQB1*03:01 / DQA1*05:03,DPB1*11:01 / DPA1*01:03,0.109,,0.109,17512,,17512.0,0.011881,DQB1,,,,
DQB1*03:01 / DQA1*05:03,DPB1*11:01 / DPA1*01:04,0.084,,0.084,2265,,2265.0,0.007056000000000001,DQB1,,,,
DQB1*03:01 / DQA1*05:03,DPB1*11:01 / DPA1*01:05,0.071,,0.071,2080,,2080.0,0.0050409999999999995,DQB1,,,,
DQB1*03:01 / DQA1*05:03,DPB1*11:01 / DPA1*02:01,0.118,,0.118,3248,,3248.0,0.013923999999999999,DQB1,,,,
DQB1*03:01 / DQA1*05:03,DPB1*11:01 / DPA1*02:02,0.107,,0.107,14564,,14564.0,0.011448999999999999,DQB1,,,,
DQB1*03:01 / DQA1*05:03,DPB1*13:01 / DPA1*01:04,0.054,,0.054,1397,,1397.0,0.0029159999999999998,DQB1,,,,
DQB1*03:01 / DQA1*05:03,DPB1*13:01 / DPA1*01:05,0.107,,0.107,2080,,2080.0,0.011448999999999999,DQB1,,,,
DQB1*03:01 / DQA1*05:03,DPB1*13:01 / DPA1*02:01,0.12,,0.12,20633,,20633.0,0.0144,DQB1,,,,
DQB1*03:01 / DQA1*05:03,DPB1*13:01 / DPA1*02:02,0.116,,0.116,15432,,15432.0,0.013456000000000001,DQB1,,,,
DQB1*03:01 / DQA1*05:03,DPB1*13:01 / DPA1*03:01,0.145,,0.145,15432,,15432.0,0.021025,DQB1,,,,
DQB1*03:01 / DQA1*05:03,DPB1*13:01 / DPA1*04:01,0.161,,0.161,3248,,3248.0,0.025921000000000003,DQB1,,,,
DQB1*03:01 / DQA1*05:03,DPB1*14:01 / DPA1*02:01,0.132,,0.132,20760,,20760.0,0.017424000000000002,DQB1,,,,
DQB1*03:01 / DQA1*05:03,DPB1*15:01 / DPA1*02:01,0.159,,0.159,20760,,20760.0,0.025281,DQB1,,,,
DQB1*03:01 / DQA1*05:03,DPB1*17:01 / DPA1*02:01,0.169,,0.169,20760,,20760.0,0.028561000000000003,DQB1,,,,
DQB1*03:01 / DQA1*05:03,DPB1*18:01 / DPA1*01:04,0.214,,0.214,19799,,19799.0,0.045795999999999996,DQB1,,,,
DQB1*03:01 / DQA1*05:03,DPB1*18:01 / DPA1*01:05,0.205,,0.205,19799,,19799.0,0.04202499999999999,DQB1,,,,
DQB1*03:01 / DQA1*05:03,DPB1*18:01 / DPA1*02:01,0.22,,0.22,20760,,20760.0,0.0484,DQB1,,,,
DQB1*03:01 / DQA1*05:03,DPB1*19:01 / DPA1*01:03,0.167,,0.167,17512,,17512.0,0.027889000000000004,DQB1,,,,
DQB1*03:01 / DQA1*05:03,DPB1*19:01 / DPA1*02:01,0.215,,0.215,3248,,3248.0,0.046224999999999995,DQB1,,,,
DQB1*03:01 / DQA1*05:03,DPB1*20:01 / DPA1*01:03,0.107,,0.107,2287,,2287.0,0.011448999999999999,DQB1,,,,
DQB1*03:01 / DQA1*05:03,DPB1*20:01 / DPA1*03:01,0.174,,0.174,15432,,15432.0,0.030275999999999997,DQB1,,,,
DQB1*03:01 / DQA1*05:03,DPB1*23:01 / DPA1*01:03,0.155,,0.155,15432,,15432.0,0.024025,DQB1,,,,
DQB1*03:01 / DQA1*05:03,DPB1*23:01 / DPA1*02:01,0.135,,0.135,5328,,5328.0,0.018225,DQB1,,,,
DQB1*03:01 / DQA1*05:03,DPB1*26:01 / DPA1*03:01,0.033,,0.033,0,,0.0,0.0010890000000000001,DQB1,,,,
DQB1*03:01 / DQA1*05:03,DPB1*28:01 / DPA1*01:03,0.213,,0.213,15432,,15432.0,0.045369,DQB1,,,,
DQB1*03:01 / DQA1*05:03,DPB1*28:01 / DPA1*01:04,0.225,,0.225,2287,,2287.0,0.050625,DQB1,,,,
DQB1*03:01 / DQA1*05:03,DPB1*28:01 / DPA1*01:05,0.219,,0.219,17512,,17512.0,0.047961,DQB1,,,,
DQB1*03:01 / DQA1*05:03,DPB1*28:01 / DPA1*02:01,0.159,,0.159,2080,,2080.0,0.025281,DQB1,,,,
DQB1*03:01 / DQA1*05:03,DPB1*28:01 / DPA1*02:02,0.133,,0.133,1397,,1397.0,0.017689000000000003,DQB1,,,,
DQB1*03:01 / DQA1*05:03,DPB1*28:01 / DPA1*04:01,0.22,,0.22,15432,,15432.0,0.0484,DQB1,,,,
DQB1*03:01 / DQA1*05:03,DPB1*30:01 / DPA1*02:01,-0.007,,-0.007,0,,0.0,4.9000000000000005e-05,DQB1,,,,
DQB1*03:01 / DQA1*05:03,DPB1*31:01 / DPA1*03:01,0.013,,0.013,0,,0.0,0.000169,DQB1,,,,
DQB1*03:01 / DQA1*05:03,DPB1*40:01 / DPA1*01:05,0.037,,0.037,0,,0.0,0.0013689999999999998,DQB1,,,,
DQB1*03:01 / DQA1*05:03,DPB1*85:01 / DPA1*01:03,0.038,,0.038,0,,0.0,0.001444,DQB1,,,,
DQB1*03:01 / DQA1*05:03,DQB1*03:01 / DQA1*06:01,0.935,,0.935,20760,,20760.0,0.8742250000000001,DQB1,,,,
DQB1*03:01 / DQA1*05:03,DQB1*03:02 / DQA1*01:01,0.579,,0.579,5328,,5328.0,0.33524099999999996,DQB1,,,,
DQB1*03:01 / DQA1*05:03,DQB1*03:02 / DQA1*02:01,0.587,,0.587,19799,,19799.0,0.34456899999999996,DQB1,,,,
DQB1*03:01 / DQA1*05:03,DQB1*03:02 / DQA1*03:01,0.587,,0.587,20760,,20760.0,0.34456899999999996,DQB1,,,,
DQB1*03:01 / DQA1*05:03,DQB1*03:02 / DQA1*03:02,0.621,,0.621,16092,,16092.0,0.385641,DQB1,,,,
DQB1*03:01 / DQA1*05:03,DQB1*03:02 / DQA1*03:03,0.597,,0.597,4541,,4541.0,0.356409,DQB1,,,,
DQB1*03:01 / DQA1*05:03,DQB1*03:03 / DQA1*02:01,0.615,,0.615,20760,,20760.0,0.378225,DQB1,,,,
DQB1*03:01 / DQA1*05:03,DQB1*03:03 / DQA1*03:01,0.6,,0.6,20760,,20760.0,0.36,DQB1,,,,
DQB1*03:01 / DQA1*05:03,DQB1*03:03 / DQA1*03:02,0.624,,0.624,20760,,20760.0,0.389376,DQB1,,,,
DQB1*03:01 / DQA1*05:03,DQB1*03:04 / DQA1*03:01,0.699,,0.699,127,,127.0,0.48860099999999995,DQB1,,,,
DQB1*03:01 / DQA1*05:03,DQB1*03:19 / DQA1*02:01,0.79,,0.79,0,,0.0,0.6241000000000001,DQB1,,,,
DQB1*03:01 / DQA1*05:03,DQB1*03:19 / DQA1*05:05,0.955,,0.955,20677,,20677.0,0.912025,DQB1,,,,
DQB1*03:01 / DQA1*05:03,DQB1*04:01 / DQA1*02:01,0.265,,0.265,20760,,20760.0,0.07022500000000001,DQB1,,,,
DQB1*03:01 / DQA1*05:03,DQB1*04:01 / DQA1*03:03,0.32,,0.32,20760,,20760.0,0.1024,DQB1,,,,
DQB1*03:01 / DQA1*05:03,DQB1*04:02 / DQA1*02:01,0.288,,0.288,20760,,20760.0,0.08294399999999999,DQB1,,,,
DQB1*03:01 / DQA1*05:03,DQB1*04:02 / DQA1*04:01,0.381,,0.381,20760,,20760.0,0.145161,DQB1,,,,
DQB1*03:01 / DQA1*05:03,DQB1*05:01 / DQA1*01:01,0.028,,0.028,20760,,20760.0,0.0007840000000000001,DQB1,,,,
DQB1*03:01 / DQA1*05:03,DQB1*05:02 / DQA1*01:02,0.031,,0.031,20760,,20760.0,0.0009609999999999999,DQB1,,,,
DQB1*03:01 / DQA1*05:03,DQB1*05:03 / DQA1*01:01,-0.081,,-0.081,0,,0.0,0.006561,DQB1,,,,
DQB1*03:01 / DQA1*05:03,DQB1*06:01 / DQA1*01:03,0.179,,0.179,20760,,20760.0,0.032041,DQB1,,,,
DQB1*03:01 / DQA1*05:03,DQB1*06:02 / DQA1*01:01,0.093,,0.093,20760,,20760.0,0.008649,DQB1,,,,
DQB1*03:01 / DQA1*05:03,DQB1*06:02 / DQA1*01:02,0.097,,0.097,20760,,20760.0,0.009409,DQB1,,,,
DQB1*03:01 / DQA1*05:03,DQB1*06:03 / DQA1*01:03,0.089,,0.089,20760,,20760.0,0.007921,DQB1,,,,
DQB1*03:01 / DQA1*05:03,DQB1*06:04 / DQA1*01:02,0.114,,0.114,20760,,20760.0,0.012996,DQB1,,,,
DQB1*03:01 / DQA1*05:03,DQB1*06:09 / DQA1*01:02,0.159,,0.159,20760,,20760.0,0.025281,DQB1,,,,
DQB1*03:01 / DQA1*06:01,DPB1*01:01 / DPA1*01:03,0.15,0.262,0.137,26195,6396.0,19799.0,0.0225,DQB1,,,,
DQB1*03:01 / DQA1*06:01,DPB1*01:01 / DPA1*02:01,0.117,0.274,0.109,27196,6395.0,20801.0,0.013689000000000002,DQB1,,,,
DQB1*03:01 / DQA1*06:01,DPB1*01:01 / DPA1*02:02,0.247,0.247,,6395,6395.0,,0.061009,DQB1,,,,
DQB1*03:01 / DQA1*06:01,DPB1*01:01 / DPA1*03:01,0.271,0.271,,6396,6396.0,,0.073441,DQB1,,,,
DQB1*03:01 / DQA1*06:01,DPB1*02:01 / DPA1*01:03,0.212,0.326,0.195,27196,6395.0,20801.0,0.044944,DQB1,,,,
DQB1*03:01 / DQA1*06:01,DPB1*02:02 / DPA1*01:03,0.036,,0.036,0,,0.0,0.0012959999999999998,DQB1,,,,
DQB1*03:01 / DQA1*06:01,DPB1*02:02 / DPA1*02:01,0.137,,0.137,3553,,3553.0,0.018769000000000004,DQB1,,,,
DQB1*03:01 / DQA1*06:01,DPB1*03:01 / DPA1*01:03,0.21,0.316,0.193,27197,6396.0,20801.0,0.04409999999999999,DQB1,,,,
DQB1*03:01 / DQA1*06:01,DPB1*03:01 / DPA1*01:04,0.217,,0.217,2287,,2287.0,0.047089,DQB1,,,,
DQB1*03:01 / DQA1*06:01,DPB1*03:01 / DPA1*01:05,0.184,,0.184,17512,,17512.0,0.033856,DQB1,,,,
DQB1*03:01 / DQA1*06:01,DPB1*03:01 / DPA1*02:01,0.187,,0.187,18909,,18909.0,0.034969,DQB1,,,,
DQB1*03:01 / DQA1*06:01,DPB1*04:01 / DPA1*01:03,0.166,0.192,0.163,27197,6396.0,20801.0,0.027556000000000004,DQB1,,,,
DQB1*03:01 / DQA1*06:01,DPB1*04:01 / DPA1*02:01,0.317,0.317,,6395,6395.0,,0.10048900000000001,DQB1,,,,
DQB1*03:01 / DQA1*06:01,DPB1*04:01 / DPA1*02:02,0.32,0.32,,6395,6395.0,,0.1024,DQB1,,,,
DQB1*03:01 / DQA1*06:01,DPB1*04:01 / DPA1*03:01,0.255,0.255,,6396,6396.0,,0.065025,DQB1,,,,
DQB1*03:01 / DQA1*06:01,DPB1*04:01 / DPA1*04:01,0.31,0.31,,6396,6396.0,,0.0961,DQB1,,,,
DQB1*03:01 / DQA1*06:01,DPB1*04:02 / DPA1*01:03,0.212,0.27,0.204,27196,6395.0,20801.0,0.044944,DQB1,,,,
DQB1*03:01 / DQA1*06:01,DPB1*04:02 / DPA1*03:01,0.361,0.361,,6395,6395.0,,0.130321,DQB1,,,,
DQB1*03:01 / DQA1*06:01,DPB1*05:01 / DPA1*02:01,0.134,0.168,0.145,27196,6395.0,20801.0,0.017956000000000003,DQB1,,,,
DQB1*03:01 / DQA1*06:01,DPB1*05:01 / DPA1*02:02,0.113,0.242,0.104,21827,6395.0,15432.0,0.012769,DQB1,,,,
DQB1*03:01 / DQA1*06:01,DPB1*05:01 / DPA1*03:01,0.271,0.271,,6396,6396.0,,0.073441,DQB1,,,,
DQB1*03:01 / DQA1*06:01,DPB1*06:01 / DPA1*01:03,0.2,0.307,0.188,21828,6396.0,15432.0,0.04000000000000001,DQB1,,,,
DQB1*03:01 / DQA1*06:01,DPB1*06:01 / DPA1*02:01,0.19,,0.19,18909,,18909.0,0.0361,DQB1,,,,
DQB1*03:01 / DQA1*06:01,DPB1*09:01 / DPA1*02:01,0.234,0.358,0.213,27196,6395.0,20801.0,0.054756000000000006,DQB1,,,,
DQB1*03:01 / DQA1*06:01,DPB1*105:01 / DPA1*02:01,0.136,,0.136,0,,0.0,0.018496000000000002,DQB1,,,,
DQB1*03:01 / DQA1*06:01,DPB1*107:01 / DPA1*02:01,0.053,,0.053,0,,0.0,0.002809,DQB1,,,,
DQB1*03:01 / DQA1*06:01,DPB1*10:01 / DPA1*02:01,0.193,,0.193,6237,,6237.0,0.037249000000000004,DQB1,,,,
DQB1*03:01 / DQA1*06:01,DPB1*10:01 / DPA1*02:02,0.177,,0.177,14564,,14564.0,0.031328999999999996,DQB1,,,,
DQB1*03:01 / DQA1*06:01,DPB1*11:01 / DPA1*01:03,0.122,,0.122,17512,,17512.0,0.014884,DQB1,,,,
DQB1*03:01 / DQA1*06:01,DPB1*11:01 / DPA1*01:04,0.148,,0.148,2265,,2265.0,0.021903999999999996,DQB1,,,,
DQB1*03:01 / DQA1*06:01,DPB1*11:01 / DPA1*01:05,0.114,,0.114,2080,,2080.0,0.012996,DQB1,,,,
DQB1*03:01 / DQA1*06:01,DPB1*11:01 / DPA1*02:01,0.17,0.199,0.143,9684,6395.0,3289.0,0.028900000000000006,DQB1,,,,
DQB1*03:01 / DQA1*06:01,DPB1*11:01 / DPA1*02:02,0.124,,0.124,14564,,14564.0,0.015375999999999999,DQB1,,,,
DQB1*03:01 / DQA1*06:01,DPB1*13:01 / DPA1*01:04,0.125,,0.125,1397,,1397.0,0.015625,DQB1,,,,
DQB1*03:01 / DQA1*06:01,DPB1*13:01 / DPA1*01:05,0.155,,0.155,2080,,2080.0,0.024025,DQB1,,,,
DQB1*03:01 / DQA1*06:01,DPB1*13:01 / DPA1*02:01,0.158,0.276,0.141,27028,6395.0,20633.0,0.024964,DQB1,,,,
DQB1*03:01 / DQA1*06:01,DPB1*13:01 / DPA1*02:02,0.134,,0.134,15432,,15432.0,0.017956000000000003,DQB1,,,,
DQB1*03:01 / DQA1*06:01,DPB1*13:01 / DPA1*03:01,0.153,,0.153,15432,,15432.0,0.023409,DQB1,,,,
DQB1*03:01 / DQA1*06:01,DPB1*13:01 / DPA1*04:01,0.264,0.32,0.177,9684,6395.0,3289.0,0.06969600000000001,DQB1,,,,
DQB1*03:01 / DQA1*06:01,DPB1*14:01 / DPA1*02:01,0.176,0.21,0.164,27196,6395.0,20801.0,0.030975999999999997,DQB1,,,,
DQB1*03:01 / DQA1*06:01,DPB1*15:01 / DPA1*02:01,0.187,0.34,0.171,27155,6395.0,20760.0,0.034969,DQB1,,,,
DQB1*03:01 / DQA1*06:01,DPB1*17:01 / DPA1*02:01,0.223,0.37,0.196,27196,6395.0,20801.0,0.049729,DQB1,,,,
DQB1*03:01 / DQA1*06:01,DPB1*18:01 / DPA1*01:03,0.31,0.31,,6396,6396.0,,0.0961,DQB1,,,,
DQB1*03:01 / DQA1*06:01,DPB1*18:01 / DPA1*01:04,0.222,,0.222,19799,,19799.0,0.049284,DQB1,,,,
DQB1*03:01 / DQA1*06:01,DPB1*18:01 / DPA1*01:05,0.21,,0.21,19799,,19799.0,0.04409999999999999,DQB1,,,,
DQB1*03:01 / DQA1*06:01,DPB1*18:01 / DPA1*02:01,0.24,,0.24,20760,,20760.0,0.0576,DQB1,,,,
DQB1*03:01 / DQA1*06:01,DPB1*19:01 / DPA1*01:03,0.157,,0.157,17512,,17512.0,0.024649,DQB1,,,,
DQB1*03:01 / DQA1*06:01,DPB1*19:01 / DPA1*02:01,0.146,0.165,0.17,9684,6395.0,3289.0,0.021315999999999998,DQB1,,,,
DQB1*03:01 / DQA1*06:01,DPB1*20:01 / DPA1*01:03,0.128,,0.128,2287,,2287.0,0.016384,DQB1,,,,
DQB1*03:01 / DQA1*06:01,DPB1*20:01 / DPA1*03:01,0.182,,0.182,15432,,15432.0,0.033124,DQB1,,,,
DQB1*03:01 / DQA1*06:01,DPB1*23:01 / DPA1*01:03,0.144,,0.144,15432,,15432.0,0.020735999999999997,DQB1,,,,
DQB1*03:01 / DQA1*06:01,DPB1*23:01 / DPA1*02:01,0.155,,0.155,5328,,5328.0,0.024025,DQB1,,,,
DQB1*03:01 / DQA1*06:01,DPB1*26:01 / DPA1*03:01,0.063,,0.063,0,,0.0,0.003969,DQB1,,,,
DQB1*03:01 / DQA1*06:01,DPB1*28:01 / DPA1*01:03,0.197,,0.197,15432,,15432.0,0.038809,DQB1,,,,
DQB1*03:01 / DQA1*06:01,DPB1*28:01 / DPA1*01:04,0.246,,0.246,2287,,2287.0,0.060516,DQB1,,,,
DQB1*03:01 / DQA1*06:01,DPB1*28:01 / DPA1*01:05,0.21,,0.21,17512,,17512.0,0.04409999999999999,DQB1,,,,
DQB1*03:01 / DQA1*06:01,DPB1*28:01 / DPA1*02:01,0.193,,0.193,2080,,2080.0,0.037249000000000004,DQB1,,,,
DQB1*03:01 / DQA1*06:01,DPB1*28:01 / DPA1*02:02,0.283,0.292,0.202,7791,6394.0,1397.0,0.08008899999999998,DQB1,,,,
DQB1*03:01 / DQA1*06:01,DPB1*28:01 / DPA1*04:01,0.223,,0.223,15432,,15432.0,0.049729,DQB1,,,,
DQB1*03:01 / DQA1*06:01,DPB1*30:01 / DPA1*02:01,0.023,,0.023,0,,0.0,0.000529,DQB1,,,,
DQB1*03:01 / DQA1*06:01,DPB1*31:01 / DPA1*03:01,0.045,,0.045,0,,0.0,0.002025,DQB1,,,,
DQB1*03:01 / DQA1*06:01,DPB1*40:01 / DPA1*01:05,0.047,,0.047,0,,0.0,0.002209,DQB1,,,,
DQB1*03:01 / DQA1*06:01,DPB1*85:01 / DPA1*01:03,0.064,,0.064,0,,0.0,0.004096,DQB1,,,,
DQB1*03:01 / DQA1*06:01,DQB1*03:02 / DQA1*01:01,0.635,,0.635,5369,,5369.0,0.403225,DQB1,,,,
DQB1*03:01 / DQA1*06:01,DQB1*03:02 / DQA1*02:01,0.619,0.59,0.631,26194,6395.0,19799.0,0.383161,DQB1,,,,
DQB1*03:01 / DQA1*06:01,DQB1*03:02 / DQA1*03:01,0.62,0.619,0.626,27197,6396.0,20801.0,0.3844,DQB1,,,,
DQB1*03:01 / DQA1*06:01,DQB1*03:02 / DQA1*03:02,0.67,0.638,0.667,22488,6396.0,16092.0,0.4489000000000001,DQB1,,,,
DQB1*03:01 / DQA1*06:01,DQB1*03:02 / DQA1*03:03,0.645,,0.645,4541,,4541.0,0.41602500000000003,DQB1,,,,
DQB1*03:01 / DQA1*06:01,DQB1*03:03 / DQA1*02:01,0.662,,0.662,20801,,20801.0,0.438244,DQB1,,,,
DQB1*03:01 / DQA1*06:01,DQB1*03:03 / DQA1*03:01,0.637,,0.637,20801,,20801.0,0.405769,DQB1,,,,
DQB1*03:01 / DQA1*06:01,DQB1*03:03 / DQA1*03:02,0.683,0.683,0.675,27156,6396.0,20760.0,0.4664890000000001,DQB1,,,,
DQB1*03:01 / DQA1*06:01,DQB1*03:03 / DQA1*04:01,0.772,0.772,,6396,6396.0,,0.5959840000000001,DQB1,,,,
DQB1*03:01 / DQA1*06:01,DQB1*03:03 / DQA1*06:01,0.785,0.785,,6396,6396.0,,0.616225,DQB1,,,,
DQB1*03:01 / DQA1*06:01,DQB1*03:04 / DQA1*03:01,0.784,,0.784,127,,127.0,0.6146560000000001,DQB1,,,,
DQB1*03:01 / DQA1*06:01,DQB1*03:19 / DQA1*02:01,0.829,,0.829,0,,0.0,0.6872409999999999,DQB1,,,,
DQB1*03:01 / DQA1*06:01,DQB1*03:19 / DQA1*05:05,0.933,,0.933,20677,,20677.0,0.8704890000000001,DQB1,,,,
DQB1*03:01 / DQA1*06:01,DQB1*04:01 / DQA1*02:01,0.31,0.397,0.306,27196,6395.0,20801.0,0.0961,DQB1,,,,
DQB1*03:01 / DQA1*06:01,DQB1*04:01 / DQA1*03:03,0.361,,0.361,20760,,20760.0,0.130321,DQB1,,,,
DQB1*03:01 / DQA1*06:01,DQB1*04:01 / DQA1*04:01,0.565,0.566,,6396,6396.0,,0.3192249999999999,DQB1,,,,
DQB1*03:01 / DQA1*06:01,DQB1*04:01 / DQA1*05:01,0.558,0.558,,6396,6396.0,,0.3113640000000001,DQB1,,,,
DQB1*03:01 / DQA1*06:01,DQB1*04:02 / DQA1*02:01,0.329,,0.329,20801,,20801.0,0.108241,DQB1,,,,
DQB1*03:01 / DQA1*06:01,DQB1*04:02 / DQA1*03:01,0.514,0.514,,6396,6396.0,,0.264196,DQB1,,,,
DQB1*03:01 / DQA1*06:01,DQB1*04:02 / DQA1*04:01,0.433,0.524,0.419,27197,6396.0,20801.0,0.187489,DQB1,,,,
DQB1*03:01 / DQA1*06:01,DQB1*04:02 / DQA1*06:01,0.554,0.554,,6396,6396.0,,0.3069160000000001,DQB1,,,,
DQB1*03:01 / DQA1*06:01,DQB1*05:01 / DQA1*01:01,0.089,0.261,0.058,27197,6396.0,20801.0,0.007921,DQB1,,,,
DQB1*03:01 / DQA1*06:01,DQB1*05:01 / DQA1*01:02,0.177,0.177,,6396,6396.0,,0.031328999999999996,DQB1,,,,
DQB1*03:01 / DQA1*06:01,DQB1*05:02 / DQA1*01:02,0.083,0.195,0.059,27197,6396.0,20801.0,0.006889000000000001,DQB1,,,,
DQB1*03:01 / DQA1*06:01,DQB1*05:03 / DQA1*01:01,-0.023,,-0.023,0,,0.0,0.000529,DQB1,,,,
DQB1*03:01 / DQA1*06:01,DQB1*05:03 / DQA1*01:04,0.301,0.301,,6396,6396.0,,0.09060099999999999,DQB1,,,,
DQB1*03:01 / DQA1*06:01,DQB1*06:01 / DQA1*01:03,0.204,0.218,0.208,27197,6396.0,20801.0,0.04161599999999999,DQB1,,,,
DQB1*03:01 / DQA1*06:01,DQB1*06:01 / DQA1*01:04,0.295,0.295,,6396,6396.0,,0.08702499999999999,DQB1,,,,
DQB1*03:01 / DQA1*06:01,DQB1*06:01 / DQA1*02:01,0.439,0.439,,6396,6396.0,,0.192721,DQB1,,,,
DQB1*03:01 / DQA1*06:01,DQB1*06:02 / DQA1*01:01,0.115,,0.115,20760,,20760.0,0.013225,DQB1,,,,
DQB1*03:01 / DQA1*06:01,DQB1*06:02 / DQA1*01:02,0.123,0.17,0.12,27197,6396.0,20801.0,0.015129,DQB1,,,,
DQB1*03:01 / DQA1*06:01,DQB1*06:03 / DQA1*01:03,0.141,0.253,0.123,27156,6396.0,20760.0,0.019880999999999996,DQB1,,,,
DQB1*03:01 / DQA1*06:01,DQB1*06:04 / DQA1*01:02,0.169,0.327,0.14,27156,6396.0,20760.0,0.028561000000000003,DQB1,,,,
DQB1*03:01 / DQA1*06:01,DQB1*06:09 / DQA1*01:02,0.194,,0.194,20760,,20760.0,0.037636,DQB1,,,,
DQB1*03:02 / DQA1*01:01,DPB1*01:01 / DPA1*01:03,0.244,,0.244,4367,,4367.0,0.059536,DQB1,,,,
DQB1*03:02 / DQA1*01:01,DPB1*01:01 / DPA1*02:01,0.23,,0.23,5369,,5369.0,0.0529,DQB1,,,,
DQB1*03:02 / DQA1*01:01,DPB1*02:01 / DPA1*01:03,0.333,,0.333,5369,,5369.0,0.11088900000000002,DQB1,,,,
DQB1*03:02 / DQA1*01:01,DPB1*02:02 / DPA1*02:01,0.34,,0.34,3553,,3553.0,0.11560000000000002,DQB1,,,,
DQB1*03:02 / DQA1*01:01,DPB1*03:01 / DPA1*01:03,0.285,,0.285,5369,,5369.0,0.08122499999999999,DQB1,,,,
DQB1*03:02 / DQA1*01:01,DPB1*03:01 / DPA1*01:04,0.34,,0.34,2287,,2287.0,0.11560000000000002,DQB1,,,,
DQB1*03:02 / DQA1*01:01,DPB1*03:01 / DPA1*01:05,0.259,,0.259,2080,,2080.0,0.067081,DQB1,,,,
DQB1*03:02 / DQA1*01:01,DPB1*03:01 / DPA1*02:01,0.271,,0.271,3477,,3477.0,0.073441,DQB1,,,,
DQB1*03:02 / DQA1*01:01,DPB1*04:01 / DPA1*01:03,0.262,,0.262,5369,,5369.0,0.06864400000000001,DQB1,,,,
DQB1*03:02 / DQA1*01:01,DPB1*04:02 / DPA1*01:03,0.284,,0.284,5369,,5369.0,0.08065599999999999,DQB1,,,,
DQB1*03:02 / DQA1*01:01,DPB1*05:01 / DPA1*02:01,0.319,,0.319,5369,,5369.0,0.101761,DQB1,,,,
DQB1*03:02 / DQA1*01:01,DPB1*06:01 / DPA1*02:01,0.291,,0.291,3477,,3477.0,0.08468099999999999,DQB1,,,,
DQB1*03:02 / DQA1*01:01,DPB1*09:01 / DPA1*02:01,0.306,,0.306,5369,,5369.0,0.093636,DQB1,,,,
DQB1*03:02 / DQA1*01:01,DPB1*10:01 / DPA1*02:01,0.294,,0.294,5369,,5369.0,0.08643599999999999,DQB1,,,,
DQB1*03:02 / DQA1*01:01,DPB1*11:01 / DPA1*01:03,0.218,,0.218,2080,,2080.0,0.047524,DQB1,,,,
DQB1*03:02 / DQA1*01:01,DPB1*11:01 / DPA1*01:04,0.26,,0.26,1397,,1397.0,0.06760000000000001,DQB1,,,,
DQB1*03:02 / DQA1*01:01,DPB1*11:01 / DPA1*01:05,0.215,,0.215,2080,,2080.0,0.046224999999999995,DQB1,,,,
DQB1*03:02 / DQA1*01:01,DPB1*11:01 / DPA1*02:01,0.318,,0.318,3289,,3289.0,0.101124,DQB1,,,,
DQB1*03:02 / DQA1*01:01,DPB1*13:01 / DPA1*01:04,0.303,,0.303,1397,,1397.0,0.091809,DQB1,,,,
DQB1*03:02 / DQA1*01:01,DPB1*13:01 / DPA1*01:05,0.284,,0.284,2080,,2080.0,0.08065599999999999,DQB1,,,,
DQB1*03:02 / DQA1*01:01,DPB1*13:01 / DPA1*02:01,0.321,,0.321,5201,,5201.0,0.10304100000000001,DQB1,,,,
DQB1*03:02 / DQA1*01:01,DPB1*13:01 / DPA1*04:01,0.402,,0.402,3289,,3289.0,0.16160400000000003,DQB1,,,,
DQB1*03:02 / DQA1*01:01,DPB1*14:01 / DPA1*02:01,0.292,,0.292,5369,,5369.0,0.08526399999999999,DQB1,,,,
DQB1*03:02 / DQA1*01:01,DPB1*15:01 / DPA1*02:01,0.327,,0.327,5328,,5328.0,0.10692900000000001,DQB1,,,,
DQB1*03:02 / DQA1*01:01,DPB1*17:01 / DPA1*02:01,0.32,,0.32,5369,,5369.0,0.1024,DQB1,,,,
DQB1*03:02 / DQA1*01:01,DPB1*18:01 / DPA1*01:04,0.282,,0.282,4367,,4367.0,0.07952399999999998,DQB1,,,,
DQB1*03:02 / DQA1*01:01,DPB1*18:01 / DPA1*01:05,0.256,,0.256,4367,,4367.0,0.065536,DQB1,,,,
DQB1*03:02 / DQA1*01:01,DPB1*18:01 / DPA1*02:01,0.32,,0.32,5328,,5328.0,0.1024,DQB1,,,,
DQB1*03:02 / DQA1*01:01,DPB1*19:01 / DPA1*01:03,0.229,,0.229,2080,,2080.0,0.052441,DQB1,,,,
DQB1*03:02 / DQA1*01:01,DPB1*19:01 / DPA1*02:01,0.303,,0.303,3289,,3289.0,0.091809,DQB1,,,,
DQB1*03:02 / DQA1*01:01,DPB1*20:01 / DPA1*01:03,0.295,,0.295,2287,,2287.0,0.08702499999999999,DQB1,,,,
DQB1*03:02 / DQA1*01:01,DPB1*23:01 / DPA1*02:01,0.326,,0.326,5328,,5328.0,0.10627600000000001,DQB1,,,,
DQB1*03:02 / DQA1*01:01,DPB1*28:01 / DPA1*01:04,0.341,,0.341,2287,,2287.0,0.11628100000000002,DQB1,,,,
DQB1*03:02 / DQA1*01:01,DPB1*28:01 / DPA1*01:05,0.227,,0.227,2080,,2080.0,0.051529000000000005,DQB1,,,,
DQB1*03:02 / DQA1*01:01,DPB1*28:01 / DPA1*02:01,0.265,,0.265,2080,,2080.0,0.07022500000000001,DQB1,,,,
DQB1*03:02 / DQA1*01:01,DPB1*28:01 / DPA1*02:02,0.291,,0.291,1397,,1397.0,0.08468099999999999,DQB1,,,,
DQB1*03:02 / DQA1*01:01,DQB1*03:02 / DQA1*02:01,0.89,,0.89,4367,,4367.0,0.7921,DQB1,,,,
DQB1*03:02 / DQA1*01:01,DQB1*03:02 / DQA1*03:01,0.937,,0.937,5369,,5369.0,0.8779690000000001,DQB1,,,,
DQB1*03:02 / DQA1*01:01,DQB1*03:02 / DQA1*03:02,0.843,,0.843,5201,,5201.0,0.710649,DQB1,,,,
DQB1*03:02 / DQA1*01:01,DQB1*03:03 / DQA1*02:01,0.793,,0.793,5369,,5369.0,0.6288490000000001,DQB1,,,,
DQB1*03:02 / DQA1*01:01,DQB1*03:03 / DQA1*03:01,0.907,,0.907,5369,,5369.0,0.8226490000000001,DQB1,,,,
DQB1*03:02 / DQA1*01:01,DQB1*03:03 / DQA1*03:02,0.823,,0.823,5328,,5328.0,0.677329,DQB1,,,,
DQB1*03:02 / DQA1*01:01,DQB1*03:04 / DQA1*03:01,0.75,,0.75,127,,127.0,0.5625,DQB1,,,,
DQB1*03:02 / DQA1*01:01,DQB1*03:19 / DQA1*05:05,0.601,,0.601,5245,,5245.0,0.361201,DQB1,,,,
DQB1*03:02 / DQA1*01:01,DQB1*04:01 / DQA1*02:01,0.483,,0.483,5369,,5369.0,0.233289,DQB1,,,,
DQB1*03:02 / DQA1*01:01,DQB1*04:01 / DQA1*03:03,0.501,,0.501,5328,,5328.0,0.251001,DQB1,,,,
DQB1*03:02 / DQA1*01:01,DQB1*04:02 / DQA1*02:01,0.476,,0.476,5369,,5369.0,0.22657599999999997,DQB1,,,,
DQB1*03:02 / DQA1*01:01,DQB1*04:02 / DQA1*04:01,0.448,,0.448,5369,,5369.0,0.20070400000000002,DQB1,,,,
DQB1*03:02 / DQA1*01:01,DQB1*05:01 / DQA1*01:01,0.177,,0.177,5369,,5369.0,0.031328999999999996,DQB1,,,,
DQB1*03:02 / DQA1*01:01,DQB1*05:02 / DQA1*01:02,0.236,,0.236,5369,,5369.0,0.055695999999999996,DQB1,,,,
DQB1*03:02 / DQA1*01:01,DQB1*06:01 / DQA1*01:03,0.321,,0.321,5369,,5369.0,0.10304100000000001,DQB1,,,,
DQB1*03:02 / DQA1*01:01,DQB1*06:02 / DQA1*01:01,0.315,,0.315,5328,,5328.0,0.09922500000000001,DQB1,,,,
DQB1*03:02 / DQA1*01:01,DQB1*06:02 / DQA1*01:02,0.335,,0.335,5369,,5369.0,0.11222500000000002,DQB1,,,,
DQB1*03:02 / DQA1*01:01,DQB1*06:03 / DQA1*01:03,0.243,,0.243,5328,,5328.0,0.059049,DQB1,,,,
DQB1*03:02 / DQA1*01:01,DQB1*06:04 / DQA1*01:02,0.321,,0.321,5328,,5328.0,0.10304100000000001,DQB1,,,,
DQB1*03:02 / DQA1*01:01,DQB1*06:09 / DQA1*01:02,0.297,,0.297,5328,,5328.0,0.088209,DQB1,,,,
DQB1*03:02 / DQA1*02:01,DPB1*01:01 / DPA1*01:03,0.229,0.232,0.231,26194,6395.0,19799.0,0.052441,DQB1,,,,
DQB1*03:02 / DQA1*02:01,DPB1*01:01 / DPA1*02:01,0.182,0.188,0.182,26193,6394.0,19799.0,0.033124,DQB1,,,,
DQB1*03:02 / DQA1*02:01,DPB1*01:01 / DPA1*02:02,0.176,0.176,,6394,6394.0,,0.030975999999999997,DQB1,,,,
DQB1*03:02 / DQA1*02:01,DPB1*01:01 / DPA1*03:01,0.216,0.216,,6395,6395.0,,0.046655999999999996,DQB1,,,,
DQB1*03:02 / DQA1*02:01,DPB1*02:01 / DPA1*01:03,0.244,0.202,0.257,26194,6395.0,19799.0,0.059536,DQB1,,,,
DQB1*03:02 / DQA1*02:01,DPB1*02:02 / DPA1*01:03,0.054,,0.054,0,,0.0,0.0029159999999999998,DQB1,,,,
DQB1*03:02 / DQA1*02:01,DPB1*02:02 / DPA1*02:01,0.238,,0.238,2592,,2592.0,0.05664399999999999,DQB1,,,,
DQB1*03:02 / DQA1*02:01,DPB1*03:01 / DPA1*01:03,0.259,0.254,0.263,26194,6395.0,19799.0,0.067081,DQB1,,,,
DQB1*03:02 / DQA1*02:01,DPB1*03:01 / DPA1*01:04,0.351,,0.351,2287,,2287.0,0.12320099999999999,DQB1,,,,
DQB1*03:02 / DQA1*02:01,DPB1*03:01 / DPA1*01:05,0.281,,0.281,17512,,17512.0,0.07896100000000002,DQB1,,,,
DQB1*03:02 / DQA1*02:01,DPB1*03:01 / DPA1*02:01,0.281,,0.281,18909,,18909.0,0.07896100000000002,DQB1,,,,
DQB1*03:02 / DQA1*02:01,DPB1*04:01 / DPA1*01:03,0.208,0.122,0.231,26194,6395.0,19799.0,0.043264,DQB1,,,,
DQB1*03:02 / DQA1*02:01,DPB1*04:01 / DPA1*02:01,0.237,0.237,,6394,6394.0,,0.056169,DQB1,,,,
DQB1*03:02 / DQA1*02:01,DPB1*04:01 / DPA1*02:02,0.257,0.257,,6394,6394.0,,0.066049,DQB1,,,,
DQB1*03:02 / DQA1*02:01,DPB1*04:01 / DPA1*03:01,0.185,0.185,,6395,6395.0,,0.034225,DQB1,,,,
DQB1*03:02 / DQA1*02:01,DPB1*04:01 / DPA1*04:01,0.224,0.224,,6395,6395.0,,0.050176000000000005,DQB1,,,,
DQB1*03:02 / DQA1*02:01,DPB1*04:02 / DPA1*01:03,0.242,0.205,0.253,26194,6395.0,19799.0,0.058564,DQB1,,,,
DQB1*03:02 / DQA1*02:01,DPB1*04:02 / DPA1*03:01,0.221,0.221,,6395,6395.0,,0.048841,DQB1,,,,
DQB1*03:02 / DQA1*02:01,DPB1*05:01 / DPA1*02:01,0.229,0.179,0.243,26193,6394.0,19799.0,0.052441,DQB1,,,,
DQB1*03:02 / DQA1*02:01,DPB1*05:01 / DPA1*02:02,0.219,0.255,0.209,21826,6394.0,15432.0,0.047961,DQB1,,,,
DQB1*03:02 / DQA1*02:01,DPB1*05:01 / DPA1*03:01,0.193,0.193,,6395,6395.0,,0.037249000000000004,DQB1,,,,
DQB1*03:02 / DQA1*02:01,DPB1*06:01 / DPA1*01:03,0.256,0.211,0.272,21827,6395.0,15432.0,0.065536,DQB1,,,,
DQB1*03:02 / DQA1*02:01,DPB1*06:01 / DPA1*02:01,0.289,,0.289,18909,,18909.0,0.08352099999999998,DQB1,,,,
DQB1*03:02 / DQA1*02:01,DPB1*09:01 / DPA1*02:01,0.271,0.259,0.278,26193,6394.0,19799.0,0.073441,DQB1,,,,
DQB1*03:02 / DQA1*02:01,DPB1*105:01 / DPA1*02:01,0.091,,0.091,0,,0.0,0.008281,DQB1,,,,
DQB1*03:02 / DQA1*02:01,DPB1*107:01 / DPA1*02:01,0.108,,0.108,0,,0.0,0.011663999999999999,DQB1,,,,
DQB1*03:02 / DQA1*02:01,DPB1*10:01 / DPA1*02:01,0.275,,0.275,5235,,5235.0,0.07562500000000001,DQB1,,,,
DQB1*03:02 / DQA1*02:01,DPB1*10:01 / DPA1*02:02,0.267,,0.267,14564,,14564.0,0.071289,DQB1,,,,
DQB1*03:02 / DQA1*02:01,DPB1*11:01 / DPA1*01:03,0.247,,0.247,17512,,17512.0,0.061009,DQB1,,,,
DQB1*03:02 / DQA1*02:01,DPB1*11:01 / DPA1*01:04,0.282,,0.282,2265,,2265.0,0.07952399999999998,DQB1,,,,
DQB1*03:02 / DQA1*02:01,DPB1*11:01 / DPA1*01:05,0.226,,0.226,2080,,2080.0,0.051076,DQB1,,,,
DQB1*03:02 / DQA1*02:01,DPB1*11:01 / DPA1*02:01,0.186,0.147,0.263,8681,6394.0,2287.0,0.034596,DQB1,,,,
DQB1*03:02 / DQA1*02:01,DPB1*11:01 / DPA1*02:02,0.25,,0.25,14564,,14564.0,0.0625,DQB1,,,,
DQB1*03:02 / DQA1*02:01,DPB1*13:01 / DPA1*01:04,0.274,,0.274,1397,,1397.0,0.07507600000000002,DQB1,,,,
DQB1*03:02 / DQA1*02:01,DPB1*13:01 / DPA1*01:05,0.28,,0.28,2080,,2080.0,0.07840000000000001,DQB1,,,,
DQB1*03:02 / DQA1*02:01,DPB1*13:01 / DPA1*02:01,0.25,0.203,0.264,26193,6394.0,19799.0,0.0625,DQB1,,,,
DQB1*03:02 / DQA1*02:01,DPB1*13:01 / DPA1*02:02,0.26,,0.26,15432,,15432.0,0.06760000000000001,DQB1,,,,
DQB1*03:02 / DQA1*02:01,DPB1*13:01 / DPA1*03:01,0.277,,0.277,15432,,15432.0,0.07672900000000002,DQB1,,,,
DQB1*03:02 / DQA1*02:01,DPB1*13:01 / DPA1*04:01,0.263,0.231,0.339,8681,6394.0,2287.0,0.06916900000000001,DQB1,,,,
DQB1*03:02 / DQA1*02:01,DPB1*14:01 / DPA1*02:01,0.241,0.108,0.27,26193,6394.0,19799.0,0.058080999999999994,DQB1,,,,
DQB1*03:02 / DQA1*02:01,DPB1*15:01 / DPA1*02:01,0.285,0.267,0.29,26193,6394.0,19799.0,0.08122499999999999,DQB1,,,,
DQB1*03:02 / DQA1*02:01,DPB1*17:01 / DPA1*02:01,0.278,0.26,0.288,26193,6394.0,19799.0,0.07728400000000002,DQB1,,,,
DQB1*03:02 / DQA1*02:01,DPB1*18:01 / DPA1*01:03,0.187,0.187,,6395,6395.0,,0.034969,DQB1,,,,
DQB1*03:02 / DQA1*02:01,DPB1*18:01 / DPA1*01:04,0.277,,0.277,19799,,19799.0,0.07672900000000002,DQB1,,,,
DQB1*03:02 / DQA1*02:01,DPB1*18:01 / DPA1*01:05,0.266,,0.266,19799,,19799.0,0.07075600000000001,DQB1,,,,
DQB1*03:02 / DQA1*02:01,DPB1*18:01 / DPA1*02:01,0.28,,0.28,19799,,19799.0,0.07840000000000001,DQB1,,,,
DQB1*03:02 / DQA1*02:01,DPB1*19:01 / DPA1*01:03,0.228,,0.228,17512,,17512.0,0.051984,DQB1,,,,
DQB1*03:02 / DQA1*02:01,DPB1*19:01 / DPA1*02:01,0.129,0.097,0.21,8681,6394.0,2287.0,0.016641,DQB1,,,,
DQB1*03:02 / DQA1*02:01,DPB1*20:01 / DPA1*01:03,0.266,,0.266,2287,,2287.0,0.07075600000000001,DQB1,,,,
DQB1*03:02 / DQA1*02:01,DPB1*20:01 / DPA1*03:01,0.279,,0.279,15432,,15432.0,0.07784100000000002,DQB1,,,,
DQB1*03:02 / DQA1*02:01,DPB1*23:01 / DPA1*01:03,0.224,,0.224,15432,,15432.0,0.050176000000000005,DQB1,,,,
DQB1*03:02 / DQA1*02:01,DPB1*23:01 / DPA1*02:01,0.253,,0.253,4367,,4367.0,0.064009,DQB1,,,,
DQB1*03:02 / DQA1*02:01,DPB1*26:01 / DPA1*03:01,0.099,,0.099,0,,0.0,0.009801,DQB1,,,,
DQB1*03:02 / DQA1*02:01,DPB1*28:01 / DPA1*01:03,0.246,,0.246,15432,,15432.0,0.060516,DQB1,,,,
DQB1*03:02 / DQA1*02:01,DPB1*28:01 / DPA1*01:04,0.331,,0.331,2287,,2287.0,0.109561,DQB1,,,,
DQB1*03:02 / DQA1*02:01,DPB1*28:01 / DPA1*01:05,0.266,,0.266,17512,,17512.0,0.07075600000000001,DQB1,,,,
DQB1*03:02 / DQA1*02:01,DPB1*28:01 / DPA1*02:01,0.249,,0.249,2080,,2080.0,0.062001,DQB1,,,,
DQB1*03:02 / DQA1*02:01,DPB1*28:01 / DPA1*02:02,0.247,0.235,0.248,7791,6394.0,1397.0,0.061009,DQB1,,,,
DQB1*03:02 / DQA1*02:01,DPB1*28:01 / DPA1*04:01,0.282,,0.282,15432,,15432.0,0.07952399999999998,DQB1,,,,
DQB1*03:02 / DQA1*02:01,DPB1*30:01 / DPA1*02:01,0.069,,0.069,0,,0.0,0.0047610000000000005,DQB1,,,,
DQB1*03:02 / DQA1*02:01,DPB1*31:01 / DPA1*03:01,0.111,,0.111,0,,0.0,0.012321,DQB1,,,,
DQB1*03:02 / DQA1*02:01,DPB1*40:01 / DPA1*01:05,0.067,,0.067,0,,0.0,0.004489000000000001,DQB1,,,,
DQB1*03:02 / DQA1*02:01,DPB1*85:01 / DPA1*01:03,0.086,,0.086,0,,0.0,0.007395999999999999,DQB1,,,,
DQB1*03:02 / DQA1*02:01,DQB1*03:02 / DQA1*03:01,0.87,0.764,0.896,26194,6395.0,19799.0,0.7569,DQB1,,,,
DQB1*03:02 / DQA1*02:01,DQB1*03:02 / DQA1*03:02,0.781,0.728,0.804,21653,6395.0,15258.0,0.6099610000000001,DQB1,,,,
DQB1*03:02 / DQA1*02:01,DQB1*03:02 / DQA1*03:03,0.831,,0.831,4541,,4541.0,0.690561,DQB1,,,,
DQB1*03:02 / DQA1*02:01,DQB1*03:03 / DQA1*02:01,0.911,,0.911,19799,,19799.0,0.829921,DQB1,,,,
DQB1*03:02 / DQA1*02:01,DQB1*03:03 / DQA1*03:01,0.866,,0.866,19799,,19799.0,0.749956,DQB1,,,,
DQB1*03:02 / DQA1*02:01,DQB1*03:03 / DQA1*03:02,0.802,0.758,0.819,26194,6395.0,19799.0,0.6432040000000001,DQB1,,,,
DQB1*03:02 / DQA1*02:01,DQB1*03:03 / DQA1*04:01,0.728,0.728,,6395,6395.0,,0.529984,DQB1,,,,
DQB1*03:02 / DQA1*02:01,DQB1*03:03 / DQA1*06:01,0.722,0.722,,6395,6395.0,,0.521284,DQB1,,,,
DQB1*03:02 / DQA1*02:01,DQB1*03:19 / DQA1*02:01,0.739,,0.739,0,,0.0,0.546121,DQB1,,,,
DQB1*03:02 / DQA1*02:01,DQB1*03:19 / DQA1*05:05,0.604,,0.604,19799,,19799.0,0.364816,DQB1,,,,
DQB1*03:02 / DQA1*02:01,DQB1*04:01 / DQA1*02:01,0.53,0.512,0.535,26194,6395.0,19799.0,0.28090000000000004,DQB1,,,,
DQB1*03:02 / DQA1*02:01,DQB1*04:01 / DQA1*03:03,0.487,,0.487,19799,,19799.0,0.237169,DQB1,,,,
DQB1*03:02 / DQA1*02:01,DQB1*04:01 / DQA1*04:01,0.426,0.425,,6395,6395.0,,0.181476,DQB1,,,,
DQB1*03:02 / DQA1*02:01,DQB1*04:01 / DQA1*05:01,0.409,0.409,,6395,6395.0,,0.16728099999999999,DQB1,,,,
DQB1*03:02 / DQA1*02:01,DQB1*04:02 / DQA1*02:01,0.542,,0.542,19799,,19799.0,0.293764,DQB1,,,,
DQB1*03:02 / DQA1*02:01,DQB1*04:02 / DQA1*03:01,0.468,0.468,,6395,6395.0,,0.21902400000000002,DQB1,,,,
DQB1*03:02 / DQA1*02:01,DQB1*04:02 / DQA1*04:01,0.447,0.394,0.468,26194,6395.0,19799.0,0.19980900000000001,DQB1,,,,
DQB1*03:02 / DQA1*02:01,DQB1*04:02 / DQA1*06:01,0.433,0.433,,6395,6395.0,,0.187489,DQB1,,,,
DQB1*03:02 / DQA1*02:01,DQB1*05:01 / DQA1*01:01,0.16,0.211,0.162,26194,6395.0,19799.0,0.0256,DQB1,,,,
DQB1*03:02 / DQA1*02:01,DQB1*05:01 / DQA1*01:02,0.148,0.148,,6395,6395.0,,0.021903999999999996,DQB1,,,,
DQB1*03:02 / DQA1*02:01,DQB1*05:02 / DQA1*01:02,0.193,0.144,0.214,26194,6395.0,19799.0,0.037249000000000004,DQB1,,,,
DQB1*03:02 / DQA1*02:01,DQB1*05:03 / DQA1*01:01,0.122,,0.122,0,,0.0,0.014884,DQB1,,,,
DQB1*03:02 / DQA1*02:01,DQB1*05:03 / DQA1*01:04,0.207,0.207,,6395,6395.0,,0.042849,DQB1,,,,
DQB1*03:02 / DQA1*02:01,DQB1*06:01 / DQA1*01:03,0.304,0.201,0.332,26194,6395.0,19799.0,0.092416,DQB1,,,,
DQB1*03:02 / DQA1*02:01,DQB1*06:01 / DQA1*01:04,0.273,0.272,,6395,6395.0,,0.07452900000000001,DQB1,,,,
DQB1*03:02 / DQA1*02:01,DQB1*06:01 / DQA1*02:01,0.463,0.463,,6395,6395.0,,0.21436900000000003,DQB1,,,,
DQB1*03:02 / DQA1*02:01,DQB1*06:02 / DQA1*01:01,0.313,,0.313,19799,,19799.0,0.097969,DQB1,,,,
DQB1*03:02 / DQA1*02:01,DQB1*06:02 / DQA1*01:02,0.287,0.188,0.312,26194,6395.0,19799.0,0.08236899999999998,DQB1,,,,
DQB1*03:02 / DQA1*02:01,DQB1*06:03 / DQA1*01:03,0.235,0.251,0.238,26194,6395.0,19799.0,0.055224999999999996,DQB1,,,,
DQB1*03:02 / DQA1*02:01,DQB1*06:04 / DQA1*01:02,0.324,0.326,0.345,26194,6395.0,19799.0,0.104976,DQB1,,,,
DQB1*03:02 / DQA1*02:01,DQB1*06:09 / DQA1*01:02,0.304,,0.304,19799,,19799.0,0.092416,DQB1,,,,
DQB1*03:02 / DQA1*03:01,DPB1*01:01 / DPA1*01:03,0.204,0.214,0.205,26195,6396.0,19799.0,0.04161599999999999,DQB1,,,,
DQB1*03:02 / DQA1*03:01,DPB1*01:01 / DPA1*02:01,0.178,0.166,0.182,27196,6395.0,20801.0,0.031684,DQB1,,,,
DQB1*03:02 / DQA1*03:01,DPB1*01:01 / DPA1*02:02,0.168,0.168,,6395,6395.0,,0.028224000000000003,DQB1,,,,
DQB1*03:02 / DQA1*03:01,DPB1*01:01 / DPA1*03:01,0.219,0.219,,6396,6396.0,,0.047961,DQB1,,,,
DQB1*03:02 / DQA1*03:01,DPB1*02:01 / DPA1*01:03,0.239,0.226,0.244,27196,6395.0,20801.0,0.057121,DQB1,,,,
DQB1*03:02 / DQA1*03:01,DPB1*02:02 / DPA1*01:03,0.062,,0.062,0,,0.0,0.0038439999999999998,DQB1,,,,
DQB1*03:02 / DQA1*03:01,DPB1*02:02 / DPA1*02:01,0.264,,0.264,3553,,3553.0,0.06969600000000001,DQB1,,,,
DQB1*03:02 / DQA1*03:01,DPB1*03:01 / DPA1*01:03,0.256,0.262,0.257,27197,6396.0,20801.0,0.065536,DQB1,,,,
DQB1*03:02 / DQA1*03:01,DPB1*03:01 / DPA1*01:04,0.313,,0.313,2287,,2287.0,0.097969,DQB1,,,,
DQB1*03:02 / DQA1*03:01,DPB1*03:01 / DPA1*01:05,0.257,,0.257,17512,,17512.0,0.066049,DQB1,,,,
DQB1*03:02 / DQA1*03:01,DPB1*03:01 / DPA1*02:01,0.258,,0.258,18909,,18909.0,0.066564,DQB1,,,,
DQB1*03:02 / DQA1*03:01,DPB1*04:01 / DPA1*01:03,0.202,0.123,0.221,27197,6396.0,20801.0,0.04080400000000001,DQB1,,,,
DQB1*03:02 / DQA1*03:01,DPB1*04:01 / DPA1*02:01,0.223,0.223,,6395,6395.0,,0.049729,DQB1,,,,
DQB1*03:02 / DQA1*03:01,DPB1*04:01 / DPA1*02:02,0.213,0.213,,6395,6395.0,,0.045369,DQB1,,,,
DQB1*03:02 / DQA1*03:01,DPB1*04:01 / DPA1*03:01,0.179,0.179,,6396,6396.0,,0.032041,DQB1,,,,
DQB1*03:02 / DQA1*03:01,DPB1*04:01 / DPA1*04:01,0.234,0.234,,6396,6396.0,,0.054756000000000006,DQB1,,,,
DQB1*03:02 / DQA1*03:01,DPB1*04:02 / DPA1*01:03,0.238,0.194,0.249,27196,6395.0,20801.0,0.05664399999999999,DQB1,,,,
DQB1*03:02 / DQA1*03:01,DPB1*04:02 / DPA1*03:01,0.247,0.247,,6395,6395.0,,0.061009,DQB1,,,,
DQB1*03:02 / DQA1*03:01,DPB1*05:01 / DPA1*02:01,0.216,0.13,0.237,27196,6395.0,20801.0,0.046655999999999996,DQB1,,,,
DQB1*03:02 / DQA1*03:01,DPB1*05:01 / DPA1*02:02,0.19,0.179,0.192,21827,6395.0,15432.0,0.0361,DQB1,,,,
DQB1*03:02 / DQA1*03:01,DPB1*05:01 / DPA1*03:01,0.205,0.205,,6396,6396.0,,0.04202499999999999,DQB1,,,,
DQB1*03:02 / DQA1*03:01,DPB1*06:01 / DPA1*01:03,0.26,0.261,0.263,21828,6396.0,15432.0,0.06760000000000001,DQB1,,,,
DQB1*03:02 / DQA1*03:01,DPB1*06:01 / DPA1*02:01,0.263,,0.263,18909,,18909.0,0.06916900000000001,DQB1,,,,
DQB1*03:02 / DQA1*03:01,DPB1*09:01 / DPA1*02:01,0.255,0.26,0.258,27196,6395.0,20801.0,0.065025,DQB1,,,,
DQB1*03:02 / DQA1*03:01,DPB1*105:01 / DPA1*02:01,0.09,,0.09,0,,0.0,0.0081,DQB1,,,,
DQB1*03:02 / DQA1*03:01,DPB1*107:01 / DPA1*02:01,0.104,,0.104,0,,0.0,0.010816,DQB1,,,,
DQB1*03:02 / DQA1*03:01,DPB1*10:01 / DPA1*02:01,0.265,,0.265,6237,,6237.0,0.07022500000000001,DQB1,,,,
DQB1*03:02 / DQA1*03:01,DPB1*10:01 / DPA1*02:02,0.252,,0.252,14564,,14564.0,0.063504,DQB1,,,,
DQB1*03:02 / DQA1*03:01,DPB1*11:01 / DPA1*01:03,0.231,,0.231,17512,,17512.0,0.053361000000000006,DQB1,,,,
DQB1*03:02 / DQA1*03:01,DPB1*11:01 / DPA1*01:04,0.275,,0.275,2265,,2265.0,0.07562500000000001,DQB1,,,,
DQB1*03:02 / DQA1*03:01,DPB1*11:01 / DPA1*01:05,0.191,,0.191,2080,,2080.0,0.036481,DQB1,,,,
DQB1*03:02 / DQA1*03:01,DPB1*11:01 / DPA1*02:01,0.202,0.145,0.278,9684,6395.0,3289.0,0.04080400000000001,DQB1,,,,
DQB1*03:02 / DQA1*03:01,DPB1*11:01 / DPA1*02:02,0.251,,0.251,14564,,14564.0,0.063001,DQB1,,,,
DQB1*03:02 / DQA1*03:01,DPB1*13:01 / DPA1*01:04,0.234,,0.234,1397,,1397.0,0.054756000000000006,DQB1,,,,
DQB1*03:02 / DQA1*03:01,DPB1*13:01 / DPA1*01:05,0.223,,0.223,2080,,2080.0,0.049729,DQB1,,,,
DQB1*03:02 / DQA1*03:01,DPB1*13:01 / DPA1*02:01,0.247,0.181,0.262,27028,6395.0,20633.0,0.061009,DQB1,,,,
DQB1*03:02 / DQA1*03:01,DPB1*13:01 / DPA1*02:02,0.254,,0.254,15432,,15432.0,0.064516,DQB1,,,,
DQB1*03:02 / DQA1*03:01,DPB1*13:01 / DPA1*03:01,0.28,,0.28,15432,,15432.0,0.07840000000000001,DQB1,,,,
DQB1*03:02 / DQA1*03:01,DPB1*13:01 / DPA1*04:01,0.291,0.227,0.376,9684,6395.0,3289.0,0.08468099999999999,DQB1,,,,
DQB1*03:02 / DQA1*03:01,DPB1*14:01 / DPA1*02:01,0.232,0.159,0.247,27196,6395.0,20801.0,0.053824000000000004,DQB1,,,,
DQB1*03:02 / DQA1*03:01,DPB1*15:01 / DPA1*02:01,0.274,0.242,0.281,27155,6395.0,20760.0,0.07507600000000002,DQB1,,,,
DQB1*03:02 / DQA1*03:01,DPB1*17:01 / DPA1*02:01,0.273,0.276,0.277,27196,6395.0,20801.0,0.07452900000000001,DQB1,,,,
DQB1*03:02 / DQA1*03:01,DPB1*18:01 / DPA1*01:03,0.219,0.219,,6396,6396.0,,0.047961,DQB1,,,,
DQB1*03:02 / DQA1*03:01,DPB1*18:01 / DPA1*01:04,0.264,,0.264,19799,,19799.0,0.06969600000000001,DQB1,,,,
DQB1*03:02 / DQA1*03:01,DPB1*18:01 / DPA1*01:05,0.248,,0.248,19799,,19799.0,0.061503999999999996,DQB1,,,,
DQB1*03:02 / DQA1*03:01,DPB1*18:01 / DPA1*02:01,0.262,,0.262,20760,,20760.0,0.06864400000000001,DQB1,,,,
DQB1*03:02 / DQA1*03:01,DPB1*19:01 / DPA1*01:03,0.197,,0.197,17512,,17512.0,0.038809,DQB1,,,,
DQB1*03:02 / DQA1*03:01,DPB1*19:01 / DPA1*02:01,0.181,0.146,0.244,9684,6395.0,3289.0,0.032761,DQB1,,,,
DQB1*03:02 / DQA1*03:01,DPB1*20:01 / DPA1*01:03,0.235,,0.235,2287,,2287.0,0.055224999999999996,DQB1,,,,
DQB1*03:02 / DQA1*03:01,DPB1*20:01 / DPA1*03:01,0.258,,0.258,15432,,15432.0,0.066564,DQB1,,,,
DQB1*03:02 / DQA1*03:01,DPB1*23:01 / DPA1*01:03,0.206,,0.206,15432,,15432.0,0.042435999999999995,DQB1,,,,
DQB1*03:02 / DQA1*03:01,DPB1*23:01 / DPA1*02:01,0.268,,0.268,5328,,5328.0,0.07182400000000001,DQB1,,,,
DQB1*03:02 / DQA1*03:01,DPB1*26:01 / DPA1*03:01,0.094,,0.094,0,,0.0,0.008836,DQB1,,,,
DQB1*03:02 / DQA1*03:01,DPB1*28:01 / DPA1*01:03,0.242,,0.242,15432,,15432.0,0.058564,DQB1,,,,
DQB1*03:02 / DQA1*03:01,DPB1*28:01 / DPA1*01:04,0.29,,0.29,2287,,2287.0,0.0841,DQB1,,,,
DQB1*03:02 / DQA1*03:01,DPB1*28:01 / DPA1*01:05,0.258,,0.258,17512,,17512.0,0.066564,DQB1,,,,
DQB1*03:02 / DQA1*03:01,DPB1*28:01 / DPA1*02:01,0.191,,0.191,2080,,2080.0,0.036481,DQB1,,,,
DQB1*03:02 / DQA1*03:01,DPB1*28:01 / DPA1*02:02,0.231,0.223,0.212,7791,6394.0,1397.0,0.053361000000000006,DQB1,,,,
DQB1*03:02 / DQA1*03:01,DPB1*28:01 / DPA1*04:01,0.269,,0.269,15432,,15432.0,0.07236100000000001,DQB1,,,,
DQB1*03:02 / DQA1*03:01,DPB1*30:01 / DPA1*02:01,0.06,,0.06,0,,0.0,0.0036,DQB1,,,,
DQB1*03:02 / DQA1*03:01,DPB1*31:01 / DPA1*03:01,0.101,,0.101,0,,0.0,0.010201000000000002,DQB1,,,,
DQB1*03:02 / DQA1*03:01,DPB1*40:01 / DPA1*01:05,0.067,,0.067,0,,0.0,0.004489000000000001,DQB1,,,,
DQB1*03:02 / DQA1*03:01,DPB1*85:01 / DPA1*01:03,0.082,,0.082,0,,0.0,0.006724000000000001,DQB1,,,,
DQB1*03:02 / DQA1*03:01,DQB1*03:02 / DQA1*03:02,0.862,0.902,0.859,22488,6396.0,16092.0,0.7430439999999999,DQB1,,,,
DQB1*03:02 / DQA1*03:01,DQB1*03:02 / DQA1*03:03,0.87,,0.87,4541,,4541.0,0.7569,DQB1,,,,
DQB1*03:02 / DQA1*03:01,DQB1*03:03 / DQA1*02:01,0.837,,0.837,20801,,20801.0,0.700569,DQB1,,,,
DQB1*03:02 / DQA1*03:01,DQB1*03:03 / DQA1*03:01,0.927,,0.927,20801,,20801.0,0.8593290000000001,DQB1,,,,
DQB1*03:02 / DQA1*03:01,DQB1*03:03 / DQA1*03:02,0.855,0.876,0.859,27156,6396.0,20760.0,0.7310249999999999,DQB1,,,,
DQB1*03:02 / DQA1*03:01,DQB1*03:03 / DQA1*04:01,0.727,0.727,,6396,6396.0,,0.5285289999999999,DQB1,,,,
DQB1*03:02 / DQA1*03:01,DQB1*03:03 / DQA1*06:01,0.741,0.741,,6396,6396.0,,0.549081,DQB1,,,,
DQB1*03:02 / DQA1*03:01,DQB1*03:04 / DQA1*03:01,0.81,,0.81,127,,127.0,0.6561000000000001,DQB1,,,,
DQB1*03:02 / DQA1*03:01,DQB1*03:19 / DQA1*02:01,0.716,,0.716,0,,0.0,0.512656,DQB1,,,,
DQB1*03:02 / DQA1*03:01,DQB1*03:19 / DQA1*05:05,0.604,,0.604,20677,,20677.0,0.364816,DQB1,,,,
DQB1*03:02 / DQA1*03:01,DQB1*04:01 / DQA1*02:01,0.469,0.375,0.489,27196,6395.0,20801.0,0.21996099999999996,DQB1,,,,
DQB1*03:02 / DQA1*03:01,DQB1*04:01 / DQA1*03:03,0.502,,0.502,20760,,20760.0,0.252004,DQB1,,,,
DQB1*03:02 / DQA1*03:01,DQB1*04:01 / DQA1*04:01,0.404,0.404,,6396,6396.0,,0.16321600000000003,DQB1,,,,
DQB1*03:02 / DQA1*03:01,DQB1*04:01 / DQA1*05:01,0.399,0.399,,6396,6396.0,,0.159201,DQB1,,,,
DQB1*03:02 / DQA1*03:01,DQB1*04:02 / DQA1*02:01,0.474,,0.474,20801,,20801.0,0.224676,DQB1,,,,
DQB1*03:02 / DQA1*03:01,DQB1*04:02 / DQA1*03:01,0.518,0.518,,6396,6396.0,,0.268324,DQB1,,,,
DQB1*03:02 / DQA1*03:01,DQB1*04:02 / DQA1*04:01,0.447,0.385,0.467,27197,6396.0,20801.0,0.19980900000000001,DQB1,,,,
DQB1*03:02 / DQA1*03:01,DQB1*04:02 / DQA1*06:01,0.401,0.401,,6396,6396.0,,0.16080100000000003,DQB1,,,,
DQB1*03:02 / DQA1*03:01,DQB1*05:01 / DQA1*01:01,0.136,0.188,0.137,27197,6396.0,20801.0,0.018496000000000002,DQB1,,,,
DQB1*03:02 / DQA1*03:01,DQB1*05:01 / DQA1*01:02,0.128,0.128,,6396,6396.0,,0.016384,DQB1,,,,
DQB1*03:02 / DQA1*03:01,DQB1*05:02 / DQA1*01:02,0.192,0.137,0.21,27197,6396.0,20801.0,0.036864,DQB1,,,,
DQB1*03:02 / DQA1*03:01,DQB1*05:03 / DQA1*01:01,0.09,,0.09,0,,0.0,0.0081,DQB1,,,,
DQB1*03:02 / DQA1*03:01,DQB1*05:03 / DQA1*01:04,0.222,0.222,,6396,6396.0,,0.049284,DQB1,,,,
DQB1*03:02 / DQA1*03:01,DQB1*06:01 / DQA1*01:03,0.29,0.204,0.312,27197,6396.0,20801.0,0.0841,DQB1,,,,
DQB1*03:02 / DQA1*03:01,DQB1*06:01 / DQA1*01:04,0.235,0.234,,6396,6396.0,,0.055224999999999996,DQB1,,,,
DQB1*03:02 / DQA1*03:01,DQB1*06:01 / DQA1*02:01,0.384,0.384,,6396,6396.0,,0.147456,DQB1,,,,
DQB1*03:02 / DQA1*03:01,DQB1*06:02 / DQA1*01:01,0.304,,0.304,20760,,20760.0,0.092416,DQB1,,,,
DQB1*03:02 / DQA1*03:01,DQB1*06:02 / DQA1*01:02,0.269,0.157,0.294,27197,6396.0,20801.0,0.07236100000000001,DQB1,,,,
DQB1*03:02 / DQA1*03:01,DQB1*06:03 / DQA1*01:03,0.217,0.208,0.223,27156,6396.0,20760.0,0.047089,DQB1,,,,
DQB1*03:02 / DQA1*03:01,DQB1*06:04 / DQA1*01:02,0.319,0.298,0.342,27156,6396.0,20760.0,0.101761,DQB1,,,,
DQB1*03:02 / DQA1*03:01,DQB1*06:09 / DQA1*01:02,0.285,,0.285,20760,,20760.0,0.08122499999999999,DQB1,,,,
DQB1*03:02 / DQA1*03:02,DPB1*01:01 / DPA1*01:03,0.177,0.235,0.167,21654,6396.0,15258.0,0.031328999999999996,DQB1,,,,
DQB1*03:02 / DQA1*03:02,DPB1*01:01 / DPA1*02:01,0.146,0.207,0.145,22487,6395.0,16092.0,0.021315999999999998,DQB1,,,,
DQB1*03:02 / DQA1*03:02,DPB1*01:01 / DPA1*02:02,0.208,0.208,,6395,6395.0,,0.043264,DQB1,,,,
DQB1*03:02 / DQA1*03:02,DPB1*01:01 / DPA1*03:01,0.247,0.247,,6396,6396.0,,0.061009,DQB1,,,,
DQB1*03:02 / DQA1*03:02,DPB1*02:01 / DPA1*01:03,0.176,0.267,0.152,22487,6395.0,16092.0,0.030975999999999997,DQB1,,,,
DQB1*03:02 / DQA1*03:02,DPB1*02:02 / DPA1*01:03,0.16,,0.16,0,,0.0,0.0256,DQB1,,,,
DQB1*03:02 / DQA1*03:02,DPB1*02:02 / DPA1*02:01,0.243,,0.243,3426,,3426.0,0.059049,DQB1,,,,
DQB1*03:02 / DQA1*03:02,DPB1*03:01 / DPA1*01:03,0.232,0.282,0.212,22488,6396.0,16092.0,0.053824000000000004,DQB1,,,,
DQB1*03:02 / DQA1*03:02,DPB1*03:01 / DPA1*01:04,0.246,,0.246,2287,,2287.0,0.060516,DQB1,,,,
DQB1*03:02 / DQA1*03:02,DPB1*03:01 / DPA1*01:05,0.205,,0.205,12971,,12971.0,0.04202499999999999,DQB1,,,,
DQB1*03:02 / DQA1*03:02,DPB1*03:01 / DPA1*02:01,0.207,,0.207,14368,,14368.0,0.042849,DQB1,,,,
DQB1*03:02 / DQA1*03:02,DPB1*04:01 / DPA1*01:03,0.152,0.161,0.143,22488,6396.0,16092.0,0.023104,DQB1,,,,
DQB1*03:02 / DQA1*03:02,DPB1*04:01 / DPA1*02:01,0.258,0.258,,6395,6395.0,,0.066564,DQB1,,,,
DQB1*03:02 / DQA1*03:02,DPB1*04:01 / DPA1*02:02,0.227,0.227,,6395,6395.0,,0.051529000000000005,DQB1,,,,
DQB1*03:02 / DQA1*03:02,DPB1*04:01 / DPA1*03:01,0.206,0.206,,6396,6396.0,,0.042435999999999995,DQB1,,,,
DQB1*03:02 / DQA1*03:02,DPB1*04:01 / DPA1*04:01,0.251,0.251,,6396,6396.0,,0.063001,DQB1,,,,
DQB1*03:02 / DQA1*03:02,DPB1*04:02 / DPA1*01:03,0.16,0.191,0.149,22487,6395.0,16092.0,0.0256,DQB1,,,,
DQB1*03:02 / DQA1*03:02,DPB1*04:02 / DPA1*03:01,0.279,0.279,,6395,6395.0,,0.07784100000000002,DQB1,,,,
DQB1*03:02 / DQA1*03:02,DPB1*05:01 / DPA1*02:01,0.166,0.132,0.19,22487,6395.0,16092.0,0.027556000000000004,DQB1,,,,
DQB1*03:02 / DQA1*03:02,DPB1*05:01 / DPA1*02:02,0.147,0.203,0.146,17286,6395.0,10891.0,0.021608999999999996,DQB1,,,,
DQB1*03:02 / DQA1*03:02,DPB1*05:01 / DPA1*03:01,0.215,0.215,,6396,6396.0,,0.046224999999999995,DQB1,,,,
DQB1*03:02 / DQA1*03:02,DPB1*06:01 / DPA1*01:03,0.229,0.279,0.216,17287,6396.0,10891.0,0.052441,DQB1,,,,
DQB1*03:02 / DQA1*03:02,DPB1*06:01 / DPA1*02:01,0.216,,0.216,14368,,14368.0,0.046655999999999996,DQB1,,,,
DQB1*03:02 / DQA1*03:02,DPB1*09:01 / DPA1*02:01,0.255,0.299,0.237,22487,6395.0,16092.0,0.065025,DQB1,,,,
DQB1*03:02 / DQA1*03:02,DPB1*105:01 / DPA1*02:01,0.258,,0.258,0,,0.0,0.066564,DQB1,,,,
DQB1*03:02 / DQA1*03:02,DPB1*107:01 / DPA1*02:01,0.212,,0.212,0,,0.0,0.044944,DQB1,,,,
DQB1*03:02 / DQA1*03:02,DPB1*10:01 / DPA1*02:01,0.209,,0.209,6069,,6069.0,0.043681,DQB1,,,,
DQB1*03:02 / DQA1*03:02,DPB1*10:01 / DPA1*02:02,0.182,,0.182,10023,,10023.0,0.033124,DQB1,,,,
DQB1*03:02 / DQA1*03:02,DPB1*11:01 / DPA1*01:03,0.148,,0.148,12971,,12971.0,0.021903999999999996,DQB1,,,,
DQB1*03:02 / DQA1*03:02,DPB1*11:01 / DPA1*01:04,0.168,,0.168,2265,,2265.0,0.028224000000000003,DQB1,,,,
DQB1*03:02 / DQA1*03:02,DPB1*11:01 / DPA1*01:05,0.111,,0.111,2080,,2080.0,0.012321,DQB1,,,,
DQB1*03:02 / DQA1*03:02,DPB1*11:01 / DPA1*02:01,0.201,0.181,0.232,9516,6395.0,3121.0,0.040401000000000006,DQB1,,,,
DQB1*03:02 / DQA1*03:02,DPB1*11:01 / DPA1*02:02,0.168,,0.168,10023,,10023.0,0.028224000000000003,DQB1,,,,
DQB1*03:02 / DQA1*03:02,DPB1*13:01 / DPA1*01:04,0.165,,0.165,1397,,1397.0,0.027225000000000003,DQB1,,,,
DQB1*03:02 / DQA1*03:02,DPB1*13:01 / DPA1*01:05,0.166,,0.166,2080,,2080.0,0.027556000000000004,DQB1,,,,
DQB1*03:02 / DQA1*03:02,DPB1*13:01 / DPA1*02:01,0.188,0.175,0.185,22487,6395.0,16092.0,0.035344,DQB1,,,,
DQB1*03:02 / DQA1*03:02,DPB1*13:01 / DPA1*02:02,0.168,,0.168,10891,,10891.0,0.028224000000000003,DQB1,,,,
DQB1*03:02 / DQA1*03:02,DPB1*13:01 / DPA1*03:01,0.182,,0.182,10891,,10891.0,0.033124,DQB1,,,,
DQB1*03:02 / DQA1*03:02,DPB1*13:01 / DPA1*04:01,0.269,0.24,0.305,9516,6395.0,3121.0,0.07236100000000001,DQB1,,,,
DQB1*03:02 / DQA1*03:02,DPB1*14:01 / DPA1*02:01,0.21,0.181,0.203,22487,6395.0,16092.0,0.04409999999999999,DQB1,,,,
DQB1*03:02 / DQA1*03:02,DPB1*15:01 / DPA1*02:01,0.209,0.287,0.194,22487,6395.0,16092.0,0.043681,DQB1,,,,
DQB1*03:02 / DQA1*03:02,DPB1*17:01 / DPA1*02:01,0.249,0.308,0.222,22487,6395.0,16092.0,0.062001,DQB1,,,,
DQB1*03:02 / DQA1*03:02,DPB1*18:01 / DPA1*01:03,0.251,0.251,,6396,6396.0,,0.063001,DQB1,,,,
DQB1*03:02 / DQA1*03:02,DPB1*18:01 / DPA1*01:04,0.196,,0.196,15258,,15258.0,0.038416000000000006,DQB1,,,,
DQB1*03:02 / DQA1*03:02,DPB1*18:01 / DPA1*01:05,0.187,,0.187,15258,,15258.0,0.034969,DQB1,,,,
DQB1*03:02 / DQA1*03:02,DPB1*18:01 / DPA1*02:01,0.244,,0.244,16092,,16092.0,0.059536,DQB1,,,,
DQB1*03:02 / DQA1*03:02,DPB1*19:01 / DPA1*01:03,0.155,,0.155,12971,,12971.0,0.024025,DQB1,,,,
DQB1*03:02 / DQA1*03:02,DPB1*19:01 / DPA1*02:01,0.183,0.179,0.228,9516,6395.0,3121.0,0.033489,DQB1,,,,
DQB1*03:02 / DQA1*03:02,DPB1*20:01 / DPA1*01:03,0.184,,0.184,2287,,2287.0,0.033856,DQB1,,,,
DQB1*03:02 / DQA1*03:02,DPB1*20:01 / DPA1*03:01,0.217,,0.217,10891,,10891.0,0.047089,DQB1,,,,
DQB1*03:02 / DQA1*03:02,DPB1*23:01 / DPA1*01:03,0.117,,0.117,10891,,10891.0,0.013689000000000002,DQB1,,,,
DQB1*03:02 / DQA1*03:02,DPB1*23:01 / DPA1*02:01,0.209,,0.209,5201,,5201.0,0.043681,DQB1,,,,
DQB1*03:02 / DQA1*03:02,DPB1*26:01 / DPA1*03:01,0.241,,0.241,0,,0.0,0.058080999999999994,DQB1,,,,
DQB1*03:02 / DQA1*03:02,DPB1*28:01 / DPA1*01:03,0.152,,0.152,10891,,10891.0,0.023104,DQB1,,,,
DQB1*03:02 / DQA1*03:02,DPB1*28:01 / DPA1*01:04,0.226,,0.226,2287,,2287.0,0.051076,DQB1,,,,
DQB1*03:02 / DQA1*03:02,DPB1*28:01 / DPA1*01:05,0.165,,0.165,12971,,12971.0,0.027225000000000003,DQB1,,,,
DQB1*03:02 / DQA1*03:02,DPB1*28:01 / DPA1*02:01,0.16,,0.16,2080,,2080.0,0.0256,DQB1,,,,
DQB1*03:02 / DQA1*03:02,DPB1*28:01 / DPA1*02:02,0.231,0.229,0.182,7791,6394.0,1397.0,0.053361000000000006,DQB1,,,,
DQB1*03:02 / DQA1*03:02,DPB1*28:01 / DPA1*04:01,0.202,,0.202,10891,,10891.0,0.04080400000000001,DQB1,,,,
DQB1*03:02 / DQA1*03:02,DPB1*30:01 / DPA1*02:01,0.246,,0.246,0,,0.0,0.060516,DQB1,,,,
DQB1*03:02 / DQA1*03:02,DPB1*31:01 / DPA1*03:01,0.213,,0.213,0,,0.0,0.045369,DQB1,,,,
DQB1*03:02 / DQA1*03:02,DPB1*40:01 / DPA1*01:05,0.208,,0.208,0,,0.0,0.043264,DQB1,,,,
DQB1*03:02 / DQA1*03:02,DPB1*85:01 / DPA1*01:03,0.251,,0.251,0,,0.0,0.063001,DQB1,,,,
DQB1*03:02 / DQA1*03:02,DQB1*03:03 / DQA1*02:01,0.833,,0.833,16092,,16092.0,0.693889,DQB1,,,,
DQB1*03:02 / DQA1*03:02,DQB1*03:03 / DQA1*03:01,0.864,,0.864,16092,,16092.0,0.7464959999999999,DQB1,,,,
DQB1*03:02 / DQA1*03:02,DQB1*03:03 / DQA1*03:02,0.94,0.877,0.947,22488,6396.0,16092.0,0.8835999999999999,DQB1,,,,
DQB1*03:02 / DQA1*03:02,DQB1*03:03 / DQA1*04:01,0.735,0.735,,6396,6396.0,,0.540225,DQB1,,,,
DQB1*03:02 / DQA1*03:02,DQB1*03:03 / DQA1*06:01,0.746,0.746,,6396,6396.0,,0.556516,DQB1,,,,
DQB1*03:02 / DQA1*03:02,DQB1*03:19 / DQA1*02:01,0.654,,0.654,0,,0.0,0.42771600000000004,DQB1,,,,
DQB1*03:02 / DQA1*03:02,DQB1*03:19 / DQA1*05:05,0.645,,0.645,16092,,16092.0,0.41602500000000003,DQB1,,,,
DQB1*03:02 / DQA1*03:02,DQB1*04:01 / DQA1*02:01,0.372,0.385,0.377,22487,6395.0,16092.0,0.138384,DQB1,,,,
DQB1*03:02 / DQA1*03:02,DQB1*04:01 / DQA1*03:03,0.514,,0.514,16092,,16092.0,0.264196,DQB1,,,,
DQB1*03:02 / DQA1*03:02,DQB1*04:01 / DQA1*04:01,0.419,0.418,,6396,6396.0,,0.175561,DQB1,,,,
DQB1*03:02 / DQA1*03:02,DQB1*04:01 / DQA1*05:01,0.429,0.429,,6396,6396.0,,0.18404099999999998,DQB1,,,,
DQB1*03:02 / DQA1*03:02,DQB1*04:02 / DQA1*02:01,0.404,,0.404,16092,,16092.0,0.16321600000000003,DQB1,,,,
DQB1*03:02 / DQA1*03:02,DQB1*04:02 / DQA1*03:01,0.534,0.534,,6396,6396.0,,0.285156,DQB1,,,,
DQB1*03:02 / DQA1*03:02,DQB1*04:02 / DQA1*04:01,0.406,0.39,0.398,22488,6396.0,16092.0,0.164836,DQB1,,,,
DQB1*03:02 / DQA1*03:02,DQB1*04:02 / DQA1*06:01,0.419,0.419,,6396,6396.0,,0.175561,DQB1,,,,
DQB1*03:02 / DQA1*03:02,DQB1*05:01 / DQA1*01:01,0.162,0.224,0.126,22488,6396.0,16092.0,0.026244,DQB1,,,,
DQB1*03:02 / DQA1*03:02,DQB1*05:01 / DQA1*01:02,0.15,0.15,,6396,6396.0,,0.0225,DQB1,,,,
DQB1*03:02 / DQA1*03:02,DQB1*05:02 / DQA1*01:02,0.151,0.186,0.125,22488,6396.0,16092.0,0.022801,DQB1,,,,
DQB1*03:02 / DQA1*03:02,DQB1*05:03 / DQA1*01:01,0.037,,0.037,0,,0.0,0.0013689999999999998,DQB1,,,,
DQB1*03:02 / DQA1*03:02,DQB1*05:03 / DQA1*01:04,0.253,0.253,,6396,6396.0,,0.064009,DQB1,,,,
DQB1*03:02 / DQA1*03:02,DQB1*06:01 / DQA1*01:03,0.269,0.211,0.286,22488,6396.0,16092.0,0.07236100000000001,DQB1,,,,
DQB1*03:02 / DQA1*03:02,DQB1*06:01 / DQA1*01:04,0.263,0.262,,6396,6396.0,,0.06916900000000001,DQB1,,,,
DQB1*03:02 / DQA1*03:02,DQB1*06:01 / DQA1*02:01,0.408,0.407,,6396,6396.0,,0.16646399999999997,DQB1,,,,
DQB1*03:02 / DQA1*03:02,DQB1*06:02 / DQA1*01:01,0.217,,0.217,16092,,16092.0,0.047089,DQB1,,,,
DQB1*03:02 / DQA1*03:02,DQB1*06:02 / DQA1*01:02,0.215,0.175,0.223,22488,6396.0,16092.0,0.046224999999999995,DQB1,,,,
DQB1*03:02 / DQA1*03:02,DQB1*06:03 / DQA1*01:03,0.223,0.223,0.209,22488,6396.0,16092.0,0.049729,DQB1,,,,
DQB1*03:02 / DQA1*03:02,DQB1*06:04 / DQA1*01:02,0.279,0.307,0.252,22488,6396.0,16092.0,0.07784100000000002,DQB1,,,,
DQB1*03:02 / DQA1*03:02,DQB1*06:09 / DQA1*01:02,0.285,,0.285,16092,,16092.0,0.08122499999999999,DQB1,,,,
DQB1*03:02 / DQA1*03:03,DPB1*01:01 / DPA1*01:03,0.194,,0.194,4541,,4541.0,0.037636,DQB1,,,,
DQB1*03:02 / DQA1*03:03,DPB1*01:01 / DPA1*02:01,0.133,,0.133,4541,,4541.0,0.017689000000000003,DQB1,,,,
DQB1*03:02 / DQA1*03:03,DPB1*02:01 / DPA1*01:03,0.198,,0.198,4541,,4541.0,0.039204,DQB1,,,,
DQB1*03:02 / DQA1*03:03,DPB1*02:02 / DPA1*01:03,0.032,,0.032,0,,0.0,0.001024,DQB1,,,,
DQB1*03:02 / DQA1*03:03,DPB1*03:01 / DPA1*01:03,0.221,,0.221,4541,,4541.0,0.048841,DQB1,,,,
DQB1*03:02 / DQA1*03:03,DPB1*03:01 / DPA1*01:05,0.233,,0.233,4541,,4541.0,0.054289000000000004,DQB1,,,,
DQB1*03:02 / DQA1*03:03,DPB1*03:01 / DPA1*02:01,0.216,,0.216,4541,,4541.0,0.046655999999999996,DQB1,,,,
DQB1*03:02 / DQA1*03:03,DPB1*04:01 / DPA1*01:03,0.176,,0.176,4541,,4541.0,0.030975999999999997,DQB1,,,,
DQB1*03:02 / DQA1*03:03,DPB1*04:02 / DPA1*01:03,0.182,,0.182,4541,,4541.0,0.033124,DQB1,,,,
DQB1*03:02 / DQA1*03:03,DPB1*05:01 / DPA1*02:01,0.195,,0.195,4541,,4541.0,0.038025,DQB1,,,,
DQB1*03:02 / DQA1*03:03,DPB1*05:01 / DPA1*02:02,0.164,,0.164,4541,,4541.0,0.026896000000000003,DQB1,,,,
DQB1*03:02 / DQA1*03:03,DPB1*06:01 / DPA1*01:03,0.234,,0.234,4541,,4541.0,0.054756000000000006,DQB1,,,,
DQB1*03:02 / DQA1*03:03,DPB1*06:01 / DPA1*02:01,0.215,,0.215,4541,,4541.0,0.046224999999999995,DQB1,,,,
DQB1*03:02 / DQA1*03:03,DPB1*09:01 / DPA1*02:01,0.217,,0.217,4541,,4541.0,0.047089,DQB1,,,,
DQB1*03:02 / DQA1*03:03,DPB1*105:01 / DPA1*02:01,0.063,,0.063,0,,0.0,0.003969,DQB1,,,,
DQB1*03:02 / DQA1*03:03,DPB1*107:01 / DPA1*02:01,0.099,,0.099,0,,0.0,0.009801,DQB1,,,,
DQB1*03:02 / DQA1*03:03,DPB1*10:01 / DPA1*02:02,0.205,,0.205,4541,,4541.0,0.04202499999999999,DQB1,,,,
DQB1*03:02 / DQA1*03:03,DPB1*11:01 / DPA1*01:03,0.2,,0.2,4541,,4541.0,0.04000000000000001,DQB1,,,,
DQB1*03:02 / DQA1*03:03,DPB1*11:01 / DPA1*02:02,0.21,,0.21,4541,,4541.0,0.04409999999999999,DQB1,,,,
DQB1*03:02 / DQA1*03:03,DPB1*13:01 / DPA1*02:01,0.201,,0.201,4541,,4541.0,0.040401000000000006,DQB1,,,,
DQB1*03:02 / DQA1*03:03,DPB1*13:01 / DPA1*02:02,0.225,,0.225,4541,,4541.0,0.050625,DQB1,,,,
DQB1*03:02 / DQA1*03:03,DPB1*13:01 / DPA1*03:01,0.235,,0.235,4541,,4541.0,0.055224999999999996,DQB1,,,,
DQB1*03:02 / DQA1*03:03,DPB1*14:01 / DPA1*02:01,0.201,,0.201,4541,,4541.0,0.040401000000000006,DQB1,,,,
DQB1*03:02 / DQA1*03:03,DPB1*15:01 / DPA1*02:01,0.234,,0.234,4541,,4541.0,0.054756000000000006,DQB1,,,,
DQB1*03:02 / DQA1*03:03,DPB1*17:01 / DPA1*02:01,0.217,,0.217,4541,,4541.0,0.047089,DQB1,,,,
DQB1*03:02 / DQA1*03:03,DPB1*18:01 / DPA1*01:04,0.196,,0.196,4541,,4541.0,0.038416000000000006,DQB1,,,,
DQB1*03:02 / DQA1*03:03,DPB1*18:01 / DPA1*01:05,0.207,,0.207,4541,,4541.0,0.042849,DQB1,,,,
DQB1*03:02 / DQA1*03:03,DPB1*18:01 / DPA1*02:01,0.235,,0.235,4541,,4541.0,0.055224999999999996,DQB1,,,,
DQB1*03:02 / DQA1*03:03,DPB1*19:01 / DPA1*01:03,0.219,,0.219,4541,,4541.0,0.047961,DQB1,,,,
DQB1*03:02 / DQA1*03:03,DPB1*20:01 / DPA1*03:01,0.215,,0.215,4541,,4541.0,0.046224999999999995,DQB1,,,,
DQB1*03:02 / DQA1*03:03,DPB1*23:01 / DPA1*01:03,0.174,,0.174,4541,,4541.0,0.030275999999999997,DQB1,,,,
DQB1*03:02 / DQA1*03:03,DPB1*26:01 / DPA1*03:01,0.065,,0.065,0,,0.0,0.0042250000000000005,DQB1,,,,
DQB1*03:02 / DQA1*03:03,DPB1*28:01 / DPA1*01:03,0.18,,0.18,4541,,4541.0,0.0324,DQB1,,,,
DQB1*03:02 / DQA1*03:03,DPB1*28:01 / DPA1*01:05,0.195,,0.195,4541,,4541.0,0.038025,DQB1,,,,
DQB1*03:02 / DQA1*03:03,DPB1*28:01 / DPA1*04:01,0.227,,0.227,4541,,4541.0,0.051529000000000005,DQB1,,,,
DQB1*03:02 / DQA1*03:03,DPB1*30:01 / DPA1*02:01,0.048,,0.048,0,,0.0,0.002304,DQB1,,,,
DQB1*03:02 / DQA1*03:03,DPB1*31:01 / DPA1*03:01,0.086,,0.086,0,,0.0,0.007395999999999999,DQB1,,,,
DQB1*03:02 / DQA1*03:03,DPB1*40:01 / DPA1*01:05,0.043,,0.043,0,,0.0,0.0018489999999999997,DQB1,,,,
DQB1*03:02 / DQA1*03:03,DPB1*85:01 / DPA1*01:03,0.055,,0.055,0,,0.0,0.003025,DQB1,,,,
DQB1*03:02 / DQA1*03:03,DQB1*03:03 / DQA1*02:01,0.824,,0.824,4541,,4541.0,0.6789759999999999,DQB1,,,,
DQB1*03:02 / DQA1*03:03,DQB1*03:03 / DQA1*03:01,0.908,,0.908,4541,,4541.0,0.8244640000000001,DQB1,,,,
DQB1*03:02 / DQA1*03:03,DQB1*03:03 / DQA1*03:02,0.963,,0.963,4541,,4541.0,0.9273689999999999,DQB1,,,,
DQB1*03:02 / DQA1*03:03,DQB1*03:19 / DQA1*02:01,0.68,,0.68,0,,0.0,0.4624000000000001,DQB1,,,,
DQB1*03:02 / DQA1*03:03,DQB1*03:19 / DQA1*05:05,0.642,,0.642,4541,,4541.0,0.41216400000000003,DQB1,,,,
DQB1*03:02 / DQA1*03:03,DQB1*04:01 / DQA1*02:01,0.418,,0.418,4541,,4541.0,0.174724,DQB1,,,,
DQB1*03:02 / DQA1*03:03,DQB1*04:01 / DQA1*03:03,0.547,,0.547,4541,,4541.0,0.29920900000000006,DQB1,,,,
DQB1*03:02 / DQA1*03:03,DQB1*04:02 / DQA1*02:01,0.423,,0.423,4541,,4541.0,0.17892899999999998,DQB1,,,,
DQB1*03:02 / DQA1*03:03,DQB1*04:02 / DQA1*04:01,0.41,,0.41,4541,,4541.0,0.16809999999999997,DQB1,,,,
DQB1*03:02 / DQA1*03:03,DQB1*05:01 / DQA1*01:01,0.159,,0.159,4541,,4541.0,0.025281,DQB1,,,,
DQB1*03:02 / DQA1*03:03,DQB1*05:02 / DQA1*01:02,0.181,,0.181,4541,,4541.0,0.032761,DQB1,,,,
DQB1*03:02 / DQA1*03:03,DQB1*05:03 / DQA1*01:01,0.145,,0.145,0,,0.0,0.021025,DQB1,,,,
DQB1*03:02 / DQA1*03:03,DQB1*06:01 / DQA1*01:03,0.335,,0.335,4541,,4541.0,0.11222500000000002,DQB1,,,,
DQB1*03:02 / DQA1*03:03,DQB1*06:02 / DQA1*01:01,0.261,,0.261,4541,,4541.0,0.068121,DQB1,,,,
DQB1*03:02 / DQA1*03:03,DQB1*06:02 / DQA1*01:02,0.261,,0.261,4541,,4541.0,0.068121,DQB1,,,,
DQB1*03:02 / DQA1*03:03,DQB1*06:03 / DQA1*01:03,0.278,,0.278,4541,,4541.0,0.07728400000000002,DQB1,,,,
DQB1*03:02 / DQA1*03:03,DQB1*06:04 / DQA1*01:02,0.287,,0.287,4541,,4541.0,0.08236899999999998,DQB1,,,,
DQB1*03:02 / DQA1*03:03,DQB1*06:09 / DQA1*01:02,0.333,,0.333,4541,,4541.0,0.11088900000000002,DQB1,,,,
DQB1*03:03 / DQA1*02:01,DPB1*01:01 / DPA1*01:03,0.205,,0.205,19799,,19799.0,0.04202499999999999,DQB1,,,,
DQB1*03:03 / DQA1*02:01,DPB1*01:01 / DPA1*02:01,0.171,,0.171,20801,,20801.0,0.029241000000000003,DQB1,,,,
DQB1*03:03 / DQA1*02:01,DPB1*02:01 / DPA1*01:03,0.222,,0.222,20801,,20801.0,0.049284,DQB1,,,,
DQB1*03:03 / DQA1*02:01,DPB1*02:02 / DPA1*01:03,0.058,,0.058,0,,0.0,0.0033640000000000002,DQB1,,,,
DQB1*03:03 / DQA1*02:01,DPB1*02:02 / DPA1*02:01,0.193,,0.193,3553,,3553.0,0.037249000000000004,DQB1,,,,
DQB1*03:03 / DQA1*02:01,DPB1*03:01 / DPA1*01:03,0.249,,0.249,20801,,20801.0,0.062001,DQB1,,,,
DQB1*03:03 / DQA1*02:01,DPB1*03:01 / DPA1*01:04,0.278,,0.278,2287,,2287.0,0.07728400000000002,DQB1,,,,
DQB1*03:03 / DQA1*02:01,DPB1*03:01 / DPA1*01:05,0.248,,0.248,17512,,17512.0,0.061503999999999996,DQB1,,,,
DQB1*03:03 / DQA1*02:01,DPB1*03:01 / DPA1*02:01,0.251,,0.251,18909,,18909.0,0.063001,DQB1,,,,
DQB1*03:03 / DQA1*02:01,DPB1*04:01 / DPA1*01:03,0.221,,0.221,20801,,20801.0,0.048841,DQB1,,,,
DQB1*03:03 / DQA1*02:01,DPB1*04:02 / DPA1*01:03,0.221,,0.221,20801,,20801.0,0.048841,DQB1,,,,
DQB1*03:03 / DQA1*02:01,DPB1*05:01 / DPA1*02:01,0.229,,0.229,20801,,20801.0,0.052441,DQB1,,,,
DQB1*03:03 / DQA1*02:01,DPB1*05:01 / DPA1*02:02,0.179,,0.179,15432,,15432.0,0.032041,DQB1,,,,
DQB1*03:03 / DQA1*02:01,DPB1*06:01 / DPA1*01:03,0.244,,0.244,15432,,15432.0,0.059536,DQB1,,,,
DQB1*03:03 / DQA1*02:01,DPB1*06:01 / DPA1*02:01,0.245,,0.245,18909,,18909.0,0.060024999999999995,DQB1,,,,
DQB1*03:03 / DQA1*02:01,DPB1*09:01 / DPA1*02:01,0.271,,0.271,20801,,20801.0,0.073441,DQB1,,,,
DQB1*03:03 / DQA1*02:01,DPB1*105:01 / DPA1*02:01,0.078,,0.078,0,,0.0,0.006084,DQB1,,,,
DQB1*03:03 / DQA1*02:01,DPB1*107:01 / DPA1*02:01,0.095,,0.095,0,,0.0,0.009025,DQB1,,,,
DQB1*03:03 / DQA1*02:01,DPB1*10:01 / DPA1*02:01,0.22,,0.22,6237,,6237.0,0.0484,DQB1,,,,
DQB1*03:03 / DQA1*02:01,DPB1*10:01 / DPA1*02:02,0.222,,0.222,14564,,14564.0,0.049284,DQB1,,,,
DQB1*03:03 / DQA1*02:01,DPB1*11:01 / DPA1*01:03,0.204,,0.204,17512,,17512.0,0.04161599999999999,DQB1,,,,
DQB1*03:03 / DQA1*02:01,DPB1*11:01 / DPA1*01:04,0.217,,0.217,2265,,2265.0,0.047089,DQB1,,,,
DQB1*03:03 / DQA1*02:01,DPB1*11:01 / DPA1*01:05,0.131,,0.131,2080,,2080.0,0.017161000000000003,DQB1,,,,
DQB1*03:03 / DQA1*02:01,DPB1*11:01 / DPA1*02:01,0.208,,0.208,3289,,3289.0,0.043264,DQB1,,,,
DQB1*03:03 / DQA1*02:01,DPB1*11:01 / DPA1*02:02,0.224,,0.224,14564,,14564.0,0.050176000000000005,DQB1,,,,
DQB1*03:03 / DQA1*02:01,DPB1*13:01 / DPA1*01:04,0.205,,0.205,1397,,1397.0,0.04202499999999999,DQB1,,,,
DQB1*03:03 / DQA1*02:01,DPB1*13:01 / DPA1*01:05,0.183,,0.183,2080,,2080.0,0.033489,DQB1,,,,
DQB1*03:03 / DQA1*02:01,DPB1*13:01 / DPA1*02:01,0.233,,0.233,20633,,20633.0,0.054289000000000004,DQB1,,,,
DQB1*03:03 / DQA1*02:01,DPB1*13:01 / DPA1*02:02,0.235,,0.235,15432,,15432.0,0.055224999999999996,DQB1,,,,
DQB1*03:03 / DQA1*02:01,DPB1*13:01 / DPA1*03:01,0.243,,0.243,15432,,15432.0,0.059049,DQB1,,,,
DQB1*03:03 / DQA1*02:01,DPB1*13:01 / DPA1*04:01,0.256,,0.256,3289,,3289.0,0.065536,DQB1,,,,
DQB1*03:03 / DQA1*02:01,DPB1*14:01 / DPA1*02:01,0.22,,0.22,20801,,20801.0,0.0484,DQB1,,,,
DQB1*03:03 / DQA1*02:01,DPB1*15:01 / DPA1*02:01,0.251,,0.251,20760,,20760.0,0.063001,DQB1,,,,
DQB1*03:03 / DQA1*02:01,DPB1*17:01 / DPA1*02:01,0.257,,0.257,20801,,20801.0,0.066049,DQB1,,,,
DQB1*03:03 / DQA1*02:01,DPB1*18:01 / DPA1*01:04,0.25,,0.25,19799,,19799.0,0.0625,DQB1,,,,
DQB1*03:03 / DQA1*02:01,DPB1*18:01 / DPA1*01:05,0.242,,0.242,19799,,19799.0,0.058564,DQB1,,,,
DQB1*03:03 / DQA1*02:01,DPB1*18:01 / DPA1*02:01,0.285,,0.285,20760,,20760.0,0.08122499999999999,DQB1,,,,
DQB1*03:03 / DQA1*02:01,DPB1*19:01 / DPA1*01:03,0.212,,0.212,17512,,17512.0,0.044944,DQB1,,,,
DQB1*03:03 / DQA1*02:01,DPB1*19:01 / DPA1*02:01,0.223,,0.223,3289,,3289.0,0.049729,DQB1,,,,
DQB1*03:03 / DQA1*02:01,DPB1*20:01 / DPA1*01:03,0.193,,0.193,2287,,2287.0,0.037249000000000004,DQB1,,,,
DQB1*03:03 / DQA1*02:01,DPB1*20:01 / DPA1*03:01,0.251,,0.251,15432,,15432.0,0.063001,DQB1,,,,
DQB1*03:03 / DQA1*02:01,DPB1*23:01 / DPA1*01:03,0.226,,0.226,15432,,15432.0,0.051076,DQB1,,,,
DQB1*03:03 / DQA1*02:01,DPB1*23:01 / DPA1*02:01,0.192,,0.192,5328,,5328.0,0.036864,DQB1,,,,
DQB1*03:03 / DQA1*02:01,DPB1*26:01 / DPA1*03:01,0.088,,0.088,0,,0.0,0.007743999999999999,DQB1,,,,
DQB1*03:03 / DQA1*02:01,DPB1*28:01 / DPA1*01:03,0.235,,0.235,15432,,15432.0,0.055224999999999996,DQB1,,,,
DQB1*03:03 / DQA1*02:01,DPB1*28:01 / DPA1*01:04,0.242,,0.242,2287,,2287.0,0.058564,DQB1,,,,
DQB1*03:03 / DQA1*02:01,DPB1*28:01 / DPA1*01:05,0.243,,0.243,17512,,17512.0,0.059049,DQB1,,,,
DQB1*03:03 / DQA1*02:01,DPB1*28:01 / DPA1*02:01,0.175,,0.175,2080,,2080.0,0.030624999999999996,DQB1,,,,
DQB1*03:03 / DQA1*02:01,DPB1*28:01 / DPA1*02:02,0.2,,0.2,1397,,1397.0,0.04000000000000001,DQB1,,,,
DQB1*03:03 / DQA1*02:01,DPB1*28:01 / DPA1*04:01,0.266,,0.266,15432,,15432.0,0.07075600000000001,DQB1,,,,
DQB1*03:03 / DQA1*02:01,DPB1*30:01 / DPA1*02:01,0.064,,0.064,0,,0.0,0.004096,DQB1,,,,
DQB1*03:03 / DQA1*02:01,DPB1*31:01 / DPA1*03:01,0.096,,0.096,0,,0.0,0.009216,DQB1,,,,
DQB1*03:03 / DQA1*02:01,DPB1*40:01 / DPA1*01:05,0.063,,0.063,0,,0.0,0.003969,DQB1,,,,
DQB1*03:03 / DQA1*02:01,DPB1*85:01 / DPA1*01:03,0.075,,0.075,0,,0.0,0.005625,DQB1,,,,
DQB1*03:03 / DQA1*02:01,DQB1*03:03 / DQA1*03:01,0.869,,0.869,20801,,20801.0,0.755161,DQB1,,,,
DQB1*03:03 / DQA1*02:01,DQB1*03:03 / DQA1*03:02,0.858,,0.858,20760,,20760.0,0.7361639999999999,DQB1,,,,
DQB1*03:03 / DQA1*02:01,DQB1*03:04 / DQA1*03:01,0.71,,0.71,127,,127.0,0.5041,DQB1,,,,
DQB1*03:03 / DQA1*02:01,DQB1*03:19 / DQA1*02:01,0.738,,0.738,0,,0.0,0.544644,DQB1,,,,
DQB1*03:03 / DQA1*02:01,DQB1*03:19 / DQA1*05:05,0.631,,0.631,20677,,20677.0,0.398161,DQB1,,,,
DQB1*03:03 / DQA1*02:01,DQB1*04:01 / DQA1*02:01,0.494,,0.494,20801,,20801.0,0.244036,DQB1,,,,
DQB1*03:03 / DQA1*02:01,DQB1*04:01 / DQA1*03:03,0.492,,0.492,20760,,20760.0,0.242064,DQB1,,,,
DQB1*03:03 / DQA1*02:01,DQB1*04:02 / DQA1*02:01,0.519,,0.519,20801,,20801.0,0.269361,DQB1,,,,
DQB1*03:03 / DQA1*02:01,DQB1*04:02 / DQA1*04:01,0.462,,0.462,20801,,20801.0,0.21344400000000002,DQB1,,,,
DQB1*03:03 / DQA1*02:01,DQB1*05:01 / DQA1*01:01,0.175,,0.175,20801,,20801.0,0.030624999999999996,DQB1,,,,
DQB1*03:03 / DQA1*02:01,DQB1*05:02 / DQA1*01:02,0.192,,0.192,20801,,20801.0,0.036864,DQB1,,,,
DQB1*03:03 / DQA1*02:01,DQB1*05:03 / DQA1*01:01,0.125,,0.125,0,,0.0,0.015625,DQB1,,,,
DQB1*03:03 / DQA1*02:01,DQB1*06:01 / DQA1*01:03,0.34,,0.34,20801,,20801.0,0.11560000000000002,DQB1,,,,
DQB1*03:03 / DQA1*02:01,DQB1*06:02 / DQA1*01:01,0.293,,0.293,20760,,20760.0,0.085849,DQB1,,,,
DQB1*03:03 / DQA1*02:01,DQB1*06:02 / DQA1*01:02,0.299,,0.299,20801,,20801.0,0.089401,DQB1,,,,
DQB1*03:03 / DQA1*02:01,DQB1*06:03 / DQA1*01:03,0.249,,0.249,20760,,20760.0,0.062001,DQB1,,,,
DQB1*03:03 / DQA1*02:01,DQB1*06:04 / DQA1*01:02,0.322,,0.322,20760,,20760.0,0.10368400000000001,DQB1,,,,
DQB1*03:03 / DQA1*02:01,DQB1*06:09 / DQA1*01:02,0.321,,0.321,20760,,20760.0,0.10304100000000001,DQB1,,,,
DQB1*03:03 / DQA1*03:01,DPB1*01:01 / DPA1*01:03,0.214,,0.214,19799,,19799.0,0.045795999999999996,DQB1,,,,
DQB1*03:03 / DQA1*03:01,DPB1*01:01 / DPA1*02:01,0.182,,0.182,20801,,20801.0,0.033124,DQB1,,,,
DQB1*03:03 / DQA1*03:01,DPB1*02:01 / DPA1*01:03,0.241,,0.241,20801,,20801.0,0.058080999999999994,DQB1,,,,
DQB1*03:03 / DQA1*03:01,DPB1*02:02 / DPA1*01:03,0.062,,0.062,0,,0.0,0.0038439999999999998,DQB1,,,,
DQB1*03:03 / DQA1*03:01,DPB1*02:02 / DPA1*02:01,0.273,,0.273,3553,,3553.0,0.07452900000000001,DQB1,,,,
DQB1*03:03 / DQA1*03:01,DPB1*03:01 / DPA1*01:03,0.268,,0.268,20801,,20801.0,0.07182400000000001,DQB1,,,,
DQB1*03:03 / DQA1*03:01,DPB1*03:01 / DPA1*01:04,0.324,,0.324,2287,,2287.0,0.104976,DQB1,,,,
DQB1*03:03 / DQA1*03:01,DPB1*03:01 / DPA1*01:05,0.265,,0.265,17512,,17512.0,0.07022500000000001,DQB1,,,,
DQB1*03:03 / DQA1*03:01,DPB1*03:01 / DPA1*02:01,0.251,,0.251,18909,,18909.0,0.063001,DQB1,,,,
DQB1*03:03 / DQA1*03:01,DPB1*04:01 / DPA1*01:03,0.23,,0.23,20801,,20801.0,0.0529,DQB1,,,,
DQB1*03:03 / DQA1*03:01,DPB1*04:02 / DPA1*01:03,0.249,,0.249,20801,,20801.0,0.062001,DQB1,,,,
DQB1*03:03 / DQA1*03:01,DPB1*05:01 / DPA1*02:01,0.245,,0.245,20801,,20801.0,0.060024999999999995,DQB1,,,,
DQB1*03:03 / DQA1*03:01,DPB1*05:01 / DPA1*02:02,0.175,,0.175,15432,,15432.0,0.030624999999999996,DQB1,,,,
DQB1*03:03 / DQA1*03:01,DPB1*06:01 / DPA1*01:03,0.263,,0.263,15432,,15432.0,0.06916900000000001,DQB1,,,,
DQB1*03:03 / DQA1*03:01,DPB1*06:01 / DPA1*02:01,0.252,,0.252,18909,,18909.0,0.063504,DQB1,,,,
DQB1*03:03 / DQA1*03:01,DPB1*09:01 / DPA1*02:01,0.258,,0.258,20801,,20801.0,0.066564,DQB1,,,,
DQB1*03:03 / DQA1*03:01,DPB1*105:01 / DPA1*02:01,0.079,,0.079,0,,0.0,0.006241,DQB1,,,,
DQB1*03:03 / DQA1*03:01,DPB1*107:01 / DPA1*02:01,0.084,,0.084,0,,0.0,0.007056000000000001,DQB1,,,,
DQB1*03:03 / DQA1*03:01,DPB1*10:01 / DPA1*02:01,0.262,,0.262,6237,,6237.0,0.06864400000000001,DQB1,,,,
DQB1*03:03 / DQA1*03:01,DPB1*10:01 / DPA1*02:02,0.217,,0.217,14564,,14564.0,0.047089,DQB1,,,,
DQB1*03:03 / DQA1*03:01,DPB1*11:01 / DPA1*01:03,0.219,,0.219,17512,,17512.0,0.047961,DQB1,,,,
DQB1*03:03 / DQA1*03:01,DPB1*11:01 / DPA1*01:04,0.281,,0.281,2265,,2265.0,0.07896100000000002,DQB1,,,,
DQB1*03:03 / DQA1*03:01,DPB1*11:01 / DPA1*01:05,0.192,,0.192,2080,,2080.0,0.036864,DQB1,,,,
DQB1*03:03 / DQA1*03:01,DPB1*11:01 / DPA1*02:01,0.293,,0.293,3289,,3289.0,0.085849,DQB1,,,,
DQB1*03:03 / DQA1*03:01,DPB1*11:01 / DPA1*02:02,0.235,,0.235,14564,,14564.0,0.055224999999999996,DQB1,,,,
DQB1*03:03 / DQA1*03:01,DPB1*13:01 / DPA1*01:04,0.229,,0.229,1397,,1397.0,0.052441,DQB1,,,,
DQB1*03:03 / DQA1*03:01,DPB1*13:01 / DPA1*01:05,0.231,,0.231,2080,,2080.0,0.053361000000000006,DQB1,,,,
DQB1*03:03 / DQA1*03:01,DPB1*13:01 / DPA1*02:01,0.255,,0.255,20633,,20633.0,0.065025,DQB1,,,,
DQB1*03:03 / DQA1*03:01,DPB1*13:01 / DPA1*02:02,0.239,,0.239,15432,,15432.0,0.057121,DQB1,,,,
DQB1*03:03 / DQA1*03:01,DPB1*13:01 / DPA1*03:01,0.266,,0.266,15432,,15432.0,0.07075600000000001,DQB1,,,,
DQB1*03:03 / DQA1*03:01,DPB1*13:01 / DPA1*04:01,0.386,,0.386,3289,,3289.0,0.14899600000000002,DQB1,,,,
DQB1*03:03 / DQA1*03:01,DPB1*14:01 / DPA1*02:01,0.228,,0.228,20801,,20801.0,0.051984,DQB1,,,,
DQB1*03:03 / DQA1*03:01,DPB1*15:01 / DPA1*02:01,0.278,,0.278,20760,,20760.0,0.07728400000000002,DQB1,,,,
DQB1*03:03 / DQA1*03:01,DPB1*17:01 / DPA1*02:01,0.269,,0.269,20801,,20801.0,0.07236100000000001,DQB1,,,,
DQB1*03:03 / DQA1*03:01,DPB1*18:01 / DPA1*01:04,0.26,,0.26,19799,,19799.0,0.06760000000000001,DQB1,,,,
DQB1*03:03 / DQA1*03:01,DPB1*18:01 / DPA1*01:05,0.255,,0.255,19799,,19799.0,0.065025,DQB1,,,,
DQB1*03:03 / DQA1*03:01,DPB1*18:01 / DPA1*02:01,0.278,,0.278,20760,,20760.0,0.07728400000000002,DQB1,,,,
DQB1*03:03 / DQA1*03:01,DPB1*19:01 / DPA1*01:03,0.196,,0.196,17512,,17512.0,0.038416000000000006,DQB1,,,,
DQB1*03:03 / DQA1*03:01,DPB1*19:01 / DPA1*02:01,0.266,,0.266,3289,,3289.0,0.07075600000000001,DQB1,,,,
DQB1*03:03 / DQA1*03:01,DPB1*20:01 / DPA1*01:03,0.245,,0.245,2287,,2287.0,0.060024999999999995,DQB1,,,,
DQB1*03:03 / DQA1*03:01,DPB1*20:01 / DPA1*03:01,0.254,,0.254,15432,,15432.0,0.064516,DQB1,,,,
DQB1*03:03 / DQA1*03:01,DPB1*23:01 / DPA1*01:03,0.215,,0.215,15432,,15432.0,0.046224999999999995,DQB1,,,,
DQB1*03:03 / DQA1*03:01,DPB1*23:01 / DPA1*02:01,0.269,,0.269,5328,,5328.0,0.07236100000000001,DQB1,,,,
DQB1*03:03 / DQA1*03:01,DPB1*26:01 / DPA1*03:01,0.081,,0.081,0,,0.0,0.006561,DQB1,,,,
DQB1*03:03 / DQA1*03:01,DPB1*28:01 / DPA1*01:03,0.25,,0.25,15432,,15432.0,0.0625,DQB1,,,,
DQB1*03:03 / DQA1*03:01,DPB1*28:01 / DPA1*01:04,0.307,,0.307,2287,,2287.0,0.094249,DQB1,,,,
DQB1*03:03 / DQA1*03:01,DPB1*28:01 / DPA1*01:05,0.258,,0.258,17512,,17512.0,0.066564,DQB1,,,,
DQB1*03:03 / DQA1*03:01,DPB1*28:01 / DPA1*02:01,0.213,,0.213,2080,,2080.0,0.045369,DQB1,,,,
DQB1*03:03 / DQA1*03:01,DPB1*28:01 / DPA1*02:02,0.221,,0.221,1397,,1397.0,0.048841,DQB1,,,,
DQB1*03:03 / DQA1*03:01,DPB1*28:01 / DPA1*04:01,0.265,,0.265,15432,,15432.0,0.07022500000000001,DQB1,,,,
DQB1*03:03 / DQA1*03:01,DPB1*30:01 / DPA1*02:01,0.06,,0.06,0,,0.0,0.0036,DQB1,,,,
DQB1*03:03 / DQA1*03:01,DPB1*31:01 / DPA1*03:01,0.088,,0.088,0,,0.0,0.007743999999999999,DQB1,,,,
DQB1*03:03 / DQA1*03:01,DPB1*40:01 / DPA1*01:05,0.067,,0.067,0,,0.0,0.004489000000000001,DQB1,,,,
DQB1*03:03 / DQA1*03:01,DPB1*85:01 / DPA1*01:03,0.073,,0.073,0,,0.0,0.0053289999999999995,DQB1,,,,
DQB1*03:03 / DQA1*03:01,DQB1*03:03 / DQA1*03:02,0.882,,0.882,20760,,20760.0,0.7779240000000001,DQB1,,,,
DQB1*03:03 / DQA1*03:01,DQB1*03:04 / DQA1*03:01,0.783,,0.783,127,,127.0,0.613089,DQB1,,,,
DQB1*03:03 / DQA1*03:01,DQB1*03:19 / DQA1*02:01,0.694,,0.694,0,,0.0,0.48163599999999995,DQB1,,,,
DQB1*03:03 / DQA1*03:01,DQB1*03:19 / DQA1*05:05,0.617,,0.617,20677,,20677.0,0.380689,DQB1,,,,
DQB1*03:03 / DQA1*03:01,DQB1*04:01 / DQA1*02:01,0.473,,0.473,20801,,20801.0,0.22372899999999998,DQB1,,,,
DQB1*03:03 / DQA1*03:01,DQB1*04:01 / DQA1*03:03,0.524,,0.524,20760,,20760.0,0.27457600000000004,DQB1,,,,
DQB1*03:03 / DQA1*03:01,DQB1*04:02 / DQA1*02:01,0.471,,0.471,20801,,20801.0,0.22184099999999998,DQB1,,,,
DQB1*03:03 / DQA1*03:01,DQB1*04:02 / DQA1*04:01,0.485,,0.485,20801,,20801.0,0.235225,DQB1,,,,
DQB1*03:03 / DQA1*03:01,DQB1*05:01 / DQA1*01:01,0.15,,0.15,20801,,20801.0,0.0225,DQB1,,,,
DQB1*03:03 / DQA1*03:01,DQB1*05:02 / DQA1*01:02,0.205,,0.205,20801,,20801.0,0.04202499999999999,DQB1,,,,
DQB1*03:03 / DQA1*03:01,DQB1*05:03 / DQA1*01:01,0.097,,0.097,0,,0.0,0.009409,DQB1,,,,
DQB1*03:03 / DQA1*03:01,DQB1*06:01 / DQA1*01:03,0.323,,0.323,20801,,20801.0,0.104329,DQB1,,,,
DQB1*03:03 / DQA1*03:01,DQB1*06:02 / DQA1*01:01,0.302,,0.302,20760,,20760.0,0.091204,DQB1,,,,
DQB1*03:03 / DQA1*03:01,DQB1*06:02 / DQA1*01:02,0.312,,0.312,20801,,20801.0,0.097344,DQB1,,,,
DQB1*03:03 / DQA1*03:01,DQB1*06:03 / DQA1*01:03,0.234,,0.234,20760,,20760.0,0.054756000000000006,DQB1,,,,
DQB1*03:03 / DQA1*03:01,DQB1*06:04 / DQA1*01:02,0.346,,0.346,20760,,20760.0,0.11971599999999999,DQB1,,,,
DQB1*03:03 / DQA1*03:01,DQB1*06:09 / DQA1*01:02,0.294,,0.294,20760,,20760.0,0.08643599999999999,DQB1,,,,
DQB1*03:03 / DQA1*03:02,DPB1*01:01 / DPA1*01:03,0.187,0.283,0.173,26195,6396.0,19799.0,0.034969,DQB1,,,,
DQB1*03:03 / DQA1*03:02,DPB1*01:01 / DPA1*02:01,0.151,0.266,0.15,27155,6395.0,20760.0,0.022801,DQB1,,,,
DQB1*03:03 / DQA1*03:02,DPB1*01:01 / DPA1*02:02,0.265,0.265,,6395,6395.0,,0.07022500000000001,DQB1,,,,
DQB1*03:03 / DQA1*03:02,DPB1*01:01 / DPA1*03:01,0.29,0.29,,6396,6396.0,,0.0841,DQB1,,,,
DQB1*03:03 / DQA1*03:02,DPB1*02:01 / DPA1*01:03,0.18,0.283,0.16,27155,6395.0,20760.0,0.0324,DQB1,,,,
DQB1*03:03 / DQA1*03:02,DPB1*02:02 / DPA1*01:03,0.046,,0.046,0,,0.0,0.002116,DQB1,,,,
DQB1*03:03 / DQA1*03:02,DPB1*02:02 / DPA1*02:01,0.183,,0.183,3553,,3553.0,0.033489,DQB1,,,,
DQB1*03:03 / DQA1*03:02,DPB1*03:01 / DPA1*01:03,0.237,0.323,0.219,27156,6396.0,20760.0,0.056169,DQB1,,,,
DQB1*03:03 / DQA1*03:02,DPB1*03:01 / DPA1*01:04,0.233,,0.233,2287,,2287.0,0.054289000000000004,DQB1,,,,
DQB1*03:03 / DQA1*03:02,DPB1*03:01 / DPA1*01:05,0.219,,0.219,17512,,17512.0,0.047961,DQB1,,,,
DQB1*03:03 / DQA1*03:02,DPB1*03:01 / DPA1*02:01,0.214,,0.214,18909,,18909.0,0.045795999999999996,DQB1,,,,
DQB1*03:03 / DQA1*03:02,DPB1*04:01 / DPA1*01:03,0.168,0.18,0.164,27156,6396.0,20760.0,0.028224000000000003,DQB1,,,,
DQB1*03:03 / DQA1*03:02,DPB1*04:01 / DPA1*02:01,0.297,0.297,,6395,6395.0,,0.088209,DQB1,,,,
DQB1*03:03 / DQA1*03:02,DPB1*04:01 / DPA1*02:02,0.288,0.288,,6395,6395.0,,0.08294399999999999,DQB1,,,,
DQB1*03:03 / DQA1*03:02,DPB1*04:01 / DPA1*03:01,0.242,0.242,,6396,6396.0,,0.058564,DQB1,,,,
DQB1*03:03 / DQA1*03:02,DPB1*04:01 / DPA1*04:01,0.304,0.304,,6396,6396.0,,0.092416,DQB1,,,,
DQB1*03:03 / DQA1*03:02,DPB1*04:02 / DPA1*01:03,0.172,0.246,0.158,27155,6395.0,20760.0,0.029583999999999996,DQB1,,,,
DQB1*03:03 / DQA1*03:02,DPB1*04:02 / DPA1*03:01,0.329,0.329,,6395,6395.0,,0.108241,DQB1,,,,
DQB1*03:03 / DQA1*03:02,DPB1*05:01 / DPA1*02:01,0.179,0.176,0.201,27155,6395.0,20760.0,0.032041,DQB1,,,,
DQB1*03:03 / DQA1*03:02,DPB1*05:01 / DPA1*02:02,0.157,0.254,0.157,21827,6395.0,15432.0,0.024649,DQB1,,,,
DQB1*03:03 / DQA1*03:02,DPB1*05:01 / DPA1*03:01,0.265,0.265,,6396,6396.0,,0.07022500000000001,DQB1,,,,
DQB1*03:03 / DQA1*03:02,DPB1*06:01 / DPA1*01:03,0.233,0.281,0.228,21828,6396.0,15432.0,0.054289000000000004,DQB1,,,,
DQB1*03:03 / DQA1*03:02,DPB1*06:01 / DPA1*02:01,0.22,,0.22,18909,,18909.0,0.0484,DQB1,,,,
DQB1*03:03 / DQA1*03:02,DPB1*09:01 / DPA1*02:01,0.258,0.329,0.241,27155,6395.0,20760.0,0.066564,DQB1,,,,
DQB1*03:03 / DQA1*03:02,DPB1*105:01 / DPA1*02:01,0.086,,0.086,0,,0.0,0.007395999999999999,DQB1,,,,
DQB1*03:03 / DQA1*03:02,DPB1*107:01 / DPA1*02:01,0.102,,0.102,0,,0.0,0.010403999999999998,DQB1,,,,
DQB1*03:03 / DQA1*03:02,DPB1*10:01 / DPA1*02:01,0.197,,0.197,6196,,6196.0,0.038809,DQB1,,,,
DQB1*03:03 / DQA1*03:02,DPB1*10:01 / DPA1*02:02,0.195,,0.195,14564,,14564.0,0.038025,DQB1,,,,
DQB1*03:03 / DQA1*03:02,DPB1*11:01 / DPA1*01:03,0.165,,0.165,17512,,17512.0,0.027225000000000003,DQB1,,,,
DQB1*03:03 / DQA1*03:02,DPB1*11:01 / DPA1*01:04,0.167,,0.167,2265,,2265.0,0.027889000000000004,DQB1,,,,
DQB1*03:03 / DQA1*03:02,DPB1*11:01 / DPA1*01:05,0.106,,0.106,2080,,2080.0,0.011236,DQB1,,,,
DQB1*03:03 / DQA1*03:02,DPB1*11:01 / DPA1*02:01,0.208,0.209,0.208,9643,6395.0,3248.0,0.043264,DQB1,,,,
DQB1*03:03 / DQA1*03:02,DPB1*11:01 / DPA1*02:02,0.188,,0.188,14564,,14564.0,0.035344,DQB1,,,,
DQB1*03:03 / DQA1*03:02,DPB1*13:01 / DPA1*01:04,0.152,,0.152,1397,,1397.0,0.023104,DQB1,,,,
DQB1*03:03 / DQA1*03:02,DPB1*13:01 / DPA1*01:05,0.15,,0.15,2080,,2080.0,0.0225,DQB1,,,,
DQB1*03:03 / DQA1*03:02,DPB1*13:01 / DPA1*02:01,0.206,0.251,0.196,27028,6395.0,20633.0,0.042435999999999995,DQB1,,,,
DQB1*03:03 / DQA1*03:02,DPB1*13:01 / DPA1*02:02,0.197,,0.197,15432,,15432.0,0.038809,DQB1,,,,
DQB1*03:03 / DQA1*03:02,DPB1*13:01 / DPA1*03:01,0.211,,0.211,15432,,15432.0,0.044521,DQB1,,,,
DQB1*03:03 / DQA1*03:02,DPB1*13:01 / DPA1*04:01,0.288,0.292,0.251,9643,6395.0,3248.0,0.08294399999999999,DQB1,,,,
DQB1*03:03 / DQA1*03:02,DPB1*14:01 / DPA1*02:01,0.218,0.213,0.205,27155,6395.0,20760.0,0.047524,DQB1,,,,
DQB1*03:03 / DQA1*03:02,DPB1*15:01 / DPA1*02:01,0.223,0.336,0.212,27155,6395.0,20760.0,0.049729,DQB1,,,,
DQB1*03:03 / DQA1*03:02,DPB1*17:01 / DPA1*02:01,0.253,0.337,0.227,27155,6395.0,20760.0,0.064009,DQB1,,,,
DQB1*03:03 / DQA1*03:02,DPB1*18:01 / DPA1*01:03,0.27,0.27,,6396,6396.0,,0.0729,DQB1,,,,
DQB1*03:03 / DQA1*03:02,DPB1*18:01 / DPA1*01:04,0.194,,0.194,19799,,19799.0,0.037636,DQB1,,,,
DQB1*03:03 / DQA1*03:02,DPB1*18:01 / DPA1*01:05,0.193,,0.193,19799,,19799.0,0.037249000000000004,DQB1,,,,
DQB1*03:03 / DQA1*03:02,DPB1*18:01 / DPA1*02:01,0.243,,0.243,20760,,20760.0,0.059049,DQB1,,,,
DQB1*03:03 / DQA1*03:02,DPB1*19:01 / DPA1*01:03,0.172,,0.172,17512,,17512.0,0.029583999999999996,DQB1,,,,
DQB1*03:03 / DQA1*03:02,DPB1*19:01 / DPA1*02:01,0.172,0.175,0.203,9643,6395.0,3248.0,0.029583999999999996,DQB1,,,,
DQB1*03:03 / DQA1*03:02,DPB1*20:01 / DPA1*01:03,0.158,,0.158,2287,,2287.0,0.024964,DQB1,,,,
DQB1*03:03 / DQA1*03:02,DPB1*20:01 / DPA1*03:01,0.217,,0.217,15432,,15432.0,0.047089,DQB1,,,,
DQB1*03:03 / DQA1*03:02,DPB1*23:01 / DPA1*01:03,0.147,,0.147,15432,,15432.0,0.021608999999999996,DQB1,,,,
DQB1*03:03 / DQA1*03:02,DPB1*23:01 / DPA1*02:01,0.166,,0.166,5328,,5328.0,0.027556000000000004,DQB1,,,,
DQB1*03:03 / DQA1*03:02,DPB1*26:01 / DPA1*03:01,0.09,,0.09,0,,0.0,0.0081,DQB1,,,,
DQB1*03:03 / DQA1*03:02,DPB1*28:01 / DPA1*01:03,0.169,,0.169,15432,,15432.0,0.028561000000000003,DQB1,,,,
DQB1*03:03 / DQA1*03:02,DPB1*28:01 / DPA1*01:04,0.205,,0.205,2287,,2287.0,0.04202499999999999,DQB1,,,,
DQB1*03:03 / DQA1*03:02,DPB1*28:01 / DPA1*01:05,0.179,,0.179,17512,,17512.0,0.032041,DQB1,,,,
DQB1*03:03 / DQA1*03:02,DPB1*28:01 / DPA1*02:01,0.15,,0.15,2080,,2080.0,0.0225,DQB1,,,,
DQB1*03:03 / DQA1*03:02,DPB1*28:01 / DPA1*02:02,0.262,0.273,0.165,7791,6394.0,1397.0,0.06864400000000001,DQB1,,,,
DQB1*03:03 / DQA1*03:02,DPB1*28:01 / DPA1*04:01,0.214,,0.214,15432,,15432.0,0.045795999999999996,DQB1,,,,
DQB1*03:03 / DQA1*03:02,DPB1*30:01 / DPA1*02:01,0.071,,0.071,0,,0.0,0.0050409999999999995,DQB1,,,,
DQB1*03:03 / DQA1*03:02,DPB1*31:01 / DPA1*03:01,0.103,,0.103,0,,0.0,0.010608999999999999,DQB1,,,,
DQB1*03:03 / DQA1*03:02,DPB1*40:01 / DPA1*01:05,0.067,,0.067,0,,0.0,0.004489000000000001,DQB1,,,,
DQB1*03:03 / DQA1*03:02,DPB1*85:01 / DPA1*01:03,0.082,,0.082,0,,0.0,0.006724000000000001,DQB1,,,,
DQB1*03:03 / DQA1*03:02,DQB1*03:03 / DQA1*04:01,0.813,0.813,,6396,6396.0,,0.6609689999999999,DQB1,,,,
DQB1*03:03 / DQA1*03:02,DQB1*03:03 / DQA1*06:01,0.813,0.813,,6396,6396.0,,0.6609689999999999,DQB1,,,,
DQB1*03:03 / DQA1*03:02,DQB1*03:04 / DQA1*03:01,0.711,,0.711,127,,127.0,0.505521,DQB1,,,,
DQB1*03:03 / DQA1*03:02,DQB1*03:19 / DQA1*02:01,0.677,,0.677,0,,0.0,0.45832900000000004,DQB1,,,,
DQB1*03:03 / DQA1*03:02,DQB1*03:19 / DQA1*05:05,0.649,,0.649,20677,,20677.0,0.42120100000000005,DQB1,,,,
DQB1*03:03 / DQA1*03:02,DQB1*04:01 / DQA1*02:01,0.397,0.449,0.4,27155,6395.0,20760.0,0.15760900000000003,DQB1,,,,
DQB1*03:03 / DQA1*03:02,DQB1*04:01 / DQA1*03:03,0.531,,0.531,20760,,20760.0,0.281961,DQB1,,,,
DQB1*03:03 / DQA1*03:02,DQB1*04:01 / DQA1*04:01,0.498,0.498,,6396,6396.0,,0.248004,DQB1,,,,
DQB1*03:03 / DQA1*03:02,DQB1*04:01 / DQA1*05:01,0.508,0.508,,6396,6396.0,,0.258064,DQB1,,,,
DQB1*03:03 / DQA1*03:02,DQB1*04:02 / DQA1*02:01,0.424,,0.424,20760,,20760.0,0.179776,DQB1,,,,
DQB1*03:03 / DQA1*03:02,DQB1*04:02 / DQA1*03:01,0.615,0.615,,6396,6396.0,,0.378225,DQB1,,,,
DQB1*03:03 / DQA1*03:02,DQB1*04:02 / DQA1*04:01,0.431,0.478,0.418,27156,6396.0,20760.0,0.18576099999999998,DQB1,,,,
DQB1*03:03 / DQA1*03:02,DQB1*04:02 / DQA1*06:01,0.498,0.498,,6396,6396.0,,0.248004,DQB1,,,,
DQB1*03:03 / DQA1*03:02,DQB1*05:01 / DQA1*01:01,0.186,0.266,0.154,27156,6396.0,20760.0,0.034596,DQB1,,,,
DQB1*03:03 / DQA1*03:02,DQB1*05:01 / DQA1*01:02,0.2,0.2,,6396,6396.0,,0.04000000000000001,DQB1,,,,
DQB1*03:03 / DQA1*03:02,DQB1*05:02 / DQA1*01:02,0.174,0.23,0.149,27156,6396.0,20760.0,0.030275999999999997,DQB1,,,,
DQB1*03:03 / DQA1*03:02,DQB1*05:03 / DQA1*01:01,0.11,,0.11,0,,0.0,0.0121,DQB1,,,,
DQB1*03:03 / DQA1*03:02,DQB1*05:03 / DQA1*01:04,0.309,0.309,,6396,6396.0,,0.095481,DQB1,,,,
DQB1*03:03 / DQA1*03:02,DQB1*06:01 / DQA1*01:03,0.3,0.26,0.314,27156,6396.0,20760.0,0.09,DQB1,,,,
DQB1*03:03 / DQA1*03:02,DQB1*06:01 / DQA1*01:04,0.32,0.319,,6396,6396.0,,0.1024,DQB1,,,,
DQB1*03:03 / DQA1*03:02,DQB1*06:01 / DQA1*02:01,0.49,0.491,,6396,6396.0,,0.24009999999999998,DQB1,,,,
DQB1*03:03 / DQA1*03:02,DQB1*06:02 / DQA1*01:01,0.237,,0.237,20760,,20760.0,0.056169,DQB1,,,,
DQB1*03:03 / DQA1*03:02,DQB1*06:02 / DQA1*01:02,0.24,0.237,0.246,27156,6396.0,20760.0,0.0576,DQB1,,,,
DQB1*03:03 / DQA1*03:02,DQB1*06:03 / DQA1*01:03,0.25,0.293,0.236,27156,6396.0,20760.0,0.0625,DQB1,,,,
DQB1*03:03 / DQA1*03:02,DQB1*06:04 / DQA1*01:02,0.302,0.37,0.272,27156,6396.0,20760.0,0.091204,DQB1,,,,
DQB1*03:03 / DQA1*03:02,DQB1*06:09 / DQA1*01:02,0.307,,0.307,20760,,20760.0,0.094249,DQB1,,,,
DQB1*03:03 / DQA1*04:01,DPB1*01:01 / DPA1*01:03,0.276,0.276,,6396,6396.0,,0.07617600000000001,DQB1,,,,
DQB1*03:03 / DQA1*04:01,DPB1*01:01 / DPA1*02:01,0.27,0.27,,6395,6395.0,,0.0729,DQB1,,,,
DQB1*03:03 / DQA1*04:01,DPB1*01:01 / DPA1*02:02,0.253,0.253,,6395,6395.0,,0.064009,DQB1,,,,
DQB1*03:03 / DQA1*04:01,DPB1*01:01 / DPA1*03:01,0.278,0.278,,6396,6396.0,,0.07728400000000002,DQB1,,,,
DQB1*03:03 / DQA1*04:01,DPB1*02:01 / DPA1*01:03,0.305,0.305,,6395,6395.0,,0.093025,DQB1,,,,
DQB1*03:03 / DQA1*04:01,DPB1*03:01 / DPA1*01:03,0.312,0.312,,6396,6396.0,,0.097344,DQB1,,,,
DQB1*03:03 / DQA1*04:01,DPB1*04:01 / DPA1*01:03,0.177,0.177,,6396,6396.0,,0.031328999999999996,DQB1,,,,
DQB1*03:03 / DQA1*04:01,DPB1*04:01 / DPA1*02:01,0.308,0.308,,6395,6395.0,,0.094864,DQB1,,,,
DQB1*03:03 / DQA1*04:01,DPB1*04:01 / DPA1*02:02,0.311,0.311,,6395,6395.0,,0.096721,DQB1,,,,
DQB1*03:03 / DQA1*04:01,DPB1*04:01 / DPA1*03:01,0.259,0.259,,6396,6396.0,,0.067081,DQB1,,,,
DQB1*03:03 / DQA1*04:01,DPB1*04:01 / DPA1*04:01,0.308,0.308,,6396,6396.0,,0.094864,DQB1,,,,
DQB1*03:03 / DQA1*04:01,DPB1*04:02 / DPA1*01:03,0.252,0.252,,6395,6395.0,,0.063504,DQB1,,,,
DQB1*03:03 / DQA1*04:01,DPB1*04:02 / DPA1*03:01,0.34,0.34,,6395,6395.0,,0.11560000000000002,DQB1,,,,
DQB1*03:03 / DQA1*04:01,DPB1*05:01 / DPA1*02:01,0.185,0.185,,6395,6395.0,,0.034225,DQB1,,,,
DQB1*03:03 / DQA1*04:01,DPB1*05:01 / DPA1*02:02,0.222,0.222,,6395,6395.0,,0.049284,DQB1,,,,
DQB1*03:03 / DQA1*04:01,DPB1*05:01 / DPA1*03:01,0.278,0.278,,6396,6396.0,,0.07728400000000002,DQB1,,,,
DQB1*03:03 / DQA1*04:01,DPB1*06:01 / DPA1*01:03,0.27,0.27,,6396,6396.0,,0.0729,DQB1,,,,
DQB1*03:03 / DQA1*04:01,DPB1*09:01 / DPA1*02:01,0.331,0.331,,6395,6395.0,,0.109561,DQB1,,,,
DQB1*03:03 / DQA1*04:01,DPB1*11:01 / DPA1*02:01,0.228,0.228,,6395,6395.0,,0.051984,DQB1,,,,
DQB1*03:03 / DQA1*04:01,DPB1*13:01 / DPA1*02:01,0.265,0.265,,6395,6395.0,,0.07022500000000001,DQB1,,,,
DQB1*03:03 / DQA1*04:01,DPB1*13:01 / DPA1*04:01,0.274,0.274,,6395,6395.0,,0.07507600000000002,DQB1,,,,
DQB1*03:03 / DQA1*04:01,DPB1*14:01 / DPA1*02:01,0.193,0.193,,6395,6395.0,,0.037249000000000004,DQB1,,,,
DQB1*03:03 / DQA1*04:01,DPB1*15:01 / DPA1*02:01,0.33,0.33,,6395,6395.0,,0.10890000000000001,DQB1,,,,
DQB1*03:03 / DQA1*04:01,DPB1*17:01 / DPA1*02:01,0.323,0.323,,6395,6395.0,,0.104329,DQB1,,,,
DQB1*03:03 / DQA1*04:01,DPB1*18:01 / DPA1*01:03,0.287,0.287,,6396,6396.0,,0.08236899999999998,DQB1,,,,
DQB1*03:03 / DQA1*04:01,DPB1*19:01 / DPA1*02:01,0.2,0.2,,6395,6395.0,,0.04000000000000001,DQB1,,,,
DQB1*03:03 / DQA1*04:01,DPB1*28:01 / DPA1*02:02,0.284,0.284,,6394,6394.0,,0.08065599999999999,DQB1,,,,
DQB1*03:03 / DQA1*04:01,DQB1*03:03 / DQA1*06:01,0.923,0.923,,6396,6396.0,,0.851929,DQB1,,,,
DQB1*03:03 / DQA1*04:01,DQB1*04:01 / DQA1*02:01,0.49,0.49,,6395,6395.0,,0.24009999999999998,DQB1,,,,
DQB1*03:03 / DQA1*04:01,DQB1*04:01 / DQA1*04:01,0.656,0.656,,6396,6396.0,,0.43033600000000005,DQB1,,,,
DQB1*03:03 / DQA1*04:01,DQB1*04:01 / DQA1*05:01,0.653,0.653,,6396,6396.0,,0.42640900000000004,DQB1,,,,
DQB1*03:03 / DQA1*04:01,DQB1*04:02 / DQA1*03:01,0.601,0.601,,6396,6396.0,,0.361201,DQB1,,,,
DQB1*03:03 / DQA1*04:01,DQB1*04:02 / DQA1*04:01,0.639,0.639,,6396,6396.0,,0.408321,DQB1,,,,
DQB1*03:03 / DQA1*04:01,DQB1*04:02 / DQA1*06:01,0.622,0.622,,6396,6396.0,,0.386884,DQB1,,,,
DQB1*03:03 / DQA1*04:01,DQB1*05:01 / DQA1*01:01,0.294,0.294,,6396,6396.0,,0.08643599999999999,DQB1,,,,
DQB1*03:03 / DQA1*04:01,DQB1*05:01 / DQA1*01:02,0.221,0.221,,6396,6396.0,,0.048841,DQB1,,,,
DQB1*03:03 / DQA1*04:01,DQB1*05:02 / DQA1*01:02,0.244,0.244,,6396,6396.0,,0.059536,DQB1,,,,
DQB1*03:03 / DQA1*04:01,DQB1*05:03 / DQA1*01:04,0.329,0.329,,6396,6396.0,,0.108241,DQB1,,,,
DQB1*03:03 / DQA1*04:01,DQB1*06:01 / DQA1*01:03,0.28,0.28,,6396,6396.0,,0.07840000000000001,DQB1,,,,
DQB1*03:03 / DQA1*04:01,DQB1*06:01 / DQA1*01:04,0.327,0.327,,6396,6396.0,,0.10692900000000001,DQB1,,,,
DQB1*03:03 / DQA1*04:01,DQB1*06:01 / DQA1*02:01,0.511,0.511,,6396,6396.0,,0.261121,DQB1,,,,
DQB1*03:03 / DQA1*04:01,DQB1*06:02 / DQA1*01:02,0.257,0.257,,6396,6396.0,,0.066049,DQB1,,,,
DQB1*03:03 / DQA1*04:01,DQB1*06:03 / DQA1*01:03,0.339,0.339,,6396,6396.0,,0.11492100000000001,DQB1,,,,
DQB1*03:03 / DQA1*04:01,DQB1*06:04 / DQA1*01:02,0.374,0.374,,6396,6396.0,,0.139876,DQB1,,,,
DQB1*03:03 / DQA1*06:01,DPB1*01:01 / DPA1*01:03,0.28,0.28,,6396,6396.0,,0.07840000000000001,DQB1,,,,
DQB1*03:03 / DQA1*06:01,DPB1*01:01 / DPA1*02:01,0.246,0.246,,6395,6395.0,,0.060516,DQB1,,,,
DQB1*03:03 / DQA1*06:01,DPB1*01:01 / DPA1*02:02,0.257,0.257,,6395,6395.0,,0.066049,DQB1,,,,
DQB1*03:03 / DQA1*06:01,DPB1*01:01 / DPA1*03:01,0.284,0.284,,6396,6396.0,,0.08065599999999999,DQB1,,,,
DQB1*03:03 / DQA1*06:01,DPB1*02:01 / DPA1*01:03,0.311,0.311,,6395,6395.0,,0.096721,DQB1,,,,
DQB1*03:03 / DQA1*06:01,DPB1*03:01 / DPA1*01:03,0.313,0.313,,6396,6396.0,,0.097969,DQB1,,,,
DQB1*03:03 / DQA1*06:01,DPB1*04:01 / DPA1*01:03,0.191,0.191,,6396,6396.0,,0.036481,DQB1,,,,
DQB1*03:03 / DQA1*06:01,DPB1*04:01 / DPA1*02:01,0.285,0.285,,6395,6395.0,,0.08122499999999999,DQB1,,,,
DQB1*03:03 / DQA1*06:01,DPB1*04:01 / DPA1*02:02,0.297,0.297,,6395,6395.0,,0.088209,DQB1,,,,
DQB1*03:03 / DQA1*06:01,DPB1*04:01 / DPA1*03:01,0.246,0.246,,6396,6396.0,,0.060516,DQB1,,,,
DQB1*03:03 / DQA1*06:01,DPB1*04:01 / DPA1*04:01,0.307,0.307,,6396,6396.0,,0.094249,DQB1,,,,
DQB1*03:03 / DQA1*06:01,DPB1*04:02 / DPA1*01:03,0.268,0.268,,6395,6395.0,,0.07182400000000001,DQB1,,,,
DQB1*03:03 / DQA1*06:01,DPB1*04:02 / DPA1*03:01,0.34,0.34,,6395,6395.0,,0.11560000000000002,DQB1,,,,
DQB1*03:03 / DQA1*06:01,DPB1*05:01 / DPA1*02:01,0.167,0.167,,6395,6395.0,,0.027889000000000004,DQB1,,,,
DQB1*03:03 / DQA1*06:01,DPB1*05:01 / DPA1*02:02,0.227,0.227,,6395,6395.0,,0.051529000000000005,DQB1,,,,
DQB1*03:03 / DQA1*06:01,DPB1*05:01 / DPA1*03:01,0.279,0.279,,6396,6396.0,,0.07784100000000002,DQB1,,,,
DQB1*03:03 / DQA1*06:01,DPB1*06:01 / DPA1*01:03,0.278,0.278,,6396,6396.0,,0.07728400000000002,DQB1,,,,
DQB1*03:03 / DQA1*06:01,DPB1*09:01 / DPA1*02:01,0.316,0.316,,6395,6395.0,,0.099856,DQB1,,,,
DQB1*03:03 / DQA1*06:01,DPB1*11:01 / DPA1*02:01,0.199,0.199,,6395,6395.0,,0.039601000000000004,DQB1,,,,
DQB1*03:03 / DQA1*06:01,DPB1*13:01 / DPA1*02:01,0.237,0.237,,6395,6395.0,,0.056169,DQB1,,,,
DQB1*03:03 / DQA1*06:01,DPB1*13:01 / DPA1*04:01,0.295,0.295,,6395,6395.0,,0.08702499999999999,DQB1,,,,
DQB1*03:03 / DQA1*06:01,DPB1*14:01 / DPA1*02:01,0.201,0.201,,6395,6395.0,,0.040401000000000006,DQB1,,,,
DQB1*03:03 / DQA1*06:01,DPB1*15:01 / DPA1*02:01,0.331,0.331,,6395,6395.0,,0.109561,DQB1,,,,
DQB1*03:03 / DQA1*06:01,DPB1*17:01 / DPA1*02:01,0.312,0.312,,6395,6395.0,,0.097344,DQB1,,,,
DQB1*03:03 / DQA1*06:01,DPB1*18:01 / DPA1*01:03,0.302,0.302,,6396,6396.0,,0.091204,DQB1,,,,
DQB1*03:03 / DQA1*06:01,DPB1*19:01 / DPA1*02:01,0.191,0.191,,6395,6395.0,,0.036481,DQB1,,,,
DQB1*03:03 / DQA1*06:01,DPB1*28:01 / DPA1*02:02,0.302,0.302,,6394,6394.0,,0.091204,DQB1,,,,
DQB1*03:03 / DQA1*06:01,DQB1*04:01 / DQA1*02:01,0.468,0.468,,6395,6395.0,,0.21902400000000002,DQB1,,,,
DQB1*03:03 / DQA1*06:01,DQB1*04:01 / DQA1*04:01,0.646,0.646,,6396,6396.0,,0.417316,DQB1,,,,
DQB1*03:03 / DQA1*06:01,DQB1*04:01 / DQA1*05:01,0.639,0.639,,6396,6396.0,,0.408321,DQB1,,,,
DQB1*03:03 / DQA1*06:01,DQB1*04:02 / DQA1*03:01,0.606,0.606,,6396,6396.0,,0.367236,DQB1,,,,
DQB1*03:03 / DQA1*06:01,DQB1*04:02 / DQA1*04:01,0.602,0.602,,6396,6396.0,,0.36240399999999995,DQB1,,,,
DQB1*03:03 / DQA1*06:01,DQB1*04:02 / DQA1*06:01,0.625,0.625,,6396,6396.0,,0.390625,DQB1,,,,
DQB1*03:03 / DQA1*06:01,DQB1*05:01 / DQA1*01:01,0.33,0.33,,6396,6396.0,,0.10890000000000001,DQB1,,,,
DQB1*03:03 / DQA1*06:01,DQB1*05:01 / DQA1*01:02,0.249,0.249,,6396,6396.0,,0.062001,DQB1,,,,
DQB1*03:03 / DQA1*06:01,DQB1*05:02 / DQA1*01:02,0.256,0.256,,6396,6396.0,,0.065536,DQB1,,,,
DQB1*03:03 / DQA1*06:01,DQB1*05:03 / DQA1*01:04,0.325,0.325,,6396,6396.0,,0.10562500000000001,DQB1,,,,
DQB1*03:03 / DQA1*06:01,DQB1*06:01 / DQA1*01:03,0.285,0.285,,6396,6396.0,,0.08122499999999999,DQB1,,,,
DQB1*03:03 / DQA1*06:01,DQB1*06:01 / DQA1*01:04,0.347,0.347,,6396,6396.0,,0.12040899999999999,DQB1,,,,
DQB1*03:03 / DQA1*06:01,DQB1*06:01 / DQA1*02:01,0.503,0.503,,6396,6396.0,,0.253009,DQB1,,,,
DQB1*03:03 / DQA1*06:01,DQB1*06:02 / DQA1*01:02,0.261,0.261,,6396,6396.0,,0.068121,DQB1,,,,
DQB1*03:03 / DQA1*06:01,DQB1*06:03 / DQA1*01:03,0.344,0.344,,6396,6396.0,,0.11833599999999998,DQB1,,,,
DQB1*03:03 / DQA1*06:01,DQB1*06:04 / DQA1*01:02,0.385,0.385,,6396,6396.0,,0.148225,DQB1,,,,
DQB1*03:04 / DQA1*03:01,DPB1*01:01 / DPA1*02:01,0.269,,0.269,127,,127.0,0.07236100000000001,DQB1,,,,
DQB1*03:04 / DQA1*03:01,DPB1*02:01 / DPA1*01:03,0.32,,0.32,127,,127.0,0.1024,DQB1,,,,
DQB1*03:04 / DQA1*03:01,DPB1*02:02 / DPA1*02:01,0.149,,0.149,127,,127.0,0.022201,DQB1,,,,
DQB1*03:04 / DQA1*03:01,DPB1*03:01 / DPA1*01:03,0.343,,0.343,127,,127.0,0.11764900000000002,DQB1,,,,
DQB1*03:04 / DQA1*03:01,DPB1*04:01 / DPA1*01:03,0.284,,0.284,127,,127.0,0.08065599999999999,DQB1,,,,
DQB1*03:04 / DQA1*03:01,DPB1*04:02 / DPA1*01:03,0.237,,0.237,127,,127.0,0.056169,DQB1,,,,
DQB1*03:04 / DQA1*03:01,DPB1*05:01 / DPA1*02:01,0.266,,0.266,127,,127.0,0.07075600000000001,DQB1,,,,
DQB1*03:04 / DQA1*03:01,DPB1*09:01 / DPA1*02:01,0.433,,0.433,127,,127.0,0.187489,DQB1,,,,
DQB1*03:04 / DQA1*03:01,DPB1*10:01 / DPA1*02:01,0.371,,0.371,127,,127.0,0.13764099999999999,DQB1,,,,
DQB1*03:04 / DQA1*03:01,DPB1*11:01 / DPA1*02:01,0.213,,0.213,127,,127.0,0.045369,DQB1,,,,
DQB1*03:04 / DQA1*03:01,DPB1*13:01 / DPA1*04:01,0.158,,0.158,127,,127.0,0.024964,DQB1,,,,
DQB1*03:04 / DQA1*03:01,DPB1*14:01 / DPA1*02:01,0.193,,0.193,127,,127.0,0.037249000000000004,DQB1,,,,
DQB1*03:04 / DQA1*03:01,DPB1*15:01 / DPA1*02:01,0.256,,0.256,127,,127.0,0.065536,DQB1,,,,
DQB1*03:04 / DQA1*03:01,DPB1*17:01 / DPA1*02:01,0.466,,0.466,127,,127.0,0.21715600000000002,DQB1,,,,
DQB1*03:04 / DQA1*03:01,DPB1*18:01 / DPA1*02:01,0.321,,0.321,127,,127.0,0.10304100000000001,DQB1,,,,
DQB1*03:04 / DQA1*03:01,DPB1*19:01 / DPA1*02:01,0.171,,0.171,127,,127.0,0.029241000000000003,DQB1,,,,
DQB1*03:04 / DQA1*03:01,DPB1*23:01 / DPA1*02:01,0.217,,0.217,127,,127.0,0.047089,DQB1,,,,
DQB1*03:04 / DQA1*03:01,DQB1*04:01 / DQA1*02:01,0.557,,0.557,127,,127.0,0.31024900000000005,DQB1,,,,
DQB1*03:04 / DQA1*03:01,DQB1*04:01 / DQA1*03:03,0.49,,0.49,127,,127.0,0.24009999999999998,DQB1,,,,
DQB1*03:04 / DQA1*03:01,DQB1*04:02 / DQA1*02:01,0.527,,0.527,127,,127.0,0.277729,DQB1,,,,
DQB1*03:04 / DQA1*03:01,DQB1*04:02 / DQA1*04:01,0.578,,0.578,127,,127.0,0.33408399999999994,DQB1,,,,
DQB1*03:04 / DQA1*03:01,DQB1*05:01 / DQA1*01:01,0.207,,0.207,127,,127.0,0.042849,DQB1,,,,
DQB1*03:04 / DQA1*03:01,DQB1*05:02 / DQA1*01:02,0.442,,0.442,127,,127.0,0.195364,DQB1,,,,
DQB1*03:04 / DQA1*03:01,DQB1*06:01 / DQA1*01:03,0.392,,0.392,127,,127.0,0.15366400000000002,DQB1,,,,
DQB1*03:04 / DQA1*03:01,DQB1*06:02 / DQA1*01:01,0.302,,0.302,127,,127.0,0.091204,DQB1,,,,
DQB1*03:04 / DQA1*03:01,DQB1*06:02 / DQA1*01:02,0.341,,0.341,127,,127.0,0.11628100000000002,DQB1,,,,
DQB1*03:04 / DQA1*03:01,DQB1*06:03 / DQA1*01:03,0.355,,0.355,127,,127.0,0.126025,DQB1,,,,
DQB1*03:04 / DQA1*03:01,DQB1*06:04 / DQA1*01:02,0.263,,0.263,127,,127.0,0.06916900000000001,DQB1,,,,
DQB1*03:04 / DQA1*03:01,DQB1*06:09 / DQA1*01:02,0.278,,0.278,127,,127.0,0.07728400000000002,DQB1,,,,
DQB1*03:19 / DQA1*02:01,DPB1*01:01 / DPA1*01:03,0.011,,0.011,0,,0.0,0.00012099999999999999,DQB1,,,,
DQB1*03:19 / DQA1*02:01,DPB1*01:01 / DPA1*02:01,-0.016,,-0.016,0,,0.0,0.000256,DQB1,,,,
DQB1*03:19 / DQA1*02:01,DPB1*02:01 / DPA1*01:03,0.14,,0.14,0,,0.0,0.019600000000000003,DQB1,,,,
DQB1*03:19 / DQA1*02:01,DPB1*02:02 / DPA1*01:03,0.093,,0.093,0,,0.0,0.008649,DQB1,,,,
DQB1*03:19 / DQA1*02:01,DPB1*03:01 / DPA1*01:03,0.095,,0.095,0,,0.0,0.009025,DQB1,,,,
DQB1*03:19 / DQA1*02:01,DPB1*03:01 / DPA1*01:05,0.111,,0.111,0,,0.0,0.012321,DQB1,,,,
DQB1*03:19 / DQA1*02:01,DPB1*03:01 / DPA1*02:01,0.099,,0.099,0,,0.0,0.009801,DQB1,,,,
DQB1*03:19 / DQA1*02:01,DPB1*04:01 / DPA1*01:03,0.047,,0.047,0,,0.0,0.002209,DQB1,,,,
DQB1*03:19 / DQA1*02:01,DPB1*04:02 / DPA1*01:03,0.161,,0.161,0,,0.0,0.025921000000000003,DQB1,,,,
DQB1*03:19 / DQA1*02:01,DPB1*05:01 / DPA1*02:01,0.054,,0.054,0,,0.0,0.0029159999999999998,DQB1,,,,
DQB1*03:19 / DQA1*02:01,DPB1*05:01 / DPA1*02:02,0.007,,0.007,0,,0.0,4.9000000000000005e-05,DQB1,,,,
DQB1*03:19 / DQA1*02:01,DPB1*06:01 / DPA1*01:03,0.109,,0.109,0,,0.0,0.011881,DQB1,,,,
DQB1*03:19 / DQA1*02:01,DPB1*06:01 / DPA1*02:01,0.108,,0.108,0,,0.0,0.011663999999999999,DQB1,,,,
DQB1*03:19 / DQA1*02:01,DPB1*09:01 / DPA1*02:01,0.107,,0.107,0,,0.0,0.011448999999999999,DQB1,,,,
DQB1*03:19 / DQA1*02:01,DPB1*105:01 / DPA1*02:01,0.154,,0.154,0,,0.0,0.023716,DQB1,,,,
DQB1*03:19 / DQA1*02:01,DPB1*107:01 / DPA1*02:01,0.095,,0.095,0,,0.0,0.009025,DQB1,,,,
DQB1*03:19 / DQA1*02:01,DPB1*10:01 / DPA1*02:02,0.109,,0.109,0,,0.0,0.011881,DQB1,,,,
DQB1*03:19 / DQA1*02:01,DPB1*11:01 / DPA1*01:03,0.054,,0.054,0,,0.0,0.0029159999999999998,DQB1,,,,
DQB1*03:19 / DQA1*02:01,DPB1*11:01 / DPA1*02:02,0.053,,0.053,0,,0.0,0.002809,DQB1,,,,
DQB1*03:19 / DQA1*02:01,DPB1*13:01 / DPA1*02:01,0.051,,0.051,0,,0.0,0.0026009999999999996,DQB1,,,,
DQB1*03:19 / DQA1*02:01,DPB1*13:01 / DPA1*02:02,0.066,,0.066,0,,0.0,0.0043560000000000005,DQB1,,,,
DQB1*03:19 / DQA1*02:01,DPB1*13:01 / DPA1*03:01,0.115,,0.115,0,,0.0,0.013225,DQB1,,,,
DQB1*03:19 / DQA1*02:01,DPB1*14:01 / DPA1*02:01,0.075,,0.075,0,,0.0,0.005625,DQB1,,,,
DQB1*03:19 / DQA1*02:01,DPB1*15:01 / DPA1*02:01,0.086,,0.086,0,,0.0,0.007395999999999999,DQB1,,,,
DQB1*03:19 / DQA1*02:01,DPB1*17:01 / DPA1*02:01,0.102,,0.102,0,,0.0,0.010403999999999998,DQB1,,,,
DQB1*03:19 / DQA1*02:01,DPB1*18:01 / DPA1*01:04,0.137,,0.137,0,,0.0,0.018769000000000004,DQB1,,,,
DQB1*03:19 / DQA1*02:01,DPB1*18:01 / DPA1*01:05,0.131,,0.131,0,,0.0,0.017161000000000003,DQB1,,,,
DQB1*03:19 / DQA1*02:01,DPB1*18:01 / DPA1*02:01,0.116,,0.116,0,,0.0,0.013456000000000001,DQB1,,,,
DQB1*03:19 / DQA1*02:01,DPB1*19:01 / DPA1*01:03,0.054,,0.054,0,,0.0,0.0029159999999999998,DQB1,,,,
DQB1*03:19 / DQA1*02:01,DPB1*20:01 / DPA1*03:01,0.114,,0.114,0,,0.0,0.012996,DQB1,,,,
DQB1*03:19 / DQA1*02:01,DPB1*23:01 / DPA1*01:03,0.054,,0.054,0,,0.0,0.0029159999999999998,DQB1,,,,
DQB1*03:19 / DQA1*02:01,DPB1*26:01 / DPA1*03:01,0.079,,0.079,0,,0.0,0.006241,DQB1,,,,
DQB1*03:19 / DQA1*02:01,DPB1*28:01 / DPA1*01:03,0.156,,0.156,0,,0.0,0.024336,DQB1,,,,
DQB1*03:19 / DQA1*02:01,DPB1*28:01 / DPA1*01:05,0.148,,0.148,0,,0.0,0.021903999999999996,DQB1,,,,
DQB1*03:19 / DQA1*02:01,DPB1*28:01 / DPA1*04:01,0.123,,0.123,0,,0.0,0.015129,DQB1,,,,
DQB1*03:19 / DQA1*02:01,DPB1*30:01 / DPA1*02:01,0.045,,0.045,0,,0.0,0.002025,DQB1,,,,
DQB1*03:19 / DQA1*02:01,DPB1*31:01 / DPA1*03:01,0.07,,0.07,0,,0.0,0.004900000000000001,DQB1,,,,
DQB1*03:19 / DQA1*02:01,DPB1*40:01 / DPA1*01:05,0.087,,0.087,0,,0.0,0.007568999999999999,DQB1,,,,
DQB1*03:19 / DQA1*02:01,DPB1*85:01 / DPA1*01:03,0.079,,0.079,0,,0.0,0.006241,DQB1,,,,
DQB1*03:19 / DQA1*02:01,DQB1*03:19 / DQA1*05:05,0.799,,0.799,0,,0.0,0.6384010000000001,DQB1,,,,
DQB1*03:19 / DQA1*02:01,DQB1*04:01 / DQA1*02:01,0.409,,0.409,0,,0.0,0.16728099999999999,DQB1,,,,
DQB1*03:19 / DQA1*02:01,DQB1*04:01 / DQA1*03:03,0.395,,0.395,0,,0.0,0.15602500000000002,DQB1,,,,
DQB1*03:19 / DQA1*02:01,DQB1*04:02 / DQA1*02:01,0.399,,0.399,0,,0.0,0.159201,DQB1,,,,
DQB1*03:19 / DQA1*02:01,DQB1*04:02 / DQA1*04:01,0.426,,0.426,0,,0.0,0.181476,DQB1,,,,
DQB1*03:19 / DQA1*02:01,DQB1*05:01 / DQA1*01:01,-0.057,,-0.057,0,,0.0,0.003249,DQB1,,,,
DQB1*03:19 / DQA1*02:01,DQB1*05:02 / DQA1*01:02,-0.018,,-0.018,0,,0.0,0.00032399999999999996,DQB1,,,,
DQB1*03:19 / DQA1*02:01,DQB1*05:03 / DQA1*01:01,0.026,,0.026,0,,0.0,0.000676,DQB1,,,,
DQB1*03:19 / DQA1*02:01,DQB1*06:01 / DQA1*01:03,0.146,,0.146,0,,0.0,0.021315999999999998,DQB1,,,,
DQB1*03:19 / DQA1*02:01,DQB1*06:02 / DQA1*01:01,0.071,,0.071,0,,0.0,0.0050409999999999995,DQB1,,,,
DQB1*03:19 / DQA1*02:01,DQB1*06:02 / DQA1*01:02,0.062,,0.062,0,,0.0,0.0038439999999999998,DQB1,,,,
DQB1*03:19 / DQA1*02:01,DQB1*06:03 / DQA1*01:03,0.074,,0.074,0,,0.0,0.005475999999999999,DQB1,,,,
DQB1*03:19 / DQA1*02:01,DQB1*06:04 / DQA1*01:02,0.086,,0.086,0,,0.0,0.007395999999999999,DQB1,,,,
DQB1*03:19 / DQA1*02:01,DQB1*06:09 / DQA1*01:02,0.102,,0.102,0,,0.0,0.010403999999999998,DQB1,,,,
DQB1*03:19 / DQA1*05:05,DPB1*01:01 / DPA1*01:03,0.128,,0.128,19799,,19799.0,0.016384,DQB1,,,,
DQB1*03:19 / DQA1*05:05,DPB1*01:01 / DPA1*02:01,0.1,,0.1,20677,,20677.0,0.010000000000000002,DQB1,,,,
DQB1*03:19 / DQA1*05:05,DPB1*02:01 / DPA1*01:03,0.197,,0.197,20677,,20677.0,0.038809,DQB1,,,,
DQB1*03:19 / DQA1*05:05,DPB1*02:02 / DPA1*01:03,0.044,,0.044,0,,0.0,0.0019359999999999998,DQB1,,,,
DQB1*03:19 / DQA1*05:05,DPB1*02:02 / DPA1*02:01,0.112,,0.112,3470,,3470.0,0.012544000000000001,DQB1,,,,
DQB1*03:19 / DQA1*05:05,DPB1*03:01 / DPA1*01:03,0.198,,0.198,20677,,20677.0,0.039204,DQB1,,,,
DQB1*03:19 / DQA1*05:05,DPB1*03:01 / DPA1*01:04,0.186,,0.186,2287,,2287.0,0.034596,DQB1,,,,
DQB1*03:19 / DQA1*05:05,DPB1*03:01 / DPA1*01:05,0.189,,0.189,17512,,17512.0,0.035721,DQB1,,,,
DQB1*03:19 / DQA1*05:05,DPB1*03:01 / DPA1*02:01,0.19,,0.19,18909,,18909.0,0.0361,DQB1,,,,
DQB1*03:19 / DQA1*05:05,DPB1*04:01 / DPA1*01:03,0.147,,0.147,20677,,20677.0,0.021608999999999996,DQB1,,,,
DQB1*03:19 / DQA1*05:05,DPB1*04:02 / DPA1*01:03,0.208,,0.208,20677,,20677.0,0.043264,DQB1,,,,
DQB1*03:19 / DQA1*05:05,DPB1*05:01 / DPA1*02:01,0.135,,0.135,20677,,20677.0,0.018225,DQB1,,,,
DQB1*03:19 / DQA1*05:05,DPB1*05:01 / DPA1*02:02,0.099,,0.099,15432,,15432.0,0.009801,DQB1,,,,
DQB1*03:19 / DQA1*05:05,DPB1*06:01 / DPA1*01:03,0.2,,0.2,15432,,15432.0,0.04000000000000001,DQB1,,,,
DQB1*03:19 / DQA1*05:05,DPB1*06:01 / DPA1*02:01,0.19,,0.19,18909,,18909.0,0.0361,DQB1,,,,
DQB1*03:19 / DQA1*05:05,DPB1*09:01 / DPA1*02:01,0.206,,0.206,20677,,20677.0,0.042435999999999995,DQB1,,,,
DQB1*03:19 / DQA1*05:05,DPB1*105:01 / DPA1*02:01,0.148,,0.148,0,,0.0,0.021903999999999996,DQB1,,,,
DQB1*03:19 / DQA1*05:05,DPB1*107:01 / DPA1*02:01,0.041,,0.041,0,,0.0,0.0016810000000000002,DQB1,,,,
DQB1*03:19 / DQA1*05:05,DPB1*10:01 / DPA1*02:01,0.18,,0.18,6113,,6113.0,0.0324,DQB1,,,,
DQB1*03:19 / DQA1*05:05,DPB1*10:01 / DPA1*02:02,0.194,,0.194,14564,,14564.0,0.037636,DQB1,,,,
DQB1*03:19 / DQA1*05:05,DPB1*11:01 / DPA1*01:03,0.117,,0.117,17512,,17512.0,0.013689000000000002,DQB1,,,,
DQB1*03:19 / DQA1*05:05,DPB1*11:01 / DPA1*01:04,0.116,,0.116,2265,,2265.0,0.013456000000000001,DQB1,,,,
DQB1*03:19 / DQA1*05:05,DPB1*11:01 / DPA1*01:05,0.079,,0.079,2080,,2080.0,0.006241,DQB1,,,,
DQB1*03:19 / DQA1*05:05,DPB1*11:01 / DPA1*02:01,0.132,,0.132,3165,,3165.0,0.017424000000000002,DQB1,,,,
DQB1*03:19 / DQA1*05:05,DPB1*11:01 / DPA1*02:02,0.119,,0.119,14564,,14564.0,0.014160999999999998,DQB1,,,,
DQB1*03:19 / DQA1*05:05,DPB1*13:01 / DPA1*01:04,0.089,,0.089,1397,,1397.0,0.007921,DQB1,,,,
DQB1*03:19 / DQA1*05:05,DPB1*13:01 / DPA1*01:05,0.118,,0.118,2080,,2080.0,0.013923999999999999,DQB1,,,,
DQB1*03:19 / DQA1*05:05,DPB1*13:01 / DPA1*02:01,0.131,,0.131,20633,,20633.0,0.017161000000000003,DQB1,,,,
DQB1*03:19 / DQA1*05:05,DPB1*13:01 / DPA1*02:02,0.127,,0.127,15432,,15432.0,0.016129,DQB1,,,,
DQB1*03:19 / DQA1*05:05,DPB1*13:01 / DPA1*03:01,0.152,,0.152,15432,,15432.0,0.023104,DQB1,,,,
DQB1*03:19 / DQA1*05:05,DPB1*13:01 / DPA1*04:01,0.172,,0.172,3165,,3165.0,0.029583999999999996,DQB1,,,,
DQB1*03:19 / DQA1*05:05,DPB1*14:01 / DPA1*02:01,0.163,,0.163,20677,,20677.0,0.026569000000000002,DQB1,,,,
DQB1*03:19 / DQA1*05:05,DPB1*15:01 / DPA1*02:01,0.158,,0.158,20677,,20677.0,0.024964,DQB1,,,,
DQB1*03:19 / DQA1*05:05,DPB1*17:01 / DPA1*02:01,0.191,,0.191,20677,,20677.0,0.036481,DQB1,,,,
DQB1*03:19 / DQA1*05:05,DPB1*18:01 / DPA1*01:04,0.222,,0.222,19799,,19799.0,0.049284,DQB1,,,,
DQB1*03:19 / DQA1*05:05,DPB1*18:01 / DPA1*01:05,0.215,,0.215,19799,,19799.0,0.046224999999999995,DQB1,,,,
DQB1*03:19 / DQA1*05:05,DPB1*18:01 / DPA1*02:01,0.237,,0.237,20677,,20677.0,0.056169,DQB1,,,,
DQB1*03:19 / DQA1*05:05,DPB1*19:01 / DPA1*01:03,0.167,,0.167,17512,,17512.0,0.027889000000000004,DQB1,,,,
DQB1*03:19 / DQA1*05:05,DPB1*19:01 / DPA1*02:01,0.212,,0.212,3165,,3165.0,0.044944,DQB1,,,,
DQB1*03:19 / DQA1*05:05,DPB1*20:01 / DPA1*01:03,0.113,,0.113,2287,,2287.0,0.012769,DQB1,,,,
DQB1*03:19 / DQA1*05:05,DPB1*20:01 / DPA1*03:01,0.195,,0.195,15432,,15432.0,0.038025,DQB1,,,,
DQB1*03:19 / DQA1*05:05,DPB1*23:01 / DPA1*01:03,0.13,,0.13,15432,,15432.0,0.016900000000000002,DQB1,,,,
DQB1*03:19 / DQA1*05:05,DPB1*23:01 / DPA1*02:01,0.136,,0.136,5245,,5245.0,0.018496000000000002,DQB1,,,,
DQB1*03:19 / DQA1*05:05,DPB1*26:01 / DPA1*03:01,0.057,,0.057,0,,0.0,0.003249,DQB1,,,,
DQB1*03:19 / DQA1*05:05,DPB1*28:01 / DPA1*01:03,0.207,,0.207,15432,,15432.0,0.042849,DQB1,,,,
DQB1*03:19 / DQA1*05:05,DPB1*28:01 / DPA1*01:04,0.225,,0.225,2287,,2287.0,0.050625,DQB1,,,,
DQB1*03:19 / DQA1*05:05,DPB1*28:01 / DPA1*01:05,0.214,,0.214,17512,,17512.0,0.045795999999999996,DQB1,,,,
DQB1*03:19 / DQA1*05:05,DPB1*28:01 / DPA1*02:01,0.169,,0.169,2080,,2080.0,0.028561000000000003,DQB1,,,,
DQB1*03:19 / DQA1*05:05,DPB1*28:01 / DPA1*02:02,0.159,,0.159,1397,,1397.0,0.025281,DQB1,,,,
DQB1*03:19 / DQA1*05:05,DPB1*28:01 / DPA1*04:01,0.232,,0.232,15432,,15432.0,0.053824000000000004,DQB1,,,,
DQB1*03:19 / DQA1*05:05,DPB1*30:01 / DPA1*02:01,0.017,,0.017,0,,0.0,0.00028900000000000003,DQB1,,,,
DQB1*03:19 / DQA1*05:05,DPB1*31:01 / DPA1*03:01,0.049,,0.049,0,,0.0,0.0024010000000000004,DQB1,,,,
DQB1*03:19 / DQA1*05:05,DPB1*40:01 / DPA1*01:05,0.041,,0.041,0,,0.0,0.0016810000000000002,DQB1,,,,
DQB1*03:19 / DQA1*05:05,DPB1*85:01 / DPA1*01:03,0.061,,0.061,0,,0.0,0.003721,DQB1,,,,
DQB1*03:19 / DQA1*05:05,DQB1*04:01 / DQA1*02:01,0.283,,0.283,20677,,20677.0,0.08008899999999998,DQB1,,,,
DQB1*03:19 / DQA1*05:05,DQB1*04:01 / DQA1*03:03,0.349,,0.349,20677,,20677.0,0.12180099999999998,DQB1,,,,
DQB1*03:19 / DQA1*05:05,DQB1*04:02 / DQA1*02:01,0.31,,0.31,20677,,20677.0,0.0961,DQB1,,,,
DQB1*03:19 / DQA1*05:05,DQB1*04:02 / DQA1*04:01,0.403,,0.403,20677,,20677.0,0.16240900000000003,DQB1,,,,
DQB1*03:19 / DQA1*05:05,DQB1*05:01 / DQA1*01:01,0.034,,0.034,20677,,20677.0,0.0011560000000000001,DQB1,,,,
DQB1*03:19 / DQA1*05:05,DQB1*05:02 / DQA1*01:02,0.035,,0.035,20677,,20677.0,0.0012250000000000002,DQB1,,,,
DQB1*03:19 / DQA1*05:05,DQB1*05:03 / DQA1*01:01,-0.042,,-0.042,0,,0.0,0.0017640000000000002,DQB1,,,,
DQB1*03:19 / DQA1*05:05,DQB1*06:01 / DQA1*01:03,0.187,,0.187,20677,,20677.0,0.034969,DQB1,,,,
DQB1*03:19 / DQA1*05:05,DQB1*06:02 / DQA1*01:01,0.095,,0.095,20677,,20677.0,0.009025,DQB1,,,,
DQB1*03:19 / DQA1*05:05,DQB1*06:02 / DQA1*01:02,0.1,,0.1,20677,,20677.0,0.010000000000000002,DQB1,,,,
DQB1*03:19 / DQA1*05:05,DQB1*06:03 / DQA1*01:03,0.104,,0.104,20677,,20677.0,0.010816,DQB1,,,,
DQB1*03:19 / DQA1*05:05,DQB1*06:04 / DQA1*01:02,0.117,,0.117,20677,,20677.0,0.013689000000000002,DQB1,,,,
DQB1*03:19 / DQA1*05:05,DQB1*06:09 / DQA1*01:02,0.175,,0.175,20677,,20677.0,0.030624999999999996,DQB1,,,,
DQB1*04:01 / DQA1*02:01,DPB1*01:01 / DPA1*01:03,0.31,0.326,0.313,26195,6396.0,19799.0,0.0961,DQB1,,,,
DQB1*04:01 / DQA1*02:01,DPB1*01:01 / DPA1*02:01,0.287,0.35,0.276,27196,6395.0,20801.0,0.08236899999999998,DQB1,,,,
DQB1*04:01 / DQA1*02:01,DPB1*01:01 / DPA1*02:02,0.315,0.315,,6395,6395.0,,0.09922500000000001,DQB1,,,,
DQB1*04:01 / DQA1*02:01,DPB1*01:01 / DPA1*03:01,0.317,0.317,,6396,6396.0,,0.10048900000000001,DQB1,,,,
DQB1*04:01 / DQA1*02:01,DPB1*02:01 / DPA1*01:03,0.302,0.256,0.316,27197,6396.0,20801.0,0.091204,DQB1,,,,
DQB1*04:01 / DQA1*02:01,DPB1*02:02 / DPA1*01:03,0.078,,0.078,0,,0.0,0.006084,DQB1,,,,
DQB1*04:01 / DQA1*02:01,DPB1*02:02 / DPA1*02:01,0.363,,0.363,3553,,3553.0,0.131769,DQB1,,,,
DQB1*04:01 / DQA1*02:01,DPB1*03:01 / DPA1*01:03,0.314,0.295,0.325,27197,6396.0,20801.0,0.098596,DQB1,,,,
DQB1*04:01 / DQA1*02:01,DPB1*03:01 / DPA1*01:04,0.441,,0.441,2287,,2287.0,0.19448100000000001,DQB1,,,,
DQB1*04:01 / DQA1*02:01,DPB1*03:01 / DPA1*01:05,0.355,,0.355,17512,,17512.0,0.126025,DQB1,,,,
DQB1*04:01 / DQA1*02:01,DPB1*03:01 / DPA1*02:01,0.355,,0.355,18909,,18909.0,0.126025,DQB1,,,,
DQB1*04:01 / DQA1*02:01,DPB1*04:01 / DPA1*01:03,0.286,0.165,0.319,27197,6396.0,20801.0,0.08179599999999998,DQB1,,,,
DQB1*04:01 / DQA1*02:01,DPB1*04:01 / DPA1*02:01,0.319,0.319,,6395,6395.0,,0.101761,DQB1,,,,
DQB1*04:01 / DQA1*02:01,DPB1*04:01 / DPA1*02:02,0.361,0.361,,6395,6395.0,,0.130321,DQB1,,,,
DQB1*04:01 / DQA1*02:01,DPB1*04:01 / DPA1*03:01,0.25,0.25,,6396,6396.0,,0.0625,DQB1,,,,
DQB1*04:01 / DQA1*02:01,DPB1*04:01 / DPA1*04:01,0.318,0.318,,6396,6396.0,,0.101124,DQB1,,,,
DQB1*04:01 / DQA1*02:01,DPB1*04:02 / DPA1*01:03,0.287,0.216,0.307,27197,6396.0,20801.0,0.08236899999999998,DQB1,,,,
DQB1*04:01 / DQA1*02:01,DPB1*04:02 / DPA1*03:01,0.285,0.285,,6396,6396.0,,0.08122499999999999,DQB1,,,,
DQB1*04:01 / DQA1*02:01,DPB1*05:01 / DPA1*02:01,0.347,0.262,0.365,27196,6395.0,20801.0,0.12040899999999999,DQB1,,,,
DQB1*04:01 / DQA1*02:01,DPB1*05:01 / DPA1*02:02,0.297,0.292,0.294,21827,6395.0,15432.0,0.088209,DQB1,,,,
DQB1*04:01 / DQA1*02:01,DPB1*05:01 / DPA1*03:01,0.285,0.285,,6396,6396.0,,0.08122499999999999,DQB1,,,,
DQB1*04:01 / DQA1*02:01,DPB1*06:01 / DPA1*01:03,0.343,0.234,0.377,21828,6396.0,15432.0,0.11764900000000002,DQB1,,,,
DQB1*04:01 / DQA1*02:01,DPB1*06:01 / DPA1*02:01,0.372,,0.372,18909,,18909.0,0.138384,DQB1,,,,
DQB1*04:01 / DQA1*02:01,DPB1*09:01 / DPA1*02:01,0.322,0.332,0.33,27196,6395.0,20801.0,0.10368400000000001,DQB1,,,,
DQB1*04:01 / DQA1*02:01,DPB1*105:01 / DPA1*02:01,0.089,,0.089,0,,0.0,0.007921,DQB1,,,,
DQB1*04:01 / DQA1*02:01,DPB1*107:01 / DPA1*02:01,0.156,,0.156,0,,0.0,0.024336,DQB1,,,,
DQB1*04:01 / DQA1*02:01,DPB1*10:01 / DPA1*02:01,0.349,,0.349,6237,,6237.0,0.12180099999999998,DQB1,,,,
DQB1*04:01 / DQA1*02:01,DPB1*10:01 / DPA1*02:02,0.347,,0.347,14564,,14564.0,0.12040899999999999,DQB1,,,,
DQB1*04:01 / DQA1*02:01,DPB1*11:01 / DPA1*01:03,0.382,,0.382,17512,,17512.0,0.145924,DQB1,,,,
DQB1*04:01 / DQA1*02:01,DPB1*11:01 / DPA1*01:04,0.431,,0.431,2265,,2265.0,0.18576099999999998,DQB1,,,,
DQB1*04:01 / DQA1*02:01,DPB1*11:01 / DPA1*01:05,0.343,,0.343,2080,,2080.0,0.11764900000000002,DQB1,,,,
DQB1*04:01 / DQA1*02:01,DPB1*11:01 / DPA1*02:01,0.342,0.269,0.446,9684,6395.0,3289.0,0.11696400000000001,DQB1,,,,
DQB1*04:01 / DQA1*02:01,DPB1*11:01 / DPA1*02:02,0.384,,0.384,14564,,14564.0,0.147456,DQB1,,,,
DQB1*04:01 / DQA1*02:01,DPB1*13:01 / DPA1*01:04,0.409,,0.409,1397,,1397.0,0.16728099999999999,DQB1,,,,
DQB1*04:01 / DQA1*02:01,DPB1*13:01 / DPA1*01:05,0.372,,0.372,2080,,2080.0,0.138384,DQB1,,,,
DQB1*04:01 / DQA1*02:01,DPB1*13:01 / DPA1*02:01,0.382,0.325,0.4,27028,6395.0,20633.0,0.145924,DQB1,,,,
DQB1*04:01 / DQA1*02:01,DPB1*13:01 / DPA1*02:02,0.395,,0.395,15432,,15432.0,0.15602500000000002,DQB1,,,,
DQB1*04:01 / DQA1*02:01,DPB1*13:01 / DPA1*03:01,0.461,,0.461,15432,,15432.0,0.21252100000000002,DQB1,,,,
DQB1*04:01 / DQA1*02:01,DPB1*13:01 / DPA1*04:01,0.364,0.294,0.467,9684,6395.0,3289.0,0.132496,DQB1,,,,
DQB1*04:01 / DQA1*02:01,DPB1*14:01 / DPA1*02:01,0.273,0.187,0.299,27196,6395.0,20801.0,0.07452900000000001,DQB1,,,,
DQB1*04:01 / DQA1*02:01,DPB1*15:01 / DPA1*02:01,0.412,0.367,0.422,27155,6395.0,20760.0,0.16974399999999998,DQB1,,,,
DQB1*04:01 / DQA1*02:01,DPB1*17:01 / DPA1*02:01,0.36,0.319,0.383,27196,6395.0,20801.0,0.1296,DQB1,,,,
DQB1*04:01 / DQA1*02:01,DPB1*18:01 / DPA1*01:03,0.233,0.233,,6396,6396.0,,0.054289000000000004,DQB1,,,,
DQB1*04:01 / DQA1*02:01,DPB1*18:01 / DPA1*01:04,0.36,,0.36,19799,,19799.0,0.1296,DQB1,,,,
DQB1*04:01 / DQA1*02:01,DPB1*18:01 / DPA1*01:05,0.335,,0.335,19799,,19799.0,0.11222500000000002,DQB1,,,,
DQB1*04:01 / DQA1*02:01,DPB1*18:01 / DPA1*02:01,0.347,,0.347,20760,,20760.0,0.12040899999999999,DQB1,,,,
DQB1*04:01 / DQA1*02:01,DPB1*19:01 / DPA1*01:03,0.324,,0.324,17512,,17512.0,0.104976,DQB1,,,,
DQB1*04:01 / DQA1*02:01,DPB1*19:01 / DPA1*02:01,0.264,0.198,0.37,9684,6395.0,3289.0,0.06969600000000001,DQB1,,,,
DQB1*04:01 / DQA1*02:01,DPB1*20:01 / DPA1*01:03,0.379,,0.379,2287,,2287.0,0.143641,DQB1,,,,
DQB1*04:01 / DQA1*02:01,DPB1*20:01 / DPA1*03:01,0.35,,0.35,15432,,15432.0,0.12249999999999998,DQB1,,,,
DQB1*04:01 / DQA1*02:01,DPB1*23:01 / DPA1*01:03,0.309,,0.309,15432,,15432.0,0.095481,DQB1,,,,
DQB1*04:01 / DQA1*02:01,DPB1*23:01 / DPA1*02:01,0.366,,0.366,5328,,5328.0,0.133956,DQB1,,,,
DQB1*04:01 / DQA1*02:01,DPB1*26:01 / DPA1*03:01,0.135,,0.135,0,,0.0,0.018225,DQB1,,,,
DQB1*04:01 / DQA1*02:01,DPB1*28:01 / DPA1*01:03,0.304,,0.304,15432,,15432.0,0.092416,DQB1,,,,
DQB1*04:01 / DQA1*02:01,DPB1*28:01 / DPA1*01:04,0.413,,0.413,2287,,2287.0,0.17056899999999997,DQB1,,,,
DQB1*04:01 / DQA1*02:01,DPB1*28:01 / DPA1*01:05,0.334,,0.334,17512,,17512.0,0.11155600000000002,DQB1,,,,
DQB1*04:01 / DQA1*02:01,DPB1*28:01 / DPA1*02:01,0.333,,0.333,2080,,2080.0,0.11088900000000002,DQB1,,,,
DQB1*04:01 / DQA1*02:01,DPB1*28:01 / DPA1*02:02,0.277,0.263,0.375,7792,6395.0,1397.0,0.07672900000000002,DQB1,,,,
DQB1*04:01 / DQA1*02:01,DPB1*28:01 / DPA1*04:01,0.357,,0.357,15432,,15432.0,0.12744899999999998,DQB1,,,,
DQB1*04:01 / DQA1*02:01,DPB1*30:01 / DPA1*02:01,0.125,,0.125,0,,0.0,0.015625,DQB1,,,,
DQB1*04:01 / DQA1*02:01,DPB1*31:01 / DPA1*03:01,0.141,,0.141,0,,0.0,0.019880999999999996,DQB1,,,,
DQB1*04:01 / DQA1*02:01,DPB1*40:01 / DPA1*01:05,0.111,,0.111,0,,0.0,0.012321,DQB1,,,,
DQB1*04:01 / DQA1*02:01,DPB1*85:01 / DPA1*01:03,0.137,,0.137,0,,0.0,0.018769000000000004,DQB1,,,,
DQB1*04:01 / DQA1*02:01,DQB1*04:01 / DQA1*03:03,0.741,,0.741,20760,,20760.0,0.549081,DQB1,,,,
DQB1*04:01 / DQA1*02:01,DQB1*04:01 / DQA1*04:01,0.678,0.677,,6396,6396.0,,0.45968400000000004,DQB1,,,,
DQB1*04:01 / DQA1*02:01,DQB1*04:01 / DQA1*05:01,0.667,0.667,,6396,6396.0,,0.44488900000000003,DQB1,,,,
DQB1*04:01 / DQA1*02:01,DQB1*04:02 / DQA1*02:01,0.927,,0.927,20801,,20801.0,0.8593290000000001,DQB1,,,,
DQB1*04:01 / DQA1*02:01,DQB1*04:02 / DQA1*03:01,0.72,0.72,,6396,6396.0,,0.5184,DQB1,,,,
DQB1*04:01 / DQA1*02:01,DQB1*04:02 / DQA1*04:01,0.751,0.684,0.781,27197,6396.0,20801.0,0.564001,DQB1,,,,
DQB1*04:01 / DQA1*02:01,DQB1*04:02 / DQA1*06:01,0.714,0.714,,6396,6396.0,,0.5097959999999999,DQB1,,,,
DQB1*04:01 / DQA1*02:01,DQB1*05:01 / DQA1*01:01,0.428,0.42,0.461,27197,6396.0,20801.0,0.18318399999999999,DQB1,,,,
DQB1*04:01 / DQA1*02:01,DQB1*05:01 / DQA1*01:02,0.388,0.388,,6396,6396.0,,0.150544,DQB1,,,,
DQB1*04:01 / DQA1*02:01,DQB1*05:02 / DQA1*01:02,0.487,0.42,0.525,27197,6396.0,20801.0,0.237169,DQB1,,,,
DQB1*04:01 / DQA1*02:01,DQB1*05:03 / DQA1*01:01,0.436,,0.436,0,,0.0,0.190096,DQB1,,,,
DQB1*04:01 / DQA1*02:01,DQB1*05:03 / DQA1*01:04,0.452,0.452,,6396,6396.0,,0.204304,DQB1,,,,
DQB1*04:01 / DQA1*02:01,DQB1*06:01 / DQA1*01:03,0.509,0.387,0.54,27197,6396.0,20801.0,0.259081,DQB1,,,,
DQB1*04:01 / DQA1*02:01,DQB1*06:01 / DQA1*01:04,0.444,0.442,,6396,6396.0,,0.197136,DQB1,,,,
DQB1*04:01 / DQA1*02:01,DQB1*06:01 / DQA1*02:01,0.676,0.675,,6396,6396.0,,0.45697600000000005,DQB1,,,,
DQB1*04:01 / DQA1*02:01,DQB1*06:02 / DQA1*01:01,0.566,,0.566,20760,,20760.0,0.3203559999999999,DQB1,,,,
DQB1*04:01 / DQA1*02:01,DQB1*06:02 / DQA1*01:02,0.522,0.4,0.55,27197,6396.0,20801.0,0.272484,DQB1,,,,
DQB1*04:01 / DQA1*02:01,DQB1*06:03 / DQA1*01:03,0.439,0.441,0.451,27156,6396.0,20760.0,0.192721,DQB1,,,,
DQB1*04:01 / DQA1*02:01,DQB1*06:04 / DQA1*01:02,0.539,0.479,0.591,27156,6396.0,20760.0,0.29052100000000003,DQB1,,,,
DQB1*04:01 / DQA1*02:01,DQB1*06:09 / DQA1*01:02,0.515,,0.515,20760,,20760.0,0.265225,DQB1,,,,
DQB1*04:01 / DQA1*03:03,DPB1*01:01 / DPA1*01:03,0.275,,0.275,19799,,19799.0,0.07562500000000001,DQB1,,,,
DQB1*04:01 / DQA1*03:03,DPB1*01:01 / DPA1*02:01,0.241,,0.241,20760,,20760.0,0.058080999999999994,DQB1,,,,
DQB1*04:01 / DQA1*03:03,DPB1*02:01 / DPA1*01:03,0.234,,0.234,20760,,20760.0,0.054756000000000006,DQB1,,,,
DQB1*04:01 / DQA1*03:03,DPB1*02:02 / DPA1*01:03,0.043,,0.043,0,,0.0,0.0018489999999999997,DQB1,,,,
DQB1*04:01 / DQA1*03:03,DPB1*02:02 / DPA1*02:01,0.333,,0.333,3553,,3553.0,0.11088900000000002,DQB1,,,,
DQB1*04:01 / DQA1*03:03,DPB1*03:01 / DPA1*01:03,0.296,,0.296,20760,,20760.0,0.08761599999999999,DQB1,,,,
DQB1*04:01 / DQA1*03:03,DPB1*03:01 / DPA1*01:04,0.343,,0.343,2287,,2287.0,0.11764900000000002,DQB1,,,,
DQB1*04:01 / DQA1*03:03,DPB1*03:01 / DPA1*01:05,0.307,,0.307,17512,,17512.0,0.094249,DQB1,,,,
DQB1*04:01 / DQA1*03:03,DPB1*03:01 / DPA1*02:01,0.312,,0.312,18909,,18909.0,0.097344,DQB1,,,,
DQB1*04:01 / DQA1*03:03,DPB1*04:01 / DPA1*01:03,0.253,,0.253,20760,,20760.0,0.064009,DQB1,,,,
DQB1*04:01 / DQA1*03:03,DPB1*04:02 / DPA1*01:03,0.227,,0.227,20760,,20760.0,0.051529000000000005,DQB1,,,,
DQB1*04:01 / DQA1*03:03,DPB1*05:01 / DPA1*02:01,0.338,,0.338,20760,,20760.0,0.11424400000000001,DQB1,,,,
DQB1*04:01 / DQA1*03:03,DPB1*05:01 / DPA1*02:02,0.248,,0.248,15432,,15432.0,0.061503999999999996,DQB1,,,,
DQB1*04:01 / DQA1*03:03,DPB1*06:01 / DPA1*01:03,0.308,,0.308,15432,,15432.0,0.094864,DQB1,,,,
DQB1*04:01 / DQA1*03:03,DPB1*06:01 / DPA1*02:01,0.32,,0.32,18909,,18909.0,0.1024,DQB1,,,,
DQB1*04:01 / DQA1*03:03,DPB1*09:01 / DPA1*02:01,0.324,,0.324,20760,,20760.0,0.104976,DQB1,,,,
DQB1*04:01 / DQA1*03:03,DPB1*105:01 / DPA1*02:01,0.065,,0.065,0,,0.0,0.0042250000000000005,DQB1,,,,
DQB1*04:01 / DQA1*03:03,DPB1*107:01 / DPA1*02:01,0.147,,0.147,0,,0.0,0.021608999999999996,DQB1,,,,
DQB1*04:01 / DQA1*03:03,DPB1*10:01 / DPA1*02:01,0.334,,0.334,6196,,6196.0,0.11155600000000002,DQB1,,,,
DQB1*04:01 / DQA1*03:03,DPB1*10:01 / DPA1*02:02,0.281,,0.281,14564,,14564.0,0.07896100000000002,DQB1,,,,
DQB1*04:01 / DQA1*03:03,DPB1*11:01 / DPA1*01:03,0.266,,0.266,17512,,17512.0,0.07075600000000001,DQB1,,,,
DQB1*04:01 / DQA1*03:03,DPB1*11:01 / DPA1*01:04,0.275,,0.275,2265,,2265.0,0.07562500000000001,DQB1,,,,
DQB1*04:01 / DQA1*03:03,DPB1*11:01 / DPA1*01:05,0.214,,0.214,2080,,2080.0,0.045795999999999996,DQB1,,,,
DQB1*04:01 / DQA1*03:03,DPB1*11:01 / DPA1*02:01,0.362,,0.362,3248,,3248.0,0.131044,DQB1,,,,
DQB1*04:01 / DQA1*03:03,DPB1*11:01 / DPA1*02:02,0.292,,0.292,14564,,14564.0,0.08526399999999999,DQB1,,,,
DQB1*04:01 / DQA1*03:03,DPB1*13:01 / DPA1*01:04,0.294,,0.294,1397,,1397.0,0.08643599999999999,DQB1,,,,
DQB1*04:01 / DQA1*03:03,DPB1*13:01 / DPA1*01:05,0.292,,0.292,2080,,2080.0,0.08526399999999999,DQB1,,,,
DQB1*04:01 / DQA1*03:03,DPB1*13:01 / DPA1*02:01,0.317,,0.317,20633,,20633.0,0.10048900000000001,DQB1,,,,
DQB1*04:01 / DQA1*03:03,DPB1*13:01 / DPA1*02:02,0.313,,0.313,15432,,15432.0,0.097969,DQB1,,,,
DQB1*04:01 / DQA1*03:03,DPB1*13:01 / DPA1*03:01,0.317,,0.317,15432,,15432.0,0.10048900000000001,DQB1,,,,
DQB1*04:01 / DQA1*03:03,DPB1*13:01 / DPA1*04:01,0.407,,0.407,3248,,3248.0,0.165649,DQB1,,,,
DQB1*04:01 / DQA1*03:03,DPB1*14:01 / DPA1*02:01,0.294,,0.294,20760,,20760.0,0.08643599999999999,DQB1,,,,
DQB1*04:01 / DQA1*03:03,DPB1*15:01 / DPA1*02:01,0.342,,0.342,20760,,20760.0,0.11696400000000001,DQB1,,,,
DQB1*04:01 / DQA1*03:03,DPB1*17:01 / DPA1*02:01,0.325,,0.325,20760,,20760.0,0.10562500000000001,DQB1,,,,
DQB1*04:01 / DQA1*03:03,DPB1*18:01 / DPA1*01:04,0.268,,0.268,19799,,19799.0,0.07182400000000001,DQB1,,,,
DQB1*04:01 / DQA1*03:03,DPB1*18:01 / DPA1*01:05,0.267,,0.267,19799,,19799.0,0.071289,DQB1,,,,
DQB1*04:01 / DQA1*03:03,DPB1*18:01 / DPA1*02:01,0.332,,0.332,20760,,20760.0,0.11022400000000002,DQB1,,,,
DQB1*04:01 / DQA1*03:03,DPB1*19:01 / DPA1*01:03,0.264,,0.264,17512,,17512.0,0.06969600000000001,DQB1,,,,
DQB1*04:01 / DQA1*03:03,DPB1*19:01 / DPA1*02:01,0.381,,0.381,3248,,3248.0,0.145161,DQB1,,,,
DQB1*04:01 / DQA1*03:03,DPB1*20:01 / DPA1*01:03,0.344,,0.344,2287,,2287.0,0.11833599999999998,DQB1,,,,
DQB1*04:01 / DQA1*03:03,DPB1*20:01 / DPA1*03:01,0.302,,0.302,15432,,15432.0,0.091204,DQB1,,,,
DQB1*04:01 / DQA1*03:03,DPB1*23:01 / DPA1*01:03,0.228,,0.228,15432,,15432.0,0.051984,DQB1,,,,
DQB1*04:01 / DQA1*03:03,DPB1*23:01 / DPA1*02:01,0.312,,0.312,5328,,5328.0,0.097344,DQB1,,,,
DQB1*04:01 / DQA1*03:03,DPB1*26:01 / DPA1*03:01,0.118,,0.118,0,,0.0,0.013923999999999999,DQB1,,,,
DQB1*04:01 / DQA1*03:03,DPB1*28:01 / DPA1*01:03,0.233,,0.233,15432,,15432.0,0.054289000000000004,DQB1,,,,
DQB1*04:01 / DQA1*03:03,DPB1*28:01 / DPA1*01:04,0.357,,0.357,2287,,2287.0,0.12744899999999998,DQB1,,,,
DQB1*04:01 / DQA1*03:03,DPB1*28:01 / DPA1*01:05,0.252,,0.252,17512,,17512.0,0.063504,DQB1,,,,
DQB1*04:01 / DQA1*03:03,DPB1*28:01 / DPA1*02:01,0.298,,0.298,2080,,2080.0,0.088804,DQB1,,,,
DQB1*04:01 / DQA1*03:03,DPB1*28:01 / DPA1*02:02,0.313,,0.313,1397,,1397.0,0.097969,DQB1,,,,
DQB1*04:01 / DQA1*03:03,DPB1*28:01 / DPA1*04:01,0.288,,0.288,15432,,15432.0,0.08294399999999999,DQB1,,,,
DQB1*04:01 / DQA1*03:03,DPB1*30:01 / DPA1*02:01,0.119,,0.119,0,,0.0,0.014160999999999998,DQB1,,,,
DQB1*04:01 / DQA1*03:03,DPB1*31:01 / DPA1*03:01,0.13,,0.13,0,,0.0,0.016900000000000002,DQB1,,,,
DQB1*04:01 / DQA1*03:03,DPB1*40:01 / DPA1*01:05,0.09,,0.09,0,,0.0,0.0081,DQB1,,,,
DQB1*04:01 / DQA1*03:03,DPB1*85:01 / DPA1*01:03,0.117,,0.117,0,,0.0,0.013689000000000002,DQB1,,,,
DQB1*04:01 / DQA1*03:03,DQB1*04:02 / DQA1*02:01,0.772,,0.772,20760,,20760.0,0.5959840000000001,DQB1,,,,
DQB1*04:01 / DQA1*03:03,DQB1*04:02 / DQA1*04:01,0.772,,0.772,20760,,20760.0,0.5959840000000001,DQB1,,,,
DQB1*04:01 / DQA1*03:03,DQB1*05:01 / DQA1*01:01,0.468,,0.468,20760,,20760.0,0.21902400000000002,DQB1,,,,
DQB1*04:01 / DQA1*03:03,DQB1*05:02 / DQA1*01:02,0.438,,0.438,20760,,20760.0,0.191844,DQB1,,,,
DQB1*04:01 / DQA1*03:03,DQB1*05:03 / DQA1*01:01,0.411,,0.411,0,,0.0,0.168921,DQB1,,,,
DQB1*04:01 / DQA1*03:03,DQB1*06:01 / DQA1*01:03,0.556,,0.556,20760,,20760.0,0.3091360000000001,DQB1,,,,
DQB1*04:01 / DQA1*03:03,DQB1*06:02 / DQA1*01:01,0.479,,0.479,20760,,20760.0,0.22944099999999998,DQB1,,,,
DQB1*04:01 / DQA1*03:03,DQB1*06:02 / DQA1*01:02,0.49,,0.49,20760,,20760.0,0.24009999999999998,DQB1,,,,
DQB1*04:01 / DQA1*03:03,DQB1*06:03 / DQA1*01:03,0.482,,0.482,20760,,20760.0,0.23232399999999997,DQB1,,,,
DQB1*04:01 / DQA1*03:03,DQB1*06:04 / DQA1*01:02,0.51,,0.51,20760,,20760.0,0.2601,DQB1,,,,
DQB1*04:01 / DQA1*03:03,DQB1*06:09 / DQA1*01:02,0.545,,0.545,20760,,20760.0,0.29702500000000004,DQB1,,,,
DQB1*04:01 / DQA1*04:01,DPB1*01:01 / DPA1*01:03,0.366,0.366,,6397,6397.0,,0.133956,DQB1,,,,
DQB1*04:01 / DQA1*04:01,DPB1*01:01 / DPA1*02:01,0.336,0.336,,6396,6396.0,,0.11289600000000001,DQB1,,,,
DQB1*04:01 / DQA1*04:01,DPB1*01:01 / DPA1*02:02,0.34,0.34,,6396,6396.0,,0.11560000000000002,DQB1,,,,
DQB1*04:01 / DQA1*04:01,DPB1*01:01 / DPA1*03:01,0.363,0.363,,6397,6397.0,,0.131769,DQB1,,,,
DQB1*04:01 / DQA1*04:01,DPB1*02:01 / DPA1*01:03,0.337,0.337,,6396,6396.0,,0.11356900000000002,DQB1,,,,
DQB1*04:01 / DQA1*04:01,DPB1*03:01 / DPA1*01:03,0.351,0.351,,6397,6397.0,,0.12320099999999999,DQB1,,,,
DQB1*04:01 / DQA1*04:01,DPB1*04:01 / DPA1*01:03,0.214,0.214,,6397,6397.0,,0.045795999999999996,DQB1,,,,
DQB1*04:01 / DQA1*04:01,DPB1*04:01 / DPA1*02:01,0.358,0.358,,6396,6396.0,,0.128164,DQB1,,,,
DQB1*04:01 / DQA1*04:01,DPB1*04:01 / DPA1*02:02,0.399,0.399,,6396,6396.0,,0.159201,DQB1,,,,
DQB1*04:01 / DQA1*04:01,DPB1*04:01 / DPA1*03:01,0.291,0.291,,6397,6397.0,,0.08468099999999999,DQB1,,,,
DQB1*04:01 / DQA1*04:01,DPB1*04:01 / DPA1*04:01,0.379,0.379,,6397,6397.0,,0.143641,DQB1,,,,
DQB1*04:01 / DQA1*04:01,DPB1*04:02 / DPA1*01:03,0.298,0.298,,6396,6396.0,,0.088804,DQB1,,,,
DQB1*04:01 / DQA1*04:01,DPB1*04:02 / DPA1*03:01,0.373,0.373,,6396,6396.0,,0.139129,DQB1,,,,
DQB1*04:01 / DQA1*04:01,DPB1*05:01 / DPA1*02:01,0.235,0.234,,6396,6396.0,,0.055224999999999996,DQB1,,,,
DQB1*04:01 / DQA1*04:01,DPB1*05:01 / DPA1*02:02,0.294,0.293,,6396,6396.0,,0.08643599999999999,DQB1,,,,
DQB1*04:01 / DQA1*04:01,DPB1*05:01 / DPA1*03:01,0.361,0.361,,6397,6397.0,,0.130321,DQB1,,,,
DQB1*04:01 / DQA1*04:01,DPB1*06:01 / DPA1*01:03,0.292,0.291,,6397,6397.0,,0.08526399999999999,DQB1,,,,
DQB1*04:01 / DQA1*04:01,DPB1*09:01 / DPA1*02:01,0.371,0.372,,6396,6396.0,,0.13764099999999999,DQB1,,,,
DQB1*04:01 / DQA1*04:01,DPB1*11:01 / DPA1*02:01,0.259,0.259,,6396,6396.0,,0.067081,DQB1,,,,
DQB1*04:01 / DQA1*04:01,DPB1*13:01 / DPA1*02:01,0.337,0.338,,6396,6396.0,,0.11356900000000002,DQB1,,,,
DQB1*04:01 / DQA1*04:01,DPB1*13:01 / DPA1*04:01,0.381,0.381,,6396,6396.0,,0.145161,DQB1,,,,
DQB1*04:01 / DQA1*04:01,DPB1*14:01 / DPA1*02:01,0.222,0.222,,6396,6396.0,,0.049284,DQB1,,,,
DQB1*04:01 / DQA1*04:01,DPB1*15:01 / DPA1*02:01,0.41,0.41,,6396,6396.0,,0.16809999999999997,DQB1,,,,
DQB1*04:01 / DQA1*04:01,DPB1*17:01 / DPA1*02:01,0.368,0.369,,6396,6396.0,,0.135424,DQB1,,,,
DQB1*04:01 / DQA1*04:01,DPB1*18:01 / DPA1*01:03,0.315,0.315,,6397,6397.0,,0.09922500000000001,DQB1,,,,
DQB1*04:01 / DQA1*04:01,DPB1*19:01 / DPA1*02:01,0.229,0.229,,6396,6396.0,,0.052441,DQB1,,,,
DQB1*04:01 / DQA1*04:01,DPB1*28:01 / DPA1*02:02,0.352,0.352,,6395,6395.0,,0.12390399999999999,DQB1,,,,
DQB1*04:01 / DQA1*04:01,DQB1*04:01 / DQA1*05:01,0.909,0.909,,6397,6397.0,,0.826281,DQB1,,,,
DQB1*04:01 / DQA1*04:01,DQB1*04:02 / DQA1*03:01,0.812,0.812,,6397,6397.0,,0.659344,DQB1,,,,
DQB1*04:01 / DQA1*04:01,DQB1*04:02 / DQA1*04:01,0.886,0.886,,6397,6397.0,,0.784996,DQB1,,,,
DQB1*04:01 / DQA1*04:01,DQB1*04:02 / DQA1*06:01,0.91,0.91,,6397,6397.0,,0.8281000000000001,DQB1,,,,
DQB1*04:01 / DQA1*04:01,DQB1*05:01 / DQA1*01:01,0.511,0.51,,6397,6397.0,,0.261121,DQB1,,,,
DQB1*04:01 / DQA1*04:01,DQB1*05:01 / DQA1*01:02,0.441,0.441,,6397,6397.0,,0.19448100000000001,DQB1,,,,
DQB1*04:01 / DQA1*04:01,DQB1*05:02 / DQA1*01:02,0.441,0.44,,6397,6397.0,,0.19448100000000001,DQB1,,,,
DQB1*04:01 / DQA1*04:01,DQB1*05:03 / DQA1*01:04,0.507,0.507,,6397,6397.0,,0.257049,DQB1,,,,
DQB1*04:01 / DQA1*04:01,DQB1*06:01 / DQA1*01:03,0.395,0.394,,6397,6397.0,,0.15602500000000002,DQB1,,,,
DQB1*04:01 / DQA1*04:01,DQB1*06:01 / DQA1*01:04,0.486,0.485,,6400,6397.0,,0.236196,DQB1,,,,
DQB1*04:01 / DQA1*04:01,DQB1*06:01 / DQA1*02:01,0.632,0.631,,6400,6397.0,,0.399424,DQB1,,,,
DQB1*04:01 / DQA1*04:01,DQB1*06:02 / DQA1*01:02,0.408,0.407,,6397,6397.0,,0.16646399999999997,DQB1,,,,
DQB1*04:01 / DQA1*04:01,DQB1*06:03 / DQA1*01:03,0.505,0.504,,6397,6397.0,,0.255025,DQB1,,,,
DQB1*04:01 / DQA1*04:01,DQB1*06:04 / DQA1*01:02,0.518,0.518,,6397,6397.0,,0.268324,DQB1,,,,
DQB1*04:01 / DQA1*05:01,DPB1*01:01 / DPA1*01:03,0.361,0.361,,6397,6397.0,,0.130321,DQB1,,,,
DQB1*04:01 / DQA1*05:01,DPB1*01:01 / DPA1*02:01,0.325,0.325,,6396,6396.0,,0.10562500000000001,DQB1,,,,
DQB1*04:01 / DQA1*05:01,DPB1*01:01 / DPA1*02:02,0.347,0.347,,6396,6396.0,,0.12040899999999999,DQB1,,,,
DQB1*04:01 / DQA1*05:01,DPB1*01:01 / DPA1*03:01,0.361,0.361,,6397,6397.0,,0.130321,DQB1,,,,
DQB1*04:01 / DQA1*05:01,DPB1*02:01 / DPA1*01:03,0.346,0.346,,6396,6396.0,,0.11971599999999999,DQB1,,,,
DQB1*04:01 / DQA1*05:01,DPB1*03:01 / DPA1*01:03,0.345,0.345,,6397,6397.0,,0.11902499999999998,DQB1,,,,
DQB1*04:01 / DQA1*05:01,DPB1*04:01 / DPA1*01:03,0.227,0.227,,6397,6397.0,,0.051529000000000005,DQB1,,,,
DQB1*04:01 / DQA1*05:01,DPB1*04:01 / DPA1*02:01,0.35,0.35,,6396,6396.0,,0.12249999999999998,DQB1,,,,
DQB1*04:01 / DQA1*05:01,DPB1*04:01 / DPA1*02:02,0.37,0.37,,6396,6396.0,,0.1369,DQB1,,,,
DQB1*04:01 / DQA1*05:01,DPB1*04:01 / DPA1*03:01,0.29,0.29,,6397,6397.0,,0.0841,DQB1,,,,
DQB1*04:01 / DQA1*05:01,DPB1*04:01 / DPA1*04:01,0.352,0.352,,6397,6397.0,,0.12390399999999999,DQB1,,,,
DQB1*04:01 / DQA1*05:01,DPB1*04:02 / DPA1*01:03,0.288,0.288,,6396,6396.0,,0.08294399999999999,DQB1,,,,
DQB1*04:01 / DQA1*05:01,DPB1*04:02 / DPA1*03:01,0.368,0.368,,6396,6396.0,,0.135424,DQB1,,,,
DQB1*04:01 / DQA1*05:01,DPB1*05:01 / DPA1*02:01,0.219,0.219,,6396,6396.0,,0.047961,DQB1,,,,
DQB1*04:01 / DQA1*05:01,DPB1*05:01 / DPA1*02:02,0.308,0.308,,6396,6396.0,,0.094864,DQB1,,,,
DQB1*04:01 / DQA1*05:01,DPB1*05:01 / DPA1*03:01,0.309,0.309,,6397,6397.0,,0.095481,DQB1,,,,
DQB1*04:01 / DQA1*05:01,DPB1*06:01 / DPA1*01:03,0.276,0.276,,6397,6397.0,,0.07617600000000001,DQB1,,,,
DQB1*04:01 / DQA1*05:01,DPB1*09:01 / DPA1*02:01,0.361,0.361,,6396,6396.0,,0.130321,DQB1,,,,
DQB1*04:01 / DQA1*05:01,DPB1*11:01 / DPA1*02:01,0.253,0.253,,6396,6396.0,,0.064009,DQB1,,,,
DQB1*04:01 / DQA1*05:01,DPB1*13:01 / DPA1*02:01,0.297,0.297,,6396,6396.0,,0.088209,DQB1,,,,
DQB1*04:01 / DQA1*05:01,DPB1*13:01 / DPA1*04:01,0.338,0.338,,6396,6396.0,,0.11424400000000001,DQB1,,,,
DQB1*04:01 / DQA1*05:01,DPB1*14:01 / DPA1*02:01,0.231,0.231,,6396,6396.0,,0.053361000000000006,DQB1,,,,
DQB1*04:01 / DQA1*05:01,DPB1*15:01 / DPA1*02:01,0.413,0.413,,6396,6396.0,,0.17056899999999997,DQB1,,,,
DQB1*04:01 / DQA1*05:01,DPB1*17:01 / DPA1*02:01,0.35,0.35,,6396,6396.0,,0.12249999999999998,DQB1,,,,
DQB1*04:01 / DQA1*05:01,DPB1*18:01 / DPA1*01:03,0.322,0.322,,6397,6397.0,,0.10368400000000001,DQB1,,,,
DQB1*04:01 / DQA1*05:01,DPB1*19:01 / DPA1*02:01,0.216,0.216,,6396,6396.0,,0.046655999999999996,DQB1,,,,
DQB1*04:01 / DQA1*05:01,DPB1*28:01 / DPA1*02:02,0.334,0.334,,6395,6395.0,,0.11155600000000002,DQB1,,,,
DQB1*04:01 / DQA1*05:01,DQB1*04:02 / DQA1*03:01,0.801,0.801,,6397,6397.0,,0.6416010000000001,DQB1,,,,
DQB1*04:01 / DQA1*05:01,DQB1*04:02 / DQA1*04:01,0.869,0.869,,6397,6397.0,,0.755161,DQB1,,,,
DQB1*04:01 / DQA1*05:01,DQB1*04:02 / DQA1*06:01,0.886,0.886,,6397,6397.0,,0.784996,DQB1,,,,
DQB1*04:01 / DQA1*05:01,DQB1*05:01 / DQA1*01:01,0.486,0.486,,6397,6397.0,,0.236196,DQB1,,,,
DQB1*04:01 / DQA1*05:01,DQB1*05:01 / DQA1*01:02,0.426,0.426,,6397,6397.0,,0.181476,DQB1,,,,
DQB1*04:01 / DQA1*05:01,DQB1*05:02 / DQA1*01:02,0.455,0.455,,6397,6397.0,,0.20702500000000001,DQB1,,,,
DQB1*04:01 / DQA1*05:01,DQB1*05:03 / DQA1*01:04,0.499,0.499,,6397,6397.0,,0.249001,DQB1,,,,
DQB1*04:01 / DQA1*05:01,DQB1*06:01 / DQA1*01:03,0.374,0.374,,6397,6397.0,,0.139876,DQB1,,,,
DQB1*04:01 / DQA1*05:01,DQB1*06:01 / DQA1*01:04,0.469,0.469,,6397,6397.0,,0.21996099999999996,DQB1,,,,
DQB1*04:01 / DQA1*05:01,DQB1*06:01 / DQA1*02:01,0.626,0.626,,6397,6397.0,,0.391876,DQB1,,,,
DQB1*04:01 / DQA1*05:01,DQB1*06:02 / DQA1*01:02,0.39,0.39,,6397,6397.0,,0.1521,DQB1,,,,
DQB1*04:01 / DQA1*05:01,DQB1*06:03 / DQA1*01:03,0.49,0.49,,6397,6397.0,,0.24009999999999998,DQB1,,,,
DQB1*04:01 / DQA1*05:01,DQB1*06:04 / DQA1*01:02,0.493,0.493,,6397,6397.0,,0.243049,DQB1,,,,
DQB1*04:02 / DQA1*02:01,DPB1*01:01 / DPA1*01:03,0.293,,0.293,19799,,19799.0,0.085849,DQB1,,,,
DQB1*04:02 / DQA1*02:01,DPB1*01:01 / DPA1*02:01,0.253,,0.253,20801,,20801.0,0.064009,DQB1,,,,
DQB1*04:02 / DQA1*02:01,DPB1*02:01 / DPA1*01:03,0.288,,0.288,20801,,20801.0,0.08294399999999999,DQB1,,,,
DQB1*04:02 / DQA1*02:01,DPB1*02:02 / DPA1*01:03,0.059,,0.059,0,,0.0,0.0034809999999999997,DQB1,,,,
DQB1*04:02 / DQA1*02:01,DPB1*02:02 / DPA1*02:01,0.341,,0.341,3553,,3553.0,0.11628100000000002,DQB1,,,,
DQB1*04:02 / DQA1*02:01,DPB1*03:01 / DPA1*01:03,0.308,,0.308,20801,,20801.0,0.094864,DQB1,,,,
DQB1*04:02 / DQA1*02:01,DPB1*03:01 / DPA1*01:04,0.432,,0.432,2287,,2287.0,0.18662399999999998,DQB1,,,,
DQB1*04:02 / DQA1*02:01,DPB1*03:01 / DPA1*01:05,0.329,,0.329,17512,,17512.0,0.108241,DQB1,,,,
DQB1*04:02 / DQA1*02:01,DPB1*03:01 / DPA1*02:01,0.334,,0.334,18909,,18909.0,0.11155600000000002,DQB1,,,,
DQB1*04:02 / DQA1*02:01,DPB1*04:01 / DPA1*01:03,0.302,,0.302,20801,,20801.0,0.091204,DQB1,,,,
DQB1*04:02 / DQA1*02:01,DPB1*04:02 / DPA1*01:03,0.278,,0.278,20801,,20801.0,0.07728400000000002,DQB1,,,,
DQB1*04:02 / DQA1*02:01,DPB1*05:01 / DPA1*02:01,0.341,,0.341,20801,,20801.0,0.11628100000000002,DQB1,,,,
DQB1*04:02 / DQA1*02:01,DPB1*05:01 / DPA1*02:02,0.262,,0.262,15432,,15432.0,0.06864400000000001,DQB1,,,,
DQB1*04:02 / DQA1*02:01,DPB1*06:01 / DPA1*01:03,0.327,,0.327,15432,,15432.0,0.10692900000000001,DQB1,,,,
DQB1*04:02 / DQA1*02:01,DPB1*06:01 / DPA1*02:01,0.349,,0.349,18909,,18909.0,0.12180099999999998,DQB1,,,,
DQB1*04:02 / DQA1*02:01,DPB1*09:01 / DPA1*02:01,0.332,,0.332,20801,,20801.0,0.11022400000000002,DQB1,,,,
DQB1*04:02 / DQA1*02:01,DPB1*105:01 / DPA1*02:01,0.054,,0.054,0,,0.0,0.0029159999999999998,DQB1,,,,
DQB1*04:02 / DQA1*02:01,DPB1*107:01 / DPA1*02:01,0.125,,0.125,0,,0.0,0.015625,DQB1,,,,
DQB1*04:02 / DQA1*02:01,DPB1*10:01 / DPA1*02:01,0.328,,0.328,6237,,6237.0,0.10758400000000001,DQB1,,,,
DQB1*04:02 / DQA1*02:01,DPB1*10:01 / DPA1*02:02,0.314,,0.314,14564,,14564.0,0.098596,DQB1,,,,
DQB1*04:02 / DQA1*02:01,DPB1*11:01 / DPA1*01:03,0.324,,0.324,17512,,17512.0,0.104976,DQB1,,,,
DQB1*04:02 / DQA1*02:01,DPB1*11:01 / DPA1*01:04,0.412,,0.412,2265,,2265.0,0.16974399999999998,DQB1,,,,
DQB1*04:02 / DQA1*02:01,DPB1*11:01 / DPA1*01:05,0.326,,0.326,2080,,2080.0,0.10627600000000001,DQB1,,,,
DQB1*04:02 / DQA1*02:01,DPB1*11:01 / DPA1*02:01,0.418,,0.418,3289,,3289.0,0.174724,DQB1,,,,
DQB1*04:02 / DQA1*02:01,DPB1*11:01 / DPA1*02:02,0.324,,0.324,14564,,14564.0,0.104976,DQB1,,,,
DQB1*04:02 / DQA1*02:01,DPB1*13:01 / DPA1*01:04,0.4,,0.4,1397,,1397.0,0.16000000000000003,DQB1,,,,
DQB1*04:02 / DQA1*02:01,DPB1*13:01 / DPA1*01:05,0.359,,0.359,2080,,2080.0,0.128881,DQB1,,,,
DQB1*04:02 / DQA1*02:01,DPB1*13:01 / DPA1*02:01,0.355,,0.355,20633,,20633.0,0.126025,DQB1,,,,
DQB1*04:02 / DQA1*02:01,DPB1*13:01 / DPA1*02:02,0.343,,0.343,15432,,15432.0,0.11764900000000002,DQB1,,,,
DQB1*04:02 / DQA1*02:01,DPB1*13:01 / DPA1*03:01,0.376,,0.376,15432,,15432.0,0.141376,DQB1,,,,
DQB1*04:02 / DQA1*02:01,DPB1*13:01 / DPA1*04:01,0.43,,0.43,3289,,3289.0,0.18489999999999998,DQB1,,,,
DQB1*04:02 / DQA1*02:01,DPB1*14:01 / DPA1*02:01,0.287,,0.287,20801,,20801.0,0.08236899999999998,DQB1,,,,
DQB1*04:02 / DQA1*02:01,DPB1*15:01 / DPA1*02:01,0.375,,0.375,20760,,20760.0,0.140625,DQB1,,,,
DQB1*04:02 / DQA1*02:01,DPB1*17:01 / DPA1*02:01,0.356,,0.356,20801,,20801.0,0.126736,DQB1,,,,
DQB1*04:02 / DQA1*02:01,DPB1*18:01 / DPA1*01:04,0.325,,0.325,19799,,19799.0,0.10562500000000001,DQB1,,,,
DQB1*04:02 / DQA1*02:01,DPB1*18:01 / DPA1*01:05,0.316,,0.316,19799,,19799.0,0.099856,DQB1,,,,
DQB1*04:02 / DQA1*02:01,DPB1*18:01 / DPA1*02:01,0.341,,0.341,20760,,20760.0,0.11628100000000002,DQB1,,,,
DQB1*04:02 / DQA1*02:01,DPB1*19:01 / DPA1*01:03,0.318,,0.318,17512,,17512.0,0.101124,DQB1,,,,
DQB1*04:02 / DQA1*02:01,DPB1*19:01 / DPA1*02:01,0.363,,0.363,3289,,3289.0,0.131769,DQB1,,,,
DQB1*04:02 / DQA1*02:01,DPB1*20:01 / DPA1*01:03,0.362,,0.362,2287,,2287.0,0.131044,DQB1,,,,
DQB1*04:02 / DQA1*02:01,DPB1*20:01 / DPA1*03:01,0.319,,0.319,15432,,15432.0,0.101761,DQB1,,,,
DQB1*04:02 / DQA1*02:01,DPB1*23:01 / DPA1*01:03,0.284,,0.284,15432,,15432.0,0.08065599999999999,DQB1,,,,
DQB1*04:02 / DQA1*02:01,DPB1*23:01 / DPA1*02:01,0.34,,0.34,5328,,5328.0,0.11560000000000002,DQB1,,,,
DQB1*04:02 / DQA1*02:01,DPB1*26:01 / DPA1*03:01,0.108,,0.108,0,,0.0,0.011663999999999999,DQB1,,,,
DQB1*04:02 / DQA1*02:01,DPB1*28:01 / DPA1*01:03,0.265,,0.265,15432,,15432.0,0.07022500000000001,DQB1,,,,
DQB1*04:02 / DQA1*02:01,DPB1*28:01 / DPA1*01:04,0.403,,0.403,2287,,2287.0,0.16240900000000003,DQB1,,,,
DQB1*04:02 / DQA1*02:01,DPB1*28:01 / DPA1*01:05,0.296,,0.296,17512,,17512.0,0.08761599999999999,DQB1,,,,
DQB1*04:02 / DQA1*02:01,DPB1*28:01 / DPA1*02:01,0.325,,0.325,2080,,2080.0,0.10562500000000001,DQB1,,,,
DQB1*04:02 / DQA1*02:01,DPB1*28:01 / DPA1*02:02,0.36,,0.36,1397,,1397.0,0.1296,DQB1,,,,
DQB1*04:02 / DQA1*02:01,DPB1*28:01 / DPA1*04:01,0.326,,0.326,15432,,15432.0,0.10627600000000001,DQB1,,,,
DQB1*04:02 / DQA1*02:01,DPB1*30:01 / DPA1*02:01,0.099,,0.099,0,,0.0,0.009801,DQB1,,,,
DQB1*04:02 / DQA1*02:01,DPB1*31:01 / DPA1*03:01,0.119,,0.119,0,,0.0,0.014160999999999998,DQB1,,,,
DQB1*04:02 / DQA1*02:01,DPB1*40:01 / DPA1*01:05,0.083,,0.083,0,,0.0,0.006889000000000001,DQB1,,,,
DQB1*04:02 / DQA1*02:01,DPB1*85:01 / DPA1*01:03,0.107,,0.107,0,,0.0,0.011448999999999999,DQB1,,,,
DQB1*04:02 / DQA1*02:01,DQB1*04:02 / DQA1*04:01,0.799,,0.799,20801,,20801.0,0.6384010000000001,DQB1,,,,
DQB1*04:02 / DQA1*02:01,DQB1*05:01 / DQA1*01:01,0.47,,0.47,20801,,20801.0,0.22089999999999999,DQB1,,,,
DQB1*04:02 / DQA1*02:01,DQB1*05:02 / DQA1*01:02,0.502,,0.502,20801,,20801.0,0.252004,DQB1,,,,
DQB1*04:02 / DQA1*02:01,DQB1*05:03 / DQA1*01:01,0.431,,0.431,0,,0.0,0.18576099999999998,DQB1,,,,
DQB1*04:02 / DQA1*02:01,DQB1*06:01 / DQA1*01:03,0.543,,0.543,20801,,20801.0,0.294849,DQB1,,,,
DQB1*04:02 / DQA1*02:01,DQB1*06:02 / DQA1*01:01,0.537,,0.537,20760,,20760.0,0.28836900000000004,DQB1,,,,
DQB1*04:02 / DQA1*02:01,DQB1*06:02 / DQA1*01:02,0.535,,0.535,20801,,20801.0,0.286225,DQB1,,,,
DQB1*04:02 / DQA1*02:01,DQB1*06:03 / DQA1*01:03,0.446,,0.446,20760,,20760.0,0.198916,DQB1,,,,
DQB1*04:02 / DQA1*02:01,DQB1*06:04 / DQA1*01:02,0.563,,0.563,20760,,20760.0,0.31696899999999995,DQB1,,,,
DQB1*04:02 / DQA1*02:01,DQB1*06:09 / DQA1*01:02,0.521,,0.521,20760,,20760.0,0.27144100000000004,DQB1,,,,
DQB1*04:02 / DQA1*03:01,DPB1*01:01 / DPA1*01:03,0.385,0.385,,6397,6397.0,,0.148225,DQB1,,,,
DQB1*04:02 / DQA1*03:01,DPB1*01:01 / DPA1*02:01,0.342,0.342,,6396,6396.0,,0.11696400000000001,DQB1,,,,
DQB1*04:02 / DQA1*03:01,DPB1*01:01 / DPA1*02:02,0.367,0.367,,6396,6396.0,,0.134689,DQB1,,,,
DQB1*04:02 / DQA1*03:01,DPB1*01:01 / DPA1*03:01,0.395,0.395,,6397,6397.0,,0.15602500000000002,DQB1,,,,
DQB1*04:02 / DQA1*03:01,DPB1*02:01 / DPA1*01:03,0.322,0.322,,6396,6396.0,,0.10368400000000001,DQB1,,,,
DQB1*04:02 / DQA1*03:01,DPB1*03:01 / DPA1*01:03,0.387,0.387,,6397,6397.0,,0.149769,DQB1,,,,
DQB1*04:02 / DQA1*03:01,DPB1*04:01 / DPA1*01:03,0.236,0.236,,6397,6397.0,,0.055695999999999996,DQB1,,,,
DQB1*04:02 / DQA1*03:01,DPB1*04:01 / DPA1*02:01,0.363,0.363,,6396,6396.0,,0.131769,DQB1,,,,
DQB1*04:02 / DQA1*03:01,DPB1*04:01 / DPA1*02:02,0.376,0.376,,6396,6396.0,,0.141376,DQB1,,,,
DQB1*04:02 / DQA1*03:01,DPB1*04:01 / DPA1*03:01,0.295,0.295,,6397,6397.0,,0.08702499999999999,DQB1,,,,
DQB1*04:02 / DQA1*03:01,DPB1*04:01 / DPA1*04:01,0.379,0.379,,6397,6397.0,,0.143641,DQB1,,,,
DQB1*04:02 / DQA1*03:01,DPB1*04:02 / DPA1*01:03,0.293,0.293,,6396,6396.0,,0.085849,DQB1,,,,
DQB1*04:02 / DQA1*03:01,DPB1*04:02 / DPA1*03:01,0.37,0.37,,6396,6396.0,,0.1369,DQB1,,,,
DQB1*04:02 / DQA1*03:01,DPB1*05:01 / DPA1*02:01,0.228,0.228,,6396,6396.0,,0.051984,DQB1,,,,
DQB1*04:02 / DQA1*03:01,DPB1*05:01 / DPA1*02:02,0.312,0.312,,6396,6396.0,,0.097344,DQB1,,,,
DQB1*04:02 / DQA1*03:01,DPB1*05:01 / DPA1*03:01,0.344,0.344,,6397,6397.0,,0.11833599999999998,DQB1,,,,
DQB1*04:02 / DQA1*03:01,DPB1*06:01 / DPA1*01:03,0.333,0.333,,6397,6397.0,,0.11088900000000002,DQB1,,,,
DQB1*04:02 / DQA1*03:01,DPB1*09:01 / DPA1*02:01,0.392,0.392,,6396,6396.0,,0.15366400000000002,DQB1,,,,
DQB1*04:02 / DQA1*03:01,DPB1*11:01 / DPA1*02:01,0.279,0.279,,6396,6396.0,,0.07784100000000002,DQB1,,,,
DQB1*04:02 / DQA1*03:01,DPB1*13:01 / DPA1*02:01,0.333,0.333,,6396,6396.0,,0.11088900000000002,DQB1,,,,
DQB1*04:02 / DQA1*03:01,DPB1*13:01 / DPA1*04:01,0.381,0.381,,6396,6396.0,,0.145161,DQB1,,,,
DQB1*04:02 / DQA1*03:01,DPB1*14:01 / DPA1*02:01,0.239,0.239,,6396,6396.0,,0.057121,DQB1,,,,
DQB1*04:02 / DQA1*03:01,DPB1*15:01 / DPA1*02:01,0.438,0.438,,6396,6396.0,,0.191844,DQB1,,,,
DQB1*04:02 / DQA1*03:01,DPB1*17:01 / DPA1*02:01,0.393,0.393,,6396,6396.0,,0.154449,DQB1,,,,
DQB1*04:02 / DQA1*03:01,DPB1*18:01 / DPA1*01:03,0.327,0.327,,6397,6397.0,,0.10692900000000001,DQB1,,,,
DQB1*04:02 / DQA1*03:01,DPB1*19:01 / DPA1*02:01,0.232,0.232,,6396,6396.0,,0.053824000000000004,DQB1,,,,
DQB1*04:02 / DQA1*03:01,DPB1*28:01 / DPA1*02:02,0.347,0.347,,6395,6395.0,,0.12040899999999999,DQB1,,,,
DQB1*04:02 / DQA1*03:01,DQB1*04:02 / DQA1*04:01,0.777,0.777,,6397,6397.0,,0.6037290000000001,DQB1,,,,
DQB1*04:02 / DQA1*03:01,DQB1*04:02 / DQA1*06:01,0.811,0.811,,6397,6397.0,,0.6577210000000001,DQB1,,,,
DQB1*04:02 / DQA1*03:01,DQB1*05:01 / DQA1*01:01,0.511,0.511,,6397,6397.0,,0.261121,DQB1,,,,
DQB1*04:02 / DQA1*03:01,DQB1*05:01 / DQA1*01:02,0.455,0.455,,6397,6397.0,,0.20702500000000001,DQB1,,,,
DQB1*04:02 / DQA1*03:01,DQB1*05:02 / DQA1*01:02,0.482,0.482,,6397,6397.0,,0.23232399999999997,DQB1,,,,
DQB1*04:02 / DQA1*03:01,DQB1*05:03 / DQA1*01:04,0.54,0.54,,6397,6397.0,,0.2916,DQB1,,,,
DQB1*04:02 / DQA1*03:01,DQB1*06:01 / DQA1*01:03,0.412,0.412,,6397,6397.0,,0.16974399999999998,DQB1,,,,
DQB1*04:02 / DQA1*03:01,DQB1*06:01 / DQA1*01:04,0.483,0.483,,6397,6397.0,,0.233289,DQB1,,,,
DQB1*04:02 / DQA1*03:01,DQB1*06:01 / DQA1*02:01,0.649,0.649,,6397,6397.0,,0.42120100000000005,DQB1,,,,
DQB1*04:02 / DQA1*03:01,DQB1*06:02 / DQA1*01:02,0.429,0.429,,6397,6397.0,,0.18404099999999998,DQB1,,,,
DQB1*04:02 / DQA1*03:01,DQB1*06:03 / DQA1*01:03,0.499,0.499,,6397,6397.0,,0.249001,DQB1,,,,
DQB1*04:02 / DQA1*03:01,DQB1*06:04 / DQA1*01:02,0.557,0.557,,6397,6397.0,,0.31024900000000005,DQB1,,,,
DQB1*04:02 / DQA1*04:01,DPB1*01:01 / DPA1*01:03,0.288,0.309,0.285,26196,6397.0,19799.0,0.08294399999999999,DQB1,,,,
DQB1*04:02 / DQA1*04:01,DPB1*01:01 / DPA1*02:01,0.231,0.293,0.239,27214,6396.0,20818.0,0.053361000000000006,DQB1,,,,
DQB1*04:02 / DQA1*04:01,DPB1*01:01 / DPA1*02:02,0.287,0.287,,6396,6396.0,,0.08236899999999998,DQB1,,,,
DQB1*04:02 / DQA1*04:01,DPB1*01:01 / DPA1*03:01,0.316,0.316,,6397,6397.0,,0.099856,DQB1,,,,
DQB1*04:02 / DQA1*04:01,DPB1*02:01 / DPA1*01:03,0.283,0.29,0.282,27214,6396.0,20818.0,0.08008899999999998,DQB1,,,,
DQB1*04:02 / DQA1*04:01,DPB1*02:02 / DPA1*01:03,0.068,,0.068,0,,0.0,0.0046240000000000005,DQB1,,,,
DQB1*04:02 / DQA1*04:01,DPB1*02:02 / DPA1*02:01,0.322,,0.322,3553,,3553.0,0.10368400000000001,DQB1,,,,
DQB1*04:02 / DQA1*04:01,DPB1*03:01 / DPA1*01:03,0.317,0.326,0.31,27215,6397.0,20818.0,0.10048900000000001,DQB1,,,,
DQB1*04:02 / DQA1*04:01,DPB1*03:01 / DPA1*01:04,0.361,,0.361,2287,,2287.0,0.130321,DQB1,,,,
DQB1*04:02 / DQA1*04:01,DPB1*03:01 / DPA1*01:05,0.317,,0.317,17512,,17512.0,0.10048900000000001,DQB1,,,,
DQB1*04:02 / DQA1*04:01,DPB1*03:01 / DPA1*02:01,0.316,,0.316,18909,,18909.0,0.099856,DQB1,,,,
DQB1*04:02 / DQA1*04:01,DPB1*04:01 / DPA1*01:03,0.279,0.162,0.299,27215,6397.0,20818.0,0.07784100000000002,DQB1,,,,
DQB1*04:02 / DQA1*04:01,DPB1*04:01 / DPA1*02:01,0.321,0.321,,6396,6396.0,,0.10304100000000001,DQB1,,,,
DQB1*04:02 / DQA1*04:01,DPB1*04:01 / DPA1*02:02,0.321,0.321,,6396,6396.0,,0.10304100000000001,DQB1,,,,
DQB1*04:02 / DQA1*04:01,DPB1*04:01 / DPA1*03:01,0.251,0.251,,6397,6397.0,,0.063001,DQB1,,,,
DQB1*04:02 / DQA1*04:01,DPB1*04:01 / DPA1*04:01,0.323,0.323,,6397,6397.0,,0.104329,DQB1,,,,
DQB1*04:02 / DQA1*04:01,DPB1*04:02 / DPA1*01:03,0.268,0.246,0.271,27197,6396.0,20801.0,0.07182400000000001,DQB1,,,,
DQB1*04:02 / DQA1*04:01,DPB1*04:02 / DPA1*03:01,0.333,0.333,,6396,6396.0,,0.11088900000000002,DQB1,,,,
DQB1*04:02 / DQA1*04:01,DPB1*05:01 / DPA1*02:01,0.287,0.206,0.329,27214,6396.0,20818.0,0.08236899999999998,DQB1,,,,
DQB1*04:02 / DQA1*04:01,DPB1*05:01 / DPA1*02:02,0.229,0.236,0.249,21828,6396.0,15432.0,0.052441,DQB1,,,,
DQB1*04:02 / DQA1*04:01,DPB1*05:01 / DPA1*03:01,0.291,0.291,,6397,6397.0,,0.08468099999999999,DQB1,,,,
DQB1*04:02 / DQA1*04:01,DPB1*06:01 / DPA1*01:03,0.311,0.272,0.321,21829,6397.0,15432.0,0.096721,DQB1,,,,
DQB1*04:02 / DQA1*04:01,DPB1*06:01 / DPA1*02:01,0.318,,0.318,18909,,18909.0,0.101124,DQB1,,,,
DQB1*04:02 / DQA1*04:01,DPB1*09:01 / DPA1*02:01,0.328,0.322,0.322,27197,6396.0,20801.0,0.10758400000000001,DQB1,,,,
DQB1*04:02 / DQA1*04:01,DPB1*105:01 / DPA1*02:01,0.074,,0.074,0,,0.0,0.005475999999999999,DQB1,,,,
DQB1*04:02 / DQA1*04:01,DPB1*107:01 / DPA1*02:01,0.11,,0.11,0,,0.0,0.0121,DQB1,,,,
DQB1*04:02 / DQA1*04:01,DPB1*10:01 / DPA1*02:01,0.295,,0.295,6254,,6254.0,0.08702499999999999,DQB1,,,,
DQB1*04:02 / DQA1*04:01,DPB1*10:01 / DPA1*02:02,0.302,,0.302,14564,,14564.0,0.091204,DQB1,,,,
DQB1*04:02 / DQA1*04:01,DPB1*11:01 / DPA1*01:03,0.284,,0.284,17512,,17512.0,0.08065599999999999,DQB1,,,,
DQB1*04:02 / DQA1*04:01,DPB1*11:01 / DPA1*01:04,0.302,,0.302,2265,,2265.0,0.091204,DQB1,,,,
DQB1*04:02 / DQA1*04:01,DPB1*11:01 / DPA1*01:05,0.185,,0.185,2080,,2080.0,0.034225,DQB1,,,,
DQB1*04:02 / DQA1*04:01,DPB1*11:01 / DPA1*02:01,0.283,0.263,0.341,9702,6396.0,3306.0,0.08008899999999998,DQB1,,,,
DQB1*04:02 / DQA1*04:01,DPB1*11:01 / DPA1*02:02,0.32,,0.32,14564,,14564.0,0.1024,DQB1,,,,
DQB1*04:02 / DQA1*04:01,DPB1*13:01 / DPA1*01:04,0.331,,0.331,1397,,1397.0,0.109561,DQB1,,,,
DQB1*04:02 / DQA1*04:01,DPB1*13:01 / DPA1*01:05,0.238,,0.238,2080,,2080.0,0.05664399999999999,DQB1,,,,
DQB1*04:02 / DQA1*04:01,DPB1*13:01 / DPA1*02:01,0.336,0.292,0.341,27029,6396.0,20633.0,0.11289600000000001,DQB1,,,,
DQB1*04:02 / DQA1*04:01,DPB1*13:01 / DPA1*02:02,0.334,,0.334,15432,,15432.0,0.11155600000000002,DQB1,,,,
DQB1*04:02 / DQA1*04:01,DPB1*13:01 / DPA1*03:01,0.35,,0.35,15432,,15432.0,0.12249999999999998,DQB1,,,,
DQB1*04:02 / DQA1*04:01,DPB1*13:01 / DPA1*04:01,0.331,0.298,0.398,9702,6396.0,3306.0,0.109561,DQB1,,,,
DQB1*04:02 / DQA1*04:01,DPB1*14:01 / DPA1*02:01,0.276,0.211,0.268,27197,6396.0,20801.0,0.07617600000000001,DQB1,,,,
DQB1*04:02 / DQA1*04:01,DPB1*15:01 / DPA1*02:01,0.353,0.352,0.362,27156,6396.0,20760.0,0.12460899999999998,DQB1,,,,
DQB1*04:02 / DQA1*04:01,DPB1*17:01 / DPA1*02:01,0.336,0.313,0.326,27214,6396.0,20818.0,0.11289600000000001,DQB1,,,,
DQB1*04:02 / DQA1*04:01,DPB1*18:01 / DPA1*01:03,0.284,0.284,,6397,6397.0,,0.08065599999999999,DQB1,,,,
DQB1*04:02 / DQA1*04:01,DPB1*18:01 / DPA1*01:04,0.31,,0.31,19799,,19799.0,0.0961,DQB1,,,,
DQB1*04:02 / DQA1*04:01,DPB1*18:01 / DPA1*01:05,0.297,,0.297,19799,,19799.0,0.088209,DQB1,,,,
DQB1*04:02 / DQA1*04:01,DPB1*18:01 / DPA1*02:01,0.341,,0.341,20760,,20760.0,0.11628100000000002,DQB1,,,,
DQB1*04:02 / DQA1*04:01,DPB1*19:01 / DPA1*01:03,0.267,,0.267,17512,,17512.0,0.071289,DQB1,,,,
DQB1*04:02 / DQA1*04:01,DPB1*19:01 / DPA1*02:01,0.215,0.207,0.291,9685,6396.0,3289.0,0.046224999999999995,DQB1,,,,
DQB1*04:02 / DQA1*04:01,DPB1*20:01 / DPA1*01:03,0.346,,0.346,2287,,2287.0,0.11971599999999999,DQB1,,,,
DQB1*04:02 / DQA1*04:01,DPB1*20:01 / DPA1*03:01,0.324,,0.324,15432,,15432.0,0.104976,DQB1,,,,
DQB1*04:02 / DQA1*04:01,DPB1*23:01 / DPA1*01:03,0.282,,0.282,15432,,15432.0,0.07952399999999998,DQB1,,,,
DQB1*04:02 / DQA1*04:01,DPB1*23:01 / DPA1*02:01,0.294,,0.294,5328,,5328.0,0.08643599999999999,DQB1,,,,
DQB1*04:02 / DQA1*04:01,DPB1*26:01 / DPA1*03:01,0.108,,0.108,0,,0.0,0.011663999999999999,DQB1,,,,
DQB1*04:02 / DQA1*04:01,DPB1*28:01 / DPA1*01:03,0.291,,0.291,15432,,15432.0,0.08468099999999999,DQB1,,,,
DQB1*04:02 / DQA1*04:01,DPB1*28:01 / DPA1*01:04,0.362,,0.362,2287,,2287.0,0.131044,DQB1,,,,
DQB1*04:02 / DQA1*04:01,DPB1*28:01 / DPA1*01:05,0.299,,0.299,17512,,17512.0,0.089401,DQB1,,,,
DQB1*04:02 / DQA1*04:01,DPB1*28:01 / DPA1*02:01,0.25,,0.25,2080,,2080.0,0.0625,DQB1,,,,
DQB1*04:02 / DQA1*04:01,DPB1*28:01 / DPA1*02:02,0.308,0.28,0.328,7792,6395.0,1397.0,0.094864,DQB1,,,,
DQB1*04:02 / DQA1*04:01,DPB1*28:01 / DPA1*04:01,0.33,,0.33,15432,,15432.0,0.10890000000000001,DQB1,,,,
DQB1*04:02 / DQA1*04:01,DPB1*30:01 / DPA1*02:01,0.095,,0.095,0,,0.0,0.009025,DQB1,,,,
DQB1*04:02 / DQA1*04:01,DPB1*31:01 / DPA1*03:01,0.11,,0.11,0,,0.0,0.0121,DQB1,,,,
DQB1*04:02 / DQA1*04:01,DPB1*40:01 / DPA1*01:05,0.087,,0.087,0,,0.0,0.007568999999999999,DQB1,,,,
DQB1*04:02 / DQA1*04:01,DPB1*85:01 / DPA1*01:03,0.111,,0.111,0,,0.0,0.012321,DQB1,,,,
DQB1*04:02 / DQA1*04:01,DQB1*04:02 / DQA1*06:01,0.871,0.871,,6397,6397.0,,0.758641,DQB1,,,,
DQB1*04:02 / DQA1*04:01,DQB1*05:01 / DQA1*01:01,0.462,0.451,0.443,27198,6397.0,20801.0,0.21344400000000002,DQB1,,,,
DQB1*04:02 / DQA1*04:01,DQB1*05:01 / DQA1*01:02,0.388,0.388,,6397,6397.0,,0.150544,DQB1,,,,
DQB1*04:02 / DQA1*04:01,DQB1*05:02 / DQA1*01:02,0.486,0.416,0.48,27215,6397.0,20818.0,0.236196,DQB1,,,,
DQB1*04:02 / DQA1*04:01,DQB1*05:03 / DQA1*01:01,0.389,,0.389,0,,0.0,0.151321,DQB1,,,,
DQB1*04:02 / DQA1*04:01,DQB1*05:03 / DQA1*01:04,0.473,0.473,,6397,6397.0,,0.22372899999999998,DQB1,,,,
DQB1*04:02 / DQA1*04:01,DQB1*06:01 / DQA1*01:03,0.513,0.383,0.548,27198,6397.0,20801.0,0.263169,DQB1,,,,
DQB1*04:02 / DQA1*04:01,DQB1*06:01 / DQA1*01:04,0.422,0.421,,6397,6397.0,,0.178084,DQB1,,,,
DQB1*04:02 / DQA1*04:01,DQB1*06:01 / DQA1*02:01,0.598,0.598,,6397,6397.0,,0.357604,DQB1,,,,
DQB1*04:02 / DQA1*04:01,DQB1*06:02 / DQA1*01:01,0.506,,0.506,20760,,20760.0,0.256036,DQB1,,,,
DQB1*04:02 / DQA1*04:01,DQB1*06:02 / DQA1*01:02,0.498,0.377,0.528,27215,6397.0,20818.0,0.248004,DQB1,,,,
DQB1*04:02 / DQA1*04:01,DQB1*06:03 / DQA1*01:03,0.466,0.462,0.461,27157,6397.0,20760.0,0.21715600000000002,DQB1,,,,
DQB1*04:02 / DQA1*04:01,DQB1*06:04 / DQA1*01:02,0.551,0.45,0.549,27157,6397.0,20760.0,0.30360100000000007,DQB1,,,,
DQB1*04:02 / DQA1*04:01,DQB1*06:09 / DQA1*01:02,0.512,,0.512,20760,,20760.0,0.262144,DQB1,,,,
DQB1*04:02 / DQA1*06:01,DPB1*01:01 / DPA1*01:03,0.366,0.366,,6397,6397.0,,0.133956,DQB1,,,,
DQB1*04:02 / DQA1*06:01,DPB1*01:01 / DPA1*02:01,0.317,0.317,,6396,6396.0,,0.10048900000000001,DQB1,,,,
DQB1*04:02 / DQA1*06:01,DPB1*01:01 / DPA1*02:02,0.336,0.336,,6396,6396.0,,0.11289600000000001,DQB1,,,,
DQB1*04:02 / DQA1*06:01,DPB1*01:01 / DPA1*03:01,0.372,0.372,,6397,6397.0,,0.138384,DQB1,,,,
DQB1*04:02 / DQA1*06:01,DPB1*02:01 / DPA1*01:03,0.317,0.317,,6396,6396.0,,0.10048900000000001,DQB1,,,,
DQB1*04:02 / DQA1*06:01,DPB1*03:01 / DPA1*01:03,0.367,0.367,,6397,6397.0,,0.134689,DQB1,,,,
DQB1*04:02 / DQA1*06:01,DPB1*04:01 / DPA1*01:03,0.197,0.197,,6397,6397.0,,0.038809,DQB1,,,,
DQB1*04:02 / DQA1*06:01,DPB1*04:01 / DPA1*02:01,0.367,0.367,,6396,6396.0,,0.134689,DQB1,,,,
DQB1*04:02 / DQA1*06:01,DPB1*04:01 / DPA1*02:02,0.375,0.375,,6396,6396.0,,0.140625,DQB1,,,,
DQB1*04:02 / DQA1*06:01,DPB1*04:01 / DPA1*03:01,0.285,0.285,,6397,6397.0,,0.08122499999999999,DQB1,,,,
DQB1*04:02 / DQA1*06:01,DPB1*04:01 / DPA1*04:01,0.358,0.358,,6397,6397.0,,0.128164,DQB1,,,,
DQB1*04:02 / DQA1*06:01,DPB1*04:02 / DPA1*01:03,0.305,0.305,,6396,6396.0,,0.093025,DQB1,,,,
DQB1*04:02 / DQA1*06:01,DPB1*04:02 / DPA1*03:01,0.365,0.365,,6396,6396.0,,0.13322499999999998,DQB1,,,,
DQB1*04:02 / DQA1*06:01,DPB1*05:01 / DPA1*02:01,0.231,0.231,,6396,6396.0,,0.053361000000000006,DQB1,,,,
DQB1*04:02 / DQA1*06:01,DPB1*05:01 / DPA1*02:02,0.321,0.321,,6396,6396.0,,0.10304100000000001,DQB1,,,,
DQB1*04:02 / DQA1*06:01,DPB1*05:01 / DPA1*03:01,0.32,0.32,,6397,6397.0,,0.1024,DQB1,,,,
DQB1*04:02 / DQA1*06:01,DPB1*06:01 / DPA1*01:03,0.288,0.288,,6397,6397.0,,0.08294399999999999,DQB1,,,,
DQB1*04:02 / DQA1*06:01,DPB1*09:01 / DPA1*02:01,0.368,0.368,,6396,6396.0,,0.135424,DQB1,,,,
DQB1*04:02 / DQA1*06:01,DPB1*11:01 / DPA1*02:01,0.25,0.25,,6396,6396.0,,0.0625,DQB1,,,,
DQB1*04:02 / DQA1*06:01,DPB1*13:01 / DPA1*02:01,0.321,0.321,,6396,6396.0,,0.10304100000000001,DQB1,,,,
DQB1*04:02 / DQA1*06:01,DPB1*13:01 / DPA1*04:01,0.348,0.348,,6396,6396.0,,0.12110399999999999,DQB1,,,,
DQB1*04:02 / DQA1*06:01,DPB1*14:01 / DPA1*02:01,0.195,0.195,,6396,6396.0,,0.038025,DQB1,,,,
DQB1*04:02 / DQA1*06:01,DPB1*15:01 / DPA1*02:01,0.431,0.431,,6396,6396.0,,0.18576099999999998,DQB1,,,,
DQB1*04:02 / DQA1*06:01,DPB1*17:01 / DPA1*02:01,0.359,0.359,,6396,6396.0,,0.128881,DQB1,,,,
DQB1*04:02 / DQA1*06:01,DPB1*18:01 / DPA1*01:03,0.304,0.304,,6397,6397.0,,0.092416,DQB1,,,,
DQB1*04:02 / DQA1*06:01,DPB1*19:01 / DPA1*02:01,0.227,0.227,,6396,6396.0,,0.051529000000000005,DQB1,,,,
DQB1*04:02 / DQA1*06:01,DPB1*28:01 / DPA1*02:02,0.355,0.355,,6395,6395.0,,0.126025,DQB1,,,,
DQB1*04:02 / DQA1*06:01,DQB1*05:01 / DQA1*01:01,0.484,0.484,,6397,6397.0,,0.234256,DQB1,,,,
DQB1*04:02 / DQA1*06:01,DQB1*05:01 / DQA1*01:02,0.436,0.436,,6397,6397.0,,0.190096,DQB1,,,,
DQB1*04:02 / DQA1*06:01,DQB1*05:02 / DQA1*01:02,0.464,0.464,,6397,6397.0,,0.21529600000000002,DQB1,,,,
DQB1*04:02 / DQA1*06:01,DQB1*05:03 / DQA1*01:04,0.523,0.523,,6397,6397.0,,0.273529,DQB1,,,,
DQB1*04:02 / DQA1*06:01,DQB1*06:01 / DQA1*01:03,0.403,0.403,,6397,6397.0,,0.16240900000000003,DQB1,,,,
DQB1*04:02 / DQA1*06:01,DQB1*06:01 / DQA1*01:04,0.504,0.504,,6397,6397.0,,0.254016,DQB1,,,,
DQB1*04:02 / DQA1*06:01,DQB1*06:01 / DQA1*02:01,0.632,0.632,,6397,6397.0,,0.399424,DQB1,,,,
DQB1*04:02 / DQA1*06:01,DQB1*06:02 / DQA1*01:02,0.41,0.41,,6397,6397.0,,0.16809999999999997,DQB1,,,,
DQB1*04:02 / DQA1*06:01,DQB1*06:03 / DQA1*01:03,0.518,0.518,,6397,6397.0,,0.268324,DQB1,,,,
DQB1*04:02 / DQA1*06:01,DQB1*06:04 / DQA1*01:02,0.518,0.518,,6397,6397.0,,0.268324,DQB1,,,,
DQB1*05:01 / DQA1*01:01,DPB1*01:01 / DPA1*01:03,0.276,0.355,0.275,26198,6399.0,19799.0,0.07617600000000001,DQB1,,,,
DQB1*05:01 / DQA1*01:01,DPB1*01:01 / DPA1*02:01,0.235,0.323,0.26,27199,6398.0,20801.0,0.055224999999999996,DQB1,,,,
DQB1*05:01 / DQA1*01:01,DPB1*01:01 / DPA1*02:02,0.359,0.359,,6398,6398.0,,0.128881,DQB1,,,,
DQB1*05:01 / DQA1*01:01,DPB1*01:01 / DPA1*03:01,0.341,0.341,,6399,6399.0,,0.11628100000000002,DQB1,,,,
DQB1*05:01 / DQA1*01:01,DPB1*02:01 / DPA1*01:03,0.229,0.287,0.232,27199,6398.0,20801.0,0.052441,DQB1,,,,
DQB1*05:01 / DQA1*01:01,DPB1*02:02 / DPA1*01:03,0.016,,0.016,0,,0.0,0.000256,DQB1,,,,
DQB1*05:01 / DQA1*01:01,DPB1*02:02 / DPA1*02:01,0.355,,0.355,3553,,3553.0,0.126025,DQB1,,,,
DQB1*05:01 / DQA1*01:01,DPB1*03:01 / DPA1*01:03,0.284,0.302,0.272,27200,6399.0,20801.0,0.08065599999999999,DQB1,,,,
DQB1*05:01 / DQA1*01:01,DPB1*03:01 / DPA1*01:04,0.31,,0.31,2287,,2287.0,0.0961,DQB1,,,,
DQB1*05:01 / DQA1*01:01,DPB1*03:01 / DPA1*01:05,0.283,,0.283,17512,,17512.0,0.08008899999999998,DQB1,,,,
DQB1*05:01 / DQA1*01:01,DPB1*03:01 / DPA1*02:01,0.302,,0.302,18909,,18909.0,0.091204,DQB1,,,,
DQB1*05:01 / DQA1*01:01,DPB1*04:01 / DPA1*01:03,0.277,0.253,0.288,27200,6399.0,20801.0,0.07672900000000002,DQB1,,,,
DQB1*05:01 / DQA1*01:01,DPB1*04:01 / DPA1*02:01,0.314,0.314,,6398,6398.0,,0.098596,DQB1,,,,
DQB1*05:01 / DQA1*01:01,DPB1*04:01 / DPA1*02:02,0.326,0.326,,6398,6398.0,,0.10627600000000001,DQB1,,,,
DQB1*05:01 / DQA1*01:01,DPB1*04:01 / DPA1*03:01,0.273,0.273,,6399,6399.0,,0.07452900000000001,DQB1,,,,
DQB1*05:01 / DQA1*01:01,DPB1*04:01 / DPA1*04:01,0.338,0.338,,6399,6399.0,,0.11424400000000001,DQB1,,,,
DQB1*05:01 / DQA1*01:01,DPB1*04:02 / DPA1*01:03,0.208,0.246,0.206,27199,6398.0,20801.0,0.043264,DQB1,,,,
DQB1*05:01 / DQA1*01:01,DPB1*04:02 / DPA1*03:01,0.313,0.313,,6398,6398.0,,0.097969,DQB1,,,,
DQB1*05:01 / DQA1*01:01,DPB1*05:01 / DPA1*02:01,0.272,0.191,0.346,27199,6398.0,20801.0,0.07398400000000001,DQB1,,,,
DQB1*05:01 / DQA1*01:01,DPB1*05:01 / DPA1*02:02,0.222,0.288,0.267,21830,6398.0,15432.0,0.049284,DQB1,,,,
DQB1*05:01 / DQA1*01:01,DPB1*05:01 / DPA1*03:01,0.299,0.299,,6399,6399.0,,0.089401,DQB1,,,,
DQB1*05:01 / DQA1*01:01,DPB1*06:01 / DPA1*01:03,0.26,0.237,0.276,21831,6399.0,15432.0,0.06760000000000001,DQB1,,,,
DQB1*05:01 / DQA1*01:01,DPB1*06:01 / DPA1*02:01,0.298,,0.298,18909,,18909.0,0.088804,DQB1,,,,
DQB1*05:01 / DQA1*01:01,DPB1*09:01 / DPA1*02:01,0.323,0.286,0.319,27199,6398.0,20801.0,0.104329,DQB1,,,,
DQB1*05:01 / DQA1*01:01,DPB1*105:01 / DPA1*02:01,0.036,,0.036,0,,0.0,0.0012959999999999998,DQB1,,,,
DQB1*05:01 / DQA1*01:01,DPB1*107:01 / DPA1*02:01,0.171,,0.171,0,,0.0,0.029241000000000003,DQB1,,,,
DQB1*05:01 / DQA1*01:01,DPB1*10:01 / DPA1*02:01,0.296,,0.296,6237,,6237.0,0.08761599999999999,DQB1,,,,
DQB1*05:01 / DQA1*01:01,DPB1*10:01 / DPA1*02:02,0.28,,0.28,14564,,14564.0,0.07840000000000001,DQB1,,,,
DQB1*05:01 / DQA1*01:01,DPB1*11:01 / DPA1*01:03,0.278,,0.278,17512,,17512.0,0.07728400000000002,DQB1,,,,
DQB1*05:01 / DQA1*01:01,DPB1*11:01 / DPA1*01:04,0.289,,0.289,2265,,2265.0,0.08352099999999998,DQB1,,,,
DQB1*05:01 / DQA1*01:01,DPB1*11:01 / DPA1*01:05,0.234,,0.234,2080,,2080.0,0.054756000000000006,DQB1,,,,
DQB1*05:01 / DQA1*01:01,DPB1*11:01 / DPA1*02:01,0.271,0.251,0.385,9687,6398.0,3289.0,0.073441,DQB1,,,,
DQB1*05:01 / DQA1*01:01,DPB1*11:01 / DPA1*02:02,0.273,,0.273,14564,,14564.0,0.07452900000000001,DQB1,,,,
DQB1*05:01 / DQA1*01:01,DPB1*13:01 / DPA1*01:04,0.391,,0.391,1397,,1397.0,0.15288100000000002,DQB1,,,,
DQB1*05:01 / DQA1*01:01,DPB1*13:01 / DPA1*01:05,0.271,,0.271,2080,,2080.0,0.073441,DQB1,,,,
DQB1*05:01 / DQA1*01:01,DPB1*13:01 / DPA1*02:01,0.317,0.256,0.33,27031,6398.0,20633.0,0.10048900000000001,DQB1,,,,
DQB1*05:01 / DQA1*01:01,DPB1*13:01 / DPA1*02:02,0.311,,0.311,15432,,15432.0,0.096721,DQB1,,,,
DQB1*05:01 / DQA1*01:01,DPB1*13:01 / DPA1*03:01,0.31,,0.31,15432,,15432.0,0.0961,DQB1,,,,
DQB1*05:01 / DQA1*01:01,DPB1*13:01 / DPA1*04:01,0.312,0.306,0.39,9687,6398.0,3289.0,0.097344,DQB1,,,,
DQB1*05:01 / DQA1*01:01,DPB1*14:01 / DPA1*02:01,0.288,0.211,0.275,27199,6398.0,20801.0,0.08294399999999999,DQB1,,,,
DQB1*05:01 / DQA1*01:01,DPB1*15:01 / DPA1*02:01,0.322,0.377,0.346,27158,6398.0,20760.0,0.10368400000000001,DQB1,,,,
DQB1*05:01 / DQA1*01:01,DPB1*17:01 / DPA1*02:01,0.329,0.287,0.315,27199,6398.0,20801.0,0.108241,DQB1,,,,
DQB1*05:01 / DQA1*01:01,DPB1*18:01 / DPA1*01:03,0.276,0.276,,6399,6399.0,,0.07617600000000001,DQB1,,,,
DQB1*05:01 / DQA1*01:01,DPB1*18:01 / DPA1*01:04,0.25,,0.25,19799,,19799.0,0.0625,DQB1,,,,
DQB1*05:01 / DQA1*01:01,DPB1*18:01 / DPA1*01:05,0.249,,0.249,19799,,19799.0,0.062001,DQB1,,,,
DQB1*05:01 / DQA1*01:01,DPB1*18:01 / DPA1*02:01,0.31,,0.31,20760,,20760.0,0.0961,DQB1,,,,
DQB1*05:01 / DQA1*01:01,DPB1*19:01 / DPA1*01:03,0.294,,0.294,17512,,17512.0,0.08643599999999999,DQB1,,,,
DQB1*05:01 / DQA1*01:01,DPB1*19:01 / DPA1*02:01,0.199,0.189,0.374,9687,6398.0,3289.0,0.039601000000000004,DQB1,,,,
DQB1*05:01 / DQA1*01:01,DPB1*20:01 / DPA1*01:03,0.33,,0.33,2287,,2287.0,0.10890000000000001,DQB1,,,,
DQB1*05:01 / DQA1*01:01,DPB1*20:01 / DPA1*03:01,0.272,,0.272,15432,,15432.0,0.07398400000000001,DQB1,,,,
DQB1*05:01 / DQA1*01:01,DPB1*23:01 / DPA1*01:03,0.255,,0.255,15432,,15432.0,0.065025,DQB1,,,,
DQB1*05:01 / DQA1*01:01,DPB1*23:01 / DPA1*02:01,0.326,,0.326,5328,,5328.0,0.10627600000000001,DQB1,,,,
DQB1*05:01 / DQA1*01:01,DPB1*26:01 / DPA1*03:01,0.114,,0.114,0,,0.0,0.012996,DQB1,,,,
DQB1*05:01 / DQA1*01:01,DPB1*28:01 / DPA1*01:03,0.222,,0.222,15432,,15432.0,0.049284,DQB1,,,,
DQB1*05:01 / DQA1*01:01,DPB1*28:01 / DPA1*01:04,0.287,,0.287,2287,,2287.0,0.08236899999999998,DQB1,,,,
DQB1*05:01 / DQA1*01:01,DPB1*28:01 / DPA1*01:05,0.239,,0.239,17512,,17512.0,0.057121,DQB1,,,,
DQB1*05:01 / DQA1*01:01,DPB1*28:01 / DPA1*02:01,0.261,,0.261,2080,,2080.0,0.068121,DQB1,,,,
DQB1*05:01 / DQA1*01:01,DPB1*28:01 / DPA1*02:02,0.329,0.309,0.349,7794,6397.0,1397.0,0.108241,DQB1,,,,
DQB1*05:01 / DQA1*01:01,DPB1*28:01 / DPA1*04:01,0.269,,0.269,15432,,15432.0,0.07236100000000001,DQB1,,,,
DQB1*05:01 / DQA1*01:01,DPB1*30:01 / DPA1*02:01,0.185,,0.185,0,,0.0,0.034225,DQB1,,,,
DQB1*05:01 / DQA1*01:01,DPB1*31:01 / DPA1*03:01,0.146,,0.146,0,,0.0,0.021315999999999998,DQB1,,,,
DQB1*05:01 / DQA1*01:01,DPB1*40:01 / DPA1*01:05,0.072,,0.072,0,,0.0,0.005183999999999999,DQB1,,,,
DQB1*05:01 / DQA1*01:01,DPB1*85:01 / DPA1*01:03,0.121,,0.121,0,,0.0,0.014641,DQB1,,,,
DQB1*05:01 / DQA1*01:01,DQB1*05:01 / DQA1*01:02,0.826,0.826,,6399,6399.0,,0.6822759999999999,DQB1,,,,
DQB1*05:01 / DQA1*01:01,DQB1*05:02 / DQA1*01:02,0.819,0.79,0.786,27200,6399.0,20801.0,0.6707609999999999,DQB1,,,,
DQB1*05:01 / DQA1*01:01,DQB1*05:03 / DQA1*01:01,0.832,,0.832,0,,0.0,0.692224,DQB1,,,,
DQB1*05:01 / DQA1*01:01,DQB1*05:03 / DQA1*01:04,0.758,0.758,,6399,6399.0,,0.574564,DQB1,,,,
DQB1*05:01 / DQA1*01:01,DQB1*06:01 / DQA1*01:03,0.608,0.518,0.655,27199,6398.0,20801.0,0.369664,DQB1,,,,
DQB1*05:01 / DQA1*01:01,DQB1*06:01 / DQA1*01:04,0.617,0.617,,6399,6399.0,,0.380689,DQB1,,,,
DQB1*05:01 / DQA1*01:01,DQB1*06:01 / DQA1*02:01,0.567,0.567,,6397,6397.0,,0.32148899999999997,DQB1,,,,
DQB1*05:01 / DQA1*01:01,DQB1*06:02 / DQA1*01:01,0.637,,0.637,20760,,20760.0,0.405769,DQB1,,,,
DQB1*05:01 / DQA1*01:01,DQB1*06:02 / DQA1*01:02,0.619,0.574,0.651,27200,6399.0,20801.0,0.383161,DQB1,,,,
DQB1*05:01 / DQA1*01:01,DQB1*06:03 / DQA1*01:03,0.646,0.617,0.64,27158,6398.0,20760.0,0.417316,DQB1,,,,
DQB1*05:01 / DQA1*01:01,DQB1*06:04 / DQA1*01:02,0.695,0.639,0.654,27159,6399.0,20760.0,0.4830249999999999,DQB1,,,,
DQB1*05:01 / DQA1*01:01,DQB1*06:09 / DQA1*01:02,0.694,,0.694,20760,,20760.0,0.48163599999999995,DQB1,,,,
DQB1*05:01 / DQA1*01:02,DPB1*01:01 / DPA1*01:03,0.303,0.303,,6399,6399.0,,0.091809,DQB1,,,,
DQB1*05:01 / DQA1*01:02,DPB1*01:01 / DPA1*02:01,0.271,0.271,,6398,6398.0,,0.073441,DQB1,,,,
DQB1*05:01 / DQA1*01:02,DPB1*01:01 / DPA1*02:02,0.31,0.31,,6398,6398.0,,0.0961,DQB1,,,,
DQB1*05:01 / DQA1*01:02,DPB1*01:01 / DPA1*03:01,0.291,0.291,,6399,6399.0,,0.08468099999999999,DQB1,,,,
DQB1*05:01 / DQA1*01:02,DPB1*02:01 / DPA1*01:03,0.226,0.226,,6398,6398.0,,0.051076,DQB1,,,,
DQB1*05:01 / DQA1*01:02,DPB1*03:01 / DPA1*01:03,0.245,0.245,,6399,6399.0,,0.060024999999999995,DQB1,,,,
DQB1*05:01 / DQA1*01:02,DPB1*04:01 / DPA1*01:03,0.198,0.198,,6399,6399.0,,0.039204,DQB1,,,,
DQB1*05:01 / DQA1*01:02,DPB1*04:01 / DPA1*02:01,0.258,0.258,,6398,6398.0,,0.066564,DQB1,,,,
DQB1*05:01 / DQA1*01:02,DPB1*04:01 / DPA1*02:02,0.265,0.265,,6398,6398.0,,0.07022500000000001,DQB1,,,,
DQB1*05:01 / DQA1*01:02,DPB1*04:01 / DPA1*03:01,0.216,0.216,,6399,6399.0,,0.046655999999999996,DQB1,,,,
DQB1*05:01 / DQA1*01:02,DPB1*04:01 / DPA1*04:01,0.277,0.277,,6399,6399.0,,0.07672900000000002,DQB1,,,,
DQB1*05:01 / DQA1*01:02,DPB1*04:02 / DPA1*01:03,0.202,0.202,,6398,6398.0,,0.04080400000000001,DQB1,,,,
DQB1*05:01 / DQA1*01:02,DPB1*04:02 / DPA1*03:01,0.245,0.245,,6398,6398.0,,0.060024999999999995,DQB1,,,,
DQB1*05:01 / DQA1*01:02,DPB1*05:01 / DPA1*02:01,0.186,0.186,,6398,6398.0,,0.034596,DQB1,,,,
DQB1*05:01 / DQA1*01:02,DPB1*05:01 / DPA1*02:02,0.239,0.239,,6398,6398.0,,0.057121,DQB1,,,,
DQB1*05:01 / DQA1*01:02,DPB1*05:01 / DPA1*03:01,0.262,0.262,,6399,6399.0,,0.06864400000000001,DQB1,,,,
DQB1*05:01 / DQA1*01:02,DPB1*06:01 / DPA1*01:03,0.199,0.199,,6399,6399.0,,0.039601000000000004,DQB1,,,,
DQB1*05:01 / DQA1*01:02,DPB1*09:01 / DPA1*02:01,0.248,0.248,,6398,6398.0,,0.061503999999999996,DQB1,,,,
DQB1*05:01 / DQA1*01:02,DPB1*11:01 / DPA1*02:01,0.207,0.207,,6398,6398.0,,0.042849,DQB1,,,,
DQB1*05:01 / DQA1*01:02,DPB1*13:01 / DPA1*02:01,0.219,0.219,,6398,6398.0,,0.047961,DQB1,,,,
DQB1*05:01 / DQA1*01:02,DPB1*13:01 / DPA1*04:01,0.259,0.259,,6398,6398.0,,0.067081,DQB1,,,,
DQB1*05:01 / DQA1*01:02,DPB1*14:01 / DPA1*02:01,0.175,0.175,,6398,6398.0,,0.030624999999999996,DQB1,,,,
DQB1*05:01 / DQA1*01:02,DPB1*15:01 / DPA1*02:01,0.304,0.304,,6398,6398.0,,0.092416,DQB1,,,,
DQB1*05:01 / DQA1*01:02,DPB1*17:01 / DPA1*02:01,0.242,0.242,,6398,6398.0,,0.058564,DQB1,,,,
DQB1*05:01 / DQA1*01:02,DPB1*18:01 / DPA1*01:03,0.213,0.213,,6399,6399.0,,0.045369,DQB1,,,,
DQB1*05:01 / DQA1*01:02,DPB1*19:01 / DPA1*02:01,0.226,0.226,,6398,6398.0,,0.051076,DQB1,,,,
DQB1*05:01 / DQA1*01:02,DPB1*28:01 / DPA1*02:02,0.284,0.284,,6397,6397.0,,0.08065599999999999,DQB1,,,,
DQB1*05:01 / DQA1*01:02,DQB1*05:02 / DQA1*01:02,0.83,0.83,,6399,6399.0,,0.6889,DQB1,,,,
DQB1*05:01 / DQA1*01:02,DQB1*05:03 / DQA1*01:04,0.78,0.78,,6399,6399.0,,0.6084,DQB1,,,,
DQB1*05:01 / DQA1*01:02,DQB1*06:01 / DQA1*01:03,0.525,0.525,,6398,6398.0,,0.275625,DQB1,,,,
DQB1*05:01 / DQA1*01:02,DQB1*06:01 / DQA1*01:04,0.581,0.581,,6399,6399.0,,0.33756099999999994,DQB1,,,,
DQB1*05:01 / DQA1*01:02,DQB1*06:01 / DQA1*02:01,0.542,0.542,,6397,6397.0,,0.293764,DQB1,,,,
DQB1*05:01 / DQA1*01:02,DQB1*06:02 / DQA1*01:02,0.598,0.598,,6399,6399.0,,0.357604,DQB1,,,,
DQB1*05:01 / DQA1*01:02,DQB1*06:03 / DQA1*01:03,0.631,0.631,,6398,6398.0,,0.398161,DQB1,,,,
DQB1*05:01 / DQA1*01:02,DQB1*06:04 / DQA1*01:02,0.64,0.64,,6399,6399.0,,0.4096,DQB1,,,,
DQB1*05:02 / DQA1*01:02,DPB1*01:01 / DPA1*01:03,0.29,0.363,0.286,26198,6399.0,19799.0,0.0841,DQB1,,,,
DQB1*05:02 / DQA1*01:02,DPB1*01:01 / DPA1*02:01,0.241,0.331,0.256,27216,6398.0,20818.0,0.058080999999999994,DQB1,,,,
DQB1*05:02 / DQA1*01:02,DPB1*01:01 / DPA1*02:02,0.376,0.376,,6398,6398.0,,0.141376,DQB1,,,,
DQB1*05:02 / DQA1*01:02,DPB1*01:01 / DPA1*03:01,0.375,0.375,,6399,6399.0,,0.140625,DQB1,,,,
DQB1*05:02 / DQA1*01:02,DPB1*02:01 / DPA1*01:03,0.273,0.256,0.283,27216,6398.0,20818.0,0.07452900000000001,DQB1,,,,
DQB1*05:02 / DQA1*01:02,DPB1*02:02 / DPA1*01:03,0.023,,0.023,0,,0.0,0.000529,DQB1,,,,
DQB1*05:02 / DQA1*01:02,DPB1*02:02 / DPA1*02:01,0.357,,0.357,3553,,3553.0,0.12744899999999998,DQB1,,,,
DQB1*05:02 / DQA1*01:02,DPB1*03:01 / DPA1*01:03,0.293,0.303,0.283,27217,6399.0,20818.0,0.085849,DQB1,,,,
DQB1*05:02 / DQA1*01:02,DPB1*03:01 / DPA1*01:04,0.358,,0.358,2287,,2287.0,0.128164,DQB1,,,,
DQB1*05:02 / DQA1*01:02,DPB1*03:01 / DPA1*01:05,0.289,,0.289,17512,,17512.0,0.08352099999999998,DQB1,,,,
DQB1*05:02 / DQA1*01:02,DPB1*03:01 / DPA1*02:01,0.303,,0.303,18909,,18909.0,0.091809,DQB1,,,,
DQB1*05:02 / DQA1*01:02,DPB1*04:01 / DPA1*01:03,0.297,0.252,0.302,27217,6399.0,20818.0,0.088209,DQB1,,,,
DQB1*05:02 / DQA1*01:02,DPB1*04:01 / DPA1*02:01,0.298,0.298,,6398,6398.0,,0.088804,DQB1,,,,
DQB1*05:02 / DQA1*01:02,DPB1*04:01 / DPA1*02:02,0.281,0.281,,6398,6398.0,,0.07896100000000002,DQB1,,,,
DQB1*05:02 / DQA1*01:02,DPB1*04:01 / DPA1*03:01,0.273,0.273,,6399,6399.0,,0.07452900000000001,DQB1,,,,
DQB1*05:02 / DQA1*01:02,DPB1*04:01 / DPA1*04:01,0.319,0.319,,6399,6399.0,,0.101761,DQB1,,,,
DQB1*05:02 / DQA1*01:02,DPB1*04:02 / DPA1*01:03,0.255,0.236,0.26,27199,6398.0,20801.0,0.065025,DQB1,,,,
DQB1*05:02 / DQA1*01:02,DPB1*04:02 / DPA1*03:01,0.276,0.276,,6398,6398.0,,0.07617600000000001,DQB1,,,,
DQB1*05:02 / DQA1*01:02,DPB1*05:01 / DPA1*02:01,0.278,0.191,0.336,27216,6398.0,20818.0,0.07728400000000002,DQB1,,,,
DQB1*05:02 / DQA1*01:02,DPB1*05:01 / DPA1*02:02,0.237,0.264,0.277,21830,6398.0,15432.0,0.056169,DQB1,,,,
DQB1*05:02 / DQA1*01:02,DPB1*05:01 / DPA1*03:01,0.262,0.262,,6399,6399.0,,0.06864400000000001,DQB1,,,,
DQB1*05:02 / DQA1*01:02,DPB1*06:01 / DPA1*01:03,0.29,0.217,0.314,21831,6399.0,15432.0,0.0841,DQB1,,,,
DQB1*05:02 / DQA1*01:02,DPB1*06:01 / DPA1*02:01,0.313,,0.313,18909,,18909.0,0.097969,DQB1,,,,
DQB1*05:02 / DQA1*01:02,DPB1*09:01 / DPA1*02:01,0.299,0.288,0.291,27199,6398.0,20801.0,0.089401,DQB1,,,,
DQB1*05:02 / DQA1*01:02,DPB1*105:01 / DPA1*02:01,0.019,,0.019,0,,0.0,0.000361,DQB1,,,,
DQB1*05:02 / DQA1*01:02,DPB1*107:01 / DPA1*02:01,0.12,,0.12,0,,0.0,0.0144,DQB1,,,,
DQB1*05:02 / DQA1*01:02,DPB1*10:01 / DPA1*02:01,0.325,,0.325,6254,,6254.0,0.10562500000000001,DQB1,,,,
DQB1*05:02 / DQA1*01:02,DPB1*10:01 / DPA1*02:02,0.291,,0.291,14564,,14564.0,0.08468099999999999,DQB1,,,,
DQB1*05:02 / DQA1*01:02,DPB1*11:01 / DPA1*01:03,0.313,,0.313,17512,,17512.0,0.097969,DQB1,,,,
DQB1*05:02 / DQA1*01:02,DPB1*11:01 / DPA1*01:04,0.324,,0.324,2265,,2265.0,0.104976,DQB1,,,,
DQB1*05:02 / DQA1*01:02,DPB1*11:01 / DPA1*01:05,0.283,,0.283,2080,,2080.0,0.08008899999999998,DQB1,,,,
DQB1*05:02 / DQA1*01:02,DPB1*11:01 / DPA1*02:01,0.293,0.252,0.382,9704,6398.0,3306.0,0.085849,DQB1,,,,
DQB1*05:02 / DQA1*01:02,DPB1*11:01 / DPA1*02:02,0.301,,0.301,14564,,14564.0,0.09060099999999999,DQB1,,,,
DQB1*05:02 / DQA1*01:02,DPB1*13:01 / DPA1*01:04,0.375,,0.375,1397,,1397.0,0.140625,DQB1,,,,
DQB1*05:02 / DQA1*01:02,DPB1*13:01 / DPA1*01:05,0.285,,0.285,2080,,2080.0,0.08122499999999999,DQB1,,,,
DQB1*05:02 / DQA1*01:02,DPB1*13:01 / DPA1*02:01,0.333,0.256,0.344,27031,6398.0,20633.0,0.11088900000000002,DQB1,,,,
DQB1*05:02 / DQA1*01:02,DPB1*13:01 / DPA1*02:02,0.329,,0.329,15432,,15432.0,0.108241,DQB1,,,,
DQB1*05:02 / DQA1*01:02,DPB1*13:01 / DPA1*03:01,0.354,,0.354,15432,,15432.0,0.12531599999999998,DQB1,,,,
DQB1*05:02 / DQA1*01:02,DPB1*13:01 / DPA1*04:01,0.328,0.265,0.437,9704,6398.0,3306.0,0.10758400000000001,DQB1,,,,
DQB1*05:02 / DQA1*01:02,DPB1*14:01 / DPA1*02:01,0.271,0.217,0.26,27199,6398.0,20801.0,0.073441,DQB1,,,,
DQB1*05:02 / DQA1*01:02,DPB1*15:01 / DPA1*02:01,0.338,0.384,0.348,27158,6398.0,20760.0,0.11424400000000001,DQB1,,,,
DQB1*05:02 / DQA1*01:02,DPB1*17:01 / DPA1*02:01,0.332,0.281,0.323,27216,6398.0,20818.0,0.11022400000000002,DQB1,,,,
DQB1*05:02 / DQA1*01:02,DPB1*18:01 / DPA1*01:03,0.272,0.272,,6399,6399.0,,0.07398400000000001,DQB1,,,,
DQB1*05:02 / DQA1*01:02,DPB1*18:01 / DPA1*01:04,0.301,,0.301,19799,,19799.0,0.09060099999999999,DQB1,,,,
DQB1*05:02 / DQA1*01:02,DPB1*18:01 / DPA1*01:05,0.297,,0.297,19799,,19799.0,0.088209,DQB1,,,,
DQB1*05:02 / DQA1*01:02,DPB1*18:01 / DPA1*02:01,0.296,,0.296,20760,,20760.0,0.08761599999999999,DQB1,,,,
DQB1*05:02 / DQA1*01:02,DPB1*19:01 / DPA1*01:03,0.267,,0.267,17512,,17512.0,0.071289,DQB1,,,,
DQB1*05:02 / DQA1*01:02,DPB1*19:01 / DPA1*02:01,0.228,0.225,0.304,9687,6398.0,3289.0,0.051984,DQB1,,,,
DQB1*05:02 / DQA1*01:02,DPB1*20:01 / DPA1*01:03,0.397,,0.397,2287,,2287.0,0.15760900000000003,DQB1,,,,
DQB1*05:02 / DQA1*01:02,DPB1*20:01 / DPA1*03:01,0.284,,0.284,15432,,15432.0,0.08065599999999999,DQB1,,,,
DQB1*05:02 / DQA1*01:02,DPB1*23:01 / DPA1*01:03,0.278,,0.278,15432,,15432.0,0.07728400000000002,DQB1,,,,
DQB1*05:02 / DQA1*01:02,DPB1*23:01 / DPA1*02:01,0.376,,0.376,5328,,5328.0,0.141376,DQB1,,,,
DQB1*05:02 / DQA1*01:02,DPB1*26:01 / DPA1*03:01,0.078,,0.078,0,,0.0,0.006084,DQB1,,,,
DQB1*05:02 / DQA1*01:02,DPB1*28:01 / DPA1*01:03,0.264,,0.264,15432,,15432.0,0.06969600000000001,DQB1,,,,
DQB1*05:02 / DQA1*01:02,DPB1*28:01 / DPA1*01:04,0.313,,0.313,2287,,2287.0,0.097969,DQB1,,,,
DQB1*05:02 / DQA1*01:02,DPB1*28:01 / DPA1*01:05,0.281,,0.281,17512,,17512.0,0.07896100000000002,DQB1,,,,
DQB1*05:02 / DQA1*01:02,DPB1*28:01 / DPA1*02:01,0.255,,0.255,2080,,2080.0,0.065025,DQB1,,,,
DQB1*05:02 / DQA1*01:02,DPB1*28:01 / DPA1*02:02,0.306,0.281,0.307,7794,6397.0,1397.0,0.093636,DQB1,,,,
DQB1*05:02 / DQA1*01:02,DPB1*28:01 / DPA1*04:01,0.289,,0.289,15432,,15432.0,0.08352099999999998,DQB1,,,,
DQB1*05:02 / DQA1*01:02,DPB1*30:01 / DPA1*02:01,0.119,,0.119,0,,0.0,0.014160999999999998,DQB1,,,,
DQB1*05:02 / DQA1*01:02,DPB1*31:01 / DPA1*03:01,0.094,,0.094,0,,0.0,0.008836,DQB1,,,,
DQB1*05:02 / DQA1*01:02,DPB1*40:01 / DPA1*01:05,0.063,,0.063,0,,0.0,0.003969,DQB1,,,,
DQB1*05:02 / DQA1*01:02,DPB1*85:01 / DPA1*01:03,0.087,,0.087,0,,0.0,0.007568999999999999,DQB1,,,,
DQB1*05:02 / DQA1*01:02,DQB1*05:03 / DQA1*01:01,0.857,,0.857,0,,0.0,0.734449,DQB1,,,,
DQB1*05:02 / DQA1*01:02,DQB1*05:03 / DQA1*01:04,0.794,0.794,,6399,6399.0,,0.6304360000000001,DQB1,,,,
DQB1*05:02 / DQA1*01:02,DQB1*06:01 / DQA1*01:03,0.594,0.516,0.627,27199,6398.0,20801.0,0.352836,DQB1,,,,
DQB1*05:02 / DQA1*01:02,DQB1*06:01 / DQA1*01:04,0.596,0.595,,6399,6399.0,,0.355216,DQB1,,,,
DQB1*05:02 / DQA1*01:02,DQB1*06:01 / DQA1*02:01,0.564,0.563,,6397,6397.0,,0.31809599999999993,DQB1,,,,
DQB1*05:02 / DQA1*01:02,DQB1*06:02 / DQA1*01:01,0.679,,0.679,20760,,20760.0,0.4610410000000001,DQB1,,,,
DQB1*05:02 / DQA1*01:02,DQB1*06:02 / DQA1*01:02,0.676,0.633,0.701,27217,6399.0,20818.0,0.45697600000000005,DQB1,,,,
DQB1*05:02 / DQA1*01:02,DQB1*06:03 / DQA1*01:03,0.612,0.618,0.601,27158,6398.0,20760.0,0.374544,DQB1,,,,
DQB1*05:02 / DQA1*01:02,DQB1*06:04 / DQA1*01:02,0.738,0.628,0.727,27159,6399.0,20760.0,0.544644,DQB1,,,,
DQB1*05:02 / DQA1*01:02,DQB1*06:09 / DQA1*01:02,0.619,,0.619,20760,,20760.0,0.383161,DQB1,,,,
DQB1*05:03 / DQA1*01:01,DPB1*01:01 / DPA1*01:03,0.061,,0.061,0,,0.0,0.003721,DQB1,,,,
DQB1*05:03 / DQA1*01:01,DPB1*01:01 / DPA1*02:01,0.113,,0.113,0,,0.0,0.012769,DQB1,,,,
DQB1*05:03 / DQA1*01:01,DPB1*02:01 / DPA1*01:03,0.003,,0.003,0,,0.0,9e-06,DQB1,,,,
DQB1*05:03 / DQA1*01:01,DPB1*02:02 / DPA1*01:03,0.122,,0.122,0,,0.0,0.014884,DQB1,,,,
DQB1*05:03 / DQA1*01:01,DPB1*03:01 / DPA1*01:03,0.018,,0.018,0,,0.0,0.00032399999999999996,DQB1,,,,
DQB1*05:03 / DQA1*01:01,DPB1*03:01 / DPA1*01:05,0.03,,0.03,0,,0.0,0.0009,DQB1,,,,
DQB1*05:03 / DQA1*01:01,DPB1*03:01 / DPA1*02:01,0.088,,0.088,0,,0.0,0.007743999999999999,DQB1,,,,
DQB1*05:03 / DQA1*01:01,DPB1*04:01 / DPA1*01:03,0.021,,0.021,0,,0.0,0.00044100000000000004,DQB1,,,,
DQB1*05:03 / DQA1*01:01,DPB1*04:02 / DPA1*01:03,-0.0,,-0.0,0,,0.0,0.0,DQB1,,,,
DQB1*05:03 / DQA1*01:01,DPB1*05:01 / DPA1*02:01,0.169,,0.169,0,,0.0,0.028561000000000003,DQB1,,,,
DQB1*05:03 / DQA1*01:01,DPB1*05:01 / DPA1*02:02,0.14,,0.14,0,,0.0,0.019600000000000003,DQB1,,,,
DQB1*05:03 / DQA1*01:01,DPB1*06:01 / DPA1*01:03,0.043,,0.043,0,,0.0,0.0018489999999999997,DQB1,,,,
DQB1*05:03 / DQA1*01:01,DPB1*06:01 / DPA1*02:01,0.07,,0.07,0,,0.0,0.004900000000000001,DQB1,,,,
DQB1*05:03 / DQA1*01:01,DPB1*09:01 / DPA1*02:01,0.074,,0.074,0,,0.0,0.005475999999999999,DQB1,,,,
DQB1*05:03 / DQA1*01:01,DPB1*105:01 / DPA1*02:01,0.055,,0.055,0,,0.0,0.003025,DQB1,,,,
DQB1*05:03 / DQA1*01:01,DPB1*107:01 / DPA1*02:01,0.189,,0.189,0,,0.0,0.035721,DQB1,,,,
DQB1*05:03 / DQA1*01:01,DPB1*10:01 / DPA1*02:02,0.101,,0.101,0,,0.0,0.010201000000000002,DQB1,,,,
DQB1*05:03 / DQA1*01:01,DPB1*11:01 / DPA1*01:03,0.08,,0.08,0,,0.0,0.0064,DQB1,,,,
DQB1*05:03 / DQA1*01:01,DPB1*11:01 / DPA1*02:02,0.148,,0.148,0,,0.0,0.021903999999999996,DQB1,,,,
DQB1*05:03 / DQA1*01:01,DPB1*13:01 / DPA1*02:01,0.174,,0.174,0,,0.0,0.030275999999999997,DQB1,,,,
DQB1*05:03 / DQA1*01:01,DPB1*13:01 / DPA1*02:02,0.152,,0.152,0,,0.0,0.023104,DQB1,,,,
DQB1*05:03 / DQA1*01:01,DPB1*13:01 / DPA1*03:01,0.105,,0.105,0,,0.0,0.011024999999999998,DQB1,,,,
DQB1*05:03 / DQA1*01:01,DPB1*14:01 / DPA1*02:01,0.069,,0.069,0,,0.0,0.0047610000000000005,DQB1,,,,
DQB1*05:03 / DQA1*01:01,DPB1*15:01 / DPA1*02:01,0.134,,0.134,0,,0.0,0.017956000000000003,DQB1,,,,
DQB1*05:03 / DQA1*01:01,DPB1*17:01 / DPA1*02:01,0.067,,0.067,0,,0.0,0.004489000000000001,DQB1,,,,
DQB1*05:03 / DQA1*01:01,DPB1*18:01 / DPA1*01:04,0.035,,0.035,0,,0.0,0.0012250000000000002,DQB1,,,,
DQB1*05:03 / DQA1*01:01,DPB1*18:01 / DPA1*01:05,0.036,,0.036,0,,0.0,0.0012959999999999998,DQB1,,,,
DQB1*05:03 / DQA1*01:01,DPB1*18:01 / DPA1*02:01,0.068,,0.068,0,,0.0,0.0046240000000000005,DQB1,,,,
DQB1*05:03 / DQA1*01:01,DPB1*19:01 / DPA1*01:03,0.078,,0.078,0,,0.0,0.006084,DQB1,,,,
DQB1*05:03 / DQA1*01:01,DPB1*20:01 / DPA1*03:01,0.04,,0.04,0,,0.0,0.0016,DQB1,,,,
DQB1*05:03 / DQA1*01:01,DPB1*23:01 / DPA1*01:03,0.029,,0.029,0,,0.0,0.0008410000000000001,DQB1,,,,
DQB1*05:03 / DQA1*01:01,DPB1*26:01 / DPA1*03:01,0.113,,0.113,0,,0.0,0.012769,DQB1,,,,
DQB1*05:03 / DQA1*01:01,DPB1*28:01 / DPA1*01:03,0.023,,0.023,0,,0.0,0.000529,DQB1,,,,
DQB1*05:03 / DQA1*01:01,DPB1*28:01 / DPA1*01:05,0.022,,0.022,0,,0.0,0.00048399999999999995,DQB1,,,,
DQB1*05:03 / DQA1*01:01,DPB1*28:01 / DPA1*04:01,0.029,,0.029,0,,0.0,0.0008410000000000001,DQB1,,,,
DQB1*05:03 / DQA1*01:01,DPB1*30:01 / DPA1*02:01,0.154,,0.154,0,,0.0,0.023716,DQB1,,,,
DQB1*05:03 / DQA1*01:01,DPB1*31:01 / DPA1*03:01,0.131,,0.131,0,,0.0,0.017161000000000003,DQB1,,,,
DQB1*05:03 / DQA1*01:01,DPB1*40:01 / DPA1*01:05,0.122,,0.122,0,,0.0,0.014884,DQB1,,,,
DQB1*05:03 / DQA1*01:01,DPB1*85:01 / DPA1*01:03,0.113,,0.113,0,,0.0,0.012769,DQB1,,,,
DQB1*05:03 / DQA1*01:01,DQB1*06:01 / DQA1*01:03,0.673,,0.673,0,,0.0,0.4529290000000001,DQB1,,,,
DQB1*05:03 / DQA1*01:01,DQB1*06:02 / DQA1*01:01,0.704,,0.704,0,,0.0,0.49561599999999995,DQB1,,,,
DQB1*05:03 / DQA1*01:01,DQB1*06:02 / DQA1*01:02,0.687,,0.687,0,,0.0,0.4719690000000001,DQB1,,,,
DQB1*05:03 / DQA1*01:01,DQB1*06:03 / DQA1*01:03,0.641,,0.641,0,,0.0,0.410881,DQB1,,,,
DQB1*05:03 / DQA1*01:01,DQB1*06:04 / DQA1*01:02,0.695,,0.695,0,,0.0,0.4830249999999999,DQB1,,,,
DQB1*05:03 / DQA1*01:01,DQB1*06:09 / DQA1*01:02,0.677,,0.677,0,,0.0,0.45832900000000004,DQB1,,,,
DQB1*05:03 / DQA1*01:04,DPB1*01:01 / DPA1*01:03,0.34,0.34,,6399,6399.0,,0.11560000000000002,DQB1,,,,
DQB1*05:03 / DQA1*01:04,DPB1*01:01 / DPA1*02:01,0.322,0.322,,6398,6398.0,,0.10368400000000001,DQB1,,,,
DQB1*05:03 / DQA1*01:04,DPB1*01:01 / DPA1*02:02,0.341,0.341,,6398,6398.0,,0.11628100000000002,DQB1,,,,
DQB1*05:03 / DQA1*01:04,DPB1*01:01 / DPA1*03:01,0.356,0.356,,6399,6399.0,,0.126736,DQB1,,,,
DQB1*05:03 / DQA1*01:04,DPB1*02:01 / DPA1*01:03,0.291,0.291,,6398,6398.0,,0.08468099999999999,DQB1,,,,
DQB1*05:03 / DQA1*01:04,DPB1*03:01 / DPA1*01:03,0.32,0.32,,6399,6399.0,,0.1024,DQB1,,,,
DQB1*05:03 / DQA1*01:04,DPB1*04:01 / DPA1*01:03,0.231,0.231,,6399,6399.0,,0.053361000000000006,DQB1,,,,
DQB1*05:03 / DQA1*01:04,DPB1*04:01 / DPA1*02:01,0.374,0.374,,6398,6398.0,,0.139876,DQB1,,,,
DQB1*05:03 / DQA1*01:04,DPB1*04:01 / DPA1*02:02,0.32,0.32,,6398,6398.0,,0.1024,DQB1,,,,
DQB1*05:03 / DQA1*01:04,DPB1*04:01 / DPA1*03:01,0.289,0.289,,6399,6399.0,,0.08352099999999998,DQB1,,,,
DQB1*05:03 / DQA1*01:04,DPB1*04:01 / DPA1*04:01,0.357,0.357,,6399,6399.0,,0.12744899999999998,DQB1,,,,
DQB1*05:03 / DQA1*01:04,DPB1*04:02 / DPA1*01:03,0.236,0.236,,6398,6398.0,,0.055695999999999996,DQB1,,,,
DQB1*05:03 / DQA1*01:04,DPB1*04:02 / DPA1*03:01,0.338,0.338,,6398,6398.0,,0.11424400000000001,DQB1,,,,
DQB1*05:03 / DQA1*01:04,DPB1*05:01 / DPA1*02:01,0.191,0.191,,6398,6398.0,,0.036481,DQB1,,,,
DQB1*05:03 / DQA1*01:04,DPB1*05:01 / DPA1*02:02,0.24,0.24,,6398,6398.0,,0.0576,DQB1,,,,
DQB1*05:03 / DQA1*01:04,DPB1*05:01 / DPA1*03:01,0.324,0.324,,6399,6399.0,,0.104976,DQB1,,,,
DQB1*05:03 / DQA1*01:04,DPB1*06:01 / DPA1*01:03,0.283,0.283,,6399,6399.0,,0.08008899999999998,DQB1,,,,
DQB1*05:03 / DQA1*01:04,DPB1*09:01 / DPA1*02:01,0.351,0.351,,6398,6398.0,,0.12320099999999999,DQB1,,,,
DQB1*05:03 / DQA1*01:04,DPB1*11:01 / DPA1*02:01,0.275,0.275,,6398,6398.0,,0.07562500000000001,DQB1,,,,
DQB1*05:03 / DQA1*01:04,DPB1*13:01 / DPA1*02:01,0.322,0.322,,6398,6398.0,,0.10368400000000001,DQB1,,,,
DQB1*05:03 / DQA1*01:04,DPB1*13:01 / DPA1*04:01,0.3,0.3,,6398,6398.0,,0.09,DQB1,,,,
DQB1*05:03 / DQA1*01:04,DPB1*14:01 / DPA1*02:01,0.213,0.213,,6398,6398.0,,0.045369,DQB1,,,,
DQB1*05:03 / DQA1*01:04,DPB1*15:01 / DPA1*02:01,0.402,0.402,,6398,6398.0,,0.16160400000000003,DQB1,,,,
DQB1*05:03 / DQA1*01:04,DPB1*17:01 / DPA1*02:01,0.333,0.333,,6398,6398.0,,0.11088900000000002,DQB1,,,,
DQB1*05:03 / DQA1*01:04,DPB1*18:01 / DPA1*01:03,0.287,0.287,,6399,6399.0,,0.08236899999999998,DQB1,,,,
DQB1*05:03 / DQA1*01:04,DPB1*19:01 / DPA1*02:01,0.302,0.302,,6398,6398.0,,0.091204,DQB1,,,,
DQB1*05:03 / DQA1*01:04,DPB1*28:01 / DPA1*02:02,0.318,0.318,,6397,6397.0,,0.101124,DQB1,,,,
DQB1*05:03 / DQA1*01:04,DQB1*06:01 / DQA1*01:03,0.539,0.539,,6398,6398.0,,0.29052100000000003,DQB1,,,,
DQB1*05:03 / DQA1*01:04,DQB1*06:01 / DQA1*01:04,0.622,0.622,,6399,6399.0,,0.386884,DQB1,,,,
DQB1*05:03 / DQA1*01:04,DQB1*06:01 / DQA1*02:01,0.573,0.573,,6397,6397.0,,0.3283289999999999,DQB1,,,,
DQB1*05:03 / DQA1*01:04,DQB1*06:02 / DQA1*01:02,0.564,0.564,,6399,6399.0,,0.31809599999999993,DQB1,,,,
DQB1*05:03 / DQA1*01:04,DQB1*06:03 / DQA1*01:03,0.614,0.614,,6398,6398.0,,0.376996,DQB1,,,,
DQB1*05:03 / DQA1*01:04,DQB1*06:04 / DQA1*01:02,0.635,0.635,,6399,6399.0,,0.403225,DQB1,,,,
DQB1*06:01 / DQA1*01:03,DPB1*01:01 / DPA1*01:03,0.233,0.195,0.247,26197,6398.0,19799.0,0.054289000000000004,DQB1,,,,
DQB1*06:01 / DQA1*01:03,DPB1*01:01 / DPA1*02:01,0.214,0.221,0.216,27198,6397.0,20801.0,0.045795999999999996,DQB1,,,,
DQB1*06:01 / DQA1*01:03,DPB1*01:01 / DPA1*02:02,0.206,0.206,,6397,6397.0,,0.042435999999999995,DQB1,,,,
DQB1*06:01 / DQA1*01:03,DPB1*01:01 / DPA1*03:01,0.205,0.205,,6398,6398.0,,0.04202499999999999,DQB1,,,,
DQB1*06:01 / DQA1*01:03,DPB1*02:01 / DPA1*01:03,0.242,0.188,0.26,27198,6397.0,20801.0,0.058564,DQB1,,,,
DQB1*06:01 / DQA1*01:03,DPB1*02:02 / DPA1*01:03,0.027,,0.027,0,,0.0,0.0007289999999999999,DQB1,,,,
DQB1*06:01 / DQA1*01:03,DPB1*02:02 / DPA1*02:01,0.309,,0.309,3553,,3553.0,0.095481,DQB1,,,,
DQB1*06:01 / DQA1*01:03,DPB1*03:01 / DPA1*01:03,0.25,0.21,0.264,27199,6398.0,20801.0,0.0625,DQB1,,,,
DQB1*06:01 / DQA1*01:03,DPB1*03:01 / DPA1*01:04,0.301,,0.301,2287,,2287.0,0.09060099999999999,DQB1,,,,
DQB1*06:01 / DQA1*01:03,DPB1*03:01 / DPA1*01:05,0.265,,0.265,17512,,17512.0,0.07022500000000001,DQB1,,,,
DQB1*06:01 / DQA1*01:03,DPB1*03:01 / DPA1*02:01,0.284,,0.284,18909,,18909.0,0.08065599999999999,DQB1,,,,
DQB1*06:01 / DQA1*01:03,DPB1*04:01 / DPA1*01:03,0.25,0.127,0.285,27199,6398.0,20801.0,0.0625,DQB1,,,,
DQB1*06:01 / DQA1*01:03,DPB1*04:01 / DPA1*02:01,0.226,0.226,,6397,6397.0,,0.051076,DQB1,,,,
DQB1*06:01 / DQA1*01:03,DPB1*04:01 / DPA1*02:02,0.206,0.206,,6397,6397.0,,0.042435999999999995,DQB1,,,,
DQB1*06:01 / DQA1*01:03,DPB1*04:01 / DPA1*03:01,0.162,0.162,,6398,6398.0,,0.026244,DQB1,,,,
DQB1*06:01 / DQA1*01:03,DPB1*04:01 / DPA1*04:01,0.198,0.198,,6398,6398.0,,0.039204,DQB1,,,,
DQB1*06:01 / DQA1*01:03,DPB1*04:02 / DPA1*01:03,0.229,0.154,0.252,27198,6397.0,20801.0,0.052441,DQB1,,,,
DQB1*06:01 / DQA1*01:03,DPB1*04:02 / DPA1*03:01,0.238,0.238,,6397,6397.0,,0.05664399999999999,DQB1,,,,
DQB1*06:01 / DQA1*01:03,DPB1*05:01 / DPA1*02:01,0.28,0.164,0.311,27198,6397.0,20801.0,0.07840000000000001,DQB1,,,,
DQB1*06:01 / DQA1*01:03,DPB1*05:01 / DPA1*02:02,0.217,0.158,0.232,21829,6397.0,15432.0,0.047089,DQB1,,,,
DQB1*06:01 / DQA1*01:03,DPB1*05:01 / DPA1*03:01,0.232,0.232,,6398,6398.0,,0.053824000000000004,DQB1,,,,
DQB1*06:01 / DQA1*01:03,DPB1*06:01 / DPA1*01:03,0.243,0.195,0.262,21830,6398.0,15432.0,0.059049,DQB1,,,,
DQB1*06:01 / DQA1*01:03,DPB1*06:01 / DPA1*02:01,0.274,,0.274,18909,,18909.0,0.07507600000000002,DQB1,,,,
DQB1*06:01 / DQA1*01:03,DPB1*09:01 / DPA1*02:01,0.268,0.199,0.289,27198,6397.0,20801.0,0.07182400000000001,DQB1,,,,
DQB1*06:01 / DQA1*01:03,DPB1*105:01 / DPA1*02:01,0.038,,0.038,0,,0.0,0.001444,DQB1,,,,
DQB1*06:01 / DQA1*01:03,DPB1*107:01 / DPA1*02:01,0.101,,0.101,0,,0.0,0.010201000000000002,DQB1,,,,
DQB1*06:01 / DQA1*01:03,DPB1*10:01 / DPA1*02:01,0.282,,0.282,6237,,6237.0,0.07952399999999998,DQB1,,,,
DQB1*06:01 / DQA1*01:03,DPB1*10:01 / DPA1*02:02,0.261,,0.261,14564,,14564.0,0.068121,DQB1,,,,
DQB1*06:01 / DQA1*01:03,DPB1*11:01 / DPA1*01:03,0.242,,0.242,17512,,17512.0,0.058564,DQB1,,,,
DQB1*06:01 / DQA1*01:03,DPB1*11:01 / DPA1*01:04,0.243,,0.243,2265,,2265.0,0.059049,DQB1,,,,
DQB1*06:01 / DQA1*01:03,DPB1*11:01 / DPA1*01:05,0.17,,0.17,2080,,2080.0,0.028900000000000006,DQB1,,,,
DQB1*06:01 / DQA1*01:03,DPB1*11:01 / DPA1*02:01,0.209,0.157,0.293,9686,6397.0,3289.0,0.043681,DQB1,,,,
DQB1*06:01 / DQA1*01:03,DPB1*11:01 / DPA1*02:02,0.241,,0.241,14564,,14564.0,0.058080999999999994,DQB1,,,,
DQB1*06:01 / DQA1*01:03,DPB1*13:01 / DPA1*01:04,0.23,,0.23,1397,,1397.0,0.0529,DQB1,,,,
DQB1*06:01 / DQA1*01:03,DPB1*13:01 / DPA1*01:05,0.219,,0.219,2080,,2080.0,0.047961,DQB1,,,,
DQB1*06:01 / DQA1*01:03,DPB1*13:01 / DPA1*02:01,0.275,0.19,0.298,27030,6397.0,20633.0,0.07562500000000001,DQB1,,,,
DQB1*06:01 / DQA1*01:03,DPB1*13:01 / DPA1*02:02,0.284,,0.284,15432,,15432.0,0.08065599999999999,DQB1,,,,
DQB1*06:01 / DQA1*01:03,DPB1*13:01 / DPA1*03:01,0.29,,0.29,15432,,15432.0,0.0841,DQB1,,,,
DQB1*06:01 / DQA1*01:03,DPB1*13:01 / DPA1*04:01,0.243,0.186,0.335,9686,6397.0,3289.0,0.059049,DQB1,,,,
DQB1*06:01 / DQA1*01:03,DPB1*14:01 / DPA1*02:01,0.231,0.173,0.25,27198,6397.0,20801.0,0.053361000000000006,DQB1,,,,
DQB1*06:01 / DQA1*01:03,DPB1*15:01 / DPA1*02:01,0.299,0.216,0.321,27157,6397.0,20760.0,0.089401,DQB1,,,,
DQB1*06:01 / DQA1*01:03,DPB1*17:01 / DPA1*02:01,0.262,0.185,0.288,27198,6397.0,20801.0,0.06864400000000001,DQB1,,,,
DQB1*06:01 / DQA1*01:03,DPB1*18:01 / DPA1*01:03,0.201,0.201,,6398,6398.0,,0.040401000000000006,DQB1,,,,
DQB1*06:01 / DQA1*01:03,DPB1*18:01 / DPA1*01:04,0.275,,0.275,19799,,19799.0,0.07562500000000001,DQB1,,,,
DQB1*06:01 / DQA1*01:03,DPB1*18:01 / DPA1*01:05,0.264,,0.264,19799,,19799.0,0.06969600000000001,DQB1,,,,
DQB1*06:01 / DQA1*01:03,DPB1*18:01 / DPA1*02:01,0.312,,0.312,20760,,20760.0,0.097344,DQB1,,,,
DQB1*06:01 / DQA1*01:03,DPB1*19:01 / DPA1*01:03,0.26,,0.26,17512,,17512.0,0.06760000000000001,DQB1,,,,
DQB1*06:01 / DQA1*01:03,DPB1*19:01 / DPA1*02:01,0.222,0.207,0.271,9686,6397.0,3289.0,0.049284,DQB1,,,,
DQB1*06:01 / DQA1*01:03,DPB1*20:01 / DPA1*01:03,0.307,,0.307,2287,,2287.0,0.094249,DQB1,,,,
DQB1*06:01 / DQA1*01:03,DPB1*20:01 / DPA1*03:01,0.267,,0.267,15432,,15432.0,0.071289,DQB1,,,,
DQB1*06:01 / DQA1*01:03,DPB1*23:01 / DPA1*01:03,0.261,,0.261,15432,,15432.0,0.068121,DQB1,,,,
DQB1*06:01 / DQA1*01:03,DPB1*23:01 / DPA1*02:01,0.275,,0.275,5328,,5328.0,0.07562500000000001,DQB1,,,,
DQB1*06:01 / DQA1*01:03,DPB1*26:01 / DPA1*03:01,0.074,,0.074,0,,0.0,0.005475999999999999,DQB1,,,,
DQB1*06:01 / DQA1*01:03,DPB1*28:01 / DPA1*01:03,0.257,,0.257,15432,,15432.0,0.066049,DQB1,,,,
DQB1*06:01 / DQA1*01:03,DPB1*28:01 / DPA1*01:04,0.281,,0.281,2287,,2287.0,0.07896100000000002,DQB1,,,,
DQB1*06:01 / DQA1*01:03,DPB1*28:01 / DPA1*01:05,0.269,,0.269,17512,,17512.0,0.07236100000000001,DQB1,,,,
DQB1*06:01 / DQA1*01:03,DPB1*28:01 / DPA1*02:01,0.242,,0.242,2080,,2080.0,0.058564,DQB1,,,,
DQB1*06:01 / DQA1*01:03,DPB1*28:01 / DPA1*02:02,0.216,0.201,0.222,7793,6396.0,1397.0,0.046655999999999996,DQB1,,,,
DQB1*06:01 / DQA1*01:03,DPB1*28:01 / DPA1*04:01,0.283,,0.283,15432,,15432.0,0.08008899999999998,DQB1,,,,
DQB1*06:01 / DQA1*01:03,DPB1*30:01 / DPA1*02:01,0.099,,0.099,0,,0.0,0.009801,DQB1,,,,
DQB1*06:01 / DQA1*01:03,DPB1*31:01 / DPA1*03:01,0.1,,0.1,0,,0.0,0.010000000000000002,DQB1,,,,
DQB1*06:01 / DQA1*01:03,DPB1*40:01 / DPA1*01:05,0.042,,0.042,0,,0.0,0.0017640000000000002,DQB1,,,,
DQB1*06:01 / DQA1*01:03,DPB1*85:01 / DPA1*01:03,0.071,,0.071,0,,0.0,0.0050409999999999995,DQB1,,,,
DQB1*06:01 / DQA1*01:03,DQB1*06:01 / DQA1*01:04,0.713,0.712,,6398,6398.0,,0.508369,DQB1,,,,
DQB1*06:01 / DQA1*01:03,DQB1*06:01 / DQA1*02:01,0.565,0.564,,6397,6397.0,,0.3192249999999999,DQB1,,,,
DQB1*06:01 / DQA1*01:03,DQB1*06:02 / DQA1*01:01,0.779,,0.779,20760,,20760.0,0.6068410000000001,DQB1,,,,
DQB1*06:01 / DQA1*01:03,DQB1*06:02 / DQA1*01:02,0.761,0.623,0.795,27199,6398.0,20801.0,0.579121,DQB1,,,,
DQB1*06:01 / DQA1*01:03,DQB1*06:03 / DQA1*01:03,0.772,0.639,0.807,27158,6398.0,20760.0,0.5959840000000001,DQB1,,,,
DQB1*06:01 / DQA1*01:03,DQB1*06:04 / DQA1*01:02,0.733,0.606,0.786,27158,6398.0,20760.0,0.537289,DQB1,,,,
DQB1*06:01 / DQA1*01:03,DQB1*06:09 / DQA1*01:02,0.838,,0.838,20760,,20760.0,0.702244,DQB1,,,,
DQB1*06:01 / DQA1*01:04,DPB1*01:01 / DPA1*01:03,0.299,0.299,,6399,6399.0,,0.089401,DQB1,,,,
DQB1*06:01 / DQA1*01:04,DPB1*01:01 / DPA1*02:01,0.289,0.29,,6398,6398.0,,0.08352099999999998,DQB1,,,,
DQB1*06:01 / DQA1*01:04,DPB1*01:01 / DPA1*02:02,0.274,0.274,,6398,6398.0,,0.07507600000000002,DQB1,,,,
DQB1*06:01 / DQA1*01:04,DPB1*01:01 / DPA1*03:01,0.28,0.28,,6399,6399.0,,0.07840000000000001,DQB1,,,,
DQB1*06:01 / DQA1*01:04,DPB1*02:01 / DPA1*01:03,0.23,0.23,,6398,6398.0,,0.0529,DQB1,,,,
DQB1*06:01 / DQA1*01:04,DPB1*03:01 / DPA1*01:03,0.268,0.268,,6399,6399.0,,0.07182400000000001,DQB1,,,,
DQB1*06:01 / DQA1*01:04,DPB1*04:01 / DPA1*01:03,0.196,0.195,,6399,6399.0,,0.038416000000000006,DQB1,,,,
DQB1*06:01 / DQA1*01:04,DPB1*04:01 / DPA1*02:01,0.304,0.304,,6398,6398.0,,0.092416,DQB1,,,,
DQB1*06:01 / DQA1*01:04,DPB1*04:01 / DPA1*02:02,0.328,0.328,,6398,6398.0,,0.10758400000000001,DQB1,,,,
DQB1*06:01 / DQA1*01:04,DPB1*04:01 / DPA1*03:01,0.232,0.232,,6399,6399.0,,0.053824000000000004,DQB1,,,,
DQB1*06:01 / DQA1*01:04,DPB1*04:01 / DPA1*04:01,0.277,0.277,,6399,6399.0,,0.07672900000000002,DQB1,,,,
DQB1*06:01 / DQA1*01:04,DPB1*04:02 / DPA1*01:03,0.252,0.252,,6398,6398.0,,0.063504,DQB1,,,,
DQB1*06:01 / DQA1*01:04,DPB1*04:02 / DPA1*03:01,0.307,0.307,,6398,6398.0,,0.094249,DQB1,,,,
DQB1*06:01 / DQA1*01:04,DPB1*05:01 / DPA1*02:01,0.224,0.223,,6398,6398.0,,0.050176000000000005,DQB1,,,,
DQB1*06:01 / DQA1*01:04,DPB1*05:01 / DPA1*02:02,0.315,0.314,,6398,6398.0,,0.09922500000000001,DQB1,,,,
DQB1*06:01 / DQA1*01:04,DPB1*05:01 / DPA1*03:01,0.257,0.257,,6399,6399.0,,0.066049,DQB1,,,,
DQB1*06:01 / DQA1*01:04,DPB1*06:01 / DPA1*01:03,0.195,0.195,,6399,6399.0,,0.038025,DQB1,,,,
DQB1*06:01 / DQA1*01:04,DPB1*09:01 / DPA1*02:01,0.274,0.274,,6398,6398.0,,0.07507600000000002,DQB1,,,,
DQB1*06:01 / DQA1*01:04,DPB1*11:01 / DPA1*02:01,0.169,0.169,,6398,6398.0,,0.028561000000000003,DQB1,,,,
DQB1*06:01 / DQA1*01:04,DPB1*13:01 / DPA1*02:01,0.249,0.249,,6398,6398.0,,0.062001,DQB1,,,,
DQB1*06:01 / DQA1*01:04,DPB1*13:01 / DPA1*04:01,0.279,0.279,,6398,6398.0,,0.07784100000000002,DQB1,,,,
DQB1*06:01 / DQA1*01:04,DPB1*14:01 / DPA1*02:01,0.138,0.138,,6398,6398.0,,0.019044000000000002,DQB1,,,,
DQB1*06:01 / DQA1*01:04,DPB1*15:01 / DPA1*02:01,0.336,0.337,,6398,6398.0,,0.11289600000000001,DQB1,,,,
DQB1*06:01 / DQA1*01:04,DPB1*17:01 / DPA1*02:01,0.268,0.269,,6398,6398.0,,0.07182400000000001,DQB1,,,,
DQB1*06:01 / DQA1*01:04,DPB1*18:01 / DPA1*01:03,0.219,0.219,,6399,6399.0,,0.047961,DQB1,,,,
DQB1*06:01 / DQA1*01:04,DPB1*19:01 / DPA1*02:01,0.136,0.136,,6398,6398.0,,0.018496000000000002,DQB1,,,,
DQB1*06:01 / DQA1*01:04,DPB1*28:01 / DPA1*02:02,0.276,0.276,,6397,6397.0,,0.07617600000000001,DQB1,,,,
DQB1*06:01 / DQA1*01:04,DQB1*06:01 / DQA1*02:01,0.629,0.628,,6400,6397.0,,0.395641,DQB1,,,,
DQB1*06:01 / DQA1*01:04,DQB1*06:02 / DQA1*01:02,0.644,0.643,,6399,6399.0,,0.41473600000000005,DQB1,,,,
DQB1*06:01 / DQA1*01:04,DQB1*06:03 / DQA1*01:03,0.69,0.689,,6398,6398.0,,0.4760999999999999,DQB1,,,,
DQB1*06:01 / DQA1*01:04,DQB1*06:04 / DQA1*01:02,0.685,0.685,,6399,6399.0,,0.46922500000000006,DQB1,,,,
DQB1*06:01 / DQA1*02:01,DPB1*01:01 / DPA1*01:03,0.368,0.369,,6397,6397.0,,0.135424,DQB1,,,,
DQB1*06:01 / DQA1*02:01,DPB1*01:01 / DPA1*02:01,0.392,0.393,,6396,6396.0,,0.15366400000000002,DQB1,,,,
DQB1*06:01 / DQA1*02:01,DPB1*01:01 / DPA1*02:02,0.371,0.371,,6396,6396.0,,0.13764099999999999,DQB1,,,,
DQB1*06:01 / DQA1*02:01,DPB1*01:01 / DPA1*03:01,0.371,0.371,,6397,6397.0,,0.13764099999999999,DQB1,,,,
DQB1*06:01 / DQA1*02:01,DPB1*02:01 / DPA1*01:03,0.312,0.312,,6396,6396.0,,0.097344,DQB1,,,,
DQB1*06:01 / DQA1*02:01,DPB1*03:01 / DPA1*01:03,0.319,0.319,,6397,6397.0,,0.101761,DQB1,,,,
DQB1*06:01 / DQA1*02:01,DPB1*04:01 / DPA1*01:03,0.206,0.206,,6397,6397.0,,0.042435999999999995,DQB1,,,,
DQB1*06:01 / DQA1*02:01,DPB1*04:01 / DPA1*02:01,0.353,0.353,,6396,6396.0,,0.12460899999999998,DQB1,,,,
DQB1*06:01 / DQA1*02:01,DPB1*04:01 / DPA1*02:02,0.405,0.405,,6396,6396.0,,0.16402500000000003,DQB1,,,,
DQB1*06:01 / DQA1*02:01,DPB1*04:01 / DPA1*03:01,0.28,0.28,,6397,6397.0,,0.07840000000000001,DQB1,,,,
DQB1*06:01 / DQA1*02:01,DPB1*04:01 / DPA1*04:01,0.381,0.381,,6397,6397.0,,0.145161,DQB1,,,,
DQB1*06:01 / DQA1*02:01,DPB1*04:02 / DPA1*01:03,0.245,0.246,,6396,6396.0,,0.060024999999999995,DQB1,,,,
DQB1*06:01 / DQA1*02:01,DPB1*04:02 / DPA1*03:01,0.337,0.337,,6396,6396.0,,0.11356900000000002,DQB1,,,,
DQB1*06:01 / DQA1*02:01,DPB1*05:01 / DPA1*02:01,0.263,0.261,,6396,6396.0,,0.06916900000000001,DQB1,,,,
DQB1*06:01 / DQA1*02:01,DPB1*05:01 / DPA1*02:02,0.316,0.315,,6396,6396.0,,0.099856,DQB1,,,,
DQB1*06:01 / DQA1*02:01,DPB1*05:01 / DPA1*03:01,0.351,0.351,,6397,6397.0,,0.12320099999999999,DQB1,,,,
DQB1*06:01 / DQA1*02:01,DPB1*06:01 / DPA1*01:03,0.253,0.253,,6397,6397.0,,0.064009,DQB1,,,,
DQB1*06:01 / DQA1*02:01,DPB1*09:01 / DPA1*02:01,0.358,0.358,,6396,6396.0,,0.128164,DQB1,,,,
DQB1*06:01 / DQA1*02:01,DPB1*11:01 / DPA1*02:01,0.288,0.288,,6396,6396.0,,0.08294399999999999,DQB1,,,,
DQB1*06:01 / DQA1*02:01,DPB1*13:01 / DPA1*02:01,0.35,0.35,,6396,6396.0,,0.12249999999999998,DQB1,,,,
DQB1*06:01 / DQA1*02:01,DPB1*13:01 / DPA1*04:01,0.337,0.337,,6396,6396.0,,0.11356900000000002,DQB1,,,,
DQB1*06:01 / DQA1*02:01,DPB1*14:01 / DPA1*02:01,0.236,0.236,,6396,6396.0,,0.055695999999999996,DQB1,,,,
DQB1*06:01 / DQA1*02:01,DPB1*15:01 / DPA1*02:01,0.423,0.424,,6396,6396.0,,0.17892899999999998,DQB1,,,,
DQB1*06:01 / DQA1*02:01,DPB1*17:01 / DPA1*02:01,0.357,0.358,,6396,6396.0,,0.12744899999999998,DQB1,,,,
DQB1*06:01 / DQA1*02:01,DPB1*18:01 / DPA1*01:03,0.278,0.278,,6397,6397.0,,0.07728400000000002,DQB1,,,,
DQB1*06:01 / DQA1*02:01,DPB1*19:01 / DPA1*02:01,0.224,0.224,,6396,6396.0,,0.050176000000000005,DQB1,,,,
DQB1*06:01 / DQA1*02:01,DPB1*28:01 / DPA1*02:02,0.298,0.298,,6395,6395.0,,0.088804,DQB1,,,,
DQB1*06:01 / DQA1*02:01,DQB1*06:02 / DQA1*01:02,0.6,0.598,,6397,6397.0,,0.36,DQB1,,,,
DQB1*06:01 / DQA1*02:01,DQB1*06:03 / DQA1*01:03,0.64,0.639,,6397,6397.0,,0.4096,DQB1,,,,
DQB1*06:01 / DQA1*02:01,DQB1*06:04 / DQA1*01:02,0.666,0.666,,6397,6397.0,,0.44355600000000006,DQB1,,,,
DQB1*06:02 / DQA1*01:01,DPB1*01:01 / DPA1*01:03,0.267,,0.267,19799,,19799.0,0.071289,DQB1,,,,
DQB1*06:02 / DQA1*01:01,DPB1*01:01 / DPA1*02:01,0.265,,0.265,20760,,20760.0,0.07022500000000001,DQB1,,,,
DQB1*06:02 / DQA1*01:01,DPB1*02:01 / DPA1*01:03,0.31,,0.31,20760,,20760.0,0.0961,DQB1,,,,
DQB1*06:02 / DQA1*01:01,DPB1*02:02 / DPA1*01:03,0.044,,0.044,0,,0.0,0.0019359999999999998,DQB1,,,,
DQB1*06:02 / DQA1*01:01,DPB1*02:02 / DPA1*02:01,0.351,,0.351,3553,,3553.0,0.12320099999999999,DQB1,,,,
DQB1*06:02 / DQA1*01:01,DPB1*03:01 / DPA1*01:03,0.259,,0.259,20760,,20760.0,0.067081,DQB1,,,,
DQB1*06:02 / DQA1*01:01,DPB1*03:01 / DPA1*01:04,0.349,,0.349,2287,,2287.0,0.12180099999999998,DQB1,,,,
DQB1*06:02 / DQA1*01:01,DPB1*03:01 / DPA1*01:05,0.28,,0.28,17512,,17512.0,0.07840000000000001,DQB1,,,,
DQB1*06:02 / DQA1*01:01,DPB1*03:01 / DPA1*02:01,0.298,,0.298,18909,,18909.0,0.088804,DQB1,,,,
DQB1*06:02 / DQA1*01:01,DPB1*04:01 / DPA1*01:03,0.331,,0.331,20760,,20760.0,0.109561,DQB1,,,,
DQB1*06:02 / DQA1*01:01,DPB1*04:02 / DPA1*01:03,0.335,,0.335,20760,,20760.0,0.11222500000000002,DQB1,,,,
DQB1*06:02 / DQA1*01:01,DPB1*05:01 / DPA1*02:01,0.335,,0.335,20760,,20760.0,0.11222500000000002,DQB1,,,,
DQB1*06:02 / DQA1*01:01,DPB1*05:01 / DPA1*02:02,0.265,,0.265,15432,,15432.0,0.07022500000000001,DQB1,,,,
DQB1*06:02 / DQA1*01:01,DPB1*06:01 / DPA1*01:03,0.272,,0.272,15432,,15432.0,0.07398400000000001,DQB1,,,,
DQB1*06:02 / DQA1*01:01,DPB1*06:01 / DPA1*02:01,0.296,,0.296,18909,,18909.0,0.08761599999999999,DQB1,,,,
DQB1*06:02 / DQA1*01:01,DPB1*09:01 / DPA1*02:01,0.277,,0.277,20760,,20760.0,0.07672900000000002,DQB1,,,,
DQB1*06:02 / DQA1*01:01,DPB1*105:01 / DPA1*02:01,0.061,,0.061,0,,0.0,0.003721,DQB1,,,,
DQB1*06:02 / DQA1*01:01,DPB1*107:01 / DPA1*02:01,0.104,,0.104,0,,0.0,0.010816,DQB1,,,,
DQB1*06:02 / DQA1*01:01,DPB1*10:01 / DPA1*02:01,0.293,,0.293,6196,,6196.0,0.085849,DQB1,,,,
DQB1*06:02 / DQA1*01:01,DPB1*10:01 / DPA1*02:02,0.275,,0.275,14564,,14564.0,0.07562500000000001,DQB1,,,,
DQB1*06:02 / DQA1*01:01,DPB1*11:01 / DPA1*01:03,0.28,,0.28,17512,,17512.0,0.07840000000000001,DQB1,,,,
DQB1*06:02 / DQA1*01:01,DPB1*11:01 / DPA1*01:04,0.286,,0.286,2265,,2265.0,0.08179599999999998,DQB1,,,,
DQB1*06:02 / DQA1*01:01,DPB1*11:01 / DPA1*01:05,0.2,,0.2,2080,,2080.0,0.04000000000000001,DQB1,,,,
DQB1*06:02 / DQA1*01:01,DPB1*11:01 / DPA1*02:01,0.376,,0.376,3248,,3248.0,0.141376,DQB1,,,,
DQB1*06:02 / DQA1*01:01,DPB1*11:01 / DPA1*02:02,0.296,,0.296,14564,,14564.0,0.08761599999999999,DQB1,,,,
DQB1*06:02 / DQA1*01:01,DPB1*13:01 / DPA1*01:04,0.327,,0.327,1397,,1397.0,0.10692900000000001,DQB1,,,,
DQB1*06:02 / DQA1*01:01,DPB1*13:01 / DPA1*01:05,0.261,,0.261,2080,,2080.0,0.068121,DQB1,,,,
DQB1*06:02 / DQA1*01:01,DPB1*13:01 / DPA1*02:01,0.349,,0.349,20633,,20633.0,0.12180099999999998,DQB1,,,,
DQB1*06:02 / DQA1*01:01,DPB1*13:01 / DPA1*02:02,0.333,,0.333,15432,,15432.0,0.11088900000000002,DQB1,,,,
DQB1*06:02 / DQA1*01:01,DPB1*13:01 / DPA1*03:01,0.335,,0.335,15432,,15432.0,0.11222500000000002,DQB1,,,,
DQB1*06:02 / DQA1*01:01,DPB1*13:01 / DPA1*04:01,0.393,,0.393,3248,,3248.0,0.154449,DQB1,,,,
DQB1*06:02 / DQA1*01:01,DPB1*14:01 / DPA1*02:01,0.251,,0.251,20760,,20760.0,0.063001,DQB1,,,,
DQB1*06:02 / DQA1*01:01,DPB1*15:01 / DPA1*02:01,0.377,,0.377,20760,,20760.0,0.142129,DQB1,,,,
DQB1*06:02 / DQA1*01:01,DPB1*17:01 / DPA1*02:01,0.298,,0.298,20760,,20760.0,0.088804,DQB1,,,,
DQB1*06:02 / DQA1*01:01,DPB1*18:01 / DPA1*01:04,0.306,,0.306,19799,,19799.0,0.093636,DQB1,,,,
DQB1*06:02 / DQA1*01:01,DPB1*18:01 / DPA1*01:05,0.294,,0.294,19799,,19799.0,0.08643599999999999,DQB1,,,,
DQB1*06:02 / DQA1*01:01,DPB1*18:01 / DPA1*02:01,0.296,,0.296,20760,,20760.0,0.08761599999999999,DQB1,,,,
DQB1*06:02 / DQA1*01:01,DPB1*19:01 / DPA1*01:03,0.297,,0.297,17512,,17512.0,0.088209,DQB1,,,,
DQB1*06:02 / DQA1*01:01,DPB1*19:01 / DPA1*02:01,0.365,,0.365,3248,,3248.0,0.13322499999999998,DQB1,,,,
DQB1*06:02 / DQA1*01:01,DPB1*20:01 / DPA1*01:03,0.349,,0.349,2287,,2287.0,0.12180099999999998,DQB1,,,,
DQB1*06:02 / DQA1*01:01,DPB1*20:01 / DPA1*03:01,0.288,,0.288,15432,,15432.0,0.08294399999999999,DQB1,,,,
DQB1*06:02 / DQA1*01:01,DPB1*23:01 / DPA1*01:03,0.295,,0.295,15432,,15432.0,0.08702499999999999,DQB1,,,,
DQB1*06:02 / DQA1*01:01,DPB1*23:01 / DPA1*02:01,0.333,,0.333,5328,,5328.0,0.11088900000000002,DQB1,,,,
DQB1*06:02 / DQA1*01:01,DPB1*26:01 / DPA1*03:01,0.082,,0.082,0,,0.0,0.006724000000000001,DQB1,,,,
DQB1*06:02 / DQA1*01:01,DPB1*28:01 / DPA1*01:03,0.32,,0.32,15432,,15432.0,0.1024,DQB1,,,,
DQB1*06:02 / DQA1*01:01,DPB1*28:01 / DPA1*01:04,0.371,,0.371,2287,,2287.0,0.13764099999999999,DQB1,,,,
DQB1*06:02 / DQA1*01:01,DPB1*28:01 / DPA1*01:05,0.33,,0.33,17512,,17512.0,0.10890000000000001,DQB1,,,,
DQB1*06:02 / DQA1*01:01,DPB1*28:01 / DPA1*02:01,0.286,,0.286,2080,,2080.0,0.08179599999999998,DQB1,,,,
DQB1*06:02 / DQA1*01:01,DPB1*28:01 / DPA1*02:02,0.307,,0.307,1397,,1397.0,0.094249,DQB1,,,,
DQB1*06:02 / DQA1*01:01,DPB1*28:01 / DPA1*04:01,0.32,,0.32,15432,,15432.0,0.1024,DQB1,,,,
DQB1*06:02 / DQA1*01:01,DPB1*30:01 / DPA1*02:01,0.095,,0.095,0,,0.0,0.009025,DQB1,,,,
DQB1*06:02 / DQA1*01:01,DPB1*31:01 / DPA1*03:01,0.095,,0.095,0,,0.0,0.009025,DQB1,,,,
DQB1*06:02 / DQA1*01:01,DPB1*40:01 / DPA1*01:05,0.046,,0.046,0,,0.0,0.002116,DQB1,,,,
DQB1*06:02 / DQA1*01:01,DPB1*85:01 / DPA1*01:03,0.082,,0.082,0,,0.0,0.006724000000000001,DQB1,,,,
DQB1*06:02 / DQA1*01:01,DQB1*06:02 / DQA1*01:02,0.937,,0.937,20760,,20760.0,0.8779690000000001,DQB1,,,,
DQB1*06:02 / DQA1*01:01,DQB1*06:03 / DQA1*01:03,0.762,,0.762,20760,,20760.0,0.580644,DQB1,,,,
DQB1*06:02 / DQA1*01:01,DQB1*06:04 / DQA1*01:02,0.85,,0.85,20760,,20760.0,0.7224999999999999,DQB1,,,,
DQB1*06:02 / DQA1*01:01,DQB1*06:09 / DQA1*01:02,0.752,,0.752,20760,,20760.0,0.565504,DQB1,,,,
DQB1*06:02 / DQA1*01:02,DPB1*01:01 / DPA1*01:03,0.277,0.271,0.282,26198,6399.0,19799.0,0.07672900000000002,DQB1,,,,
DQB1*06:02 / DQA1*01:02,DPB1*01:01 / DPA1*02:01,0.259,0.27,0.262,27216,6398.0,20818.0,0.067081,DQB1,,,,
DQB1*06:02 / DQA1*01:02,DPB1*01:01 / DPA1*02:02,0.271,0.271,,6398,6398.0,,0.073441,DQB1,,,,
DQB1*06:02 / DQA1*01:02,DPB1*01:01 / DPA1*03:01,0.276,0.276,,6399,6399.0,,0.07617600000000001,DQB1,,,,
DQB1*06:02 / DQA1*01:02,DPB1*02:01 / DPA1*01:03,0.292,0.183,0.316,27216,6398.0,20818.0,0.08526399999999999,DQB1,,,,
DQB1*06:02 / DQA1*01:02,DPB1*02:02 / DPA1*01:03,0.032,,0.032,0,,0.0,0.001024,DQB1,,,,
DQB1*06:02 / DQA1*01:02,DPB1*02:02 / DPA1*02:01,0.425,,0.425,3553,,3553.0,0.18062499999999998,DQB1,,,,
DQB1*06:02 / DQA1*01:02,DPB1*03:01 / DPA1*01:03,0.269,0.244,0.275,27217,6399.0,20818.0,0.07236100000000001,DQB1,,,,
DQB1*06:02 / DQA1*01:02,DPB1*03:01 / DPA1*01:04,0.36,,0.36,2287,,2287.0,0.1296,DQB1,,,,
DQB1*06:02 / DQA1*01:02,DPB1*03:01 / DPA1*01:05,0.29,,0.29,17512,,17512.0,0.0841,DQB1,,,,
DQB1*06:02 / DQA1*01:02,DPB1*03:01 / DPA1*02:01,0.301,,0.301,18909,,18909.0,0.09060099999999999,DQB1,,,,
DQB1*06:02 / DQA1*01:02,DPB1*04:01 / DPA1*01:03,0.302,0.162,0.331,27217,6399.0,20818.0,0.091204,DQB1,,,,
DQB1*06:02 / DQA1*01:02,DPB1*04:01 / DPA1*02:01,0.215,0.215,,6398,6398.0,,0.046224999999999995,DQB1,,,,
DQB1*06:02 / DQA1*01:02,DPB1*04:01 / DPA1*02:02,0.238,0.238,,6398,6398.0,,0.05664399999999999,DQB1,,,,
DQB1*06:02 / DQA1*01:02,DPB1*04:01 / DPA1*03:01,0.191,0.191,,6399,6399.0,,0.036481,DQB1,,,,
DQB1*06:02 / DQA1*01:02,DPB1*04:01 / DPA1*04:01,0.229,0.229,,6399,6399.0,,0.052441,DQB1,,,,
DQB1*06:02 / DQA1*01:02,DPB1*04:02 / DPA1*01:03,0.292,0.207,0.31,27199,6398.0,20801.0,0.08526399999999999,DQB1,,,,
DQB1*06:02 / DQA1*01:02,DPB1*04:02 / DPA1*03:01,0.23,0.23,,6398,6398.0,,0.0529,DQB1,,,,
DQB1*06:02 / DQA1*01:02,DPB1*05:01 / DPA1*02:01,0.311,0.176,0.345,27216,6398.0,20818.0,0.096721,DQB1,,,,
DQB1*06:02 / DQA1*01:02,DPB1*05:01 / DPA1*02:02,0.248,0.227,0.258,21830,6398.0,15432.0,0.061503999999999996,DQB1,,,,
DQB1*06:02 / DQA1*01:02,DPB1*05:01 / DPA1*03:01,0.243,0.243,,6399,6399.0,,0.059049,DQB1,,,,
DQB1*06:02 / DQA1*01:02,DPB1*06:01 / DPA1*01:03,0.256,0.179,0.277,21831,6399.0,15432.0,0.065536,DQB1,,,,
DQB1*06:02 / DQA1*01:02,DPB1*06:01 / DPA1*02:01,0.296,,0.296,18909,,18909.0,0.08761599999999999,DQB1,,,,
DQB1*06:02 / DQA1*01:02,DPB1*09:01 / DPA1*02:01,0.275,0.239,0.284,27199,6398.0,20801.0,0.07562500000000001,DQB1,,,,
DQB1*06:02 / DQA1*01:02,DPB1*105:01 / DPA1*02:01,0.051,,0.051,0,,0.0,0.0026009999999999996,DQB1,,,,
DQB1*06:02 / DQA1*01:02,DPB1*107:01 / DPA1*02:01,0.093,,0.093,0,,0.0,0.008649,DQB1,,,,
DQB1*06:02 / DQA1*01:02,DPB1*10:01 / DPA1*02:01,0.329,,0.329,6254,,6254.0,0.108241,DQB1,,,,
DQB1*06:02 / DQA1*01:02,DPB1*10:01 / DPA1*02:02,0.274,,0.274,14564,,14564.0,0.07507600000000002,DQB1,,,,
DQB1*06:02 / DQA1*01:02,DPB1*11:01 / DPA1*01:03,0.284,,0.284,17512,,17512.0,0.08065599999999999,DQB1,,,,
DQB1*06:02 / DQA1*01:02,DPB1*11:01 / DPA1*01:04,0.271,,0.271,2265,,2265.0,0.073441,DQB1,,,,
DQB1*06:02 / DQA1*01:02,DPB1*11:01 / DPA1*01:05,0.214,,0.214,2080,,2080.0,0.045795999999999996,DQB1,,,,
DQB1*06:02 / DQA1*01:02,DPB1*11:01 / DPA1*02:01,0.278,0.184,0.409,9704,6398.0,3306.0,0.07728400000000002,DQB1,,,,
DQB1*06:02 / DQA1*01:02,DPB1*11:01 / DPA1*02:02,0.302,,0.302,14564,,14564.0,0.091204,DQB1,,,,
DQB1*06:02 / DQA1*01:02,DPB1*13:01 / DPA1*01:04,0.372,,0.372,1397,,1397.0,0.138384,DQB1,,,,
DQB1*06:02 / DQA1*01:02,DPB1*13:01 / DPA1*01:05,0.294,,0.294,2080,,2080.0,0.08643599999999999,DQB1,,,,
DQB1*06:02 / DQA1*01:02,DPB1*13:01 / DPA1*02:01,0.337,0.237,0.359,27031,6398.0,20633.0,0.11356900000000002,DQB1,,,,
DQB1*06:02 / DQA1*01:02,DPB1*13:01 / DPA1*02:02,0.33,,0.33,15432,,15432.0,0.10890000000000001,DQB1,,,,
DQB1*06:02 / DQA1*01:02,DPB1*13:01 / DPA1*03:01,0.335,,0.335,15432,,15432.0,0.11222500000000002,DQB1,,,,
DQB1*06:02 / DQA1*01:02,DPB1*13:01 / DPA1*04:01,0.324,0.238,0.456,9704,6398.0,3306.0,0.104976,DQB1,,,,
DQB1*06:02 / DQA1*01:02,DPB1*14:01 / DPA1*02:01,0.243,0.164,0.262,27199,6398.0,20801.0,0.059049,DQB1,,,,
DQB1*06:02 / DQA1*01:02,DPB1*15:01 / DPA1*02:01,0.362,0.28,0.38,27158,6398.0,20760.0,0.131044,DQB1,,,,
DQB1*06:02 / DQA1*01:02,DPB1*17:01 / DPA1*02:01,0.289,0.23,0.307,27216,6398.0,20818.0,0.08352099999999998,DQB1,,,,
DQB1*06:02 / DQA1*01:02,DPB1*18:01 / DPA1*01:03,0.201,0.201,,6399,6399.0,,0.040401000000000006,DQB1,,,,
DQB1*06:02 / DQA1*01:02,DPB1*18:01 / DPA1*01:04,0.298,,0.298,19799,,19799.0,0.088804,DQB1,,,,
DQB1*06:02 / DQA1*01:02,DPB1*18:01 / DPA1*01:05,0.294,,0.294,19799,,19799.0,0.08643599999999999,DQB1,,,,
DQB1*06:02 / DQA1*01:02,DPB1*18:01 / DPA1*02:01,0.304,,0.304,20760,,20760.0,0.092416,DQB1,,,,
DQB1*06:02 / DQA1*01:02,DPB1*19:01 / DPA1*01:03,0.284,,0.284,17512,,17512.0,0.08065599999999999,DQB1,,,,
DQB1*06:02 / DQA1*01:02,DPB1*19:01 / DPA1*02:01,0.234,0.136,0.4,9687,6398.0,3289.0,0.054756000000000006,DQB1,,,,
DQB1*06:02 / DQA1*01:02,DPB1*20:01 / DPA1*01:03,0.392,,0.392,2287,,2287.0,0.15366400000000002,DQB1,,,,
DQB1*06:02 / DQA1*01:02,DPB1*20:01 / DPA1*03:01,0.294,,0.294,15432,,15432.0,0.08643599999999999,DQB1,,,,
DQB1*06:02 / DQA1*01:02,DPB1*23:01 / DPA1*01:03,0.302,,0.302,15432,,15432.0,0.091204,DQB1,,,,
DQB1*06:02 / DQA1*01:02,DPB1*23:01 / DPA1*02:01,0.4,,0.4,5328,,5328.0,0.16000000000000003,DQB1,,,,
DQB1*06:02 / DQA1*01:02,DPB1*26:01 / DPA1*03:01,0.074,,0.074,0,,0.0,0.005475999999999999,DQB1,,,,
DQB1*06:02 / DQA1*01:02,DPB1*28:01 / DPA1*01:03,0.308,,0.308,15432,,15432.0,0.094864,DQB1,,,,
DQB1*06:02 / DQA1*01:02,DPB1*28:01 / DPA1*01:04,0.373,,0.373,2287,,2287.0,0.139129,DQB1,,,,
DQB1*06:02 / DQA1*01:02,DPB1*28:01 / DPA1*01:05,0.313,,0.313,17512,,17512.0,0.097969,DQB1,,,,
DQB1*06:02 / DQA1*01:02,DPB1*28:01 / DPA1*02:01,0.299,,0.299,2080,,2080.0,0.089401,DQB1,,,,
DQB1*06:02 / DQA1*01:02,DPB1*28:01 / DPA1*02:02,0.247,0.221,0.347,7794,6397.0,1397.0,0.061009,DQB1,,,,
DQB1*06:02 / DQA1*01:02,DPB1*28:01 / DPA1*04:01,0.316,,0.316,15432,,15432.0,0.099856,DQB1,,,,
DQB1*06:02 / DQA1*01:02,DPB1*30:01 / DPA1*02:01,0.092,,0.092,0,,0.0,0.008464,DQB1,,,,
DQB1*06:02 / DQA1*01:02,DPB1*31:01 / DPA1*03:01,0.087,,0.087,0,,0.0,0.007568999999999999,DQB1,,,,
DQB1*06:02 / DQA1*01:02,DPB1*40:01 / DPA1*01:05,0.036,,0.036,0,,0.0,0.0012959999999999998,DQB1,,,,
DQB1*06:02 / DQA1*01:02,DPB1*85:01 / DPA1*01:03,0.074,,0.074,0,,0.0,0.005475999999999999,DQB1,,,,
DQB1*06:02 / DQA1*01:02,DQB1*06:03 / DQA1*01:03,0.779,0.801,0.785,27158,6398.0,20760.0,0.6068410000000001,DQB1,,,,
DQB1*06:02 / DQA1*01:02,DQB1*06:04 / DQA1*01:02,0.808,0.751,0.852,27159,6399.0,20760.0,0.6528640000000001,DQB1,,,,
DQB1*06:02 / DQA1*01:02,DQB1*06:09 / DQA1*01:02,0.767,,0.767,20760,,20760.0,0.5882890000000001,DQB1,,,,
DQB1*06:03 / DQA1*01:03,DPB1*01:01 / DPA1*01:03,0.24,0.293,0.235,26197,6398.0,19799.0,0.0576,DQB1,,,,
DQB1*06:03 / DQA1*01:03,DPB1*01:01 / DPA1*02:01,0.199,0.24,0.207,27157,6397.0,20760.0,0.039601000000000004,DQB1,,,,
DQB1*06:03 / DQA1*01:03,DPB1*01:01 / DPA1*02:02,0.258,0.258,,6397,6397.0,,0.066564,DQB1,,,,
DQB1*06:03 / DQA1*01:03,DPB1*01:01 / DPA1*03:01,0.289,0.289,,6398,6398.0,,0.08352099999999998,DQB1,,,,
DQB1*06:03 / DQA1*01:03,DPB1*02:01 / DPA1*01:03,0.194,0.21,0.189,27157,6397.0,20760.0,0.037636,DQB1,,,,
DQB1*06:03 / DQA1*01:03,DPB1*02:02 / DPA1*01:03,0.025,,0.025,0,,0.0,0.0006250000000000001,DQB1,,,,
DQB1*06:03 / DQA1*01:03,DPB1*02:02 / DPA1*02:01,0.283,,0.283,3553,,3553.0,0.08008899999999998,DQB1,,,,
DQB1*06:03 / DQA1*01:03,DPB1*03:01 / DPA1*01:03,0.233,0.27,0.221,27158,6398.0,20760.0,0.054289000000000004,DQB1,,,,
DQB1*06:03 / DQA1*01:03,DPB1*03:01 / DPA1*01:04,0.249,,0.249,2287,,2287.0,0.062001,DQB1,,,,
DQB1*06:03 / DQA1*01:03,DPB1*03:01 / DPA1*01:05,0.226,,0.226,17512,,17512.0,0.051076,DQB1,,,,
DQB1*06:03 / DQA1*01:03,DPB1*03:01 / DPA1*02:01,0.238,,0.238,18909,,18909.0,0.05664399999999999,DQB1,,,,
DQB1*06:03 / DQA1*01:03,DPB1*04:01 / DPA1*01:03,0.196,0.17,0.195,27158,6398.0,20760.0,0.038416000000000006,DQB1,,,,
DQB1*06:03 / DQA1*01:03,DPB1*04:01 / DPA1*02:01,0.275,0.275,,6397,6397.0,,0.07562500000000001,DQB1,,,,
DQB1*06:03 / DQA1*01:03,DPB1*04:01 / DPA1*02:02,0.297,0.297,,6397,6397.0,,0.088209,DQB1,,,,
DQB1*06:03 / DQA1*01:03,DPB1*04:01 / DPA1*03:01,0.217,0.217,,6398,6398.0,,0.047089,DQB1,,,,
DQB1*06:03 / DQA1*01:03,DPB1*04:01 / DPA1*04:01,0.261,0.261,,6398,6398.0,,0.068121,DQB1,,,,
DQB1*06:03 / DQA1*01:03,DPB1*04:02 / DPA1*01:03,0.178,0.233,0.165,27157,6397.0,20760.0,0.031684,DQB1,,,,
DQB1*06:03 / DQA1*01:03,DPB1*04:02 / DPA1*03:01,0.257,0.257,,6397,6397.0,,0.066049,DQB1,,,,
DQB1*06:03 / DQA1*01:03,DPB1*05:01 / DPA1*02:01,0.241,0.197,0.269,27157,6397.0,20760.0,0.058080999999999994,DQB1,,,,
DQB1*06:03 / DQA1*01:03,DPB1*05:01 / DPA1*02:02,0.214,0.284,0.218,21829,6397.0,15432.0,0.045795999999999996,DQB1,,,,
DQB1*06:03 / DQA1*01:03,DPB1*05:01 / DPA1*03:01,0.232,0.232,,6398,6398.0,,0.053824000000000004,DQB1,,,,
DQB1*06:03 / DQA1*01:03,DPB1*06:01 / DPA1*01:03,0.23,0.192,0.241,21830,6398.0,15432.0,0.0529,DQB1,,,,
DQB1*06:03 / DQA1*01:03,DPB1*06:01 / DPA1*02:01,0.241,,0.241,18909,,18909.0,0.058080999999999994,DQB1,,,,
DQB1*06:03 / DQA1*01:03,DPB1*09:01 / DPA1*02:01,0.259,0.26,0.254,27157,6397.0,20760.0,0.067081,DQB1,,,,
DQB1*06:03 / DQA1*01:03,DPB1*105:01 / DPA1*02:01,0.063,,0.063,0,,0.0,0.003969,DQB1,,,,
DQB1*06:03 / DQA1*01:03,DPB1*107:01 / DPA1*02:01,0.117,,0.117,0,,0.0,0.013689000000000002,DQB1,,,,
DQB1*06:03 / DQA1*01:03,DPB1*10:01 / DPA1*02:01,0.232,,0.232,6196,,6196.0,0.053824000000000004,DQB1,,,,
DQB1*06:03 / DQA1*01:03,DPB1*10:01 / DPA1*02:02,0.231,,0.231,14564,,14564.0,0.053361000000000006,DQB1,,,,
DQB1*06:03 / DQA1*01:03,DPB1*11:01 / DPA1*01:03,0.207,,0.207,17512,,17512.0,0.042849,DQB1,,,,
DQB1*06:03 / DQA1*01:03,DPB1*11:01 / DPA1*01:04,0.22,,0.22,2265,,2265.0,0.0484,DQB1,,,,
DQB1*06:03 / DQA1*01:03,DPB1*11:01 / DPA1*01:05,0.126,,0.126,2080,,2080.0,0.015876,DQB1,,,,
DQB1*06:03 / DQA1*01:03,DPB1*11:01 / DPA1*02:01,0.216,0.182,0.274,9645,6397.0,3248.0,0.046655999999999996,DQB1,,,,
DQB1*06:03 / DQA1*01:03,DPB1*11:01 / DPA1*02:02,0.221,,0.221,14564,,14564.0,0.048841,DQB1,,,,
DQB1*06:03 / DQA1*01:03,DPB1*13:01 / DPA1*01:04,0.295,,0.295,1397,,1397.0,0.08702499999999999,DQB1,,,,
DQB1*06:03 / DQA1*01:03,DPB1*13:01 / DPA1*01:05,0.172,,0.172,2080,,2080.0,0.029583999999999996,DQB1,,,,
DQB1*06:03 / DQA1*01:03,DPB1*13:01 / DPA1*02:01,0.257,0.238,0.258,27030,6397.0,20633.0,0.066049,DQB1,,,,
DQB1*06:03 / DQA1*01:03,DPB1*13:01 / DPA1*02:02,0.254,,0.254,15432,,15432.0,0.064516,DQB1,,,,
DQB1*06:03 / DQA1*01:03,DPB1*13:01 / DPA1*03:01,0.254,,0.254,15432,,15432.0,0.064516,DQB1,,,,
DQB1*06:03 / DQA1*01:03,DPB1*13:01 / DPA1*04:01,0.287,0.265,0.314,9645,6397.0,3248.0,0.08236899999999998,DQB1,,,,
DQB1*06:03 / DQA1*01:03,DPB1*14:01 / DPA1*02:01,0.22,0.117,0.223,27157,6397.0,20760.0,0.0484,DQB1,,,,
DQB1*06:03 / DQA1*01:03,DPB1*15:01 / DPA1*02:01,0.262,0.324,0.258,27157,6397.0,20760.0,0.06864400000000001,DQB1,,,,
DQB1*06:03 / DQA1*01:03,DPB1*17:01 / DPA1*02:01,0.262,0.251,0.255,27157,6397.0,20760.0,0.06864400000000001,DQB1,,,,
DQB1*06:03 / DQA1*01:03,DPB1*18:01 / DPA1*01:03,0.19,0.19,,6398,6398.0,,0.0361,DQB1,,,,
DQB1*06:03 / DQA1*01:03,DPB1*18:01 / DPA1*01:04,0.207,,0.207,19799,,19799.0,0.042849,DQB1,,,,
DQB1*06:03 / DQA1*01:03,DPB1*18:01 / DPA1*01:05,0.209,,0.209,19799,,19799.0,0.043681,DQB1,,,,
DQB1*06:03 / DQA1*01:03,DPB1*18:01 / DPA1*02:01,0.26,,0.26,20760,,20760.0,0.06760000000000001,DQB1,,,,
DQB1*06:03 / DQA1*01:03,DPB1*19:01 / DPA1*01:03,0.197,,0.197,17512,,17512.0,0.038809,DQB1,,,,
DQB1*06:03 / DQA1*01:03,DPB1*19:01 / DPA1*02:01,0.168,0.137,0.26,9645,6397.0,3248.0,0.028224000000000003,DQB1,,,,
DQB1*06:03 / DQA1*01:03,DPB1*20:01 / DPA1*01:03,0.261,,0.261,2287,,2287.0,0.068121,DQB1,,,,
DQB1*06:03 / DQA1*01:03,DPB1*20:01 / DPA1*03:01,0.229,,0.229,15432,,15432.0,0.052441,DQB1,,,,
DQB1*06:03 / DQA1*01:03,DPB1*23:01 / DPA1*01:03,0.172,,0.172,15432,,15432.0,0.029583999999999996,DQB1,,,,
DQB1*06:03 / DQA1*01:03,DPB1*23:01 / DPA1*02:01,0.245,,0.245,5328,,5328.0,0.060024999999999995,DQB1,,,,
DQB1*06:03 / DQA1*01:03,DPB1*26:01 / DPA1*03:01,0.077,,0.077,0,,0.0,0.005929,DQB1,,,,
DQB1*06:03 / DQA1*01:03,DPB1*28:01 / DPA1*01:03,0.189,,0.189,15432,,15432.0,0.035721,DQB1,,,,
DQB1*06:03 / DQA1*01:03,DPB1*28:01 / DPA1*01:04,0.215,,0.215,2287,,2287.0,0.046224999999999995,DQB1,,,,
DQB1*06:03 / DQA1*01:03,DPB1*28:01 / DPA1*01:05,0.194,,0.194,17512,,17512.0,0.037636,DQB1,,,,
DQB1*06:03 / DQA1*01:03,DPB1*28:01 / DPA1*02:01,0.177,,0.177,2080,,2080.0,0.031328999999999996,DQB1,,,,
DQB1*06:03 / DQA1*01:03,DPB1*28:01 / DPA1*02:02,0.274,0.264,0.268,7793,6396.0,1397.0,0.07507600000000002,DQB1,,,,
DQB1*06:03 / DQA1*01:03,DPB1*28:01 / DPA1*04:01,0.225,,0.225,15432,,15432.0,0.050625,DQB1,,,,
DQB1*06:03 / DQA1*01:03,DPB1*30:01 / DPA1*02:01,0.113,,0.113,0,,0.0,0.012769,DQB1,,,,
DQB1*06:03 / DQA1*01:03,DPB1*31:01 / DPA1*03:01,0.1,,0.1,0,,0.0,0.010000000000000002,DQB1,,,,
DQB1*06:03 / DQA1*01:03,DPB1*40:01 / DPA1*01:05,0.046,,0.046,0,,0.0,0.002116,DQB1,,,,
DQB1*06:03 / DQA1*01:03,DPB1*85:01 / DPA1*01:03,0.075,,0.075,0,,0.0,0.005625,DQB1,,,,
DQB1*06:03 / DQA1*01:03,DQB1*06:04 / DQA1*01:02,0.745,0.757,0.733,27158,6398.0,20760.0,0.555025,DQB1,,,,
DQB1*06:03 / DQA1*01:03,DQB1*06:09 / DQA1*01:02,0.82,,0.82,20760,,20760.0,0.6723999999999999,DQB1,,,,
DQB1*06:04 / DQA1*01:02,DPB1*01:01 / DPA1*01:03,0.301,0.37,0.305,26198,6399.0,19799.0,0.09060099999999999,DQB1,,,,
DQB1*06:04 / DQA1*01:02,DPB1*01:01 / DPA1*02:01,0.25,0.332,0.282,27158,6398.0,20760.0,0.0625,DQB1,,,,
DQB1*06:04 / DQA1*01:02,DPB1*01:01 / DPA1*02:02,0.344,0.344,,6398,6398.0,,0.11833599999999998,DQB1,,,,
DQB1*06:04 / DQA1*01:02,DPB1*01:01 / DPA1*03:01,0.353,0.353,,6399,6399.0,,0.12460899999999998,DQB1,,,,
DQB1*06:04 / DQA1*01:02,DPB1*02:01 / DPA1*01:03,0.276,0.242,0.292,27158,6398.0,20760.0,0.07617600000000001,DQB1,,,,
DQB1*06:04 / DQA1*01:02,DPB1*02:02 / DPA1*01:03,0.024,,0.024,0,,0.0,0.000576,DQB1,,,,
DQB1*06:04 / DQA1*01:02,DPB1*02:02 / DPA1*02:01,0.375,,0.375,3553,,3553.0,0.140625,DQB1,,,,
DQB1*06:04 / DQA1*01:02,DPB1*03:01 / DPA1*01:03,0.316,0.322,0.309,27159,6399.0,20760.0,0.099856,DQB1,,,,
DQB1*06:04 / DQA1*01:02,DPB1*03:01 / DPA1*01:04,0.341,,0.341,2287,,2287.0,0.11628100000000002,DQB1,,,,
DQB1*06:04 / DQA1*01:02,DPB1*03:01 / DPA1*01:05,0.319,,0.319,17512,,17512.0,0.101761,DQB1,,,,
DQB1*06:04 / DQA1*01:02,DPB1*03:01 / DPA1*02:01,0.31,,0.31,18909,,18909.0,0.0961,DQB1,,,,
DQB1*06:04 / DQA1*01:02,DPB1*04:01 / DPA1*01:03,0.294,0.21,0.311,27159,6399.0,20760.0,0.08643599999999999,DQB1,,,,
DQB1*06:04 / DQA1*01:02,DPB1*04:01 / DPA1*02:01,0.302,0.302,,6398,6398.0,,0.091204,DQB1,,,,
DQB1*06:04 / DQA1*01:02,DPB1*04:01 / DPA1*02:02,0.359,0.359,,6398,6398.0,,0.128881,DQB1,,,,
DQB1*06:04 / DQA1*01:02,DPB1*04:01 / DPA1*03:01,0.259,0.259,,6399,6399.0,,0.067081,DQB1,,,,
DQB1*06:04 / DQA1*01:02,DPB1*04:01 / DPA1*04:01,0.337,0.337,,6399,6399.0,,0.11356900000000002,DQB1,,,,
DQB1*06:04 / DQA1*01:02,DPB1*04:02 / DPA1*01:03,0.281,0.283,0.289,27158,6398.0,20760.0,0.07896100000000002,DQB1,,,,
DQB1*06:04 / DQA1*01:02,DPB1*04:02 / DPA1*03:01,0.293,0.293,,6398,6398.0,,0.085849,DQB1,,,,
DQB1*06:04 / DQA1*01:02,DPB1*05:01 / DPA1*02:01,0.286,0.255,0.354,27158,6398.0,20760.0,0.08179599999999998,DQB1,,,,
DQB1*06:04 / DQA1*01:02,DPB1*05:01 / DPA1*02:02,0.242,0.34,0.288,21830,6398.0,15432.0,0.058564,DQB1,,,,
DQB1*06:04 / DQA1*01:02,DPB1*05:01 / DPA1*03:01,0.312,0.312,,6399,6399.0,,0.097344,DQB1,,,,
DQB1*06:04 / DQA1*01:02,DPB1*06:01 / DPA1*01:03,0.303,0.266,0.325,21831,6399.0,15432.0,0.091809,DQB1,,,,
DQB1*06:04 / DQA1*01:02,DPB1*06:01 / DPA1*02:01,0.325,,0.325,18909,,18909.0,0.10562500000000001,DQB1,,,,
DQB1*06:04 / DQA1*01:02,DPB1*09:01 / DPA1*02:01,0.316,0.356,0.3,27158,6398.0,20760.0,0.099856,DQB1,,,,
DQB1*06:04 / DQA1*01:02,DPB1*105:01 / DPA1*02:01,0.016,,0.016,0,,0.0,0.000256,DQB1,,,,
DQB1*06:04 / DQA1*01:02,DPB1*107:01 / DPA1*02:01,0.119,,0.119,0,,0.0,0.014160999999999998,DQB1,,,,
DQB1*06:04 / DQA1*01:02,DPB1*10:01 / DPA1*02:01,0.324,,0.324,6196,,6196.0,0.104976,DQB1,,,,
DQB1*06:04 / DQA1*01:02,DPB1*10:01 / DPA1*02:02,0.308,,0.308,14564,,14564.0,0.094864,DQB1,,,,
DQB1*06:04 / DQA1*01:02,DPB1*11:01 / DPA1*01:03,0.329,,0.329,17512,,17512.0,0.108241,DQB1,,,,
DQB1*06:04 / DQA1*01:02,DPB1*11:01 / DPA1*01:04,0.323,,0.323,2265,,2265.0,0.104329,DQB1,,,,
DQB1*06:04 / DQA1*01:02,DPB1*11:01 / DPA1*01:05,0.249,,0.249,2080,,2080.0,0.062001,DQB1,,,,
DQB1*06:04 / DQA1*01:02,DPB1*11:01 / DPA1*02:01,0.266,0.214,0.392,9646,6398.0,3248.0,0.07075600000000001,DQB1,,,,
DQB1*06:04 / DQA1*01:02,DPB1*11:01 / DPA1*02:02,0.331,,0.331,14564,,14564.0,0.109561,DQB1,,,,
DQB1*06:04 / DQA1*01:02,DPB1*13:01 / DPA1*01:04,0.322,,0.322,1397,,1397.0,0.10368400000000001,DQB1,,,,
DQB1*06:04 / DQA1*01:02,DPB1*13:01 / DPA1*01:05,0.269,,0.269,2080,,2080.0,0.07236100000000001,DQB1,,,,
DQB1*06:04 / DQA1*01:02,DPB1*13:01 / DPA1*02:01,0.361,0.352,0.376,27031,6398.0,20633.0,0.130321,DQB1,,,,
DQB1*06:04 / DQA1*01:02,DPB1*13:01 / DPA1*02:02,0.348,,0.348,15432,,15432.0,0.12110399999999999,DQB1,,,,
DQB1*06:04 / DQA1*01:02,DPB1*13:01 / DPA1*03:01,0.398,,0.398,15432,,15432.0,0.15840400000000002,DQB1,,,,
DQB1*06:04 / DQA1*01:02,DPB1*13:01 / DPA1*04:01,0.378,0.39,0.429,9646,6398.0,3248.0,0.142884,DQB1,,,,
DQB1*06:04 / DQA1*01:02,DPB1*14:01 / DPA1*02:01,0.28,0.167,0.27,27158,6398.0,20760.0,0.07840000000000001,DQB1,,,,
DQB1*06:04 / DQA1*01:02,DPB1*15:01 / DPA1*02:01,0.369,0.392,0.4,27158,6398.0,20760.0,0.136161,DQB1,,,,
DQB1*06:04 / DQA1*01:02,DPB1*17:01 / DPA1*02:01,0.349,0.378,0.329,27158,6398.0,20760.0,0.12180099999999998,DQB1,,,,
DQB1*06:04 / DQA1*01:02,DPB1*18:01 / DPA1*01:03,0.237,0.237,,6399,6399.0,,0.056169,DQB1,,,,
DQB1*06:04 / DQA1*01:02,DPB1*18:01 / DPA1*01:04,0.299,,0.299,19799,,19799.0,0.089401,DQB1,,,,
DQB1*06:04 / DQA1*01:02,DPB1*18:01 / DPA1*01:05,0.29,,0.29,19799,,19799.0,0.0841,DQB1,,,,
DQB1*06:04 / DQA1*01:02,DPB1*18:01 / DPA1*02:01,0.307,,0.307,20760,,20760.0,0.094249,DQB1,,,,
DQB1*06:04 / DQA1*01:02,DPB1*19:01 / DPA1*01:03,0.299,,0.299,17512,,17512.0,0.089401,DQB1,,,,
DQB1*06:04 / DQA1*01:02,DPB1*19:01 / DPA1*02:01,0.173,0.126,0.337,9646,6398.0,3248.0,0.029928999999999997,DQB1,,,,
DQB1*06:04 / DQA1*01:02,DPB1*20:01 / DPA1*01:03,0.385,,0.385,2287,,2287.0,0.148225,DQB1,,,,
DQB1*06:04 / DQA1*01:02,DPB1*20:01 / DPA1*03:01,0.318,,0.318,15432,,15432.0,0.101124,DQB1,,,,
DQB1*06:04 / DQA1*01:02,DPB1*23:01 / DPA1*01:03,0.301,,0.301,15432,,15432.0,0.09060099999999999,DQB1,,,,
DQB1*06:04 / DQA1*01:02,DPB1*23:01 / DPA1*02:01,0.37,,0.37,5328,,5328.0,0.1369,DQB1,,,,
DQB1*06:04 / DQA1*01:02,DPB1*26:01 / DPA1*03:01,0.088,,0.088,0,,0.0,0.007743999999999999,DQB1,,,,
DQB1*06:04 / DQA1*01:02,DPB1*28:01 / DPA1*01:03,0.286,,0.286,15432,,15432.0,0.08179599999999998,DQB1,,,,
DQB1*06:04 / DQA1*01:02,DPB1*28:01 / DPA1*01:04,0.305,,0.305,2287,,2287.0,0.093025,DQB1,,,,
DQB1*06:04 / DQA1*01:02,DPB1*28:01 / DPA1*01:05,0.313,,0.313,17512,,17512.0,0.097969,DQB1,,,,
DQB1*06:04 / DQA1*01:02,DPB1*28:01 / DPA1*02:01,0.258,,0.258,2080,,2080.0,0.066564,DQB1,,,,
DQB1*06:04 / DQA1*01:02,DPB1*28:01 / DPA1*02:02,0.32,0.316,0.283,7794,6397.0,1397.0,0.1024,DQB1,,,,
DQB1*06:04 / DQA1*01:02,DPB1*28:01 / DPA1*04:01,0.318,,0.318,15432,,15432.0,0.101124,DQB1,,,,
DQB1*06:04 / DQA1*01:02,DPB1*30:01 / DPA1*02:01,0.102,,0.102,0,,0.0,0.010403999999999998,DQB1,,,,
DQB1*06:04 / DQA1*01:02,DPB1*31:01 / DPA1*03:01,0.107,,0.107,0,,0.0,0.011448999999999999,DQB1,,,,
DQB1*06:04 / DQA1*01:02,DPB1*40:01 / DPA1*01:05,0.019,,0.019,0,,0.0,0.000361,DQB1,,,,
DQB1*06:04 / DQA1*01:02,DPB1*85:01 / DPA1*01:03,0.088,,0.088,0,,0.0,0.007743999999999999,DQB1,,,,
DQB1*06:04 / DQA1*01:02,DQB1*06:09 / DQA1*01:02,0.81,,0.81,20760,,20760.0,0.6561000000000001,DQB1,,,,
DQB1*06:09 / DQA1*01:02,DPB1*01:01 / DPA1*01:03,0.271,,0.271,19799,,19799.0,0.073441,DQB1,,,,
DQB1*06:09 / DQA1*01:02,DPB1*01:01 / DPA1*02:01,0.255,,0.255,20760,,20760.0,0.065025,DQB1,,,,
DQB1*06:09 / DQA1*01:02,DPB1*02:01 / DPA1*01:03,0.214,,0.214,20760,,20760.0,0.045795999999999996,DQB1,,,,
DQB1*06:09 / DQA1*01:02,DPB1*02:02 / DPA1*01:03,0.014,,0.014,0,,0.0,0.00019600000000000002,DQB1,,,,
DQB1*06:09 / DQA1*01:02,DPB1*02:02 / DPA1*02:01,0.301,,0.301,3553,,3553.0,0.09060099999999999,DQB1,,,,
DQB1*06:09 / DQA1*01:02,DPB1*03:01 / DPA1*01:03,0.287,,0.287,20760,,20760.0,0.08236899999999998,DQB1,,,,
DQB1*06:09 / DQA1*01:02,DPB1*03:01 / DPA1*01:04,0.366,,0.366,2287,,2287.0,0.133956,DQB1,,,,
DQB1*06:09 / DQA1*01:02,DPB1*03:01 / DPA1*01:05,0.28,,0.28,17512,,17512.0,0.07840000000000001,DQB1,,,,
DQB1*06:09 / DQA1*01:02,DPB1*03:01 / DPA1*02:01,0.295,,0.295,18909,,18909.0,0.08702499999999999,DQB1,,,,
DQB1*06:09 / DQA1*01:02,DPB1*04:01 / DPA1*01:03,0.244,,0.244,20760,,20760.0,0.059536,DQB1,,,,
DQB1*06:09 / DQA1*01:02,DPB1*04:02 / DPA1*01:03,0.198,,0.198,20760,,20760.0,0.039204,DQB1,,,,
DQB1*06:09 / DQA1*01:02,DPB1*05:01 / DPA1*02:01,0.331,,0.331,20760,,20760.0,0.109561,DQB1,,,,
DQB1*06:09 / DQA1*01:02,DPB1*05:01 / DPA1*02:02,0.254,,0.254,15432,,15432.0,0.064516,DQB1,,,,
DQB1*06:09 / DQA1*01:02,DPB1*06:01 / DPA1*01:03,0.281,,0.281,15432,,15432.0,0.07896100000000002,DQB1,,,,
DQB1*06:09 / DQA1*01:02,DPB1*06:01 / DPA1*02:01,0.293,,0.293,18909,,18909.0,0.085849,DQB1,,,,
DQB1*06:09 / DQA1*01:02,DPB1*09:01 / DPA1*02:01,0.321,,0.321,20760,,20760.0,0.10304100000000001,DQB1,,,,
DQB1*06:09 / DQA1*01:02,DPB1*105:01 / DPA1*02:01,0.033,,0.033,0,,0.0,0.0010890000000000001,DQB1,,,,
DQB1*06:09 / DQA1*01:02,DPB1*107:01 / DPA1*02:01,0.147,,0.147,0,,0.0,0.021608999999999996,DQB1,,,,
DQB1*06:09 / DQA1*01:02,DPB1*10:01 / DPA1*02:01,0.308,,0.308,6196,,6196.0,0.094864,DQB1,,,,
DQB1*06:09 / DQA1*01:02,DPB1*10:01 / DPA1*02:02,0.273,,0.273,14564,,14564.0,0.07452900000000001,DQB1,,,,
DQB1*06:09 / DQA1*01:02,DPB1*11:01 / DPA1*01:03,0.258,,0.258,17512,,17512.0,0.066564,DQB1,,,,
DQB1*06:09 / DQA1*01:02,DPB1*11:01 / DPA1*01:04,0.299,,0.299,2265,,2265.0,0.089401,DQB1,,,,
DQB1*06:09 / DQA1*01:02,DPB1*11:01 / DPA1*01:05,0.212,,0.212,2080,,2080.0,0.044944,DQB1,,,,
DQB1*06:09 / DQA1*01:02,DPB1*11:01 / DPA1*02:01,0.33,,0.33,3248,,3248.0,0.10890000000000001,DQB1,,,,
DQB1*06:09 / DQA1*01:02,DPB1*11:01 / DPA1*02:02,0.263,,0.263,14564,,14564.0,0.06916900000000001,DQB1,,,,
DQB1*06:09 / DQA1*01:02,DPB1*13:01 / DPA1*01:04,0.38,,0.38,1397,,1397.0,0.1444,DQB1,,,,
DQB1*06:09 / DQA1*01:02,DPB1*13:01 / DPA1*01:05,0.254,,0.254,2080,,2080.0,0.064516,DQB1,,,,
DQB1*06:09 / DQA1*01:02,DPB1*13:01 / DPA1*02:01,0.314,,0.314,20633,,20633.0,0.098596,DQB1,,,,
DQB1*06:09 / DQA1*01:02,DPB1*13:01 / DPA1*02:02,0.297,,0.297,15432,,15432.0,0.088209,DQB1,,,,
DQB1*06:09 / DQA1*01:02,DPB1*13:01 / DPA1*03:01,0.303,,0.303,15432,,15432.0,0.091809,DQB1,,,,
DQB1*06:09 / DQA1*01:02,DPB1*13:01 / DPA1*04:01,0.398,,0.398,3248,,3248.0,0.15840400000000002,DQB1,,,,
DQB1*06:09 / DQA1*01:02,DPB1*14:01 / DPA1*02:01,0.265,,0.265,20760,,20760.0,0.07022500000000001,DQB1,,,,
DQB1*06:09 / DQA1*01:02,DPB1*15:01 / DPA1*02:01,0.32,,0.32,20760,,20760.0,0.1024,DQB1,,,,
DQB1*06:09 / DQA1*01:02,DPB1*17:01 / DPA1*02:01,0.308,,0.308,20760,,20760.0,0.094864,DQB1,,,,
DQB1*06:09 / DQA1*01:02,DPB1*18:01 / DPA1*01:04,0.255,,0.255,19799,,19799.0,0.065025,DQB1,,,,
DQB1*06:09 / DQA1*01:02,DPB1*18:01 / DPA1*01:05,0.245,,0.245,19799,,19799.0,0.060024999999999995,DQB1,,,,
DQB1*06:09 / DQA1*01:02,DPB1*18:01 / DPA1*02:01,0.313,,0.313,20760,,20760.0,0.097969,DQB1,,,,
DQB1*06:09 / DQA1*01:02,DPB1*19:01 / DPA1*01:03,0.274,,0.274,17512,,17512.0,0.07507600000000002,DQB1,,,,
DQB1*06:09 / DQA1*01:02,DPB1*19:01 / DPA1*02:01,0.334,,0.334,3248,,3248.0,0.11155600000000002,DQB1,,,,
DQB1*06:09 / DQA1*01:02,DPB1*20:01 / DPA1*01:03,0.384,,0.384,2287,,2287.0,0.147456,DQB1,,,,
DQB1*06:09 / DQA1*01:02,DPB1*20:01 / DPA1*03:01,0.277,,0.277,15432,,15432.0,0.07672900000000002,DQB1,,,,
DQB1*06:09 / DQA1*01:02,DPB1*23:01 / DPA1*01:03,0.222,,0.222,15432,,15432.0,0.049284,DQB1,,,,
DQB1*06:09 / DQA1*01:02,DPB1*23:01 / DPA1*02:01,0.31,,0.31,5328,,5328.0,0.0961,DQB1,,,,
DQB1*06:09 / DQA1*01:02,DPB1*26:01 / DPA1*03:01,0.104,,0.104,0,,0.0,0.010816,DQB1,,,,
DQB1*06:09 / DQA1*01:02,DPB1*28:01 / DPA1*01:03,0.211,,0.211,15432,,15432.0,0.044521,DQB1,,,,
DQB1*06:09 / DQA1*01:02,DPB1*28:01 / DPA1*01:04,0.3,,0.3,2287,,2287.0,0.09,DQB1,,,,
DQB1*06:09 / DQA1*01:02,DPB1*28:01 / DPA1*01:05,0.227,,0.227,17512,,17512.0,0.051529000000000005,DQB1,,,,
DQB1*06:09 / DQA1*01:02,DPB1*28:01 / DPA1*02:01,0.25,,0.25,2080,,2080.0,0.0625,DQB1,,,,
DQB1*06:09 / DQA1*01:02,DPB1*28:01 / DPA1*02:02,0.34,,0.34,1397,,1397.0,0.11560000000000002,DQB1,,,,
DQB1*06:09 / DQA1*01:02,DPB1*28:01 / DPA1*04:01,0.268,,0.268,15432,,15432.0,0.07182400000000001,DQB1,,,,
DQB1*06:09 / DQA1*01:02,DPB1*30:01 / DPA1*02:01,0.125,,0.125,0,,0.0,0.015625,DQB1,,,,
DQB1*06:09 / DQA1*01:02,DPB1*31:01 / DPA1*03:01,0.123,,0.123,0,,0.0,0.015129,DQB1,,,,
DQB1*06:09 / DQA1*01:02,DPB1*40:01 / DPA1*01:05,0.024,,0.024,0,,0.0,0.000576,DQB1,,,,
DQB1*06:09 / DQA1*01:02,DPB1*85:01 / DPA1*01:03,0.108,,0.108,0,,0.0,0.011663999999999999,DQB1,,,,
DRB1*01:01,DPB1*01:01 / DPA1*01:03,0.287,0.343,0.28,26198,6399.0,19799.0,0.08236899999999998,DRB1,,,,
DRB1*01:01,DPB1*01:01 / DPA1*02:01,0.253,0.293,0.251,27216,6398.0,20818.0,0.064009,DRB1,,,,
DRB1*01:01,DPB1*01:01 / DPA1*02:02,0.292,0.292,,6398,6398.0,,0.08526399999999999,DRB1,,,,
DRB1*01:01,DPB1*01:01 / DPA1*03:01,0.336,0.336,,6399,6399.0,,0.11289600000000001,DRB1,,,,
DRB1*01:01,DPB1*02:01 / DPA1*01:03,0.287,0.177,0.311,27216,6398.0,20818.0,0.08236899999999998,DRB1,,,,
DRB1*01:01,DPB1*02:02 / DPA1*01:03,0.055,,0.055,0,,0.0,0.003025,DRB1,,,,
DRB1*01:01,DPB1*02:02 / DPA1*02:01,0.269,,0.269,3553,,3553.0,0.07236100000000001,DRB1,,,,
DRB1*01:01,DPB1*03:01 / DPA1*01:03,0.326,0.305,0.329,27217,6399.0,20818.0,0.10627600000000001,DRB1,,,,
DRB1*01:01,DPB1*03:01 / DPA1*01:04,0.342,,0.342,2287,,2287.0,0.11696400000000001,DRB1,,,,
DRB1*01:01,DPB1*03:01 / DPA1*01:05,0.345,,0.345,17512,,17512.0,0.11902499999999998,DRB1,,,,
DRB1*01:01,DPB1*03:01 / DPA1*02:01,0.358,,0.358,18909,,18909.0,0.128164,DRB1,,,,
DRB1*01:01,DPB1*04:01 / DPA1*01:03,0.341,0.167,0.377,27217,6399.0,20818.0,0.11628100000000002,DRB1,,,,
DRB1*01:01,DPB1*04:01 / DPA1*02:01,0.299,0.299,,6398,6398.0,,0.089401,DRB1,,,,
DRB1*01:01,DPB1*04:01 / DPA1*02:02,0.353,0.353,,6398,6398.0,,0.12460899999999998,DRB1,,,,
DRB1*01:01,DPB1*04:01 / DPA1*03:01,0.223,0.223,,6399,6399.0,,0.049729,DRB1,,,,
DRB1*01:01,DPB1*04:01 / DPA1*04:01,0.299,0.299,,6399,6399.0,,0.089401,DRB1,,,,
DRB1*01:01,DPB1*04:02 / DPA1*01:03,0.32,0.29,0.325,27199,6398.0,20801.0,0.1024,DRB1,,,,
DRB1*01:01,DPB1*04:02 / DPA1*03:01,0.263,0.263,,6398,6398.0,,0.06916900000000001,DRB1,,,,
DRB1*01:01,DPB1*05:01 / DPA1*02:01,0.338,0.258,0.363,27216,6398.0,20818.0,0.11424400000000001,DRB1,,,,
DRB1*01:01,DPB1*05:01 / DPA1*02:02,0.276,0.34,0.266,21830,6398.0,15432.0,0.07617600000000001,DRB1,,,,
DRB1*01:01,DPB1*05:01 / DPA1*03:01,0.305,0.305,,6399,6399.0,,0.093025,DRB1,,,,
DRB1*01:01,DPB1*06:01 / DPA1*01:03,0.306,0.247,0.324,21831,6399.0,15432.0,0.093636,DRB1,,,,
DRB1*01:01,DPB1*06:01 / DPA1*02:01,0.353,,0.353,18909,,18909.0,0.12460899999999998,DRB1,,,,
DRB1*01:01,DPB1*09:01 / DPA1*02:01,0.35,0.33,0.357,27199,6398.0,20801.0,0.12249999999999998,DRB1,,,,
DRB1*01:01,DPB1*105:01 / DPA1*02:01,0.101,,0.101,0,,0.0,0.010201000000000002,DRB1,,,,
DRB1*01:01,DPB1*107:01 / DPA1*02:01,0.136,,0.136,0,,0.0,0.018496000000000002,DRB1,,,,
DRB1*01:01,DPB1*10:01 / DPA1*02:01,0.301,,0.301,6254,,6254.0,0.09060099999999999,DRB1,,,,
DRB1*01:01,DPB1*10:01 / DPA1*02:02,0.325,,0.325,14564,,14564.0,0.10562500000000001,DRB1,,,,
DRB1*01:01,DPB1*11:01 / DPA1*01:03,0.355,,0.355,17512,,17512.0,0.126025,DRB1,,,,
DRB1*01:01,DPB1*11:01 / DPA1*01:04,0.345,,0.345,2265,,2265.0,0.11902499999999998,DRB1,,,,
DRB1*01:01,DPB1*11:01 / DPA1*01:05,0.333,,0.333,2080,,2080.0,0.11088900000000002,DRB1,,,,
DRB1*01:01,DPB1*11:01 / DPA1*02:01,0.291,0.196,0.424,9704,6398.0,3306.0,0.08468099999999999,DRB1,,,,
DRB1*01:01,DPB1*11:01 / DPA1*02:02,0.301,,0.301,14564,,14564.0,0.09060099999999999,DRB1,,,,
DRB1*01:01,DPB1*13:01 / DPA1*01:04,0.36,,0.36,1397,,1397.0,0.1296,DRB1,,,,
DRB1*01:01,DPB1*13:01 / DPA1*01:05,0.344,,0.344,2080,,2080.0,0.11833599999999998,DRB1,,,,
DRB1*01:01,DPB1*13:01 / DPA1*02:01,0.327,0.348,0.324,27031,6398.0,20633.0,0.10692900000000001,DRB1,,,,
DRB1*01:01,DPB1*13:01 / DPA1*02:02,0.322,,0.322,15432,,15432.0,0.10368400000000001,DRB1,,,,
DRB1*01:01,DPB1*13:01 / DPA1*03:01,0.37,,0.37,15432,,15432.0,0.1369,DRB1,,,,
DRB1*01:01,DPB1*13:01 / DPA1*04:01,0.372,0.381,0.336,9704,6398.0,3306.0,0.138384,DRB1,,,,
DRB1*01:01,DPB1*14:01 / DPA1*02:01,0.272,0.163,0.291,27199,6398.0,20801.0,0.07398400000000001,DRB1,,,,
DRB1*01:01,DPB1*15:01 / DPA1*02:01,0.357,0.359,0.357,27158,6398.0,20760.0,0.12744899999999998,DRB1,,,,
DRB1*01:01,DPB1*17:01 / DPA1*02:01,0.351,0.344,0.356,27216,6398.0,20818.0,0.12320099999999999,DRB1,,,,
DRB1*01:01,DPB1*18:01 / DPA1*01:03,0.196,0.196,,6399,6399.0,,0.038416000000000006,DRB1,,,,
DRB1*01:01,DPB1*18:01 / DPA1*01:04,0.359,,0.359,19799,,19799.0,0.128881,DRB1,,,,
DRB1*01:01,DPB1*18:01 / DPA1*01:05,0.352,,0.352,19799,,19799.0,0.12390399999999999,DRB1,,,,
DRB1*01:01,DPB1*18:01 / DPA1*02:01,0.356,,0.356,20760,,20760.0,0.126736,DRB1,,,,
DRB1*01:01,DPB1*19:01 / DPA1*01:03,0.381,,0.381,17512,,17512.0,0.145161,DRB1,,,,
DRB1*01:01,DPB1*19:01 / DPA1*02:01,0.264,0.15,0.457,9687,6398.0,3289.0,0.06969600000000001,DRB1,,,,
DRB1*01:01,DPB1*20:01 / DPA1*01:03,0.307,,0.307,2287,,2287.0,0.094249,DRB1,,,,
DRB1*01:01,DPB1*20:01 / DPA1*03:01,0.33,,0.33,15432,,15432.0,0.10890000000000001,DRB1,,,,
DRB1*01:01,DPB1*23:01 / DPA1*01:03,0.351,,0.351,15432,,15432.0,0.12320099999999999,DRB1,,,,
DRB1*01:01,DPB1*23:01 / DPA1*02:01,0.283,,0.283,5328,,5328.0,0.08008899999999998,DRB1,,,,
DRB1*01:01,DPB1*26:01 / DPA1*03:01,0.135,,0.135,0,,0.0,0.018225,DRB1,,,,
DRB1*01:01,DPB1*28:01 / DPA1*01:03,0.326,,0.326,15432,,15432.0,0.10627600000000001,DRB1,,,,
DRB1*01:01,DPB1*28:01 / DPA1*01:04,0.31,,0.31,2287,,2287.0,0.0961,DRB1,,,,
DRB1*01:01,DPB1*28:01 / DPA1*01:05,0.346,,0.346,17512,,17512.0,0.11971599999999999,DRB1,,,,
DRB1*01:01,DPB1*28:01 / DPA1*02:01,0.308,,0.308,2080,,2080.0,0.094864,DRB1,,,,
DRB1*01:01,DPB1*28:01 / DPA1*02:02,0.321,0.317,0.301,7794,6397.0,1397.0,0.10304100000000001,DRB1,,,,
DRB1*01:01,DPB1*28:01 / DPA1*04:01,0.36,,0.36,15432,,15432.0,0.1296,DRB1,,,,
DRB1*01:01,DPB1*30:01 / DPA1*02:01,0.135,,0.135,0,,0.0,0.018225,DRB1,,,,
DRB1*01:01,DPB1*31:01 / DPA1*03:01,0.141,,0.141,0,,0.0,0.019880999999999996,DRB1,,,,
DRB1*01:01,DPB1*40:01 / DPA1*01:05,0.136,,0.136,0,,0.0,0.018496000000000002,DRB1,,,,
DRB1*01:01,DPB1*85:01 / DPA1*01:03,0.133,,0.133,0,,0.0,0.017689000000000003,DRB1,,,,
DRB1*01:01,DQB1*02:01 / DQA1*02:01,0.253,0.152,0.283,27215,6397.0,20818.0,0.064009,DRB1,,,,
DRB1*01:01,DQB1*02:01 / DQA1*03:01,0.277,,0.277,20801,,20801.0,0.07672900000000002,DRB1,,,,
DRB1*01:01,DQB1*02:01 / DQA1*04:01,0.285,,0.285,20760,,20760.0,0.08122499999999999,DRB1,,,,
DRB1*01:01,DQB1*02:01 / DQA1*05:01,0.186,0.305,0.17,27198,6397.0,20801.0,0.034596,DRB1,,,,
DRB1*01:01,DQB1*02:02 / DQA1*02:01,0.266,0.225,0.278,27198,6397.0,20801.0,0.07075600000000001,DRB1,,,,
DRB1*01:01,DQB1*02:02 / DQA1*03:02,0.28,0.28,,6397,6397.0,,0.07840000000000001,DRB1,,,,
DRB1*01:01,DQB1*02:02 / DQA1*05:01,0.295,0.295,,6397,6397.0,,0.08702499999999999,DRB1,,,,
DRB1*01:01,DQB1*03:01 / DQA1*02:01,0.224,,0.224,19799,,19799.0,0.050176000000000005,DRB1,,,,
DRB1*01:01,DQB1*03:01 / DQA1*03:01,0.227,0.271,0.221,27197,6396.0,20801.0,0.051529000000000005,DRB1,,,,
DRB1*01:01,DQB1*03:01 / DQA1*03:02,0.285,0.285,,6396,6396.0,,0.08122499999999999,DRB1,,,,
DRB1*01:01,DQB1*03:01 / DQA1*05:01,0.215,0.215,,6396,6396.0,,0.046224999999999995,DRB1,,,,
DRB1*01:01,DQB1*03:01 / DQA1*05:03,0.164,,0.164,20760,,20760.0,0.026896000000000003,DRB1,,,,
DRB1*01:01,DQB1*03:01 / DQA1*06:01,0.163,0.259,0.152,27197,6396.0,20801.0,0.026569000000000002,DRB1,,,,
DRB1*01:01,DQB1*03:02 / DQA1*01:01,0.262,,0.262,5369,,5369.0,0.06864400000000001,DRB1,,,,
DRB1*01:01,DQB1*03:02 / DQA1*02:01,0.224,0.241,0.222,26194,6395.0,19799.0,0.050176000000000005,DRB1,,,,
DRB1*01:01,DQB1*03:02 / DQA1*03:01,0.229,0.223,0.231,27197,6396.0,20801.0,0.052441,DRB1,,,,
DRB1*01:01,DQB1*03:02 / DQA1*03:02,0.203,0.208,0.201,22488,6396.0,16092.0,0.041209,DRB1,,,,
DRB1*01:01,DQB1*03:02 / DQA1*03:03,0.185,,0.185,4541,,4541.0,0.034225,DRB1,,,,
DRB1*01:01,DQB1*03:03 / DQA1*02:01,0.235,,0.235,20801,,20801.0,0.055224999999999996,DRB1,,,,
DRB1*01:01,DQB1*03:03 / DQA1*03:01,0.24,,0.24,20801,,20801.0,0.0576,DRB1,,,,
DRB1*01:01,DQB1*03:03 / DQA1*03:02,0.224,0.287,0.219,27156,6396.0,20760.0,0.050176000000000005,DRB1,,,,
DRB1*01:01,DQB1*03:03 / DQA1*04:01,0.255,0.255,,6396,6396.0,,0.065025,DRB1,,,,
DRB1*01:01,DQB1*03:03 / DQA1*06:01,0.261,0.261,,6396,6396.0,,0.068121,DRB1,,,,
DRB1*01:01,DQB1*03:04 / DQA1*03:01,0.301,,0.301,127,,127.0,0.09060099999999999,DRB1,,,,
DRB1*01:01,DQB1*03:19 / DQA1*02:01,0.067,,0.067,0,,0.0,0.004489000000000001,DRB1,,,,
DRB1*01:01,DQB1*03:19 / DQA1*05:05,0.147,,0.147,20677,,20677.0,0.021608999999999996,DRB1,,,,
DRB1*01:01,DQB1*04:01 / DQA1*02:01,0.347,0.288,0.362,27197,6396.0,20801.0,0.12040899999999999,DRB1,,,,
DRB1*01:01,DQB1*04:01 / DQA1*03:03,0.335,,0.335,20760,,20760.0,0.11222500000000002,DRB1,,,,
DRB1*01:01,DQB1*04:01 / DQA1*04:01,0.358,0.358,,6397,6397.0,,0.128164,DRB1,,,,
DRB1*01:01,DQB1*04:01 / DQA1*05:01,0.319,0.319,,6397,6397.0,,0.101761,DRB1,,,,
DRB1*01:01,DQB1*04:02 / DQA1*02:01,0.359,,0.359,20801,,20801.0,0.128881,DRB1,,,,
DRB1*01:01,DQB1*04:02 / DQA1*03:01,0.375,0.375,,6397,6397.0,,0.140625,DRB1,,,,
DRB1*01:01,DQB1*04:02 / DQA1*04:01,0.308,0.281,0.317,27215,6397.0,20818.0,0.094864,DRB1,,,,
DRB1*01:01,DQB1*04:02 / DQA1*06:01,0.356,0.356,,6397,6397.0,,0.126736,DRB1,,,,
DRB1*01:01,DQB1*05:01 / DQA1*01:01,0.443,0.357,0.474,27200,6399.0,20801.0,0.196249,DRB1,,,,
DRB1*01:01,DQB1*05:01 / DQA1*01:02,0.353,0.353,,6399,6399.0,,0.12460899999999998,DRB1,,,,
DRB1*01:01,DQB1*05:02 / DQA1*01:02,0.424,0.336,0.443,27217,6399.0,20818.0,0.179776,DRB1,,,,
DRB1*01:01,DQB1*05:03 / DQA1*01:01,0.318,,0.318,0,,0.0,0.101124,DRB1,,,,
DRB1*01:01,DQB1*05:03 / DQA1*01:04,0.382,0.382,,6399,6399.0,,0.145924,DRB1,,,,
DRB1*01:01,DQB1*06:01 / DQA1*01:03,0.343,0.288,0.36,27199,6398.0,20801.0,0.11764900000000002,DRB1,,,,
DRB1*01:01,DQB1*06:01 / DQA1*01:04,0.369,0.369,,6399,6399.0,,0.136161,DRB1,,,,
DRB1*01:01,DQB1*06:01 / DQA1*02:01,0.357,0.357,,6397,6397.0,,0.12744899999999998,DRB1,,,,
DRB1*01:01,DQB1*06:02 / DQA1*01:01,0.387,,0.387,20760,,20760.0,0.149769,DRB1,,,,
DRB1*01:01,DQB1*06:02 / DQA1*01:02,0.374,0.319,0.387,27217,6399.0,20818.0,0.139876,DRB1,,,,
DRB1*01:01,DQB1*06:03 / DQA1*01:03,0.29,0.346,0.284,27158,6398.0,20760.0,0.0841,DRB1,,,,
DRB1*01:01,DQB1*06:04 / DQA1*01:02,0.377,0.416,0.382,27159,6399.0,20760.0,0.142129,DRB1,,,,
DRB1*01:01,DQB1*06:09 / DQA1*01:02,0.343,,0.343,20760,,20760.0,0.11764900000000002,DRB1,,,,
DRB1*01:01,DRB1*01:02,0.915,0.822,0.94,27217,6399.0,20818.0,0.8372250000000001,DRB1,,,,
DRB1*01:01,DRB1*01:03,0.762,0.678,0.778,27216,6398.0,20818.0,0.580644,DRB1,,,,
DRB1*01:01,DRB1*03:01,0.263,0.245,0.277,27216,6398.0,20818.0,0.06916900000000001,DRB1,,,,
DRB1*01:01,DRB1*03:02,0.251,0.293,0.25,27216,6398.0,20818.0,0.063001,DRB1,,,,
DRB1*01:01,DRB1*03:03,0.253,0.253,,6398,6398.0,,0.064009,DRB1,,,,
DRB1*01:01,DRB1*04:01,0.573,0.431,0.598,27216,6398.0,20818.0,0.3283289999999999,DRB1,,,,
DRB1*01:01,DRB1*04:02,0.454,0.336,0.484,27158,6398.0,20760.0,0.20611600000000002,DRB1,,,,
DRB1*01:01,DRB1*04:03,0.519,0.386,0.543,27158,6398.0,20760.0,0.269361,DRB1,,,,
DRB1*01:01,DRB1*04:04,0.565,0.444,0.589,27216,6398.0,20818.0,0.3192249999999999,DRB1,,,,
DRB1*01:01,DRB1*04:05,0.575,0.478,0.592,27216,6398.0,20818.0,0.33062499999999995,DRB1,,,,
DRB1*01:01,DRB1*04:06,0.502,,0.502,0,,0.0,0.252004,DRB1,,,,
DRB1*01:01,DRB1*04:07,0.464,,0.464,0,,0.0,0.21529600000000002,DRB1,,,,
DRB1*01:01,DRB1*04:10,0.564,,0.564,0,,0.0,0.31809599999999993,DRB1,,,,
DRB1*01:01,DRB1*04:11,0.46,,0.46,0,,0.0,0.2116,DRB1,,,,
DRB1*01:01,DRB1*07:01,0.329,0.181,0.368,27216,6398.0,20818.0,0.108241,DRB1,,,,
DRB1*01:01,DRB1*08:01,0.295,0.324,0.293,27216,6398.0,20818.0,0.08702499999999999,DRB1,,,,
DRB1*01:01,DRB1*08:02,0.233,0.248,0.073,6398,6398.0,0.0,0.054289000000000004,DRB1,,,,
DRB1*01:01,DRB1*08:03,0.081,,0.081,0,,0.0,0.006561,DRB1,,,,
DRB1*01:01,DRB1*08:07,0.085,,0.085,0,,0.0,0.007225000000000001,DRB1,,,,
DRB1*01:01,DRB1*09:01,0.568,0.525,0.588,27217,6399.0,20818.0,0.32262399999999997,DRB1,,,,
DRB1*01:01,DRB1*09:02,0.657,,0.657,20760,,20760.0,0.43164900000000006,DRB1,,,,
DRB1*01:01,DRB1*10:01,0.716,0.503,0.755,27217,6399.0,20818.0,0.512656,DRB1,,,,
DRB1*01:01,DRB1*11:01,0.303,0.218,0.322,27213,6395.0,20818.0,0.091809,DRB1,,,,
DRB1*01:01,DRB1*11:03,0.287,0.287,,6395,6395.0,,0.08236899999999998,DRB1,,,,
DRB1*01:01,DRB1*11:04,0.253,0.198,0.268,26194,6395.0,19799.0,0.064009,DRB1,,,,
DRB1*01:01,DRB1*12:01,0.351,0.28,0.365,27215,6397.0,20818.0,0.12320099999999999,DRB1,,,,
DRB1*01:01,DRB1*12:02,0.303,0.227,0.32,27157,6397.0,20760.0,0.091809,DRB1,,,,
DRB1*01:01,DRB1*13:01,0.284,0.271,0.293,27216,6398.0,20818.0,0.08065599999999999,DRB1,,,,
DRB1*01:01,DRB1*13:02,0.105,,0.105,0,,0.0,0.011024999999999998,DRB1,,,,
DRB1*01:01,DRB1*13:03,0.301,0.284,0.307,27215,6397.0,20818.0,0.09060099999999999,DRB1,,,,
DRB1*01:01,DRB1*13:05,0.269,0.269,,6397,6397.0,,0.07236100000000001,DRB1,,,,
DRB1*01:01,DRB1*14:01,0.38,0.322,0.394,27216,6398.0,20818.0,0.1444,DRB1,,,,
DRB1*01:01,DRB1*14:02,0.487,,0.487,17207,,17207.0,0.237169,DRB1,,,,
DRB1*01:01,DRB1*14:03,0.3,0.331,0.152,6397,6397.0,0.0,0.09,DRB1,,,,
DRB1*01:01,DRB1*14:04,0.322,0.339,0.202,6398,6398.0,0.0,0.10368400000000001,DRB1,,,,
DRB1*01:01,DRB1*14:05,0.277,,0.277,0,,0.0,0.07672900000000002,DRB1,,,,
DRB1*01:01,DRB1*14:06,0.44,,0.44,0,,0.0,0.1936,DRB1,,,,
DRB1*01:01,DRB1*14:54,0.388,,0.388,17207,,17207.0,0.150544,DRB1,,,,
DRB1*01:01,DRB1*15:01,0.574,0.407,0.606,27217,6399.0,20818.0,0.32947599999999994,DRB1,,,,
DRB1*01:01,DRB1*15:02,0.588,0.535,0.599,27217,6399.0,20818.0,0.34574399999999994,DRB1,,,,
DRB1*01:01,DRB1*15:03,0.58,0.537,0.597,26198,6399.0,19799.0,0.3364,DRB1,,,,
DRB1*01:01,DRB1*16:01,0.538,0.473,0.55,27216,6398.0,20818.0,0.28944400000000003,DRB1,,,,
DRB1*01:01,DRB1*16:02,0.526,0.396,0.551,27158,6398.0,20760.0,0.27667600000000003,DRB1,,,,
DRB1*01:01,DRB3*01:01,0.293,0.329,0.302,27200,6399.0,20801.0,0.085849,DRB1,,,,
DRB1*01:01,DRB3*02:01,0.024,,0.024,17,,17.0,0.000576,DRB1,,,,
DRB1*01:01,DRB3*02:02,0.345,0.379,0.349,27198,6397.0,20801.0,0.11902499999999998,DRB1,,,,
DRB1*01:01,DRB3*03:01,0.245,0.35,0.245,25307,6398.0,18909.0,0.060024999999999995,DRB1,,,,
DRB1*01:01,DRB4*01:01,0.41,0.498,0.407,27200,6399.0,20801.0,0.16809999999999997,DRB1,,,,
DRB1*01:01,DRB4*01:03,0.448,,0.448,20818,,20818.0,0.20070400000000002,DRB1,,,,
DRB1*01:01,DRB5*01:01,0.611,0.648,0.617,27216,6398.0,20818.0,0.37332099999999996,DRB1,,,,
DRB1*01:01,DRB5*01:02,0.62,,0.62,0,,0.0,0.3844,DRB1,,,,
DRB1*01:01,DRB5*02:02,0.756,0.731,0.803,27200,6399.0,20801.0,0.571536,DRB1,,,,
DRB1*01:02,DPB1*01:01 / DPA1*01:03,0.274,0.265,0.285,26198,6399.0,19799.0,0.07507600000000002,DRB1,,,,
DRB1*01:02,DPB1*01:01 / DPA1*02:01,0.246,0.235,0.245,27216,6398.0,20818.0,0.060516,DRB1,,,,
DRB1*01:02,DPB1*01:01 / DPA1*02:02,0.249,0.249,,6398,6398.0,,0.062001,DRB1,,,,
DRB1*01:02,DPB1*01:01 / DPA1*03:01,0.282,0.282,,6399,6399.0,,0.07952399999999998,DRB1,,,,
DRB1*01:02,DPB1*02:01 / DPA1*01:03,0.266,0.145,0.298,27216,6398.0,20818.0,0.07075600000000001,DRB1,,,,
DRB1*01:02,DPB1*02:02 / DPA1*01:03,0.058,,0.058,0,,0.0,0.0033640000000000002,DRB1,,,,
DRB1*01:02,DPB1*02:02 / DPA1*02:01,0.253,,0.253,3553,,3553.0,0.064009,DRB1,,,,
DRB1*01:02,DPB1*03:01 / DPA1*01:03,0.298,0.285,0.313,27217,6399.0,20818.0,0.088804,DRB1,,,,
DRB1*01:02,DPB1*03:01 / DPA1*01:04,0.341,,0.341,2287,,2287.0,0.11628100000000002,DRB1,,,,
DRB1*01:02,DPB1*03:01 / DPA1*01:05,0.333,,0.333,17512,,17512.0,0.11088900000000002,DRB1,,,,
DRB1*01:02,DPB1*03:01 / DPA1*02:01,0.344,,0.344,18909,,18909.0,0.11833599999999998,DRB1,,,,
DRB1*01:02,DPB1*04:01 / DPA1*01:03,0.308,0.154,0.349,27217,6399.0,20818.0,0.094864,DRB1,,,,
DRB1*01:02,DPB1*04:01 / DPA1*02:01,0.268,0.268,,6398,6398.0,,0.07182400000000001,DRB1,,,,
DRB1*01:02,DPB1*04:01 / DPA1*02:02,0.256,0.256,,6398,6398.0,,0.065536,DRB1,,,,
DRB1*01:02,DPB1*04:01 / DPA1*03:01,0.191,0.191,,6399,6399.0,,0.036481,DRB1,,,,
DRB1*01:02,DPB1*04:01 / DPA1*04:01,0.228,0.228,,6399,6399.0,,0.051984,DRB1,,,,
DRB1*01:02,DPB1*04:02 / DPA1*01:03,0.294,0.229,0.315,27199,6398.0,20801.0,0.08643599999999999,DRB1,,,,
DRB1*01:02,DPB1*04:02 / DPA1*03:01,0.242,0.242,,6398,6398.0,,0.058564,DRB1,,,,
DRB1*01:02,DPB1*05:01 / DPA1*02:01,0.324,0.191,0.349,27216,6398.0,20818.0,0.104976,DRB1,,,,
DRB1*01:02,DPB1*05:01 / DPA1*02:02,0.266,0.253,0.263,21830,6398.0,15432.0,0.07075600000000001,DRB1,,,,
DRB1*01:02,DPB1*05:01 / DPA1*03:01,0.26,0.26,,6399,6399.0,,0.06760000000000001,DRB1,,,,
DRB1*01:02,DPB1*06:01 / DPA1*01:03,0.3,0.245,0.321,21831,6399.0,15432.0,0.09,DRB1,,,,
DRB1*01:02,DPB1*06:01 / DPA1*02:01,0.352,,0.352,18909,,18909.0,0.12390399999999999,DRB1,,,,
DRB1*01:02,DPB1*09:01 / DPA1*02:01,0.33,0.277,0.356,27199,6398.0,20801.0,0.10890000000000001,DRB1,,,,
DRB1*01:02,DPB1*105:01 / DPA1*02:01,0.098,,0.098,0,,0.0,0.009604000000000001,DRB1,,,,
DRB1*01:02,DPB1*107:01 / DPA1*02:01,0.124,,0.124,0,,0.0,0.015375999999999999,DRB1,,,,
DRB1*01:02,DPB1*10:01 / DPA1*02:01,0.322,,0.322,6254,,6254.0,0.10368400000000001,DRB1,,,,
DRB1*01:02,DPB1*10:01 / DPA1*02:02,0.325,,0.325,14564,,14564.0,0.10562500000000001,DRB1,,,,
DRB1*01:02,DPB1*11:01 / DPA1*01:03,0.368,,0.368,17512,,17512.0,0.135424,DRB1,,,,
DRB1*01:02,DPB1*11:01 / DPA1*01:04,0.38,,0.38,2265,,2265.0,0.1444,DRB1,,,,
DRB1*01:02,DPB1*11:01 / DPA1*01:05,0.356,,0.356,2080,,2080.0,0.126736,DRB1,,,,
DRB1*01:02,DPB1*11:01 / DPA1*02:01,0.277,0.189,0.388,9704,6398.0,3306.0,0.07672900000000002,DRB1,,,,
DRB1*01:02,DPB1*11:01 / DPA1*02:02,0.293,,0.293,14564,,14564.0,0.085849,DRB1,,,,
DRB1*01:02,DPB1*13:01 / DPA1*01:04,0.412,,0.412,1397,,1397.0,0.16974399999999998,DRB1,,,,
DRB1*01:02,DPB1*13:01 / DPA1*01:05,0.36,,0.36,2080,,2080.0,0.1296,DRB1,,,,
DRB1*01:02,DPB1*13:01 / DPA1*02:01,0.3,0.273,0.314,27031,6398.0,20633.0,0.09,DRB1,,,,
DRB1*01:02,DPB1*13:01 / DPA1*02:02,0.316,,0.316,15432,,15432.0,0.099856,DRB1,,,,
DRB1*01:02,DPB1*13:01 / DPA1*03:01,0.376,,0.376,15432,,15432.0,0.141376,DRB1,,,,
DRB1*01:02,DPB1*13:01 / DPA1*04:01,0.325,0.304,0.348,9704,6398.0,3306.0,0.10562500000000001,DRB1,,,,
DRB1*01:02,DPB1*14:01 / DPA1*02:01,0.272,0.196,0.301,27199,6398.0,20801.0,0.07398400000000001,DRB1,,,,
DRB1*01:02,DPB1*15:01 / DPA1*02:01,0.34,0.294,0.352,27158,6398.0,20760.0,0.11560000000000002,DRB1,,,,
DRB1*01:02,DPB1*17:01 / DPA1*02:01,0.332,0.267,0.366,27216,6398.0,20818.0,0.11022400000000002,DRB1,,,,
DRB1*01:02,DPB1*18:01 / DPA1*01:03,0.202,0.202,,6399,6399.0,,0.04080400000000001,DRB1,,,,
DRB1*01:02,DPB1*18:01 / DPA1*01:04,0.346,,0.346,19799,,19799.0,0.11971599999999999,DRB1,,,,
DRB1*01:02,DPB1*18:01 / DPA1*01:05,0.338,,0.338,19799,,19799.0,0.11424400000000001,DRB1,,,,
DRB1*01:02,DPB1*18:01 / DPA1*02:01,0.333,,0.333,20760,,20760.0,0.11088900000000002,DRB1,,,,
DRB1*01:02,DPB1*19:01 / DPA1*01:03,0.385,,0.385,17512,,17512.0,0.148225,DRB1,,,,
DRB1*01:02,DPB1*19:01 / DPA1*02:01,0.285,0.175,0.437,9687,6398.0,3289.0,0.08122499999999999,DRB1,,,,
DRB1*01:02,DPB1*20:01 / DPA1*01:03,0.317,,0.317,2287,,2287.0,0.10048900000000001,DRB1,,,,
DRB1*01:02,DPB1*20:01 / DPA1*03:01,0.313,,0.313,15432,,15432.0,0.097969,DRB1,,,,
DRB1*01:02,DPB1*23:01 / DPA1*01:03,0.34,,0.34,15432,,15432.0,0.11560000000000002,DRB1,,,,
DRB1*01:02,DPB1*23:01 / DPA1*02:01,0.296,,0.296,5328,,5328.0,0.08761599999999999,DRB1,,,,
DRB1*01:02,DPB1*26:01 / DPA1*03:01,0.129,,0.129,0,,0.0,0.016641,DRB1,,,,
DRB1*01:02,DPB1*28:01 / DPA1*01:03,0.311,,0.311,15432,,15432.0,0.096721,DRB1,,,,
DRB1*01:02,DPB1*28:01 / DPA1*01:04,0.296,,0.296,2287,,2287.0,0.08761599999999999,DRB1,,,,
DRB1*01:02,DPB1*28:01 / DPA1*01:05,0.329,,0.329,17512,,17512.0,0.108241,DRB1,,,,
DRB1*01:02,DPB1*28:01 / DPA1*02:01,0.328,,0.328,2080,,2080.0,0.10758400000000001,DRB1,,,,
DRB1*01:02,DPB1*28:01 / DPA1*02:02,0.262,0.255,0.342,7794,6397.0,1397.0,0.06864400000000001,DRB1,,,,
DRB1*01:02,DPB1*28:01 / DPA1*04:01,0.342,,0.342,15432,,15432.0,0.11696400000000001,DRB1,,,,
DRB1*01:02,DPB1*30:01 / DPA1*02:01,0.134,,0.134,0,,0.0,0.017956000000000003,DRB1,,,,
DRB1*01:02,DPB1*31:01 / DPA1*03:01,0.139,,0.139,0,,0.0,0.019321000000000005,DRB1,,,,
DRB1*01:02,DPB1*40:01 / DPA1*01:05,0.129,,0.129,0,,0.0,0.016641,DRB1,,,,
DRB1*01:02,DPB1*85:01 / DPA1*01:03,0.123,,0.123,0,,0.0,0.015129,DRB1,,,,
DRB1*01:02,DQB1*02:01 / DQA1*02:01,0.244,0.11,0.272,27215,6397.0,20818.0,0.059536,DRB1,,,,
DRB1*01:02,DQB1*02:01 / DQA1*03:01,0.26,,0.26,20801,,20801.0,0.06760000000000001,DRB1,,,,
DRB1*01:02,DQB1*02:01 / DQA1*04:01,0.269,,0.269,20760,,20760.0,0.07236100000000001,DRB1,,,,
DRB1*01:02,DQB1*02:01 / DQA1*05:01,0.169,0.254,0.162,27198,6397.0,20801.0,0.028561000000000003,DRB1,,,,
DRB1*01:02,DQB1*02:02 / DQA1*02:01,0.258,0.181,0.272,27198,6397.0,20801.0,0.066564,DRB1,,,,
DRB1*01:02,DQB1*02:02 / DQA1*03:02,0.255,0.255,,6397,6397.0,,0.065025,DRB1,,,,
DRB1*01:02,DQB1*02:02 / DQA1*05:01,0.242,0.242,,6397,6397.0,,0.058564,DRB1,,,,
DRB1*01:02,DQB1*03:01 / DQA1*02:01,0.225,,0.225,19799,,19799.0,0.050625,DRB1,,,,
DRB1*01:02,DQB1*03:01 / DQA1*03:01,0.21,0.25,0.211,27197,6396.0,20801.0,0.04409999999999999,DRB1,,,,
DRB1*01:02,DQB1*03:01 / DQA1*03:02,0.231,0.231,,6396,6396.0,,0.053361000000000006,DRB1,,,,
DRB1*01:02,DQB1*03:01 / DQA1*05:01,0.173,0.173,,6396,6396.0,,0.029928999999999997,DRB1,,,,
DRB1*01:02,DQB1*03:01 / DQA1*05:03,0.166,,0.166,20760,,20760.0,0.027556000000000004,DRB1,,,,
DRB1*01:02,DQB1*03:01 / DQA1*06:01,0.149,0.227,0.149,27197,6396.0,20801.0,0.022201,DRB1,,,,
DRB1*01:02,DQB1*03:02 / DQA1*01:01,0.257,,0.257,5369,,5369.0,0.066049,DRB1,,,,
DRB1*01:02,DQB1*03:02 / DQA1*02:01,0.212,0.192,0.217,26194,6395.0,19799.0,0.044944,DRB1,,,,
DRB1*01:02,DQB1*03:02 / DQA1*03:01,0.218,0.189,0.225,27197,6396.0,20801.0,0.047524,DRB1,,,,
DRB1*01:02,DQB1*03:02 / DQA1*03:02,0.176,0.198,0.183,22488,6396.0,16092.0,0.030975999999999997,DRB1,,,,
DRB1*01:02,DQB1*03:02 / DQA1*03:03,0.175,,0.175,4541,,4541.0,0.030624999999999996,DRB1,,,,
DRB1*01:02,DQB1*03:03 / DQA1*02:01,0.221,,0.221,20801,,20801.0,0.048841,DRB1,,,,
DRB1*01:02,DQB1*03:03 / DQA1*03:01,0.226,,0.226,20801,,20801.0,0.051076,DRB1,,,,
DRB1*01:02,DQB1*03:03 / DQA1*03:02,0.193,0.256,0.2,27156,6396.0,20760.0,0.037249000000000004,DRB1,,,,
DRB1*01:02,DQB1*03:03 / DQA1*04:01,0.22,0.22,,6396,6396.0,,0.0484,DRB1,,,,
DRB1*01:02,DQB1*03:03 / DQA1*06:01,0.223,0.223,,6396,6396.0,,0.049729,DRB1,,,,
DRB1*01:02,DQB1*03:04 / DQA1*03:01,0.284,,0.284,127,,127.0,0.08065599999999999,DRB1,,,,
DRB1*01:02,DQB1*03:19 / DQA1*02:01,0.07,,0.07,0,,0.0,0.004900000000000001,DRB1,,,,
DRB1*01:02,DQB1*03:19 / DQA1*05:05,0.145,,0.145,20677,,20677.0,0.021025,DRB1,,,,
DRB1*01:02,DQB1*04:01 / DQA1*02:01,0.336,0.242,0.354,27197,6396.0,20801.0,0.11289600000000001,DRB1,,,,
DRB1*01:02,DQB1*04:01 / DQA1*03:03,0.307,,0.307,20760,,20760.0,0.094249,DRB1,,,,
DRB1*01:02,DQB1*04:01 / DQA1*04:01,0.3,0.299,,6397,6397.0,,0.09,DRB1,,,,
DRB1*01:02,DQB1*04:01 / DQA1*05:01,0.283,0.283,,6397,6397.0,,0.08008899999999998,DRB1,,,,
DRB1*01:02,DQB1*04:02 / DQA1*02:01,0.351,,0.351,20801,,20801.0,0.12320099999999999,DRB1,,,,
DRB1*01:02,DQB1*04:02 / DQA1*03:01,0.334,0.334,,6397,6397.0,,0.11155600000000002,DRB1,,,,
DRB1*01:02,DQB1*04:02 / DQA1*04:01,0.274,0.258,0.294,27215,6397.0,20818.0,0.07507600000000002,DRB1,,,,
DRB1*01:02,DQB1*04:02 / DQA1*06:01,0.316,0.316,,6397,6397.0,,0.099856,DRB1,,,,
DRB1*01:02,DQB1*05:01 / DQA1*01:01,0.385,0.305,0.445,27200,6399.0,20801.0,0.148225,DRB1,,,,
DRB1*01:02,DQB1*05:01 / DQA1*01:02,0.304,0.304,,6399,6399.0,,0.092416,DRB1,,,,
DRB1*01:02,DQB1*05:02 / DQA1*01:02,0.378,0.32,0.416,27217,6399.0,20818.0,0.142884,DRB1,,,,
DRB1*01:02,DQB1*05:03 / DQA1*01:01,0.31,,0.31,0,,0.0,0.0961,DRB1,,,,
DRB1*01:02,DQB1*05:03 / DQA1*01:04,0.353,0.353,,6399,6399.0,,0.12460899999999998,DRB1,,,,
DRB1*01:02,DQB1*06:01 / DQA1*01:03,0.316,0.264,0.33,27199,6398.0,20801.0,0.099856,DRB1,,,,
DRB1*01:02,DQB1*06:01 / DQA1*01:04,0.322,0.322,,6399,6399.0,,0.10368400000000001,DRB1,,,,
DRB1*01:02,DQB1*06:01 / DQA1*02:01,0.3,0.299,,6397,6397.0,,0.09,DRB1,,,,
DRB1*01:02,DQB1*06:02 / DQA1*01:01,0.371,,0.371,20760,,20760.0,0.13764099999999999,DRB1,,,,
DRB1*01:02,DQB1*06:02 / DQA1*01:02,0.347,0.279,0.364,27217,6399.0,20818.0,0.12040899999999999,DRB1,,,,
DRB1*01:02,DQB1*06:03 / DQA1*01:03,0.254,0.296,0.261,27158,6398.0,20760.0,0.064516,DRB1,,,,
DRB1*01:02,DQB1*06:04 / DQA1*01:02,0.326,0.323,0.368,27159,6399.0,20760.0,0.10627600000000001,DRB1,,,,
DRB1*01:02,DQB1*06:09 / DQA1*01:02,0.326,,0.326,20760,,20760.0,0.10627600000000001,DRB1,,,,
DRB1*01:02,DRB1*01:03,0.726,0.62,0.757,27216,6398.0,20818.0,0.527076,DRB1,,,,
DRB1*01:02,DRB1*03:01,0.229,0.176,0.268,27216,6398.0,20818.0,0.052441,DRB1,,,,
DRB1*01:02,DRB1*03:02,0.221,0.203,0.244,27216,6398.0,20818.0,0.048841,DRB1,,,,
DRB1*01:02,DRB1*03:03,0.205,0.205,,6398,6398.0,,0.04202499999999999,DRB1,,,,
DRB1*01:02,DRB1*04:01,0.555,0.422,0.584,27216,6398.0,20818.0,0.30802500000000005,DRB1,,,,
DRB1*01:02,DRB1*04:02,0.459,0.31,0.483,27158,6398.0,20760.0,0.210681,DRB1,,,,
DRB1*01:02,DRB1*04:03,0.507,0.384,0.54,27158,6398.0,20760.0,0.257049,DRB1,,,,
DRB1*01:02,DRB1*04:04,0.568,0.448,0.587,27216,6398.0,20818.0,0.32262399999999997,DRB1,,,,
DRB1*01:02,DRB1*04:05,0.556,0.454,0.584,27216,6398.0,20818.0,0.3091360000000001,DRB1,,,,
DRB1*01:02,DRB1*04:06,0.496,,0.496,0,,0.0,0.24601599999999998,DRB1,,,,
DRB1*01:02,DRB1*04:07,0.463,,0.463,0,,0.0,0.21436900000000003,DRB1,,,,
DRB1*01:02,DRB1*04:10,0.564,,0.564,0,,0.0,0.31809599999999993,DRB1,,,,
DRB1*01:02,DRB1*04:11,0.459,,0.459,0,,0.0,0.210681,DRB1,,,,
DRB1*01:02,DRB1*07:01,0.345,0.144,0.381,27216,6398.0,20818.0,0.11902499999999998,DRB1,,,,
DRB1*01:02,DRB1*08:01,0.266,0.243,0.282,27216,6398.0,20818.0,0.07075600000000001,DRB1,,,,
DRB1*01:02,DRB1*08:02,0.195,0.195,0.071,6398,6398.0,0.0,0.038025,DRB1,,,,
DRB1*01:02,DRB1*08:03,0.076,,0.076,0,,0.0,0.005776,DRB1,,,,
DRB1*01:02,DRB1*08:07,0.082,,0.082,0,,0.0,0.006724000000000001,DRB1,,,,
DRB1*01:02,DRB1*09:01,0.565,0.474,0.58,27217,6399.0,20818.0,0.3192249999999999,DRB1,,,,
DRB1*01:02,DRB1*09:02,0.65,,0.65,20760,,20760.0,0.42250000000000004,DRB1,,,,
DRB1*01:02,DRB1*10:01,0.713,0.469,0.754,27217,6399.0,20818.0,0.508369,DRB1,,,,
DRB1*01:02,DRB1*11:01,0.281,0.185,0.307,27213,6395.0,20818.0,0.07896100000000002,DRB1,,,,
DRB1*01:02,DRB1*11:03,0.246,0.246,,6395,6395.0,,0.060516,DRB1,,,,
DRB1*01:02,DRB1*11:04,0.235,0.174,0.259,26194,6395.0,19799.0,0.055224999999999996,DRB1,,,,
DRB1*01:02,DRB1*12:01,0.338,0.246,0.358,27215,6397.0,20818.0,0.11424400000000001,DRB1,,,,
DRB1*01:02,DRB1*12:02,0.281,0.208,0.304,27157,6397.0,20760.0,0.07896100000000002,DRB1,,,,
DRB1*01:02,DRB1*13:01,0.254,0.22,0.284,27216,6398.0,20818.0,0.064516,DRB1,,,,
DRB1*01:02,DRB1*13:02,0.101,,0.101,0,,0.0,0.010201000000000002,DRB1,,,,
DRB1*01:02,DRB1*13:03,0.267,0.23,0.287,27215,6397.0,20818.0,0.071289,DRB1,,,,
DRB1*01:02,DRB1*13:05,0.233,0.233,,6397,6397.0,,0.054289000000000004,DRB1,,,,
DRB1*01:02,DRB1*14:01,0.357,0.263,0.373,27216,6398.0,20818.0,0.12744899999999998,DRB1,,,,
DRB1*01:02,DRB1*14:02,0.479,,0.479,17207,,17207.0,0.22944099999999998,DRB1,,,,
DRB1*01:02,DRB1*14:03,0.232,0.24,0.145,6397,6397.0,0.0,0.053824000000000004,DRB1,,,,
DRB1*01:02,DRB1*14:04,0.277,0.279,0.196,6398,6398.0,0.0,0.07672900000000002,DRB1,,,,
DRB1*01:02,DRB1*14:05,0.272,,0.272,0,,0.0,0.07398400000000001,DRB1,,,,
DRB1*01:02,DRB1*14:06,0.434,,0.434,0,,0.0,0.188356,DRB1,,,,
DRB1*01:02,DRB1*14:54,0.375,,0.375,17207,,17207.0,0.140625,DRB1,,,,
DRB1*01:02,DRB1*15:01,0.541,0.354,0.579,27217,6399.0,20818.0,0.292681,DRB1,,,,
DRB1*01:02,DRB1*15:02,0.549,0.447,0.579,27217,6399.0,20818.0,0.30140100000000003,DRB1,,,,
DRB1*01:02,DRB1*15:03,0.542,0.459,0.587,26198,6399.0,19799.0,0.293764,DRB1,,,,
DRB1*01:02,DRB1*16:01,0.53,0.446,0.544,27216,6398.0,20818.0,0.28090000000000004,DRB1,,,,
DRB1*01:02,DRB1*16:02,0.515,0.404,0.539,27158,6398.0,20760.0,0.265225,DRB1,,,,
DRB1*01:02,DRB3*01:01,0.245,0.274,0.286,27200,6399.0,20801.0,0.060024999999999995,DRB1,,,,
DRB1*01:02,DRB3*02:01,0.026,,0.026,17,,17.0,0.000676,DRB1,,,,
DRB1*01:02,DRB3*02:02,0.326,0.301,0.365,27198,6397.0,20801.0,0.10627600000000001,DRB1,,,,
DRB1*01:02,DRB3*03:01,0.206,0.285,0.238,25307,6398.0,18909.0,0.042435999999999995,DRB1,,,,
DRB1*01:02,DRB4*01:01,0.366,0.416,0.397,27200,6399.0,20801.0,0.133956,DRB1,,,,
DRB1*01:02,DRB4*01:03,0.433,,0.433,20818,,20818.0,0.187489,DRB1,,,,
DRB1*01:02,DRB5*01:01,0.58,0.583,0.616,27216,6398.0,20818.0,0.3364,DRB1,,,,
DRB1*01:02,DRB5*01:02,0.619,,0.619,0,,0.0,0.383161,DRB1,,,,
DRB1*01:02,DRB5*02:02,0.701,0.67,0.788,27200,6399.0,20801.0,0.4914009999999999,DRB1,,,,
DRB1*01:03,DPB1*01:01 / DPA1*01:03,0.303,0.386,0.292,26197,6398.0,19799.0,0.091809,DRB1,,,,
DRB1*01:03,DPB1*01:01 / DPA1*02:01,0.257,0.394,0.249,27215,6397.0,20818.0,0.066049,DRB1,,,,
DRB1*01:03,DPB1*01:01 / DPA1*02:02,0.391,0.391,,6397,6397.0,,0.15288100000000002,DRB1,,,,
DRB1*01:03,DPB1*01:01 / DPA1*03:01,0.402,0.402,,6398,6398.0,,0.16160400000000003,DRB1,,,,
DRB1*01:03,DPB1*02:01 / DPA1*01:03,0.317,0.328,0.315,27215,6397.0,20818.0,0.10048900000000001,DRB1,,,,
DRB1*01:03,DPB1*02:02 / DPA1*01:03,0.068,,0.068,0,,0.0,0.0046240000000000005,DRB1,,,,
DRB1*01:03,DPB1*02:02 / DPA1*02:01,0.275,,0.275,3553,,3553.0,0.07562500000000001,DRB1,,,,
DRB1*01:03,DPB1*03:01 / DPA1*01:03,0.326,0.37,0.315,27216,6398.0,20818.0,0.10627600000000001,DRB1,,,,
DRB1*01:03,DPB1*03:01 / DPA1*01:04,0.328,,0.328,2287,,2287.0,0.10758400000000001,DRB1,,,,
DRB1*01:03,DPB1*03:01 / DPA1*01:05,0.323,,0.323,17512,,17512.0,0.104329,DRB1,,,,
DRB1*01:03,DPB1*03:01 / DPA1*02:01,0.335,,0.335,18909,,18909.0,0.11222500000000002,DRB1,,,,
DRB1*01:03,DPB1*04:01 / DPA1*01:03,0.322,0.224,0.339,27216,6398.0,20818.0,0.10368400000000001,DRB1,,,,
DRB1*01:03,DPB1*04:01 / DPA1*02:01,0.354,0.354,,6397,6397.0,,0.12531599999999998,DRB1,,,,
DRB1*01:03,DPB1*04:01 / DPA1*02:02,0.378,0.378,,6397,6397.0,,0.142884,DRB1,,,,
DRB1*01:03,DPB1*04:01 / DPA1*03:01,0.304,0.304,,6398,6398.0,,0.092416,DRB1,,,,
DRB1*01:03,DPB1*04:01 / DPA1*04:01,0.38,0.38,,6398,6398.0,,0.1444,DRB1,,,,
DRB1*01:03,DPB1*04:02 / DPA1*01:03,0.316,0.285,0.32,27198,6397.0,20801.0,0.099856,DRB1,,,,
DRB1*01:03,DPB1*04:02 / DPA1*03:01,0.364,0.364,,6397,6397.0,,0.132496,DRB1,,,,
DRB1*01:03,DPB1*05:01 / DPA1*02:01,0.317,0.248,0.348,27215,6397.0,20818.0,0.10048900000000001,DRB1,,,,
DRB1*01:03,DPB1*05:01 / DPA1*02:02,0.252,0.292,0.257,21829,6397.0,15432.0,0.063504,DRB1,,,,
DRB1*01:03,DPB1*05:01 / DPA1*03:01,0.367,0.367,,6398,6398.0,,0.134689,DRB1,,,,
DRB1*01:03,DPB1*06:01 / DPA1*01:03,0.296,0.296,0.3,21830,6398.0,15432.0,0.08761599999999999,DRB1,,,,
DRB1*01:03,DPB1*06:01 / DPA1*02:01,0.332,,0.332,18909,,18909.0,0.11022400000000002,DRB1,,,,
DRB1*01:03,DPB1*09:01 / DPA1*02:01,0.347,0.372,0.341,27198,6397.0,20801.0,0.12040899999999999,DRB1,,,,
DRB1*01:03,DPB1*105:01 / DPA1*02:01,0.088,,0.088,0,,0.0,0.007743999999999999,DRB1,,,,
DRB1*01:03,DPB1*107:01 / DPA1*02:01,0.11,,0.11,0,,0.0,0.0121,DRB1,,,,
DRB1*01:03,DPB1*10:01 / DPA1*02:01,0.32,,0.32,6254,,6254.0,0.1024,DRB1,,,,
DRB1*01:03,DPB1*10:01 / DPA1*02:02,0.307,,0.307,14564,,14564.0,0.094249,DRB1,,,,
DRB1*01:03,DPB1*11:01 / DPA1*01:03,0.331,,0.331,17512,,17512.0,0.109561,DRB1,,,,
DRB1*01:03,DPB1*11:01 / DPA1*01:04,0.318,,0.318,2265,,2265.0,0.101124,DRB1,,,,
DRB1*01:03,DPB1*11:01 / DPA1*01:05,0.327,,0.327,2080,,2080.0,0.10692900000000001,DRB1,,,,
DRB1*01:03,DPB1*11:01 / DPA1*02:01,0.331,0.296,0.395,9703,6397.0,3306.0,0.109561,DRB1,,,,
DRB1*01:03,DPB1*11:01 / DPA1*02:02,0.3,,0.3,14564,,14564.0,0.09,DRB1,,,,
DRB1*01:03,DPB1*13:01 / DPA1*01:04,0.345,,0.345,1397,,1397.0,0.11902499999999998,DRB1,,,,
DRB1*01:03,DPB1*13:01 / DPA1*01:05,0.349,,0.349,2080,,2080.0,0.12180099999999998,DRB1,,,,
DRB1*01:03,DPB1*13:01 / DPA1*02:01,0.342,0.374,0.335,27030,6397.0,20633.0,0.11696400000000001,DRB1,,,,
DRB1*01:03,DPB1*13:01 / DPA1*02:02,0.331,,0.331,15432,,15432.0,0.109561,DRB1,,,,
DRB1*01:03,DPB1*13:01 / DPA1*03:01,0.339,,0.339,15432,,15432.0,0.11492100000000001,DRB1,,,,
DRB1*01:03,DPB1*13:01 / DPA1*04:01,0.34,0.318,0.356,9703,6397.0,3306.0,0.11560000000000002,DRB1,,,,
DRB1*01:03,DPB1*14:01 / DPA1*02:01,0.278,0.279,0.271,27198,6397.0,20801.0,0.07728400000000002,DRB1,,,,
DRB1*01:03,DPB1*15:01 / DPA1*02:01,0.354,0.409,0.349,27157,6397.0,20760.0,0.12531599999999998,DRB1,,,,
DRB1*01:03,DPB1*17:01 / DPA1*02:01,0.337,0.366,0.328,27215,6397.0,20818.0,0.11356900000000002,DRB1,,,,
DRB1*01:03,DPB1*18:01 / DPA1*01:03,0.326,0.326,,6398,6398.0,,0.10627600000000001,DRB1,,,,
DRB1*01:03,DPB1*18:01 / DPA1*01:04,0.353,,0.353,19799,,19799.0,0.12460899999999998,DRB1,,,,
DRB1*01:03,DPB1*18:01 / DPA1*01:05,0.343,,0.343,19799,,19799.0,0.11764900000000002,DRB1,,,,
DRB1*01:03,DPB1*18:01 / DPA1*02:01,0.352,,0.352,20760,,20760.0,0.12390399999999999,DRB1,,,,
DRB1*01:03,DPB1*19:01 / DPA1*01:03,0.347,,0.347,17512,,17512.0,0.12040899999999999,DRB1,,,,
DRB1*01:03,DPB1*19:01 / DPA1*02:01,0.286,0.238,0.408,9686,6397.0,3289.0,0.08179599999999998,DRB1,,,,
DRB1*01:03,DPB1*20:01 / DPA1*01:03,0.341,,0.341,2287,,2287.0,0.11628100000000002,DRB1,,,,
DRB1*01:03,DPB1*20:01 / DPA1*03:01,0.306,,0.306,15432,,15432.0,0.093636,DRB1,,,,
DRB1*01:03,DPB1*23:01 / DPA1*01:03,0.308,,0.308,15432,,15432.0,0.094864,DRB1,,,,
DRB1*01:03,DPB1*23:01 / DPA1*02:01,0.299,,0.299,5328,,5328.0,0.089401,DRB1,,,,
DRB1*01:03,DPB1*26:01 / DPA1*03:01,0.094,,0.094,0,,0.0,0.008836,DRB1,,,,
DRB1*01:03,DPB1*28:01 / DPA1*01:03,0.31,,0.31,15432,,15432.0,0.0961,DRB1,,,,
DRB1*01:03,DPB1*28:01 / DPA1*01:04,0.332,,0.332,2287,,2287.0,0.11022400000000002,DRB1,,,,
DRB1*01:03,DPB1*28:01 / DPA1*01:05,0.335,,0.335,17512,,17512.0,0.11222500000000002,DRB1,,,,
DRB1*01:03,DPB1*28:01 / DPA1*02:01,0.35,,0.35,2080,,2080.0,0.12249999999999998,DRB1,,,,
DRB1*01:03,DPB1*28:01 / DPA1*02:02,0.344,0.339,0.298,7793,6396.0,1397.0,0.11833599999999998,DRB1,,,,
DRB1*01:03,DPB1*28:01 / DPA1*04:01,0.335,,0.335,15432,,15432.0,0.11222500000000002,DRB1,,,,
DRB1*01:03,DPB1*30:01 / DPA1*02:01,0.081,,0.081,0,,0.0,0.006561,DRB1,,,,
DRB1*01:03,DPB1*31:01 / DPA1*03:01,0.083,,0.083,0,,0.0,0.006889000000000001,DRB1,,,,
DRB1*01:03,DPB1*40:01 / DPA1*01:05,0.111,,0.111,0,,0.0,0.012321,DRB1,,,,
DRB1*01:03,DPB1*85:01 / DPA1*01:03,0.092,,0.092,0,,0.0,0.008464,DRB1,,,,
DRB1*01:03,DQB1*02:01 / DQA1*02:01,0.229,0.15,0.261,27215,6397.0,20818.0,0.052441,DRB1,,,,
DRB1*01:03,DQB1*02:01 / DQA1*03:01,0.242,,0.242,20801,,20801.0,0.058564,DRB1,,,,
DRB1*01:03,DQB1*02:01 / DQA1*04:01,0.274,,0.274,20760,,20760.0,0.07507600000000002,DRB1,,,,
DRB1*01:03,DQB1*02:01 / DQA1*05:01,0.191,0.301,0.176,27198,6397.0,20801.0,0.036481,DRB1,,,,
DRB1*01:03,DQB1*02:02 / DQA1*02:01,0.248,0.235,0.26,27198,6397.0,20801.0,0.061503999999999996,DRB1,,,,
DRB1*01:03,DQB1*02:02 / DQA1*03:02,0.262,0.262,,6397,6397.0,,0.06864400000000001,DRB1,,,,
DRB1*01:03,DQB1*02:02 / DQA1*05:01,0.273,0.273,,6397,6397.0,,0.07452900000000001,DRB1,,,,
DRB1*01:03,DQB1*03:01 / DQA1*02:01,0.24,,0.24,19799,,19799.0,0.0576,DRB1,,,,
DRB1*01:03,DQB1*03:01 / DQA1*03:01,0.246,0.31,0.236,27197,6396.0,20801.0,0.060516,DRB1,,,,
DRB1*01:03,DQB1*03:01 / DQA1*03:02,0.263,0.263,,6396,6396.0,,0.06916900000000001,DRB1,,,,
DRB1*01:03,DQB1*03:01 / DQA1*05:01,0.25,0.25,,6396,6396.0,,0.0625,DRB1,,,,
DRB1*01:03,DQB1*03:01 / DQA1*05:03,0.189,,0.189,20760,,20760.0,0.035721,DRB1,,,,
DRB1*01:03,DQB1*03:01 / DQA1*06:01,0.203,0.302,0.188,27197,6396.0,20801.0,0.041209,DRB1,,,,
DRB1*01:03,DQB1*03:02 / DQA1*01:01,0.26,,0.26,5369,,5369.0,0.06760000000000001,DRB1,,,,
DRB1*01:03,DQB1*03:02 / DQA1*02:01,0.224,0.214,0.23,26194,6395.0,19799.0,0.050176000000000005,DRB1,,,,
DRB1*01:03,DQB1*03:02 / DQA1*03:01,0.228,0.227,0.231,27197,6396.0,20801.0,0.051984,DRB1,,,,
DRB1*01:03,DQB1*03:02 / DQA1*03:02,0.202,0.247,0.187,22488,6396.0,16092.0,0.04080400000000001,DRB1,,,,
DRB1*01:03,DQB1*03:02 / DQA1*03:03,0.183,,0.183,4541,,4541.0,0.033489,DRB1,,,,
DRB1*01:03,DQB1*03:03 / DQA1*02:01,0.234,,0.234,20801,,20801.0,0.054756000000000006,DRB1,,,,
DRB1*01:03,DQB1*03:03 / DQA1*03:01,0.229,,0.229,20801,,20801.0,0.052441,DRB1,,,,
DRB1*01:03,DQB1*03:03 / DQA1*03:02,0.224,0.302,0.209,27156,6396.0,20760.0,0.050176000000000005,DRB1,,,,
DRB1*01:03,DQB1*03:03 / DQA1*04:01,0.298,0.298,,6396,6396.0,,0.088804,DRB1,,,,
DRB1*01:03,DQB1*03:03 / DQA1*06:01,0.291,0.291,,6396,6396.0,,0.08468099999999999,DRB1,,,,
DRB1*01:03,DQB1*03:04 / DQA1*03:01,0.258,,0.258,127,,127.0,0.066564,DRB1,,,,
DRB1*01:03,DQB1*03:19 / DQA1*02:01,0.091,,0.091,0,,0.0,0.008281,DRB1,,,,
DRB1*01:03,DQB1*03:19 / DQA1*05:05,0.183,,0.183,20677,,20677.0,0.033489,DRB1,,,,
DRB1*01:03,DQB1*04:01 / DQA1*02:01,0.38,0.367,0.392,27197,6396.0,20801.0,0.1444,DRB1,,,,
DRB1*01:03,DQB1*04:01 / DQA1*03:03,0.345,,0.345,20760,,20760.0,0.11902499999999998,DRB1,,,,
DRB1*01:03,DQB1*04:01 / DQA1*04:01,0.401,0.401,,6397,6397.0,,0.16080100000000003,DRB1,,,,
DRB1*01:03,DQB1*04:01 / DQA1*05:01,0.389,0.389,,6397,6397.0,,0.151321,DRB1,,,,
DRB1*01:03,DQB1*04:02 / DQA1*02:01,0.385,,0.385,20801,,20801.0,0.148225,DRB1,,,,
DRB1*01:03,DQB1*04:02 / DQA1*03:01,0.424,0.424,,6397,6397.0,,0.179776,DRB1,,,,
DRB1*01:03,DQB1*04:02 / DQA1*04:01,0.366,0.359,0.365,27215,6397.0,20818.0,0.133956,DRB1,,,,
DRB1*01:03,DQB1*04:02 / DQA1*06:01,0.401,0.401,,6397,6397.0,,0.16080100000000003,DRB1,,,,
DRB1*01:03,DQB1*05:01 / DQA1*01:01,0.451,0.429,0.454,27199,6398.0,20801.0,0.203401,DRB1,,,,
DRB1*01:03,DQB1*05:01 / DQA1*01:02,0.407,0.407,,6398,6398.0,,0.165649,DRB1,,,,
DRB1*01:03,DQB1*05:02 / DQA1*01:02,0.445,0.446,0.441,27216,6398.0,20818.0,0.198025,DRB1,,,,
DRB1*01:03,DQB1*05:03 / DQA1*01:01,0.333,,0.333,0,,0.0,0.11088900000000002,DRB1,,,,
DRB1*01:03,DQB1*05:03 / DQA1*01:04,0.464,0.464,,6398,6398.0,,0.21529600000000002,DRB1,,,,
DRB1*01:03,DQB1*06:01 / DQA1*01:03,0.423,0.347,0.446,27198,6397.0,20801.0,0.17892899999999998,DRB1,,,,
DRB1*01:03,DQB1*06:01 / DQA1*01:04,0.41,0.41,,6398,6398.0,,0.16809999999999997,DRB1,,,,
DRB1*01:03,DQB1*06:01 / DQA1*02:01,0.473,0.474,,6397,6397.0,,0.22372899999999998,DRB1,,,,
DRB1*01:03,DQB1*06:02 / DQA1*01:01,0.455,,0.455,20760,,20760.0,0.20702500000000001,DRB1,,,,
DRB1*01:03,DQB1*06:02 / DQA1*01:02,0.445,0.399,0.458,27216,6398.0,20818.0,0.198025,DRB1,,,,
DRB1*01:03,DQB1*06:03 / DQA1*01:03,0.385,0.391,0.381,27157,6397.0,20760.0,0.148225,DRB1,,,,
DRB1*01:03,DQB1*06:04 / DQA1*01:02,0.448,0.455,0.445,27158,6398.0,20760.0,0.20070400000000002,DRB1,,,,
DRB1*01:03,DQB1*06:09 / DQA1*01:02,0.431,,0.431,20760,,20760.0,0.18576099999999998,DRB1,,,,
DRB1*01:03,DRB1*03:01,0.331,0.306,0.334,27215,6397.0,20818.0,0.109561,DRB1,,,,
DRB1*01:03,DRB1*03:02,0.324,0.383,0.313,27215,6397.0,20818.0,0.104976,DRB1,,,,
DRB1*01:03,DRB1*03:03,0.358,0.358,,6397,6397.0,,0.128164,DRB1,,,,
DRB1*01:03,DRB1*04:01,0.48,0.417,0.491,27216,6398.0,20818.0,0.2304,DRB1,,,,
DRB1*01:03,DRB1*04:02,0.501,0.461,0.523,27158,6398.0,20760.0,0.251001,DRB1,,,,
DRB1*01:03,DRB1*04:03,0.46,0.453,0.459,27158,6398.0,20760.0,0.2116,DRB1,,,,
DRB1*01:03,DRB1*04:04,0.46,0.434,0.472,27216,6398.0,20818.0,0.2116,DRB1,,,,
DRB1*01:03,DRB1*04:05,0.495,0.462,0.498,27216,6398.0,20818.0,0.245025,DRB1,,,,
DRB1*01:03,DRB1*04:06,0.439,,0.439,0,,0.0,0.192721,DRB1,,,,
DRB1*01:03,DRB1*04:07,0.401,,0.401,0,,0.0,0.16080100000000003,DRB1,,,,
DRB1*01:03,DRB1*04:10,0.468,,0.468,0,,0.0,0.21902400000000002,DRB1,,,,
DRB1*01:03,DRB1*04:11,0.41,,0.41,0,,0.0,0.16809999999999997,DRB1,,,,
DRB1*01:03,DRB1*07:01,0.342,0.218,0.385,27216,6398.0,20818.0,0.11696400000000001,DRB1,,,,
DRB1*01:03,DRB1*08:01,0.428,0.431,0.427,27216,6398.0,20818.0,0.18318399999999999,DRB1,,,,
DRB1*01:03,DRB1*08:02,0.401,0.409,0.321,6398,6398.0,0.0,0.16080100000000003,DRB1,,,,
DRB1*01:03,DRB1*08:03,0.327,,0.327,0,,0.0,0.10692900000000001,DRB1,,,,
DRB1*01:03,DRB1*08:07,0.331,,0.331,0,,0.0,0.109561,DRB1,,,,
DRB1*01:03,DRB1*09:01,0.548,0.49,0.576,27216,6398.0,20818.0,0.30030400000000007,DRB1,,,,
DRB1*01:03,DRB1*09:02,0.62,,0.62,20760,,20760.0,0.3844,DRB1,,,,
DRB1*01:03,DRB1*10:01,0.637,0.547,0.66,27216,6398.0,20818.0,0.405769,DRB1,,,,
DRB1*01:03,DRB1*11:01,0.42,0.386,0.429,27213,6395.0,20818.0,0.17639999999999997,DRB1,,,,
DRB1*01:03,DRB1*11:03,0.395,0.395,,6395,6395.0,,0.15602500000000002,DRB1,,,,
DRB1*01:03,DRB1*11:04,0.38,0.379,0.383,26194,6395.0,19799.0,0.1444,DRB1,,,,
DRB1*01:03,DRB1*12:01,0.473,0.42,0.487,27215,6397.0,20818.0,0.22372899999999998,DRB1,,,,
DRB1*01:03,DRB1*12:02,0.446,0.387,0.458,27157,6397.0,20760.0,0.198916,DRB1,,,,
DRB1*01:03,DRB1*13:01,0.442,0.412,0.444,27216,6398.0,20818.0,0.195364,DRB1,,,,
DRB1*01:03,DRB1*13:02,0.378,,0.378,0,,0.0,0.142884,DRB1,,,,
DRB1*01:03,DRB1*13:03,0.435,0.426,0.436,27215,6397.0,20818.0,0.189225,DRB1,,,,
DRB1*01:03,DRB1*13:05,0.46,0.46,,6397,6397.0,,0.2116,DRB1,,,,
DRB1*01:03,DRB1*14:01,0.402,0.33,0.423,27215,6397.0,20818.0,0.16160400000000003,DRB1,,,,
DRB1*01:03,DRB1*14:02,0.485,,0.485,17207,,17207.0,0.235225,DRB1,,,,
DRB1*01:03,DRB1*14:03,0.452,0.47,0.396,6397,6397.0,0.0,0.204304,DRB1,,,,
DRB1*01:03,DRB1*14:04,0.428,0.447,0.328,6398,6398.0,0.0,0.18318399999999999,DRB1,,,,
DRB1*01:03,DRB1*14:05,0.354,,0.354,0,,0.0,0.12531599999999998,DRB1,,,,
DRB1*01:03,DRB1*14:06,0.473,,0.473,0,,0.0,0.22372899999999998,DRB1,,,,
DRB1*01:03,DRB1*14:54,0.417,,0.417,17207,,17207.0,0.173889,DRB1,,,,
DRB1*01:03,DRB1*15:01,0.639,0.501,0.665,27216,6398.0,20818.0,0.408321,DRB1,,,,
DRB1*01:03,DRB1*15:02,0.663,0.603,0.669,27216,6398.0,20818.0,0.43956900000000004,DRB1,,,,
DRB1*01:03,DRB1*15:03,0.646,0.591,0.652,26197,6398.0,19799.0,0.417316,DRB1,,,,
DRB1*01:03,DRB1*16:01,0.64,0.516,0.663,27216,6398.0,20818.0,0.4096,DRB1,,,,
DRB1*01:03,DRB1*16:02,0.626,0.477,0.656,27158,6398.0,20760.0,0.391876,DRB1,,,,
DRB1*01:03,DRB3*01:01,0.375,0.432,0.364,27199,6398.0,20801.0,0.140625,DRB1,,,,
DRB1*01:03,DRB3*02:01,0.117,,0.117,17,,17.0,0.013689000000000002,DRB1,,,,
DRB1*01:03,DRB3*02:02,0.39,0.46,0.375,27197,6396.0,20801.0,0.1521,DRB1,,,,
DRB1*01:03,DRB3*03:01,0.321,0.441,0.301,25306,6397.0,18909.0,0.10304100000000001,DRB1,,,,
DRB1*01:03,DRB4*01:01,0.365,0.493,0.339,27199,6398.0,20801.0,0.13322499999999998,DRB1,,,,
DRB1*01:03,DRB4*01:03,0.37,,0.37,20818,,20818.0,0.1369,DRB1,,,,
DRB1*01:03,DRB5*01:01,0.744,0.772,0.739,27216,6398.0,20818.0,0.553536,DRB1,,,,
DRB1*01:03,DRB5*01:02,0.854,,0.854,0,,0.0,0.729316,DRB1,,,,
DRB1*01:03,DRB5*02:02,0.752,0.735,0.772,27199,6398.0,20801.0,0.565504,DRB1,,,,
DRB1*03:01,DPB1*01:01 / DPA1*01:03,0.277,0.324,0.272,26197,6398.0,19799.0,0.07672900000000002,DRB1,,,,
DRB1*03:01,DPB1*01:01 / DPA1*02:01,0.195,0.261,0.207,27215,6397.0,20818.0,0.038025,DRB1,,,,
DRB1*03:01,DPB1*01:01 / DPA1*02:02,0.305,0.305,,6397,6397.0,,0.093025,DRB1,,,,
DRB1*03:01,DPB1*01:01 / DPA1*03:01,0.318,0.318,,6398,6398.0,,0.101124,DRB1,,,,
DRB1*03:01,DPB1*02:01 / DPA1*01:03,0.327,0.233,0.348,27215,6397.0,20818.0,0.10692900000000001,DRB1,,,,
DRB1*03:01,DPB1*02:02 / DPA1*01:03,0.062,,0.062,0,,0.0,0.0038439999999999998,DRB1,,,,
DRB1*03:01,DPB1*02:02 / DPA1*02:01,0.33,,0.33,3553,,3553.0,0.10890000000000001,DRB1,,,,
DRB1*03:01,DPB1*03:01 / DPA1*01:03,0.27,0.247,0.262,27216,6398.0,20818.0,0.0729,DRB1,,,,
DRB1*03:01,DPB1*03:01 / DPA1*01:04,0.346,,0.346,2287,,2287.0,0.11971599999999999,DRB1,,,,
DRB1*03:01,DPB1*03:01 / DPA1*01:05,0.29,,0.29,17512,,17512.0,0.0841,DRB1,,,,
DRB1*03:01,DPB1*03:01 / DPA1*02:01,0.302,,0.302,18909,,18909.0,0.091204,DRB1,,,,
DRB1*03:01,DPB1*04:01 / DPA1*01:03,0.317,0.241,0.332,27216,6398.0,20818.0,0.10048900000000001,DRB1,,,,
DRB1*03:01,DPB1*04:01 / DPA1*02:01,0.224,0.224,,6397,6397.0,,0.050176000000000005,DRB1,,,,
DRB1*03:01,DPB1*04:01 / DPA1*02:02,0.296,0.296,,6397,6397.0,,0.08761599999999999,DRB1,,,,
DRB1*03:01,DPB1*04:01 / DPA1*03:01,0.259,0.259,,6398,6398.0,,0.067081,DRB1,,,,
DRB1*03:01,DPB1*04:01 / DPA1*04:01,0.285,0.285,,6398,6398.0,,0.08122499999999999,DRB1,,,,
DRB1*03:01,DPB1*04:02 / DPA1*01:03,0.331,0.291,0.34,27198,6397.0,20801.0,0.109561,DRB1,,,,
DRB1*03:01,DPB1*04:02 / DPA1*03:01,0.278,0.278,,6397,6397.0,,0.07728400000000002,DRB1,,,,
DRB1*03:01,DPB1*05:01 / DPA1*02:01,0.265,0.184,0.319,27215,6397.0,20818.0,0.07022500000000001,DRB1,,,,
DRB1*03:01,DPB1*05:01 / DPA1*02:02,0.211,0.276,0.241,21829,6397.0,15432.0,0.044521,DRB1,,,,
DRB1*03:01,DPB1*05:01 / DPA1*03:01,0.246,0.246,,6398,6398.0,,0.060516,DRB1,,,,
DRB1*03:01,DPB1*06:01 / DPA1*01:03,0.283,0.174,0.31,21830,6398.0,15432.0,0.08008899999999998,DRB1,,,,
DRB1*03:01,DPB1*06:01 / DPA1*02:01,0.326,,0.326,18909,,18909.0,0.10627600000000001,DRB1,,,,
DRB1*03:01,DPB1*09:01 / DPA1*02:01,0.278,0.256,0.274,27198,6397.0,20801.0,0.07728400000000002,DRB1,,,,
DRB1*03:01,DPB1*105:01 / DPA1*02:01,0.029,,0.029,0,,0.0,0.0008410000000000001,DRB1,,,,
DRB1*03:01,DPB1*107:01 / DPA1*02:01,0.082,,0.082,0,,0.0,0.006724000000000001,DRB1,,,,
DRB1*03:01,DPB1*10:01 / DPA1*02:01,0.239,,0.239,6254,,6254.0,0.057121,DRB1,,,,
DRB1*03:01,DPB1*10:01 / DPA1*02:02,0.306,,0.306,14564,,14564.0,0.093636,DRB1,,,,
DRB1*03:01,DPB1*11:01 / DPA1*01:03,0.317,,0.317,17512,,17512.0,0.10048900000000001,DRB1,,,,
DRB1*03:01,DPB1*11:01 / DPA1*01:04,0.327,,0.327,2265,,2265.0,0.10692900000000001,DRB1,,,,
DRB1*03:01,DPB1*11:01 / DPA1*01:05,0.263,,0.263,2080,,2080.0,0.06916900000000001,DRB1,,,,
DRB1*03:01,DPB1*11:01 / DPA1*02:01,0.236,0.167,0.356,9703,6397.0,3306.0,0.055695999999999996,DRB1,,,,
DRB1*03:01,DPB1*11:01 / DPA1*02:02,0.293,,0.293,14564,,14564.0,0.085849,DRB1,,,,
DRB1*03:01,DPB1*13:01 / DPA1*01:04,0.363,,0.363,1397,,1397.0,0.131769,DRB1,,,,
DRB1*03:01,DPB1*13:01 / DPA1*01:05,0.225,,0.225,2080,,2080.0,0.050625,DRB1,,,,
DRB1*03:01,DPB1*13:01 / DPA1*02:01,0.306,0.263,0.311,27030,6397.0,20633.0,0.093636,DRB1,,,,
DRB1*03:01,DPB1*13:01 / DPA1*02:02,0.314,,0.314,15432,,15432.0,0.098596,DRB1,,,,
DRB1*03:01,DPB1*13:01 / DPA1*03:01,0.339,,0.339,15432,,15432.0,0.11492100000000001,DRB1,,,,
DRB1*03:01,DPB1*13:01 / DPA1*04:01,0.307,0.298,0.327,9703,6397.0,3306.0,0.094249,DRB1,,,,
DRB1*03:01,DPB1*14:01 / DPA1*02:01,0.246,0.151,0.239,27198,6397.0,20801.0,0.060516,DRB1,,,,
DRB1*03:01,DPB1*15:01 / DPA1*02:01,0.326,0.337,0.339,27157,6397.0,20760.0,0.10627600000000001,DRB1,,,,
DRB1*03:01,DPB1*17:01 / DPA1*02:01,0.309,0.271,0.3,27215,6397.0,20818.0,0.095481,DRB1,,,,
DRB1*03:01,DPB1*18:01 / DPA1*01:03,0.209,0.209,,6398,6398.0,,0.043681,DRB1,,,,
DRB1*03:01,DPB1*18:01 / DPA1*01:04,0.355,,0.355,19799,,19799.0,0.126025,DRB1,,,,
DRB1*03:01,DPB1*18:01 / DPA1*01:05,0.344,,0.344,19799,,19799.0,0.11833599999999998,DRB1,,,,
DRB1*03:01,DPB1*18:01 / DPA1*02:01,0.312,,0.312,20760,,20760.0,0.097344,DRB1,,,,
DRB1*03:01,DPB1*19:01 / DPA1*01:03,0.268,,0.268,17512,,17512.0,0.07182400000000001,DRB1,,,,
DRB1*03:01,DPB1*19:01 / DPA1*02:01,0.135,0.056,0.303,9686,6397.0,3289.0,0.018225,DRB1,,,,
DRB1*03:01,DPB1*20:01 / DPA1*01:03,0.345,,0.345,2287,,2287.0,0.11902499999999998,DRB1,,,,
DRB1*03:01,DPB1*20:01 / DPA1*03:01,0.295,,0.295,15432,,15432.0,0.08702499999999999,DRB1,,,,
DRB1*03:01,DPB1*23:01 / DPA1*01:03,0.314,,0.314,15432,,15432.0,0.098596,DRB1,,,,
DRB1*03:01,DPB1*23:01 / DPA1*02:01,0.274,,0.274,5328,,5328.0,0.07507600000000002,DRB1,,,,
DRB1*03:01,DPB1*26:01 / DPA1*03:01,0.069,,0.069,0,,0.0,0.0047610000000000005,DRB1,,,,
DRB1*03:01,DPB1*28:01 / DPA1*01:03,0.361,,0.361,15432,,15432.0,0.130321,DRB1,,,,
DRB1*03:01,DPB1*28:01 / DPA1*01:04,0.351,,0.351,2287,,2287.0,0.12320099999999999,DRB1,,,,
DRB1*03:01,DPB1*28:01 / DPA1*01:05,0.352,,0.352,17512,,17512.0,0.12390399999999999,DRB1,,,,
DRB1*03:01,DPB1*28:01 / DPA1*02:01,0.229,,0.229,2080,,2080.0,0.052441,DRB1,,,,
DRB1*03:01,DPB1*28:01 / DPA1*02:02,0.283,0.254,0.322,7793,6396.0,1397.0,0.08008899999999998,DRB1,,,,
DRB1*03:01,DPB1*28:01 / DPA1*04:01,0.337,,0.337,15432,,15432.0,0.11356900000000002,DRB1,,,,
DRB1*03:01,DPB1*30:01 / DPA1*02:01,0.034,,0.034,0,,0.0,0.0011560000000000001,DRB1,,,,
DRB1*03:01,DPB1*31:01 / DPA1*03:01,0.06,,0.06,0,,0.0,0.0036,DRB1,,,,
DRB1*03:01,DPB1*40:01 / DPA1*01:05,0.096,,0.096,0,,0.0,0.009216,DRB1,,,,
DRB1*03:01,DPB1*85:01 / DPA1*01:03,0.068,,0.068,0,,0.0,0.0046240000000000005,DRB1,,,,
DRB1*03:01,DQB1*02:01 / DQA1*02:01,0.226,0.124,0.281,27214,6396.0,20818.0,0.051076,DRB1,,,,
DRB1*03:01,DQB1*02:01 / DQA1*03:01,0.288,,0.288,20801,,20801.0,0.08294399999999999,DRB1,,,,
DRB1*03:01,DQB1*02:01 / DQA1*04:01,0.36,,0.36,20760,,20760.0,0.1296,DRB1,,,,
DRB1*03:01,DQB1*02:01 / DQA1*05:01,0.326,0.336,0.325,27197,6396.0,20801.0,0.10627600000000001,DRB1,,,,
DRB1*03:01,DQB1*02:02 / DQA1*02:01,0.23,0.174,0.266,27197,6396.0,20801.0,0.0529,DRB1,,,,
DRB1*03:01,DQB1*02:02 / DQA1*03:02,0.223,0.223,,6396,6396.0,,0.049729,DRB1,,,,
DRB1*03:01,DQB1*02:02 / DQA1*05:01,0.338,0.338,,6396,6396.0,,0.11424400000000001,DRB1,,,,
DRB1*03:01,DQB1*03:01 / DQA1*02:01,0.182,,0.182,19799,,19799.0,0.033124,DRB1,,,,
DRB1*03:01,DQB1*03:01 / DQA1*03:01,0.225,0.23,0.221,27196,6395.0,20801.0,0.050625,DRB1,,,,
DRB1*03:01,DQB1*03:01 / DQA1*03:02,0.216,0.216,,6395,6395.0,,0.046655999999999996,DRB1,,,,
DRB1*03:01,DQB1*03:01 / DQA1*05:01,0.269,0.269,,6395,6395.0,,0.07236100000000001,DRB1,,,,
DRB1*03:01,DQB1*03:01 / DQA1*05:03,0.214,,0.214,20760,,20760.0,0.045795999999999996,DRB1,,,,
DRB1*03:01,DQB1*03:01 / DQA1*06:01,0.21,0.255,0.196,27196,6395.0,20801.0,0.04409999999999999,DRB1,,,,
DRB1*03:01,DQB1*03:02 / DQA1*01:01,0.21,,0.21,5369,,5369.0,0.04409999999999999,DRB1,,,,
DRB1*03:01,DQB1*03:02 / DQA1*02:01,0.156,0.125,0.172,26193,6394.0,19799.0,0.024336,DRB1,,,,
DRB1*03:01,DQB1*03:02 / DQA1*03:01,0.176,0.123,0.193,27196,6395.0,20801.0,0.030975999999999997,DRB1,,,,
DRB1*03:01,DQB1*03:02 / DQA1*03:02,0.113,0.128,0.094,22487,6395.0,16092.0,0.012769,DRB1,,,,
DRB1*03:01,DQB1*03:02 / DQA1*03:03,0.108,,0.108,4541,,4541.0,0.011663999999999999,DRB1,,,,
DRB1*03:01,DQB1*03:03 / DQA1*02:01,0.14,,0.14,20801,,20801.0,0.019600000000000003,DRB1,,,,
DRB1*03:01,DQB1*03:03 / DQA1*03:01,0.168,,0.168,20801,,20801.0,0.028224000000000003,DRB1,,,,
DRB1*03:01,DQB1*03:03 / DQA1*03:02,0.129,0.193,0.105,27155,6395.0,20760.0,0.016641,DRB1,,,,
DRB1*03:01,DQB1*03:03 / DQA1*04:01,0.235,0.235,,6395,6395.0,,0.055224999999999996,DRB1,,,,
DRB1*03:01,DQB1*03:03 / DQA1*06:01,0.249,0.249,,6395,6395.0,,0.062001,DRB1,,,,
DRB1*03:01,DQB1*03:04 / DQA1*03:01,0.457,,0.457,127,,127.0,0.208849,DRB1,,,,
DRB1*03:01,DQB1*03:19 / DQA1*02:01,0.07,,0.07,0,,0.0,0.004900000000000001,DRB1,,,,
DRB1*03:01,DQB1*03:19 / DQA1*05:05,0.192,,0.192,20677,,20677.0,0.036864,DRB1,,,,
DRB1*03:01,DQB1*04:01 / DQA1*02:01,0.262,0.183,0.297,27196,6395.0,20801.0,0.06864400000000001,DRB1,,,,
DRB1*03:01,DQB1*04:01 / DQA1*03:03,0.212,,0.212,20760,,20760.0,0.044944,DRB1,,,,
DRB1*03:01,DQB1*04:01 / DQA1*04:01,0.324,0.324,,6396,6396.0,,0.104976,DRB1,,,,
DRB1*03:01,DQB1*04:01 / DQA1*05:01,0.324,0.324,,6396,6396.0,,0.104976,DRB1,,,,
DRB1*03:01,DQB1*04:02 / DQA1*02:01,0.262,,0.262,20801,,20801.0,0.06864400000000001,DRB1,,,,
DRB1*03:01,DQB1*04:02 / DQA1*03:01,0.282,0.282,,6396,6396.0,,0.07952399999999998,DRB1,,,,
DRB1*03:01,DQB1*04:02 / DQA1*04:01,0.314,0.257,0.309,27214,6396.0,20818.0,0.098596,DRB1,,,,
DRB1*03:01,DQB1*04:02 / DQA1*06:01,0.316,0.316,,6396,6396.0,,0.099856,DRB1,,,,
DRB1*03:01,DQB1*05:01 / DQA1*01:01,0.243,0.289,0.209,27199,6398.0,20801.0,0.059049,DRB1,,,,
DRB1*03:01,DQB1*05:01 / DQA1*01:02,0.242,0.242,,6398,6398.0,,0.058564,DRB1,,,,
DRB1*03:01,DQB1*05:02 / DQA1*01:02,0.308,0.274,0.294,27216,6398.0,20818.0,0.094864,DRB1,,,,
DRB1*03:01,DQB1*05:03 / DQA1*01:01,0.078,,0.078,0,,0.0,0.006084,DRB1,,,,
DRB1*03:01,DQB1*05:03 / DQA1*01:04,0.268,0.268,,6398,6398.0,,0.07182400000000001,DRB1,,,,
DRB1*03:01,DQB1*06:01 / DQA1*01:03,0.269,0.163,0.303,27198,6397.0,20801.0,0.07236100000000001,DRB1,,,,
DRB1*03:01,DQB1*06:01 / DQA1*01:04,0.26,0.26,,6398,6398.0,,0.06760000000000001,DRB1,,,,
DRB1*03:01,DQB1*06:01 / DQA1*02:01,0.255,0.255,,6396,6396.0,,0.065025,DRB1,,,,
DRB1*03:01,DQB1*06:02 / DQA1*01:01,0.299,,0.299,20760,,20760.0,0.089401,DRB1,,,,
DRB1*03:01,DQB1*06:02 / DQA1*01:02,0.277,0.246,0.293,27216,6398.0,20818.0,0.07672900000000002,DRB1,,,,
DRB1*03:01,DQB1*06:03 / DQA1*01:03,0.27,0.284,0.259,27157,6397.0,20760.0,0.0729,DRB1,,,,
DRB1*03:01,DQB1*06:04 / DQA1*01:02,0.343,0.342,0.321,27158,6398.0,20760.0,0.11764900000000002,DRB1,,,,
DRB1*03:01,DQB1*06:09 / DQA1*01:02,0.287,,0.287,20760,,20760.0,0.08236899999999998,DRB1,,,,
DRB1*03:01,DRB1*03:02,0.894,0.836,0.892,27215,6397.0,20818.0,0.7992360000000001,DRB1,,,,
DRB1*03:01,DRB1*03:03,0.857,0.857,,6398,6398.0,,0.734449,DRB1,,,,
DRB1*03:01,DRB1*04:01,0.298,0.246,0.312,27215,6397.0,20818.0,0.088804,DRB1,,,,
DRB1*03:01,DRB1*04:02,0.33,0.274,0.373,27157,6397.0,20760.0,0.10890000000000001,DRB1,,,,
DRB1*03:01,DRB1*04:03,0.317,0.228,0.324,27157,6397.0,20760.0,0.10048900000000001,DRB1,,,,
DRB1*03:01,DRB1*04:04,0.269,0.243,0.295,27215,6397.0,20818.0,0.07236100000000001,DRB1,,,,
DRB1*03:01,DRB1*04:05,0.338,0.244,0.351,27215,6397.0,20818.0,0.11424400000000001,DRB1,,,,
DRB1*03:01,DRB1*04:06,0.241,,0.241,0,,0.0,0.058080999999999994,DRB1,,,,
DRB1*03:01,DRB1*04:07,0.196,,0.196,0,,0.0,0.038416000000000006,DRB1,,,,
DRB1*03:01,DRB1*04:10,0.182,,0.182,0,,0.0,0.033124,DRB1,,,,
DRB1*03:01,DRB1*04:11,0.219,,0.219,0,,0.0,0.047961,DRB1,,,,
DRB1*03:01,DRB1*07:01,0.202,0.09,0.266,27215,6397.0,20818.0,0.04080400000000001,DRB1,,,,
DRB1*03:01,DRB1*08:01,0.607,0.539,0.611,27215,6397.0,20818.0,0.36844899999999997,DRB1,,,,
DRB1*03:01,DRB1*08:02,0.501,0.53,0.495,6397,6397.0,0.0,0.251001,DRB1,,,,
DRB1*03:01,DRB1*08:03,0.516,,0.516,0,,0.0,0.266256,DRB1,,,,
DRB1*03:01,DRB1*08:07,0.515,,0.515,0,,0.0,0.265225,DRB1,,,,
DRB1*03:01,DRB1*09:01,0.287,0.206,0.342,27216,6398.0,20818.0,0.08236899999999998,DRB1,,,,
DRB1*03:01,DRB1*09:02,0.328,,0.328,20760,,20760.0,0.10758400000000001,DRB1,,,,
DRB1*03:01,DRB1*10:01,0.27,0.216,0.305,27216,6398.0,20818.0,0.0729,DRB1,,,,
DRB1*03:01,DRB1*11:01,0.59,0.485,0.61,27213,6395.0,20818.0,0.34809999999999997,DRB1,,,,
DRB1*03:01,DRB1*11:03,0.555,0.555,,6395,6395.0,,0.30802500000000005,DRB1,,,,
DRB1*03:01,DRB1*11:04,0.562,0.495,0.572,26194,6395.0,19799.0,0.31584400000000007,DRB1,,,,
DRB1*03:01,DRB1*12:01,0.565,0.532,0.585,27214,6396.0,20818.0,0.3192249999999999,DRB1,,,,
DRB1*03:01,DRB1*12:02,0.557,0.496,0.571,27156,6396.0,20760.0,0.31024900000000005,DRB1,,,,
DRB1*03:01,DRB1*13:01,0.764,0.662,0.759,27215,6397.0,20818.0,0.583696,DRB1,,,,
DRB1*03:01,DRB1*13:02,0.646,,0.646,0,,0.0,0.417316,DRB1,,,,
DRB1*03:01,DRB1*13:03,0.68,0.622,0.681,27215,6397.0,20818.0,0.4624000000000001,DRB1,,,,
DRB1*03:01,DRB1*13:05,0.633,0.633,,6396,6396.0,,0.400689,DRB1,,,,
DRB1*03:01,DRB1*14:01,0.695,0.619,0.736,27216,6398.0,20818.0,0.4830249999999999,DRB1,,,,
DRB1*03:01,DRB1*14:02,0.728,,0.728,17207,,17207.0,0.529984,DRB1,,,,
DRB1*03:01,DRB1*14:03,0.698,0.718,0.681,6396,6396.0,0.0,0.4872039999999999,DRB1,,,,
DRB1*03:01,DRB1*14:04,0.526,0.555,0.527,6397,6397.0,0.0,0.27667600000000003,DRB1,,,,
DRB1*03:01,DRB1*14:05,0.559,,0.559,0,,0.0,0.31248100000000006,DRB1,,,,
DRB1*03:01,DRB1*14:06,0.642,,0.642,0,,0.0,0.41216400000000003,DRB1,,,,
DRB1*03:01,DRB1*14:54,0.729,,0.729,17207,,17207.0,0.5314409999999999,DRB1,,,,
DRB1*03:01,DRB1*15:01,0.378,0.243,0.411,27216,6398.0,20818.0,0.142884,DRB1,,,,
DRB1*03:01,DRB1*15:02,0.426,0.376,0.427,27216,6398.0,20818.0,0.181476,DRB1,,,,
DRB1*03:01,DRB1*15:03,0.409,0.358,0.402,26197,6398.0,19799.0,0.16728099999999999,DRB1,,,,
DRB1*03:01,DRB1*16:01,0.4,0.339,0.426,27215,6397.0,20818.0,0.16000000000000003,DRB1,,,,
DRB1*03:01,DRB1*16:02,0.403,0.239,0.437,27157,6397.0,20760.0,0.16240900000000003,DRB1,,,,
DRB1*03:01,DRB3*01:01,0.711,0.651,0.693,27199,6398.0,20801.0,0.505521,DRB1,,,,
DRB1*03:01,DRB3*02:01,0.616,,0.616,17,,17.0,0.379456,DRB1,,,,
DRB1*03:01,DRB3*02:02,0.665,0.663,0.645,27197,6396.0,20801.0,0.44222500000000003,DRB1,,,,
DRB1*03:01,DRB3*03:01,0.664,0.665,0.639,25306,6397.0,18909.0,0.44089600000000007,DRB1,,,,
DRB1*03:01,DRB4*01:01,0.214,0.276,0.177,27199,6398.0,20801.0,0.045795999999999996,DRB1,,,,
DRB1*03:01,DRB4*01:03,0.144,,0.144,20818,,20818.0,0.020735999999999997,DRB1,,,,
DRB1*03:01,DRB5*01:01,0.34,0.324,0.322,27215,6397.0,20818.0,0.11560000000000002,DRB1,,,,
DRB1*03:01,DRB5*01:02,0.166,,0.166,0,,0.0,0.027556000000000004,DRB1,,,,
DRB1*03:01,DRB5*02:02,0.324,0.327,0.3,27199,6398.0,20801.0,0.104976,DRB1,,,,
DRB1*03:02,DPB1*01:01 / DPA1*01:03,0.305,0.351,0.3,26197,6398.0,19799.0,0.093025,DRB1,,,,
DRB1*03:02,DPB1*01:01 / DPA1*02:01,0.212,0.373,0.208,27215,6397.0,20818.0,0.044944,DRB1,,,,
DRB1*03:02,DPB1*01:01 / DPA1*02:02,0.348,0.348,,6397,6397.0,,0.12110399999999999,DRB1,,,,
DRB1*03:02,DPB1*01:01 / DPA1*03:01,0.344,0.344,,6398,6398.0,,0.11833599999999998,DRB1,,,,
DRB1*03:02,DPB1*02:01 / DPA1*01:03,0.359,0.308,0.371,27215,6397.0,20818.0,0.128881,DRB1,,,,
DRB1*03:02,DPB1*02:02 / DPA1*01:03,0.071,,0.071,0,,0.0,0.0050409999999999995,DRB1,,,,
DRB1*03:02,DPB1*02:02 / DPA1*02:01,0.454,,0.454,3553,,3553.0,0.20611600000000002,DRB1,,,,
DRB1*03:02,DPB1*03:01 / DPA1*01:03,0.268,0.298,0.254,27216,6398.0,20818.0,0.07182400000000001,DRB1,,,,
DRB1*03:02,DPB1*03:01 / DPA1*01:04,0.407,,0.407,2287,,2287.0,0.165649,DRB1,,,,
DRB1*03:02,DPB1*03:01 / DPA1*01:05,0.292,,0.292,17512,,17512.0,0.08526399999999999,DRB1,,,,
DRB1*03:02,DPB1*03:01 / DPA1*02:01,0.302,,0.302,18909,,18909.0,0.091204,DRB1,,,,
DRB1*03:02,DPB1*04:01 / DPA1*01:03,0.304,0.274,0.308,27216,6398.0,20818.0,0.092416,DRB1,,,,
DRB1*03:02,DPB1*04:01 / DPA1*02:01,0.33,0.33,,6397,6397.0,,0.10890000000000001,DRB1,,,,
DRB1*03:02,DPB1*04:01 / DPA1*02:02,0.397,0.397,,6397,6397.0,,0.15760900000000003,DRB1,,,,
DRB1*03:02,DPB1*04:01 / DPA1*03:01,0.334,0.334,,6398,6398.0,,0.11155600000000002,DRB1,,,,
DRB1*03:02,DPB1*04:01 / DPA1*04:01,0.362,0.362,,6398,6398.0,,0.131044,DRB1,,,,
DRB1*03:02,DPB1*04:02 / DPA1*01:03,0.331,0.295,0.337,27198,6397.0,20801.0,0.109561,DRB1,,,,
DRB1*03:02,DPB1*04:02 / DPA1*03:01,0.371,0.371,,6397,6397.0,,0.13764099999999999,DRB1,,,,
DRB1*03:02,DPB1*05:01 / DPA1*02:01,0.272,0.209,0.314,27215,6397.0,20818.0,0.07398400000000001,DRB1,,,,
DRB1*03:02,DPB1*05:01 / DPA1*02:02,0.233,0.293,0.258,21829,6397.0,15432.0,0.054289000000000004,DRB1,,,,
DRB1*03:02,DPB1*05:01 / DPA1*03:01,0.328,0.328,,6398,6398.0,,0.10758400000000001,DRB1,,,,
DRB1*03:02,DPB1*06:01 / DPA1*01:03,0.299,0.232,0.315,21830,6398.0,15432.0,0.089401,DRB1,,,,
DRB1*03:02,DPB1*06:01 / DPA1*02:01,0.33,,0.33,18909,,18909.0,0.10890000000000001,DRB1,,,,
DRB1*03:02,DPB1*09:01 / DPA1*02:01,0.269,0.33,0.254,27198,6397.0,20801.0,0.07236100000000001,DRB1,,,,
DRB1*03:02,DPB1*105:01 / DPA1*02:01,0.043,,0.043,0,,0.0,0.0018489999999999997,DRB1,,,,
DRB1*03:02,DPB1*107:01 / DPA1*02:01,0.08,,0.08,0,,0.0,0.0064,DRB1,,,,
DRB1*03:02,DPB1*10:01 / DPA1*02:01,0.279,,0.279,6254,,6254.0,0.07784100000000002,DRB1,,,,
DRB1*03:02,DPB1*10:01 / DPA1*02:02,0.316,,0.316,14564,,14564.0,0.099856,DRB1,,,,
DRB1*03:02,DPB1*11:01 / DPA1*01:03,0.317,,0.317,17512,,17512.0,0.10048900000000001,DRB1,,,,
DRB1*03:02,DPB1*11:01 / DPA1*01:04,0.321,,0.321,2265,,2265.0,0.10304100000000001,DRB1,,,,
DRB1*03:02,DPB1*11:01 / DPA1*01:05,0.264,,0.264,2080,,2080.0,0.06969600000000001,DRB1,,,,
DRB1*03:02,DPB1*11:01 / DPA1*02:01,0.318,0.226,0.431,9703,6397.0,3306.0,0.101124,DRB1,,,,
DRB1*03:02,DPB1*11:01 / DPA1*02:02,0.304,,0.304,14564,,14564.0,0.092416,DRB1,,,,
DRB1*03:02,DPB1*13:01 / DPA1*01:04,0.44,,0.44,1397,,1397.0,0.1936,DRB1,,,,
DRB1*03:02,DPB1*13:01 / DPA1*01:05,0.275,,0.275,2080,,2080.0,0.07562500000000001,DRB1,,,,
DRB1*03:02,DPB1*13:01 / DPA1*02:01,0.333,0.354,0.328,27030,6397.0,20633.0,0.11088900000000002,DRB1,,,,
DRB1*03:02,DPB1*13:01 / DPA1*02:02,0.326,,0.326,15432,,15432.0,0.10627600000000001,DRB1,,,,
DRB1*03:02,DPB1*13:01 / DPA1*03:01,0.344,,0.344,15432,,15432.0,0.11833599999999998,DRB1,,,,
DRB1*03:02,DPB1*13:01 / DPA1*04:01,0.373,0.33,0.42,9703,6397.0,3306.0,0.139129,DRB1,,,,
DRB1*03:02,DPB1*14:01 / DPA1*02:01,0.265,0.194,0.258,27198,6397.0,20801.0,0.07022500000000001,DRB1,,,,
DRB1*03:02,DPB1*15:01 / DPA1*02:01,0.344,0.394,0.347,27157,6397.0,20760.0,0.11833599999999998,DRB1,,,,
DRB1*03:02,DPB1*17:01 / DPA1*02:01,0.314,0.342,0.298,27215,6397.0,20818.0,0.098596,DRB1,,,,
DRB1*03:02,DPB1*18:01 / DPA1*01:03,0.283,0.283,,6398,6398.0,,0.08008899999999998,DRB1,,,,
DRB1*03:02,DPB1*18:01 / DPA1*01:04,0.347,,0.347,19799,,19799.0,0.12040899999999999,DRB1,,,,
DRB1*03:02,DPB1*18:01 / DPA1*01:05,0.337,,0.337,19799,,19799.0,0.11356900000000002,DRB1,,,,
DRB1*03:02,DPB1*18:01 / DPA1*02:01,0.299,,0.299,20760,,20760.0,0.089401,DRB1,,,,
DRB1*03:02,DPB1*19:01 / DPA1*01:03,0.28,,0.28,17512,,17512.0,0.07840000000000001,DRB1,,,,
DRB1*03:02,DPB1*19:01 / DPA1*02:01,0.227,0.13,0.377,9686,6397.0,3289.0,0.051529000000000005,DRB1,,,,
DRB1*03:02,DPB1*20:01 / DPA1*01:03,0.441,,0.441,2287,,2287.0,0.19448100000000001,DRB1,,,,
DRB1*03:02,DPB1*20:01 / DPA1*03:01,0.311,,0.311,15432,,15432.0,0.096721,DRB1,,,,
DRB1*03:02,DPB1*23:01 / DPA1*01:03,0.314,,0.314,15432,,15432.0,0.098596,DRB1,,,,
DRB1*03:02,DPB1*23:01 / DPA1*02:01,0.361,,0.361,5328,,5328.0,0.130321,DRB1,,,,
DRB1*03:02,DPB1*26:01 / DPA1*03:01,0.054,,0.054,0,,0.0,0.0029159999999999998,DRB1,,,,
DRB1*03:02,DPB1*28:01 / DPA1*01:03,0.357,,0.357,15432,,15432.0,0.12744899999999998,DRB1,,,,
DRB1*03:02,DPB1*28:01 / DPA1*01:04,0.421,,0.421,2287,,2287.0,0.17724099999999998,DRB1,,,,
DRB1*03:02,DPB1*28:01 / DPA1*01:05,0.348,,0.348,17512,,17512.0,0.12110399999999999,DRB1,,,,
DRB1*03:02,DPB1*28:01 / DPA1*02:01,0.279,,0.279,2080,,2080.0,0.07784100000000002,DRB1,,,,
DRB1*03:02,DPB1*28:01 / DPA1*02:02,0.335,0.307,0.377,7793,6396.0,1397.0,0.11222500000000002,DRB1,,,,
DRB1*03:02,DPB1*28:01 / DPA1*04:01,0.337,,0.337,15432,,15432.0,0.11356900000000002,DRB1,,,,
DRB1*03:02,DPB1*30:01 / DPA1*02:01,0.029,,0.029,0,,0.0,0.0008410000000000001,DRB1,,,,
DRB1*03:02,DPB1*31:01 / DPA1*03:01,0.051,,0.051,0,,0.0,0.0026009999999999996,DRB1,,,,
DRB1*03:02,DPB1*40:01 / DPA1*01:05,0.092,,0.092,0,,0.0,0.008464,DRB1,,,,
DRB1*03:02,DPB1*85:01 / DPA1*01:03,0.056,,0.056,0,,0.0,0.0031360000000000003,DRB1,,,,
DRB1*03:02,DQB1*02:01 / DQA1*02:01,0.219,0.203,0.251,27214,6396.0,20818.0,0.047961,DRB1,,,,
DRB1*03:02,DQB1*02:01 / DQA1*03:01,0.271,,0.271,20801,,20801.0,0.073441,DRB1,,,,
DRB1*03:02,DQB1*02:01 / DQA1*04:01,0.329,,0.329,20760,,20760.0,0.108241,DRB1,,,,
DRB1*03:02,DQB1*02:01 / DQA1*05:01,0.322,0.428,0.309,27197,6396.0,20801.0,0.10368400000000001,DRB1,,,,
DRB1*03:02,DQB1*02:02 / DQA1*02:01,0.229,0.271,0.241,27197,6396.0,20801.0,0.052441,DRB1,,,,
DRB1*03:02,DQB1*02:02 / DQA1*03:02,0.3,0.3,,6396,6396.0,,0.09,DRB1,,,,
DRB1*03:02,DQB1*02:02 / DQA1*05:01,0.412,0.412,,6396,6396.0,,0.16974399999999998,DRB1,,,,
DRB1*03:02,DQB1*03:01 / DQA1*02:01,0.178,,0.178,19799,,19799.0,0.031684,DRB1,,,,
DRB1*03:02,DQB1*03:01 / DQA1*03:01,0.228,0.302,0.214,27196,6395.0,20801.0,0.051984,DRB1,,,,
DRB1*03:02,DQB1*03:01 / DQA1*03:02,0.26,0.26,,6395,6395.0,,0.06760000000000001,DRB1,,,,
DRB1*03:02,DQB1*03:01 / DQA1*05:01,0.325,0.325,,6395,6395.0,,0.10562500000000001,DRB1,,,,
DRB1*03:02,DQB1*03:01 / DQA1*05:03,0.198,,0.198,20760,,20760.0,0.039204,DRB1,,,,
DRB1*03:02,DQB1*03:01 / DQA1*06:01,0.201,0.335,0.179,27196,6395.0,20801.0,0.040401000000000006,DRB1,,,,
DRB1*03:02,DQB1*03:02 / DQA1*01:01,0.214,,0.214,5369,,5369.0,0.045795999999999996,DRB1,,,,
DRB1*03:02,DQB1*03:02 / DQA1*02:01,0.165,0.175,0.171,26193,6394.0,19799.0,0.027225000000000003,DRB1,,,,
DRB1*03:02,DQB1*03:02 / DQA1*03:01,0.172,0.168,0.178,27196,6395.0,20801.0,0.029583999999999996,DRB1,,,,
DRB1*03:02,DQB1*03:02 / DQA1*03:02,0.111,0.185,0.086,22487,6395.0,16092.0,0.012321,DRB1,,,,
DRB1*03:02,DQB1*03:02 / DQA1*03:03,0.115,,0.115,4541,,4541.0,0.013225,DRB1,,,,
DRB1*03:02,DQB1*03:03 / DQA1*02:01,0.123,,0.123,20801,,20801.0,0.015129,DRB1,,,,
DRB1*03:02,DQB1*03:03 / DQA1*03:01,0.154,,0.154,20801,,20801.0,0.023716,DRB1,,,,
DRB1*03:02,DQB1*03:03 / DQA1*03:02,0.124,0.251,0.094,27155,6395.0,20760.0,0.015375999999999999,DRB1,,,,
DRB1*03:02,DQB1*03:03 / DQA1*04:01,0.308,0.308,,6395,6395.0,,0.094864,DRB1,,,,
DRB1*03:02,DQB1*03:03 / DQA1*06:01,0.301,0.301,,6395,6395.0,,0.09060099999999999,DRB1,,,,
DRB1*03:02,DQB1*03:04 / DQA1*03:01,0.518,,0.518,127,,127.0,0.268324,DRB1,,,,
DRB1*03:02,DQB1*03:19 / DQA1*02:01,0.092,,0.092,0,,0.0,0.008464,DRB1,,,,
DRB1*03:02,DQB1*03:19 / DQA1*05:05,0.179,,0.179,20677,,20677.0,0.032041,DRB1,,,,
DRB1*03:02,DQB1*04:01 / DQA1*02:01,0.269,0.262,0.287,27196,6395.0,20801.0,0.07236100000000001,DRB1,,,,
DRB1*03:02,DQB1*04:01 / DQA1*03:03,0.201,,0.201,20760,,20760.0,0.040401000000000006,DRB1,,,,
DRB1*03:02,DQB1*04:01 / DQA1*04:01,0.4,0.401,,6396,6396.0,,0.16000000000000003,DRB1,,,,
DRB1*03:02,DQB1*04:01 / DQA1*05:01,0.387,0.387,,6396,6396.0,,0.149769,DRB1,,,,
DRB1*03:02,DQB1*04:02 / DQA1*02:01,0.246,,0.246,20801,,20801.0,0.060516,DRB1,,,,
DRB1*03:02,DQB1*04:02 / DQA1*03:01,0.351,0.351,,6396,6396.0,,0.12320099999999999,DRB1,,,,
DRB1*03:02,DQB1*04:02 / DQA1*04:01,0.301,0.324,0.288,27214,6396.0,20818.0,0.09060099999999999,DRB1,,,,
DRB1*03:02,DQB1*04:02 / DQA1*06:01,0.388,0.388,,6396,6396.0,,0.150544,DRB1,,,,
DRB1*03:02,DQB1*05:01 / DQA1*01:01,0.228,0.33,0.195,27199,6398.0,20801.0,0.051984,DRB1,,,,
DRB1*03:02,DQB1*05:01 / DQA1*01:02,0.267,0.267,,6398,6398.0,,0.071289,DRB1,,,,
DRB1*03:02,DQB1*05:02 / DQA1*01:02,0.298,0.297,0.286,27216,6398.0,20818.0,0.088804,DRB1,,,,
DRB1*03:02,DQB1*05:03 / DQA1*01:01,0.074,,0.074,0,,0.0,0.005475999999999999,DRB1,,,,
DRB1*03:02,DQB1*05:03 / DQA1*01:04,0.343,0.343,,6398,6398.0,,0.11764900000000002,DRB1,,,,
DRB1*03:02,DQB1*06:01 / DQA1*01:03,0.265,0.211,0.288,27198,6397.0,20801.0,0.07022500000000001,DRB1,,,,
DRB1*03:02,DQB1*06:01 / DQA1*01:04,0.322,0.323,,6398,6398.0,,0.10368400000000001,DRB1,,,,
DRB1*03:02,DQB1*06:01 / DQA1*02:01,0.338,0.339,,6396,6396.0,,0.11424400000000001,DRB1,,,,
DRB1*03:02,DQB1*06:02 / DQA1*01:01,0.288,,0.288,20760,,20760.0,0.08294399999999999,DRB1,,,,
DRB1*03:02,DQB1*06:02 / DQA1*01:02,0.277,0.261,0.288,27216,6398.0,20818.0,0.07672900000000002,DRB1,,,,
DRB1*03:02,DQB1*06:03 / DQA1*01:03,0.259,0.309,0.246,27157,6397.0,20760.0,0.067081,DRB1,,,,
DRB1*03:02,DQB1*06:04 / DQA1*01:02,0.328,0.375,0.309,27158,6398.0,20760.0,0.10758400000000001,DRB1,,,,
DRB1*03:02,DQB1*06:09 / DQA1*01:02,0.263,,0.263,20760,,20760.0,0.06916900000000001,DRB1,,,,
DRB1*03:02,DRB1*03:03,0.871,0.871,,6397,6397.0,,0.758641,DRB1,,,,
DRB1*03:02,DRB1*04:01,0.291,0.316,0.29,27215,6397.0,20818.0,0.08468099999999999,DRB1,,,,
DRB1*03:02,DRB1*04:02,0.339,0.368,0.36,27157,6397.0,20760.0,0.11492100000000001,DRB1,,,,
DRB1*03:02,DRB1*04:03,0.316,0.305,0.31,27157,6397.0,20760.0,0.099856,DRB1,,,,
DRB1*03:02,DRB1*04:04,0.274,0.284,0.287,27215,6397.0,20818.0,0.07507600000000002,DRB1,,,,
DRB1*03:02,DRB1*04:05,0.328,0.329,0.327,27215,6397.0,20818.0,0.10758400000000001,DRB1,,,,
DRB1*03:02,DRB1*04:06,0.254,,0.254,0,,0.0,0.064516,DRB1,,,,
DRB1*03:02,DRB1*04:07,0.204,,0.204,0,,0.0,0.04161599999999999,DRB1,,,,
DRB1*03:02,DRB1*04:10,0.19,,0.19,0,,0.0,0.0361,DRB1,,,,
DRB1*03:02,DRB1*04:11,0.232,,0.232,0,,0.0,0.053824000000000004,DRB1,,,,
DRB1*03:02,DRB1*07:01,0.203,0.169,0.243,27215,6397.0,20818.0,0.041209,DRB1,,,,
DRB1*03:02,DRB1*08:01,0.604,0.625,0.596,27215,6397.0,20818.0,0.364816,DRB1,,,,
DRB1*03:02,DRB1*08:02,0.558,0.605,0.486,6397,6397.0,0.0,0.3113640000000001,DRB1,,,,
DRB1*03:02,DRB1*08:03,0.513,,0.513,0,,0.0,0.263169,DRB1,,,,
DRB1*03:02,DRB1*08:07,0.508,,0.508,0,,0.0,0.258064,DRB1,,,,
DRB1*03:02,DRB1*09:01,0.309,0.26,0.348,27216,6398.0,20818.0,0.095481,DRB1,,,,
DRB1*03:02,DRB1*09:02,0.309,,0.309,20760,,20760.0,0.095481,DRB1,,,,
DRB1*03:02,DRB1*10:01,0.271,0.228,0.295,27216,6398.0,20818.0,0.073441,DRB1,,,,
DRB1*03:02,DRB1*11:01,0.593,0.543,0.6,27212,6394.0,20818.0,0.351649,DRB1,,,,
DRB1*03:02,DRB1*11:03,0.576,0.576,,6394,6394.0,,0.33177599999999996,DRB1,,,,
DRB1*03:02,DRB1*11:04,0.574,0.505,0.583,26193,6394.0,19799.0,0.32947599999999994,DRB1,,,,
DRB1*03:02,DRB1*12:01,0.554,0.621,0.555,27214,6396.0,20818.0,0.3069160000000001,DRB1,,,,
DRB1*03:02,DRB1*12:02,0.551,0.524,0.557,27156,6396.0,20760.0,0.30360100000000007,DRB1,,,,
DRB1*03:02,DRB1*13:01,0.74,0.718,0.729,27215,6397.0,20818.0,0.5476,DRB1,,,,
DRB1*03:02,DRB1*13:02,0.644,,0.644,0,,0.0,0.41473600000000005,DRB1,,,,
DRB1*03:02,DRB1*13:03,0.655,0.666,0.645,27214,6396.0,20818.0,0.42902500000000005,DRB1,,,,
DRB1*03:02,DRB1*13:05,0.746,0.746,,6397,6397.0,,0.556516,DRB1,,,,
DRB1*03:02,DRB1*14:01,0.68,0.615,0.711,27215,6397.0,20818.0,0.4624000000000001,DRB1,,,,
DRB1*03:02,DRB1*14:02,0.734,,0.734,17207,,17207.0,0.538756,DRB1,,,,
DRB1*03:02,DRB1*14:03,0.764,0.796,0.696,6397,6397.0,0.0,0.583696,DRB1,,,,
DRB1*03:02,DRB1*14:04,0.605,0.657,0.52,6397,6397.0,0.0,0.366025,DRB1,,,,
DRB1*03:02,DRB1*14:05,0.563,,0.563,0,,0.0,0.31696899999999995,DRB1,,,,
DRB1*03:02,DRB1*14:06,0.649,,0.649,0,,0.0,0.42120100000000005,DRB1,,,,
DRB1*03:02,DRB1*14:54,0.715,,0.715,17207,,17207.0,0.5112249999999999,DRB1,,,,
DRB1*03:02,DRB1*15:01,0.368,0.302,0.386,27216,6398.0,20818.0,0.135424,DRB1,,,,
DRB1*03:02,DRB1*15:02,0.431,0.455,0.419,27216,6398.0,20818.0,0.18576099999999998,DRB1,,,,
DRB1*03:02,DRB1*15:03,0.413,0.452,0.395,26197,6398.0,19799.0,0.17056899999999997,DRB1,,,,
DRB1*03:02,DRB1*16:01,0.408,0.338,0.427,27215,6397.0,20818.0,0.16646399999999997,DRB1,,,,
DRB1*03:02,DRB1*16:02,0.42,0.302,0.442,27157,6397.0,20760.0,0.17639999999999997,DRB1,,,,
DRB1*03:02,DRB3*01:01,0.691,0.728,0.671,27199,6398.0,20801.0,0.47748099999999993,DRB1,,,,
DRB1*03:02,DRB3*02:01,0.63,,0.63,17,,17.0,0.39690000000000003,DRB1,,,,
DRB1*03:02,DRB3*02:02,0.654,0.737,0.634,27197,6396.0,20801.0,0.42771600000000004,DRB1,,,,
DRB1*03:02,DRB3*03:01,0.676,0.75,0.65,25306,6397.0,18909.0,0.45697600000000005,DRB1,,,,
DRB1*03:02,DRB4*01:01,0.217,0.352,0.179,27199,6398.0,20801.0,0.047089,DRB1,,,,
DRB1*03:02,DRB4*01:03,0.126,,0.126,20818,,20818.0,0.015876,DRB1,,,,
DRB1*03:02,DRB5*01:01,0.351,0.431,0.33,27215,6397.0,20818.0,0.12320099999999999,DRB1,,,,
DRB1*03:02,DRB5*01:02,0.164,,0.164,0,,0.0,0.026896000000000003,DRB1,,,,
DRB1*03:02,DRB5*02:02,0.311,0.405,0.281,27199,6398.0,20801.0,0.096721,DRB1,,,,
DRB1*03:03,DPB1*01:01 / DPA1*01:03,0.339,0.339,,6398,6398.0,,0.11492100000000001,DRB1,,,,
DRB1*03:03,DPB1*01:01 / DPA1*02:01,0.327,0.327,,6397,6397.0,,0.10692900000000001,DRB1,,,,
DRB1*03:03,DPB1*01:01 / DPA1*02:02,0.337,0.337,,6397,6397.0,,0.11356900000000002,DRB1,,,,
DRB1*03:03,DPB1*01:01 / DPA1*03:01,0.35,0.35,,6398,6398.0,,0.12249999999999998,DRB1,,,,
DRB1*03:03,DPB1*02:01 / DPA1*01:03,0.264,0.264,,6397,6397.0,,0.06969600000000001,DRB1,,,,
DRB1*03:03,DPB1*03:01 / DPA1*01:03,0.323,0.323,,6398,6398.0,,0.104329,DRB1,,,,
DRB1*03:03,DPB1*04:01 / DPA1*01:03,0.267,0.267,,6398,6398.0,,0.071289,DRB1,,,,
DRB1*03:03,DPB1*04:01 / DPA1*02:01,0.315,0.315,,6397,6397.0,,0.09922500000000001,DRB1,,,,
DRB1*03:03,DPB1*04:01 / DPA1*02:02,0.31,0.31,,6397,6397.0,,0.0961,DRB1,,,,
DRB1*03:03,DPB1*04:01 / DPA1*03:01,0.318,0.318,,6398,6398.0,,0.101124,DRB1,,,,
DRB1*03:03,DPB1*04:01 / DPA1*04:01,0.314,0.314,,6398,6398.0,,0.098596,DRB1,,,,
DRB1*03:03,DPB1*04:02 / DPA1*01:03,0.283,0.283,,6397,6397.0,,0.08008899999999998,DRB1,,,,
DRB1*03:03,DPB1*04:02 / DPA1*03:01,0.35,0.35,,6397,6397.0,,0.12249999999999998,DRB1,,,,
DRB1*03:03,DPB1*05:01 / DPA1*02:01,0.166,0.166,,6397,6397.0,,0.027556000000000004,DRB1,,,,
DRB1*03:03,DPB1*05:01 / DPA1*02:02,0.266,0.266,,6397,6397.0,,0.07075600000000001,DRB1,,,,
DRB1*03:03,DPB1*05:01 / DPA1*03:01,0.282,0.282,,6398,6398.0,,0.07952399999999998,DRB1,,,,
DRB1*03:03,DPB1*06:01 / DPA1*01:03,0.249,0.249,,6398,6398.0,,0.062001,DRB1,,,,
DRB1*03:03,DPB1*09:01 / DPA1*02:01,0.314,0.314,,6397,6397.0,,0.098596,DRB1,,,,
DRB1*03:03,DPB1*11:01 / DPA1*02:01,0.236,0.236,,6397,6397.0,,0.055695999999999996,DRB1,,,,
DRB1*03:03,DPB1*13:01 / DPA1*02:01,0.3,0.3,,6397,6397.0,,0.09,DRB1,,,,
DRB1*03:03,DPB1*13:01 / DPA1*04:01,0.276,0.276,,6397,6397.0,,0.07617600000000001,DRB1,,,,
DRB1*03:03,DPB1*14:01 / DPA1*02:01,0.197,0.197,,6397,6397.0,,0.038809,DRB1,,,,
DRB1*03:03,DPB1*15:01 / DPA1*02:01,0.388,0.388,,6397,6397.0,,0.150544,DRB1,,,,
DRB1*03:03,DPB1*17:01 / DPA1*02:01,0.312,0.312,,6397,6397.0,,0.097344,DRB1,,,,
DRB1*03:03,DPB1*18:01 / DPA1*01:03,0.285,0.285,,6398,6398.0,,0.08122499999999999,DRB1,,,,
DRB1*03:03,DPB1*19:01 / DPA1*02:01,0.153,0.153,,6397,6397.0,,0.023409,DRB1,,,,
DRB1*03:03,DPB1*28:01 / DPA1*02:02,0.284,0.284,,6396,6396.0,,0.08065599999999999,DRB1,,,,
DRB1*03:03,DQB1*02:01 / DQA1*02:01,0.147,0.147,,6396,6396.0,,0.021608999999999996,DRB1,,,,
DRB1*03:03,DQB1*02:01 / DQA1*05:01,0.354,0.354,,6396,6396.0,,0.12531599999999998,DRB1,,,,
DRB1*03:03,DQB1*02:02 / DQA1*02:01,0.214,0.214,,6396,6396.0,,0.045795999999999996,DRB1,,,,
DRB1*03:03,DQB1*02:02 / DQA1*03:02,0.255,0.255,,6396,6396.0,,0.065025,DRB1,,,,
DRB1*03:03,DQB1*02:02 / DQA1*05:01,0.346,0.346,,6396,6396.0,,0.11971599999999999,DRB1,,,,
DRB1*03:03,DQB1*03:01 / DQA1*03:01,0.284,0.284,,6395,6395.0,,0.08065599999999999,DRB1,,,,
DRB1*03:03,DQB1*03:01 / DQA1*03:02,0.216,0.216,,6395,6395.0,,0.046655999999999996,DRB1,,,,
DRB1*03:03,DQB1*03:01 / DQA1*05:01,0.304,0.304,,6395,6395.0,,0.092416,DRB1,,,,
DRB1*03:03,DQB1*03:01 / DQA1*06:01,0.293,0.293,,6395,6395.0,,0.085849,DRB1,,,,
DRB1*03:03,DQB1*03:02 / DQA1*02:01,0.143,0.143,,6394,6394.0,,0.020448999999999995,DRB1,,,,
DRB1*03:03,DQB1*03:02 / DQA1*03:01,0.143,0.143,,6395,6395.0,,0.020448999999999995,DRB1,,,,
DRB1*03:03,DQB1*03:02 / DQA1*03:02,0.178,0.178,,6395,6395.0,,0.031684,DRB1,,,,
DRB1*03:03,DQB1*03:03 / DQA1*03:02,0.229,0.229,,6395,6395.0,,0.052441,DRB1,,,,
DRB1*03:03,DQB1*03:03 / DQA1*04:01,0.276,0.276,,6395,6395.0,,0.07617600000000001,DRB1,,,,
DRB1*03:03,DQB1*03:03 / DQA1*06:01,0.268,0.268,,6395,6395.0,,0.07182400000000001,DRB1,,,,
DRB1*03:03,DQB1*04:01 / DQA1*02:01,0.226,0.226,,6395,6395.0,,0.051076,DRB1,,,,
DRB1*03:03,DQB1*04:01 / DQA1*04:01,0.348,0.348,,6396,6396.0,,0.12110399999999999,DRB1,,,,
DRB1*03:03,DQB1*04:01 / DQA1*05:01,0.355,0.355,,6396,6396.0,,0.126025,DRB1,,,,
DRB1*03:03,DQB1*04:02 / DQA1*03:01,0.32,0.32,,6396,6396.0,,0.1024,DRB1,,,,
DRB1*03:03,DQB1*04:02 / DQA1*04:01,0.295,0.295,,6396,6396.0,,0.08702499999999999,DRB1,,,,
DRB1*03:03,DQB1*04:02 / DQA1*06:01,0.364,0.364,,6396,6396.0,,0.132496,DRB1,,,,
DRB1*03:03,DQB1*05:01 / DQA1*01:01,0.312,0.312,,6398,6398.0,,0.097344,DRB1,,,,
DRB1*03:03,DQB1*05:01 / DQA1*01:02,0.245,0.245,,6398,6398.0,,0.060024999999999995,DRB1,,,,
DRB1*03:03,DQB1*05:02 / DQA1*01:02,0.315,0.315,,6398,6398.0,,0.09922500000000001,DRB1,,,,
DRB1*03:03,DQB1*05:03 / DQA1*01:04,0.337,0.337,,6398,6398.0,,0.11356900000000002,DRB1,,,,
DRB1*03:03,DQB1*06:01 / DQA1*01:03,0.192,0.192,,6397,6397.0,,0.036864,DRB1,,,,
DRB1*03:03,DQB1*06:01 / DQA1*01:04,0.295,0.295,,6398,6398.0,,0.08702499999999999,DRB1,,,,
DRB1*03:03,DQB1*06:01 / DQA1*02:01,0.287,0.287,,6396,6396.0,,0.08236899999999998,DRB1,,,,
DRB1*03:03,DQB1*06:02 / DQA1*01:02,0.257,0.257,,6398,6398.0,,0.066049,DRB1,,,,
DRB1*03:03,DQB1*06:03 / DQA1*01:03,0.291,0.291,,6397,6397.0,,0.08468099999999999,DRB1,,,,
DRB1*03:03,DQB1*06:04 / DQA1*01:02,0.33,0.33,,6398,6398.0,,0.10890000000000001,DRB1,,,,
DRB1*03:03,DRB1*04:01,0.304,0.304,,6397,6397.0,,0.092416,DRB1,,,,
DRB1*03:03,DRB1*04:02,0.326,0.326,,6397,6397.0,,0.10627600000000001,DRB1,,,,
DRB1*03:03,DRB1*04:03,0.299,0.299,,6397,6397.0,,0.089401,DRB1,,,,
DRB1*03:03,DRB1*04:04,0.273,0.273,,6397,6397.0,,0.07452900000000001,DRB1,,,,
DRB1*03:03,DRB1*04:05,0.326,0.326,,6397,6397.0,,0.10627600000000001,DRB1,,,,
DRB1*03:03,DRB1*07:01,0.133,0.133,,6397,6397.0,,0.017689000000000003,DRB1,,,,
DRB1*03:03,DRB1*08:01,0.57,0.57,,6397,6397.0,,0.32489999999999997,DRB1,,,,
DRB1*03:03,DRB1*08:02,0.582,0.582,,6397,6397.0,,0.33872399999999997,DRB1,,,,
DRB1*03:03,DRB1*09:01,0.243,0.243,,6398,6398.0,,0.059049,DRB1,,,,
DRB1*03:03,DRB1*10:01,0.219,0.219,,6398,6398.0,,0.047961,DRB1,,,,
DRB1*03:03,DRB1*11:01,0.553,0.553,,6395,6395.0,,0.30580900000000005,DRB1,,,,
DRB1*03:03,DRB1*11:03,0.583,0.583,,6395,6395.0,,0.33988899999999994,DRB1,,,,
DRB1*03:03,DRB1*11:04,0.537,0.537,,6395,6395.0,,0.28836900000000004,DRB1,,,,
DRB1*03:03,DRB1*12:01,0.584,0.584,,6396,6396.0,,0.34105599999999997,DRB1,,,,
DRB1*03:03,DRB1*12:02,0.532,0.532,,6396,6396.0,,0.28302400000000005,DRB1,,,,
DRB1*03:03,DRB1*13:01,0.694,0.694,,6397,6397.0,,0.48163599999999995,DRB1,,,,
DRB1*03:03,DRB1*13:03,0.675,0.675,,6397,6397.0,,0.45562500000000006,DRB1,,,,
DRB1*03:03,DRB1*13:05,0.715,0.715,,6396,6396.0,,0.5112249999999999,DRB1,,,,
DRB1*03:03,DRB1*14:01,0.62,0.62,,6398,6398.0,,0.3844,DRB1,,,,
DRB1*03:03,DRB1*14:03,0.756,0.756,,6396,6396.0,,0.571536,DRB1,,,,
DRB1*03:03,DRB1*14:04,0.626,0.626,,6397,6397.0,,0.391876,DRB1,,,,
DRB1*03:03,DRB1*15:01,0.264,0.264,,6398,6398.0,,0.06969600000000001,DRB1,,,,
DRB1*03:03,DRB1*15:02,0.407,0.407,,6398,6398.0,,0.165649,DRB1,,,,
DRB1*03:03,DRB1*15:03,0.417,0.417,,6398,6398.0,,0.173889,DRB1,,,,
DRB1*03:03,DRB1*16:01,0.321,0.321,,6397,6397.0,,0.10304100000000001,DRB1,,,,
DRB1*03:03,DRB1*16:02,0.283,0.283,,6397,6397.0,,0.08008899999999998,DRB1,,,,
DRB1*03:03,DRB3*01:01,0.715,0.715,,6398,6398.0,,0.5112249999999999,DRB1,,,,
DRB1*03:03,DRB3*02:02,0.719,0.719,,6396,6396.0,,0.516961,DRB1,,,,
DRB1*03:03,DRB3*03:01,0.731,0.731,,6397,6397.0,,0.534361,DRB1,,,,
DRB1*03:03,DRB4*01:01,0.303,0.303,,6398,6398.0,,0.091809,DRB1,,,,
DRB1*03:03,DRB5*01:01,0.388,0.388,,6397,6397.0,,0.150544,DRB1,,,,
DRB1*03:03,DRB5*02:02,0.378,0.378,,6398,6398.0,,0.142884,DRB1,,,,
DRB1*04:01,DPB1*01:01 / DPA1*01:03,0.284,0.302,0.285,26197,6398.0,19799.0,0.08065599999999999,DRB1,,,,
DRB1*04:01,DPB1*01:01 / DPA1*02:01,0.236,0.275,0.236,27215,6397.0,20818.0,0.055695999999999996,DRB1,,,,
DRB1*04:01,DPB1*01:01 / DPA1*02:02,0.289,0.289,,6397,6397.0,,0.08352099999999998,DRB1,,,,
DRB1*04:01,DPB1*01:01 / DPA1*03:01,0.316,0.316,,6398,6398.0,,0.099856,DRB1,,,,
DRB1*04:01,DPB1*02:01 / DPA1*01:03,0.29,0.235,0.299,27215,6397.0,20818.0,0.0841,DRB1,,,,
DRB1*04:01,DPB1*02:02 / DPA1*01:03,0.064,,0.064,0,,0.0,0.004096,DRB1,,,,
DRB1*04:01,DPB1*02:02 / DPA1*02:01,0.307,,0.307,3553,,3553.0,0.094249,DRB1,,,,
DRB1*04:01,DPB1*03:01 / DPA1*01:03,0.323,0.34,0.322,27216,6398.0,20818.0,0.104329,DRB1,,,,
DRB1*04:01,DPB1*03:01 / DPA1*01:04,0.348,,0.348,2287,,2287.0,0.12110399999999999,DRB1,,,,
DRB1*04:01,DPB1*03:01 / DPA1*01:05,0.338,,0.338,17512,,17512.0,0.11424400000000001,DRB1,,,,
DRB1*04:01,DPB1*03:01 / DPA1*02:01,0.344,,0.344,18909,,18909.0,0.11833599999999998,DRB1,,,,
DRB1*04:01,DPB1*04:01 / DPA1*01:03,0.316,0.202,0.338,27216,6398.0,20818.0,0.099856,DRB1,,,,
DRB1*04:01,DPB1*04:01 / DPA1*02:01,0.3,0.3,,6397,6397.0,,0.09,DRB1,,,,
DRB1*04:01,DPB1*04:01 / DPA1*02:02,0.281,0.281,,6397,6397.0,,0.07896100000000002,DRB1,,,,
DRB1*04:01,DPB1*04:01 / DPA1*03:01,0.228,0.228,,6398,6398.0,,0.051984,DRB1,,,,
DRB1*04:01,DPB1*04:01 / DPA1*04:01,0.274,0.274,,6398,6398.0,,0.07507600000000002,DRB1,,,,
DRB1*04:01,DPB1*04:02 / DPA1*01:03,0.301,0.237,0.312,27198,6397.0,20801.0,0.09060099999999999,DRB1,,,,
DRB1*04:01,DPB1*04:02 / DPA1*03:01,0.286,0.286,,6397,6397.0,,0.08179599999999998,DRB1,,,,
DRB1*04:01,DPB1*05:01 / DPA1*02:01,0.307,0.192,0.337,27215,6397.0,20818.0,0.094249,DRB1,,,,
DRB1*04:01,DPB1*05:01 / DPA1*02:02,0.241,0.237,0.25,21829,6397.0,15432.0,0.058080999999999994,DRB1,,,,
DRB1*04:01,DPB1*05:01 / DPA1*03:01,0.295,0.295,,6398,6398.0,,0.08702499999999999,DRB1,,,,
DRB1*04:01,DPB1*06:01 / DPA1*01:03,0.315,0.291,0.324,21830,6398.0,15432.0,0.09922500000000001,DRB1,,,,
DRB1*04:01,DPB1*06:01 / DPA1*02:01,0.35,,0.35,18909,,18909.0,0.12249999999999998,DRB1,,,,
DRB1*04:01,DPB1*09:01 / DPA1*02:01,0.324,0.305,0.329,27198,6397.0,20801.0,0.104976,DRB1,,,,
DRB1*04:01,DPB1*105:01 / DPA1*02:01,0.1,,0.1,0,,0.0,0.010000000000000002,DRB1,,,,
DRB1*04:01,DPB1*107:01 / DPA1*02:01,0.133,,0.133,0,,0.0,0.017689000000000003,DRB1,,,,
DRB1*04:01,DPB1*10:01 / DPA1*02:01,0.289,,0.289,6254,,6254.0,0.08352099999999998,DRB1,,,,
DRB1*04:01,DPB1*10:01 / DPA1*02:02,0.307,,0.307,14564,,14564.0,0.094249,DRB1,,,,
DRB1*04:01,DPB1*11:01 / DPA1*01:03,0.318,,0.318,17512,,17512.0,0.101124,DRB1,,,,
DRB1*04:01,DPB1*11:01 / DPA1*01:04,0.283,,0.283,2265,,2265.0,0.08008899999999998,DRB1,,,,
DRB1*04:01,DPB1*11:01 / DPA1*01:05,0.296,,0.296,2080,,2080.0,0.08761599999999999,DRB1,,,,
DRB1*04:01,DPB1*11:01 / DPA1*02:01,0.283,0.216,0.37,9703,6397.0,3306.0,0.08008899999999998,DRB1,,,,
DRB1*04:01,DPB1*11:01 / DPA1*02:02,0.284,,0.284,14564,,14564.0,0.08065599999999999,DRB1,,,,
DRB1*04:01,DPB1*13:01 / DPA1*01:04,0.379,,0.379,1397,,1397.0,0.143641,DRB1,,,,
DRB1*04:01,DPB1*13:01 / DPA1*01:05,0.374,,0.374,2080,,2080.0,0.139876,DRB1,,,,
DRB1*04:01,DPB1*13:01 / DPA1*02:01,0.305,0.267,0.311,27030,6397.0,20633.0,0.093025,DRB1,,,,
DRB1*04:01,DPB1*13:01 / DPA1*02:02,0.302,,0.302,15432,,15432.0,0.091204,DRB1,,,,
DRB1*04:01,DPB1*13:01 / DPA1*03:01,0.339,,0.339,15432,,15432.0,0.11492100000000001,DRB1,,,,
DRB1*04:01,DPB1*13:01 / DPA1*04:01,0.315,0.274,0.356,9703,6397.0,3306.0,0.09922500000000001,DRB1,,,,
DRB1*04:01,DPB1*14:01 / DPA1*02:01,0.28,0.231,0.287,27198,6397.0,20801.0,0.07840000000000001,DRB1,,,,
DRB1*04:01,DPB1*15:01 / DPA1*02:01,0.346,0.317,0.352,27157,6397.0,20760.0,0.11971599999999999,DRB1,,,,
DRB1*04:01,DPB1*17:01 / DPA1*02:01,0.329,0.295,0.336,27215,6397.0,20818.0,0.108241,DRB1,,,,
DRB1*04:01,DPB1*18:01 / DPA1*01:03,0.27,0.27,,6398,6398.0,,0.0729,DRB1,,,,
DRB1*04:01,DPB1*18:01 / DPA1*01:04,0.335,,0.335,19799,,19799.0,0.11222500000000002,DRB1,,,,
DRB1*04:01,DPB1*18:01 / DPA1*01:05,0.33,,0.33,19799,,19799.0,0.10890000000000001,DRB1,,,,
DRB1*04:01,DPB1*18:01 / DPA1*02:01,0.328,,0.328,20760,,20760.0,0.10758400000000001,DRB1,,,,
DRB1*04:01,DPB1*19:01 / DPA1*01:03,0.376,,0.376,17512,,17512.0,0.141376,DRB1,,,,
DRB1*04:01,DPB1*19:01 / DPA1*02:01,0.302,0.183,0.482,9686,6397.0,3289.0,0.091204,DRB1,,,,
DRB1*04:01,DPB1*20:01 / DPA1*01:03,0.332,,0.332,2287,,2287.0,0.11022400000000002,DRB1,,,,
DRB1*04:01,DPB1*20:01 / DPA1*03:01,0.329,,0.329,15432,,15432.0,0.108241,DRB1,,,,
DRB1*04:01,DPB1*23:01 / DPA1*01:03,0.31,,0.31,15432,,15432.0,0.0961,DRB1,,,,
DRB1*04:01,DPB1*23:01 / DPA1*02:01,0.329,,0.329,5328,,5328.0,0.108241,DRB1,,,,
DRB1*04:01,DPB1*26:01 / DPA1*03:01,0.13,,0.13,0,,0.0,0.016900000000000002,DRB1,,,,
DRB1*04:01,DPB1*28:01 / DPA1*01:03,0.303,,0.303,15432,,15432.0,0.091809,DRB1,,,,
DRB1*04:01,DPB1*28:01 / DPA1*01:04,0.355,,0.355,2287,,2287.0,0.126025,DRB1,,,,
DRB1*04:01,DPB1*28:01 / DPA1*01:05,0.326,,0.326,17512,,17512.0,0.10627600000000001,DRB1,,,,
DRB1*04:01,DPB1*28:01 / DPA1*02:01,0.342,,0.342,2080,,2080.0,0.11696400000000001,DRB1,,,,
DRB1*04:01,DPB1*28:01 / DPA1*02:02,0.315,0.292,0.353,7793,6396.0,1397.0,0.09922500000000001,DRB1,,,,
DRB1*04:01,DPB1*28:01 / DPA1*04:01,0.338,,0.338,15432,,15432.0,0.11424400000000001,DRB1,,,,
DRB1*04:01,DPB1*30:01 / DPA1*02:01,0.106,,0.106,0,,0.0,0.011236,DRB1,,,,
DRB1*04:01,DPB1*31:01 / DPA1*03:01,0.134,,0.134,0,,0.0,0.017956000000000003,DRB1,,,,
DRB1*04:01,DPB1*40:01 / DPA1*01:05,0.121,,0.121,0,,0.0,0.014641,DRB1,,,,
DRB1*04:01,DPB1*85:01 / DPA1*01:03,0.115,,0.115,0,,0.0,0.013225,DRB1,,,,
DRB1*04:01,DQB1*02:01 / DQA1*02:01,0.238,0.128,0.268,27215,6397.0,20818.0,0.05664399999999999,DRB1,,,,
DRB1*04:01,DQB1*02:01 / DQA1*03:01,0.3,,0.3,20801,,20801.0,0.09,DRB1,,,,
DRB1*04:01,DQB1*02:01 / DQA1*04:01,0.272,,0.272,20760,,20760.0,0.07398400000000001,DRB1,,,,
DRB1*04:01,DQB1*02:01 / DQA1*05:01,0.202,0.259,0.195,27198,6397.0,20801.0,0.04080400000000001,DRB1,,,,
DRB1*04:01,DQB1*02:02 / DQA1*02:01,0.252,0.2,0.265,27198,6397.0,20801.0,0.063504,DRB1,,,,
DRB1*04:01,DQB1*02:02 / DQA1*03:02,0.292,0.292,,6397,6397.0,,0.08526399999999999,DRB1,,,,
DRB1*04:01,DQB1*02:02 / DQA1*05:01,0.243,0.243,,6397,6397.0,,0.059049,DRB1,,,,
DRB1*04:01,DQB1*03:01 / DQA1*02:01,0.356,,0.356,19799,,19799.0,0.126736,DRB1,,,,
DRB1*04:01,DQB1*03:01 / DQA1*03:01,0.381,0.416,0.378,27197,6396.0,20801.0,0.145161,DRB1,,,,
DRB1*04:01,DQB1*03:01 / DQA1*03:02,0.378,0.378,,6396,6396.0,,0.142884,DRB1,,,,
DRB1*04:01,DQB1*03:01 / DQA1*05:01,0.305,0.305,,6396,6396.0,,0.093025,DRB1,,,,
DRB1*04:01,DQB1*03:01 / DQA1*05:03,0.298,,0.298,20760,,20760.0,0.088804,DRB1,,,,
DRB1*04:01,DQB1*03:01 / DQA1*06:01,0.283,0.342,0.279,27197,6396.0,20801.0,0.08008899999999998,DRB1,,,,
DRB1*04:01,DQB1*03:02 / DQA1*01:01,0.448,,0.448,5369,,5369.0,0.20070400000000002,DRB1,,,,
DRB1*04:01,DQB1*03:02 / DQA1*02:01,0.384,0.353,0.393,26194,6395.0,19799.0,0.147456,DRB1,,,,
DRB1*04:01,DQB1*03:02 / DQA1*03:01,0.408,0.381,0.415,27197,6396.0,20801.0,0.16646399999999997,DRB1,,,,
DRB1*04:01,DQB1*03:02 / DQA1*03:02,0.401,0.394,0.405,22488,6396.0,16092.0,0.16080100000000003,DRB1,,,,
DRB1*04:01,DQB1*03:02 / DQA1*03:03,0.399,,0.399,4541,,4541.0,0.159201,DRB1,,,,
DRB1*04:01,DQB1*03:03 / DQA1*02:01,0.388,,0.388,20801,,20801.0,0.150544,DRB1,,,,
DRB1*04:01,DQB1*03:03 / DQA1*03:01,0.417,,0.417,20801,,20801.0,0.173889,DRB1,,,,
DRB1*04:01,DQB1*03:03 / DQA1*03:02,0.398,0.438,0.395,27156,6396.0,20760.0,0.15840400000000002,DRB1,,,,
DRB1*04:01,DQB1*03:03 / DQA1*04:01,0.372,0.372,,6396,6396.0,,0.138384,DRB1,,,,
DRB1*04:01,DQB1*03:03 / DQA1*06:01,0.373,0.373,,6396,6396.0,,0.139129,DRB1,,,,
DRB1*04:01,DQB1*03:04 / DQA1*03:01,0.509,,0.509,127,,127.0,0.259081,DRB1,,,,
DRB1*04:01,DQB1*03:19 / DQA1*02:01,0.262,,0.262,0,,0.0,0.06864400000000001,DRB1,,,,
DRB1*04:01,DQB1*03:19 / DQA1*05:05,0.283,,0.283,20677,,20677.0,0.08008899999999998,DRB1,,,,
DRB1*04:01,DQB1*04:01 / DQA1*02:01,0.324,0.277,0.338,27197,6396.0,20801.0,0.104976,DRB1,,,,
DRB1*04:01,DQB1*04:01 / DQA1*03:03,0.377,,0.377,20760,,20760.0,0.142129,DRB1,,,,
DRB1*04:01,DQB1*04:01 / DQA1*04:01,0.314,0.315,,6397,6397.0,,0.098596,DRB1,,,,
DRB1*04:01,DQB1*04:01 / DQA1*05:01,0.303,0.303,,6397,6397.0,,0.091809,DRB1,,,,
DRB1*04:01,DQB1*04:02 / DQA1*02:01,0.342,,0.342,20801,,20801.0,0.11696400000000001,DRB1,,,,
DRB1*04:01,DQB1*04:02 / DQA1*03:01,0.386,0.386,,6397,6397.0,,0.14899600000000002,DRB1,,,,
DRB1*04:01,DQB1*04:02 / DQA1*04:01,0.292,0.265,0.3,27215,6397.0,20818.0,0.08526399999999999,DRB1,,,,
DRB1*04:01,DQB1*04:02 / DQA1*06:01,0.317,0.317,,6397,6397.0,,0.10048900000000001,DRB1,,,,
DRB1*04:01,DQB1*05:01 / DQA1*01:01,0.234,0.236,0.244,27199,6398.0,20801.0,0.054756000000000006,DRB1,,,,
DRB1*04:01,DQB1*05:01 / DQA1*01:02,0.188,0.188,,6398,6398.0,,0.035344,DRB1,,,,
DRB1*04:01,DQB1*05:02 / DQA1*01:02,0.233,0.219,0.24,27216,6398.0,20818.0,0.054289000000000004,DRB1,,,,
DRB1*04:01,DQB1*05:03 / DQA1*01:01,0.063,,0.063,0,,0.0,0.003969,DRB1,,,,
DRB1*04:01,DQB1*05:03 / DQA1*01:04,0.259,0.259,,6398,6398.0,,0.067081,DRB1,,,,
DRB1*04:01,DQB1*06:01 / DQA1*01:03,0.251,0.176,0.27,27198,6397.0,20801.0,0.063001,DRB1,,,,
DRB1*04:01,DQB1*06:01 / DQA1*01:04,0.24,0.24,,6398,6398.0,,0.0576,DRB1,,,,
DRB1*04:01,DQB1*06:01 / DQA1*02:01,0.298,0.298,,6397,6397.0,,0.088804,DRB1,,,,
DRB1*04:01,DQB1*06:02 / DQA1*01:01,0.265,,0.265,20760,,20760.0,0.07022500000000001,DRB1,,,,
DRB1*04:01,DQB1*06:02 / DQA1*01:02,0.248,0.169,0.265,27216,6398.0,20818.0,0.061503999999999996,DRB1,,,,
DRB1*04:01,DQB1*06:03 / DQA1*01:03,0.19,0.206,0.191,27157,6397.0,20760.0,0.0361,DRB1,,,,
DRB1*04:01,DQB1*06:04 / DQA1*01:02,0.261,0.262,0.269,27158,6398.0,20760.0,0.068121,DRB1,,,,
DRB1*04:01,DQB1*06:09 / DQA1*01:02,0.257,,0.257,20760,,20760.0,0.066049,DRB1,,,,
DRB1*04:01,DRB1*04:02,0.798,0.752,0.813,27158,6398.0,20760.0,0.636804,DRB1,,,,
DRB1*04:01,DRB1*04:03,0.911,0.82,0.925,27158,6398.0,20760.0,0.829921,DRB1,,,,
DRB1*04:01,DRB1*04:04,0.921,0.871,0.932,27216,6398.0,20818.0,0.848241,DRB1,,,,
DRB1*04:01,DRB1*04:05,0.916,0.874,0.922,27216,6398.0,20818.0,0.839056,DRB1,,,,
DRB1*04:01,DRB1*04:06,0.878,,0.878,0,,0.0,0.770884,DRB1,,,,
DRB1*04:01,DRB1*04:07,0.879,,0.879,0,,0.0,0.772641,DRB1,,,,
DRB1*04:01,DRB1*04:10,0.913,,0.913,0,,0.0,0.8335690000000001,DRB1,,,,
DRB1*04:01,DRB1*04:11,0.872,,0.872,0,,0.0,0.760384,DRB1,,,,
DRB1*04:01,DRB1*07:01,0.375,0.28,0.401,27216,6398.0,20818.0,0.140625,DRB1,,,,
DRB1*04:01,DRB1*08:01,0.39,0.362,0.397,27216,6398.0,20818.0,0.1521,DRB1,,,,
DRB1*04:01,DRB1*08:02,0.328,0.34,0.261,6398,6398.0,0.0,0.10758400000000001,DRB1,,,,
DRB1*04:01,DRB1*08:03,0.287,,0.287,0,,0.0,0.08236899999999998,DRB1,,,,
DRB1*04:01,DRB1*08:07,0.25,,0.25,0,,0.0,0.0625,DRB1,,,,
DRB1*04:01,DRB1*09:01,0.471,0.417,0.489,27216,6398.0,20818.0,0.22184099999999998,DRB1,,,,
DRB1*04:01,DRB1*09:02,0.55,,0.55,20760,,20760.0,0.30250000000000005,DRB1,,,,
DRB1*04:01,DRB1*10:01,0.52,0.355,0.549,27216,6398.0,20818.0,0.27040000000000003,DRB1,,,,
DRB1*04:01,DRB1*11:01,0.383,0.318,0.397,27213,6395.0,20818.0,0.146689,DRB1,,,,
DRB1*04:01,DRB1*11:03,0.365,0.365,,6395,6395.0,,0.13322499999999998,DRB1,,,,
DRB1*04:01,DRB1*11:04,0.344,0.318,0.353,26194,6395.0,19799.0,0.11833599999999998,DRB1,,,,
DRB1*04:01,DRB1*12:01,0.368,0.325,0.377,27215,6397.0,20818.0,0.135424,DRB1,,,,
DRB1*04:01,DRB1*12:02,0.336,0.304,0.347,27157,6397.0,20760.0,0.11289600000000001,DRB1,,,,
DRB1*04:01,DRB1*13:01,0.318,0.298,0.325,27216,6398.0,20818.0,0.101124,DRB1,,,,
DRB1*04:01,DRB1*13:02,0.243,,0.243,0,,0.0,0.059049,DRB1,,,,
DRB1*04:01,DRB1*13:03,0.384,0.382,0.388,27215,6397.0,20818.0,0.147456,DRB1,,,,
DRB1*04:01,DRB1*13:05,0.347,0.347,,6397,6397.0,,0.12040899999999999,DRB1,,,,
DRB1*04:01,DRB1*14:01,0.438,0.361,0.454,27215,6397.0,20818.0,0.191844,DRB1,,,,
DRB1*04:01,DRB1*14:02,0.487,,0.487,17207,,17207.0,0.237169,DRB1,,,,
DRB1*04:01,DRB1*14:03,0.316,0.335,0.254,6397,6397.0,0.0,0.099856,DRB1,,,,
DRB1*04:01,DRB1*14:04,0.389,0.389,0.382,6398,6398.0,0.0,0.151321,DRB1,,,,
DRB1*04:01,DRB1*14:05,0.448,,0.448,0,,0.0,0.20070400000000002,DRB1,,,,
DRB1*04:01,DRB1*14:06,0.481,,0.481,0,,0.0,0.23136099999999998,DRB1,,,,
DRB1*04:01,DRB1*14:54,0.447,,0.447,17207,,17207.0,0.19980900000000001,DRB1,,,,
DRB1*04:01,DRB1*15:01,0.466,0.299,0.495,27216,6398.0,20818.0,0.21715600000000002,DRB1,,,,
DRB1*04:01,DRB1*15:02,0.483,0.405,0.495,27216,6398.0,20818.0,0.233289,DRB1,,,,
DRB1*04:01,DRB1*15:03,0.477,0.421,0.491,26197,6398.0,19799.0,0.22752899999999998,DRB1,,,,
DRB1*04:01,DRB1*16:01,0.472,0.351,0.491,27216,6398.0,20818.0,0.22278399999999998,DRB1,,,,
DRB1*04:01,DRB1*16:02,0.474,0.359,0.495,27158,6398.0,20760.0,0.224676,DRB1,,,,
DRB1*04:01,DRB3*01:01,0.352,0.392,0.361,27199,6398.0,20801.0,0.12390399999999999,DRB1,,,,
DRB1*04:01,DRB3*02:01,0.188,,0.188,17,,17.0,0.035344,DRB1,,,,
DRB1*04:01,DRB3*02:02,0.384,0.423,0.386,27197,6396.0,20801.0,0.147456,DRB1,,,,
DRB1*04:01,DRB3*03:01,0.313,0.414,0.311,25306,6397.0,18909.0,0.097969,DRB1,,,,
DRB1*04:01,DRB4*01:01,0.469,0.496,0.471,27199,6398.0,20801.0,0.21996099999999996,DRB1,,,,
DRB1*04:01,DRB4*01:03,0.502,,0.502,20818,,20818.0,0.252004,DRB1,,,,
DRB1*04:01,DRB5*01:01,0.411,0.447,0.415,27216,6398.0,20818.0,0.168921,DRB1,,,,
DRB1*04:01,DRB5*01:02,0.414,,0.414,0,,0.0,0.171396,DRB1,,,,
DRB1*04:01,DRB5*02:02,0.493,0.472,0.523,27199,6398.0,20801.0,0.243049,DRB1,,,,
DRB1*04:02,DPB1*01:01 / DPA1*01:03,0.273,0.299,0.279,26197,6398.0,19799.0,0.07452900000000001,DRB1,,,,
DRB1*04:02,DPB1*01:01 / DPA1*02:01,0.236,0.317,0.222,27157,6397.0,20760.0,0.055695999999999996,DRB1,,,,
DRB1*04:02,DPB1*01:01 / DPA1*02:02,0.274,0.274,,6397,6397.0,,0.07507600000000002,DRB1,,,,
DRB1*04:02,DPB1*01:01 / DPA1*03:01,0.293,0.293,,6398,6398.0,,0.085849,DRB1,,,,
DRB1*04:02,DPB1*02:01 / DPA1*01:03,0.311,0.292,0.324,27157,6397.0,20760.0,0.096721,DRB1,,,,
DRB1*04:02,DPB1*02:02 / DPA1*01:03,0.043,,0.043,0,,0.0,0.0018489999999999997,DRB1,,,,
DRB1*04:02,DPB1*02:02 / DPA1*02:01,0.358,,0.358,3553,,3553.0,0.128164,DRB1,,,,
DRB1*04:02,DPB1*03:01 / DPA1*01:03,0.313,0.298,0.331,27158,6398.0,20760.0,0.097969,DRB1,,,,
DRB1*04:02,DPB1*03:01 / DPA1*01:04,0.392,,0.392,2287,,2287.0,0.15366400000000002,DRB1,,,,
DRB1*04:02,DPB1*03:01 / DPA1*01:05,0.35,,0.35,17512,,17512.0,0.12249999999999998,DRB1,,,,
DRB1*04:02,DPB1*03:01 / DPA1*02:01,0.34,,0.34,18909,,18909.0,0.11560000000000002,DRB1,,,,
DRB1*04:02,DPB1*04:01 / DPA1*01:03,0.269,0.151,0.307,27158,6398.0,20760.0,0.07236100000000001,DRB1,,,,
DRB1*04:02,DPB1*04:01 / DPA1*02:01,0.285,0.285,,6397,6397.0,,0.08122499999999999,DRB1,,,,
DRB1*04:02,DPB1*04:01 / DPA1*02:02,0.34,0.34,,6397,6397.0,,0.11560000000000002,DRB1,,,,
DRB1*04:02,DPB1*04:01 / DPA1*03:01,0.227,0.227,,6398,6398.0,,0.051529000000000005,DRB1,,,,
DRB1*04:02,DPB1*04:01 / DPA1*04:01,0.298,0.298,,6398,6398.0,,0.088804,DRB1,,,,
DRB1*04:02,DPB1*04:02 / DPA1*01:03,0.293,0.234,0.314,27157,6397.0,20760.0,0.085849,DRB1,,,,
DRB1*04:02,DPB1*04:02 / DPA1*03:01,0.306,0.306,,6397,6397.0,,0.093636,DRB1,,,,
DRB1*04:02,DPB1*05:01 / DPA1*02:01,0.318,0.233,0.331,27157,6397.0,20760.0,0.101124,DRB1,,,,
DRB1*04:02,DPB1*05:01 / DPA1*02:02,0.248,0.243,0.241,21829,6397.0,15432.0,0.061503999999999996,DRB1,,,,
DRB1*04:02,DPB1*05:01 / DPA1*03:01,0.298,0.298,,6398,6398.0,,0.088804,DRB1,,,,
DRB1*04:02,DPB1*06:01 / DPA1*01:03,0.322,0.255,0.349,21830,6398.0,15432.0,0.10368400000000001,DRB1,,,,
DRB1*04:02,DPB1*06:01 / DPA1*02:01,0.365,,0.365,18909,,18909.0,0.13322499999999998,DRB1,,,,
DRB1*04:02,DPB1*09:01 / DPA1*02:01,0.318,0.34,0.332,27157,6397.0,20760.0,0.101124,DRB1,,,,
DRB1*04:02,DPB1*105:01 / DPA1*02:01,0.104,,0.104,0,,0.0,0.010816,DRB1,,,,
DRB1*04:02,DPB1*107:01 / DPA1*02:01,0.101,,0.101,0,,0.0,0.010201000000000002,DRB1,,,,
DRB1*04:02,DPB1*10:01 / DPA1*02:01,0.336,,0.336,6196,,6196.0,0.11289600000000001,DRB1,,,,
DRB1*04:02,DPB1*10:01 / DPA1*02:02,0.331,,0.331,14564,,14564.0,0.109561,DRB1,,,,
DRB1*04:02,DPB1*11:01 / DPA1*01:03,0.35,,0.35,17512,,17512.0,0.12249999999999998,DRB1,,,,
DRB1*04:02,DPB1*11:01 / DPA1*01:04,0.359,,0.359,2265,,2265.0,0.128881,DRB1,,,,
DRB1*04:02,DPB1*11:01 / DPA1*01:05,0.332,,0.332,2080,,2080.0,0.11022400000000002,DRB1,,,,
DRB1*04:02,DPB1*11:01 / DPA1*02:01,0.322,0.242,0.437,9645,6397.0,3248.0,0.10368400000000001,DRB1,,,,
DRB1*04:02,DPB1*11:01 / DPA1*02:02,0.293,,0.293,14564,,14564.0,0.085849,DRB1,,,,
DRB1*04:02,DPB1*13:01 / DPA1*01:04,0.418,,0.418,1397,,1397.0,0.174724,DRB1,,,,
DRB1*04:02,DPB1*13:01 / DPA1*01:05,0.386,,0.386,2080,,2080.0,0.14899600000000002,DRB1,,,,
DRB1*04:02,DPB1*13:01 / DPA1*02:01,0.305,0.3,0.318,27030,6397.0,20633.0,0.093025,DRB1,,,,
DRB1*04:02,DPB1*13:01 / DPA1*02:02,0.301,,0.301,15432,,15432.0,0.09060099999999999,DRB1,,,,
DRB1*04:02,DPB1*13:01 / DPA1*03:01,0.39,,0.39,15432,,15432.0,0.1521,DRB1,,,,
DRB1*04:02,DPB1*13:01 / DPA1*04:01,0.318,0.257,0.415,9645,6397.0,3248.0,0.101124,DRB1,,,,
DRB1*04:02,DPB1*14:01 / DPA1*02:01,0.266,0.22,0.293,27157,6397.0,20760.0,0.07075600000000001,DRB1,,,,
DRB1*04:02,DPB1*15:01 / DPA1*02:01,0.342,0.317,0.35,27157,6397.0,20760.0,0.11696400000000001,DRB1,,,,
DRB1*04:02,DPB1*17:01 / DPA1*02:01,0.33,0.328,0.356,27157,6397.0,20760.0,0.10890000000000001,DRB1,,,,
DRB1*04:02,DPB1*18:01 / DPA1*01:03,0.247,0.247,,6398,6398.0,,0.061009,DRB1,,,,
DRB1*04:02,DPB1*18:01 / DPA1*01:04,0.36,,0.36,19799,,19799.0,0.1296,DRB1,,,,
DRB1*04:02,DPB1*18:01 / DPA1*01:05,0.345,,0.345,19799,,19799.0,0.11902499999999998,DRB1,,,,
DRB1*04:02,DPB1*18:01 / DPA1*02:01,0.33,,0.33,20760,,20760.0,0.10890000000000001,DRB1,,,,
DRB1*04:02,DPB1*19:01 / DPA1*01:03,0.354,,0.354,17512,,17512.0,0.12531599999999998,DRB1,,,,
DRB1*04:02,DPB1*19:01 / DPA1*02:01,0.299,0.182,0.473,9645,6397.0,3248.0,0.089401,DRB1,,,,
DRB1*04:02,DPB1*20:01 / DPA1*01:03,0.367,,0.367,2287,,2287.0,0.134689,DRB1,,,,
DRB1*04:02,DPB1*20:01 / DPA1*03:01,0.335,,0.335,15432,,15432.0,0.11222500000000002,DRB1,,,,
DRB1*04:02,DPB1*23:01 / DPA1*01:03,0.307,,0.307,15432,,15432.0,0.094249,DRB1,,,,
DRB1*04:02,DPB1*23:01 / DPA1*02:01,0.352,,0.352,5328,,5328.0,0.12390399999999999,DRB1,,,,
DRB1*04:02,DPB1*26:01 / DPA1*03:01,0.074,,0.074,0,,0.0,0.005475999999999999,DRB1,,,,
DRB1*04:02,DPB1*28:01 / DPA1*01:03,0.31,,0.31,15432,,15432.0,0.0961,DRB1,,,,
DRB1*04:02,DPB1*28:01 / DPA1*01:04,0.381,,0.381,2287,,2287.0,0.145161,DRB1,,,,
DRB1*04:02,DPB1*28:01 / DPA1*01:05,0.332,,0.332,17512,,17512.0,0.11022400000000002,DRB1,,,,
DRB1*04:02,DPB1*28:01 / DPA1*02:01,0.344,,0.344,2080,,2080.0,0.11833599999999998,DRB1,,,,
DRB1*04:02,DPB1*28:01 / DPA1*02:02,0.275,0.261,0.352,7793,6396.0,1397.0,0.07562500000000001,DRB1,,,,
DRB1*04:02,DPB1*28:01 / DPA1*04:01,0.343,,0.343,15432,,15432.0,0.11764900000000002,DRB1,,,,
DRB1*04:02,DPB1*30:01 / DPA1*02:01,0.058,,0.058,0,,0.0,0.0033640000000000002,DRB1,,,,
DRB1*04:02,DPB1*31:01 / DPA1*03:01,0.077,,0.077,0,,0.0,0.005929,DRB1,,,,
DRB1*04:02,DPB1*40:01 / DPA1*01:05,0.04,,0.04,0,,0.0,0.0016,DRB1,,,,
DRB1*04:02,DPB1*85:01 / DPA1*01:03,0.057,,0.057,0,,0.0,0.003249,DRB1,,,,
DRB1*04:02,DQB1*02:01 / DQA1*02:01,0.251,0.172,0.265,27157,6397.0,20760.0,0.063001,DRB1,,,,
DRB1*04:02,DQB1*02:01 / DQA1*03:01,0.28,,0.28,20760,,20760.0,0.07840000000000001,DRB1,,,,
DRB1*04:02,DQB1*02:01 / DQA1*04:01,0.278,,0.278,20760,,20760.0,0.07728400000000002,DRB1,,,,
DRB1*04:02,DQB1*02:01 / DQA1*05:01,0.212,0.306,0.205,27157,6397.0,20760.0,0.044944,DRB1,,,,
DRB1*04:02,DQB1*02:02 / DQA1*02:01,0.268,0.26,0.266,27157,6397.0,20760.0,0.07182400000000001,DRB1,,,,
DRB1*04:02,DQB1*02:02 / DQA1*03:02,0.3,0.3,,6397,6397.0,,0.09,DRB1,,,,
DRB1*04:02,DQB1*02:02 / DQA1*05:01,0.274,0.274,,6397,6397.0,,0.07507600000000002,DRB1,,,,
DRB1*04:02,DQB1*03:01 / DQA1*02:01,0.378,,0.378,19799,,19799.0,0.142884,DRB1,,,,
DRB1*04:02,DQB1*03:01 / DQA1*03:01,0.388,0.401,0.397,27156,6396.0,20760.0,0.150544,DRB1,,,,
DRB1*04:02,DQB1*03:01 / DQA1*03:02,0.389,0.389,,6396,6396.0,,0.151321,DRB1,,,,
DRB1*04:02,DQB1*03:01 / DQA1*05:01,0.333,0.333,,6396,6396.0,,0.11088900000000002,DRB1,,,,
DRB1*04:02,DQB1*03:01 / DQA1*05:03,0.318,,0.318,20760,,20760.0,0.101124,DRB1,,,,
DRB1*04:02,DQB1*03:01 / DQA1*06:01,0.303,0.371,0.309,27156,6396.0,20760.0,0.091809,DRB1,,,,
DRB1*04:02,DQB1*03:02 / DQA1*01:01,0.456,,0.456,5328,,5328.0,0.207936,DRB1,,,,
DRB1*04:02,DQB1*03:02 / DQA1*02:01,0.375,0.351,0.384,26194,6395.0,19799.0,0.140625,DRB1,,,,
DRB1*04:02,DQB1*03:02 / DQA1*03:01,0.398,0.363,0.408,27156,6396.0,20760.0,0.15840400000000002,DRB1,,,,
DRB1*04:02,DQB1*03:02 / DQA1*03:02,0.357,0.38,0.373,22488,6396.0,16092.0,0.12744899999999998,DRB1,,,,
DRB1*04:02,DQB1*03:02 / DQA1*03:03,0.369,,0.369,4541,,4541.0,0.136161,DRB1,,,,
DRB1*04:02,DQB1*03:03 / DQA1*02:01,0.376,,0.376,20760,,20760.0,0.141376,DRB1,,,,
DRB1*04:02,DQB1*03:03 / DQA1*03:01,0.405,,0.405,20760,,20760.0,0.16402500000000003,DRB1,,,,
DRB1*04:02,DQB1*03:03 / DQA1*03:02,0.352,0.421,0.362,27156,6396.0,20760.0,0.12390399999999999,DRB1,,,,
DRB1*04:02,DQB1*03:03 / DQA1*04:01,0.389,0.389,,6396,6396.0,,0.151321,DRB1,,,,
DRB1*04:02,DQB1*03:03 / DQA1*06:01,0.367,0.367,,6396,6396.0,,0.134689,DRB1,,,,
DRB1*04:02,DQB1*03:04 / DQA1*03:01,0.613,,0.613,127,,127.0,0.37576899999999996,DRB1,,,,
DRB1*04:02,DQB1*03:19 / DQA1*02:01,0.285,,0.285,0,,0.0,0.08122499999999999,DRB1,,,,
DRB1*04:02,DQB1*03:19 / DQA1*05:05,0.317,,0.317,20677,,20677.0,0.10048900000000001,DRB1,,,,
DRB1*04:02,DQB1*04:01 / DQA1*02:01,0.384,0.332,0.395,27156,6396.0,20760.0,0.147456,DRB1,,,,
DRB1*04:02,DQB1*04:01 / DQA1*03:03,0.386,,0.386,20760,,20760.0,0.14899600000000002,DRB1,,,,
DRB1*04:02,DQB1*04:01 / DQA1*04:01,0.342,0.341,,6397,6397.0,,0.11696400000000001,DRB1,,,,
DRB1*04:02,DQB1*04:01 / DQA1*05:01,0.317,0.317,,6397,6397.0,,0.10048900000000001,DRB1,,,,
DRB1*04:02,DQB1*04:02 / DQA1*02:01,0.38,,0.38,20760,,20760.0,0.1444,DRB1,,,,
DRB1*04:02,DQB1*04:02 / DQA1*03:01,0.376,0.376,,6397,6397.0,,0.141376,DRB1,,,,
DRB1*04:02,DQB1*04:02 / DQA1*04:01,0.308,0.302,0.333,27157,6397.0,20760.0,0.094864,DRB1,,,,
DRB1*04:02,DQB1*04:02 / DQA1*06:01,0.335,0.335,,6397,6397.0,,0.11222500000000002,DRB1,,,,
DRB1*04:02,DQB1*05:01 / DQA1*01:01,0.188,0.217,0.226,27158,6398.0,20760.0,0.035344,DRB1,,,,
DRB1*04:02,DQB1*05:01 / DQA1*01:02,0.167,0.167,,6398,6398.0,,0.027889000000000004,DRB1,,,,
DRB1*04:02,DQB1*05:02 / DQA1*01:02,0.219,0.193,0.256,27158,6398.0,20760.0,0.047961,DRB1,,,,
DRB1*04:02,DQB1*05:03 / DQA1*01:01,0.08,,0.08,0,,0.0,0.0064,DRB1,,,,
DRB1*04:02,DQB1*05:03 / DQA1*01:04,0.251,0.251,,6398,6398.0,,0.063001,DRB1,,,,
DRB1*04:02,DQB1*06:01 / DQA1*01:03,0.293,0.198,0.317,27157,6397.0,20760.0,0.085849,DRB1,,,,
DRB1*04:02,DQB1*06:01 / DQA1*01:04,0.254,0.253,,6398,6398.0,,0.064516,DRB1,,,,
DRB1*04:02,DQB1*06:01 / DQA1*02:01,0.359,0.358,,6397,6397.0,,0.128881,DRB1,,,,
DRB1*04:02,DQB1*06:02 / DQA1*01:01,0.308,,0.308,20760,,20760.0,0.094864,DRB1,,,,
DRB1*04:02,DQB1*06:02 / DQA1*01:02,0.285,0.189,0.31,27158,6398.0,20760.0,0.08122499999999999,DRB1,,,,
DRB1*04:02,DQB1*06:03 / DQA1*01:03,0.232,0.221,0.25,27157,6397.0,20760.0,0.053824000000000004,DRB1,,,,
DRB1*04:02,DQB1*06:04 / DQA1*01:02,0.279,0.283,0.327,27158,6398.0,20760.0,0.07784100000000002,DRB1,,,,
DRB1*04:02,DQB1*06:09 / DQA1*01:02,0.312,,0.312,20760,,20760.0,0.097344,DRB1,,,,
DRB1*04:02,DRB1*04:03,0.801,0.766,0.825,27158,6398.0,20760.0,0.6416010000000001,DRB1,,,,
DRB1*04:02,DRB1*04:04,0.763,0.735,0.767,27158,6398.0,20760.0,0.582169,DRB1,,,,
DRB1*04:02,DRB1*04:05,0.785,0.729,0.809,27158,6398.0,20760.0,0.616225,DRB1,,,,
DRB1*04:02,DRB1*04:06,0.74,,0.74,0,,0.0,0.5476,DRB1,,,,
DRB1*04:02,DRB1*04:07,0.755,,0.755,0,,0.0,0.570025,DRB1,,,,
DRB1*04:02,DRB1*04:10,0.713,,0.713,0,,0.0,0.508369,DRB1,,,,
DRB1*04:02,DRB1*04:11,0.755,,0.755,0,,0.0,0.570025,DRB1,,,,
DRB1*04:02,DRB1*07:01,0.41,0.324,0.416,27158,6398.0,20760.0,0.16809999999999997,DRB1,,,,
DRB1*04:02,DRB1*08:01,0.483,0.462,0.506,27158,6398.0,20760.0,0.233289,DRB1,,,,
DRB1*04:02,DRB1*08:02,0.45,0.444,0.451,6398,6398.0,0.0,0.2025,DRB1,,,,
DRB1*04:02,DRB1*08:03,0.492,,0.492,0,,0.0,0.242064,DRB1,,,,
DRB1*04:02,DRB1*08:07,0.436,,0.436,0,,0.0,0.190096,DRB1,,,,
DRB1*04:02,DRB1*09:01,0.451,0.381,0.457,27158,6398.0,20760.0,0.203401,DRB1,,,,
DRB1*04:02,DRB1*09:02,0.504,,0.504,20760,,20760.0,0.254016,DRB1,,,,
DRB1*04:02,DRB1*10:01,0.43,0.268,0.457,27158,6398.0,20760.0,0.18489999999999998,DRB1,,,,
DRB1*04:02,DRB1*11:01,0.495,0.435,0.518,27155,6395.0,20760.0,0.245025,DRB1,,,,
DRB1*04:02,DRB1*11:03,0.432,0.432,,6395,6395.0,,0.18662399999999998,DRB1,,,,
DRB1*04:02,DRB1*11:04,0.442,0.404,0.464,26194,6395.0,19799.0,0.195364,DRB1,,,,
DRB1*04:02,DRB1*12:01,0.472,0.43,0.483,27157,6397.0,20760.0,0.22278399999999998,DRB1,,,,
DRB1*04:02,DRB1*12:02,0.424,0.352,0.448,27157,6397.0,20760.0,0.179776,DRB1,,,,
DRB1*04:02,DRB1*13:01,0.456,0.393,0.5,27158,6398.0,20760.0,0.207936,DRB1,,,,
DRB1*04:02,DRB1*13:02,0.48,,0.48,0,,0.0,0.2304,DRB1,,,,
DRB1*04:02,DRB1*13:03,0.499,0.49,0.52,27157,6397.0,20760.0,0.249001,DRB1,,,,
DRB1*04:02,DRB1*13:05,0.447,0.447,,6397,6397.0,,0.19980900000000001,DRB1,,,,
DRB1*04:02,DRB1*14:01,0.456,0.343,0.476,27157,6397.0,20760.0,0.207936,DRB1,,,,
DRB1*04:02,DRB1*14:02,0.469,,0.469,17207,,17207.0,0.21996099999999996,DRB1,,,,
DRB1*04:02,DRB1*14:03,0.454,0.461,0.449,6397,6397.0,0.0,0.20611600000000002,DRB1,,,,
DRB1*04:02,DRB1*14:04,0.464,0.466,0.443,6398,6398.0,0.0,0.21529600000000002,DRB1,,,,
DRB1*04:02,DRB1*14:05,0.488,,0.488,0,,0.0,0.238144,DRB1,,,,
DRB1*04:02,DRB1*14:06,0.459,,0.459,0,,0.0,0.210681,DRB1,,,,
DRB1*04:02,DRB1*14:54,0.466,,0.466,17207,,17207.0,0.21715600000000002,DRB1,,,,
DRB1*04:02,DRB1*15:01,0.472,0.335,0.503,27158,6398.0,20760.0,0.22278399999999998,DRB1,,,,
DRB1*04:02,DRB1*15:02,0.485,0.426,0.511,27158,6398.0,20760.0,0.235225,DRB1,,,,
DRB1*04:02,DRB1*15:03,0.462,0.44,0.497,26197,6398.0,19799.0,0.21344400000000002,DRB1,,,,
DRB1*04:02,DRB1*16:01,0.522,0.373,0.547,27158,6398.0,20760.0,0.272484,DRB1,,,,
DRB1*04:02,DRB1*16:02,0.522,0.387,0.553,27158,6398.0,20760.0,0.272484,DRB1,,,,
DRB1*04:02,DRB3*01:01,0.369,0.443,0.416,27158,6398.0,20760.0,0.136161,DRB1,,,,
DRB1*04:02,DRB3*02:01,0.27,,0.27,0,,0.0,0.0729,DRB1,,,,
DRB1*04:02,DRB3*02:02,0.432,0.452,0.475,27156,6396.0,20760.0,0.18662399999999998,DRB1,,,,
DRB1*04:02,DRB3*03:01,0.338,0.458,0.368,25306,6397.0,18909.0,0.11424400000000001,DRB1,,,,
DRB1*04:02,DRB4*01:01,0.362,0.448,0.393,27158,6398.0,20760.0,0.131044,DRB1,,,,
DRB1*04:02,DRB4*01:03,0.417,,0.417,20760,,20760.0,0.173889,DRB1,,,,
DRB1*04:02,DRB5*01:01,0.426,0.453,0.465,27158,6398.0,20760.0,0.181476,DRB1,,,,
DRB1*04:02,DRB5*01:02,0.459,,0.459,0,,0.0,0.210681,DRB1,,,,
DRB1*04:02,DRB5*02:02,0.405,0.406,0.478,27158,6398.0,20760.0,0.16402500000000003,DRB1,,,,
DRB1*04:03,DPB1*01:01 / DPA1*01:03,0.297,0.303,0.294,26197,6398.0,19799.0,0.088209,DRB1,,,,
DRB1*04:03,DPB1*01:01 / DPA1*02:01,0.247,0.338,0.244,27157,6397.0,20760.0,0.061009,DRB1,,,,
DRB1*04:03,DPB1*01:01 / DPA1*02:02,0.325,0.325,,6397,6397.0,,0.10562500000000001,DRB1,,,,
DRB1*04:03,DPB1*01:01 / DPA1*03:01,0.333,0.333,,6398,6398.0,,0.11088900000000002,DRB1,,,,
DRB1*04:03,DPB1*02:01 / DPA1*01:03,0.326,0.278,0.331,27157,6397.0,20760.0,0.10627600000000001,DRB1,,,,
DRB1*04:03,DPB1*02:02 / DPA1*01:03,0.057,,0.057,0,,0.0,0.003249,DRB1,,,,
DRB1*04:03,DPB1*02:02 / DPA1*02:01,0.317,,0.317,3553,,3553.0,0.10048900000000001,DRB1,,,,
DRB1*04:03,DPB1*03:01 / DPA1*01:03,0.331,0.331,0.325,27158,6398.0,20760.0,0.109561,DRB1,,,,
DRB1*04:03,DPB1*03:01 / DPA1*01:04,0.343,,0.343,2287,,2287.0,0.11764900000000002,DRB1,,,,
DRB1*04:03,DPB1*03:01 / DPA1*01:05,0.35,,0.35,17512,,17512.0,0.12249999999999998,DRB1,,,,
DRB1*04:03,DPB1*03:01 / DPA1*02:01,0.361,,0.361,18909,,18909.0,0.130321,DRB1,,,,
DRB1*04:03,DPB1*04:01 / DPA1*01:03,0.332,0.201,0.354,27158,6398.0,20760.0,0.11022400000000002,DRB1,,,,
DRB1*04:03,DPB1*04:01 / DPA1*02:01,0.298,0.298,,6397,6397.0,,0.088804,DRB1,,,,
DRB1*04:03,DPB1*04:01 / DPA1*02:02,0.282,0.282,,6397,6397.0,,0.07952399999999998,DRB1,,,,
DRB1*04:03,DPB1*04:01 / DPA1*03:01,0.245,0.245,,6398,6398.0,,0.060024999999999995,DRB1,,,,
DRB1*04:03,DPB1*04:01 / DPA1*04:01,0.306,0.306,,6398,6398.0,,0.093636,DRB1,,,,
DRB1*04:03,DPB1*04:02 / DPA1*01:03,0.325,0.234,0.339,27157,6397.0,20760.0,0.10562500000000001,DRB1,,,,
DRB1*04:03,DPB1*04:02 / DPA1*03:01,0.305,0.305,,6397,6397.0,,0.093025,DRB1,,,,
DRB1*04:03,DPB1*05:01 / DPA1*02:01,0.316,0.172,0.362,27157,6397.0,20760.0,0.099856,DRB1,,,,
DRB1*04:03,DPB1*05:01 / DPA1*02:02,0.234,0.184,0.262,21829,6397.0,15432.0,0.054756000000000006,DRB1,,,,
DRB1*04:03,DPB1*05:01 / DPA1*03:01,0.333,0.333,,6398,6398.0,,0.11088900000000002,DRB1,,,,
DRB1*04:03,DPB1*06:01 / DPA1*01:03,0.32,0.304,0.323,21830,6398.0,15432.0,0.1024,DRB1,,,,
DRB1*04:03,DPB1*06:01 / DPA1*02:01,0.353,,0.353,18909,,18909.0,0.12460899999999998,DRB1,,,,
DRB1*04:03,DPB1*09:01 / DPA1*02:01,0.335,0.332,0.33,27157,6397.0,20760.0,0.11222500000000002,DRB1,,,,
DRB1*04:03,DPB1*105:01 / DPA1*02:01,0.09,,0.09,0,,0.0,0.0081,DRB1,,,,
DRB1*04:03,DPB1*107:01 / DPA1*02:01,0.121,,0.121,0,,0.0,0.014641,DRB1,,,,
DRB1*04:03,DPB1*10:01 / DPA1*02:01,0.314,,0.314,6196,,6196.0,0.098596,DRB1,,,,
DRB1*04:03,DPB1*10:01 / DPA1*02:02,0.311,,0.311,14564,,14564.0,0.096721,DRB1,,,,
DRB1*04:03,DPB1*11:01 / DPA1*01:03,0.332,,0.332,17512,,17512.0,0.11022400000000002,DRB1,,,,
DRB1*04:03,DPB1*11:01 / DPA1*01:04,0.282,,0.282,2265,,2265.0,0.07952399999999998,DRB1,,,,
DRB1*04:03,DPB1*11:01 / DPA1*01:05,0.297,,0.297,2080,,2080.0,0.088209,DRB1,,,,
DRB1*04:03,DPB1*11:01 / DPA1*02:01,0.316,0.284,0.369,9645,6397.0,3248.0,0.099856,DRB1,,,,
DRB1*04:03,DPB1*11:01 / DPA1*02:02,0.311,,0.311,14564,,14564.0,0.096721,DRB1,,,,
DRB1*04:03,DPB1*13:01 / DPA1*01:04,0.365,,0.365,1397,,1397.0,0.13322499999999998,DRB1,,,,
DRB1*04:03,DPB1*13:01 / DPA1*01:05,0.394,,0.394,2080,,2080.0,0.155236,DRB1,,,,
DRB1*04:03,DPB1*13:01 / DPA1*02:01,0.346,0.328,0.346,27030,6397.0,20633.0,0.11971599999999999,DRB1,,,,
DRB1*04:03,DPB1*13:01 / DPA1*02:02,0.34,,0.34,15432,,15432.0,0.11560000000000002,DRB1,,,,
DRB1*04:03,DPB1*13:01 / DPA1*03:01,0.358,,0.358,15432,,15432.0,0.128164,DRB1,,,,
DRB1*04:03,DPB1*13:01 / DPA1*04:01,0.312,0.263,0.367,9645,6397.0,3248.0,0.097344,DRB1,,,,
DRB1*04:03,DPB1*14:01 / DPA1*02:01,0.305,0.311,0.296,27157,6397.0,20760.0,0.093025,DRB1,,,,
DRB1*04:03,DPB1*15:01 / DPA1*02:01,0.377,0.33,0.388,27157,6397.0,20760.0,0.142129,DRB1,,,,
DRB1*04:03,DPB1*17:01 / DPA1*02:01,0.341,0.321,0.337,27157,6397.0,20760.0,0.11628100000000002,DRB1,,,,
DRB1*04:03,DPB1*18:01 / DPA1*01:03,0.3,0.3,,6398,6398.0,,0.09,DRB1,,,,
DRB1*04:03,DPB1*18:01 / DPA1*01:04,0.347,,0.347,19799,,19799.0,0.12040899999999999,DRB1,,,,
DRB1*04:03,DPB1*18:01 / DPA1*01:05,0.336,,0.336,19799,,19799.0,0.11289600000000001,DRB1,,,,
DRB1*04:03,DPB1*18:01 / DPA1*02:01,0.334,,0.334,20760,,20760.0,0.11155600000000002,DRB1,,,,
DRB1*04:03,DPB1*19:01 / DPA1*01:03,0.401,,0.401,17512,,17512.0,0.16080100000000003,DRB1,,,,
DRB1*04:03,DPB1*19:01 / DPA1*02:01,0.337,0.234,0.515,9645,6397.0,3248.0,0.11356900000000002,DRB1,,,,
DRB1*04:03,DPB1*20:01 / DPA1*01:03,0.353,,0.353,2287,,2287.0,0.12460899999999998,DRB1,,,,
DRB1*04:03,DPB1*20:01 / DPA1*03:01,0.349,,0.349,15432,,15432.0,0.12180099999999998,DRB1,,,,
DRB1*04:03,DPB1*23:01 / DPA1*01:03,0.364,,0.364,15432,,15432.0,0.132496,DRB1,,,,
DRB1*04:03,DPB1*23:01 / DPA1*02:01,0.345,,0.345,5328,,5328.0,0.11902499999999998,DRB1,,,,
DRB1*04:03,DPB1*26:01 / DPA1*03:01,0.116,,0.116,0,,0.0,0.013456000000000001,DRB1,,,,
DRB1*04:03,DPB1*28:01 / DPA1*01:03,0.344,,0.344,15432,,15432.0,0.11833599999999998,DRB1,,,,
DRB1*04:03,DPB1*28:01 / DPA1*01:04,0.368,,0.368,2287,,2287.0,0.135424,DRB1,,,,
DRB1*04:03,DPB1*28:01 / DPA1*01:05,0.355,,0.355,17512,,17512.0,0.126025,DRB1,,,,
DRB1*04:03,DPB1*28:01 / DPA1*02:01,0.374,,0.374,2080,,2080.0,0.139876,DRB1,,,,
DRB1*04:03,DPB1*28:01 / DPA1*02:02,0.299,0.271,0.353,7793,6396.0,1397.0,0.089401,DRB1,,,,
DRB1*04:03,DPB1*28:01 / DPA1*04:01,0.367,,0.367,15432,,15432.0,0.134689,DRB1,,,,
DRB1*04:03,DPB1*30:01 / DPA1*02:01,0.084,,0.084,0,,0.0,0.007056000000000001,DRB1,,,,
DRB1*04:03,DPB1*31:01 / DPA1*03:01,0.114,,0.114,0,,0.0,0.012996,DRB1,,,,
DRB1*04:03,DPB1*40:01 / DPA1*01:05,0.095,,0.095,0,,0.0,0.009025,DRB1,,,,
DRB1*04:03,DPB1*85:01 / DPA1*01:03,0.102,,0.102,0,,0.0,0.010403999999999998,DRB1,,,,
DRB1*04:03,DQB1*02:01 / DQA1*02:01,0.239,0.142,0.275,27157,6397.0,20760.0,0.057121,DRB1,,,,
DRB1*04:03,DQB1*02:01 / DQA1*03:01,0.313,,0.313,20760,,20760.0,0.097969,DRB1,,,,
DRB1*04:03,DQB1*02:01 / DQA1*04:01,0.292,,0.292,20760,,20760.0,0.08526399999999999,DRB1,,,,
DRB1*04:03,DQB1*02:01 / DQA1*05:01,0.215,0.257,0.207,27157,6397.0,20760.0,0.046224999999999995,DRB1,,,,
DRB1*04:03,DQB1*02:02 / DQA1*02:01,0.258,0.214,0.277,27157,6397.0,20760.0,0.066564,DRB1,,,,
DRB1*04:03,DQB1*02:02 / DQA1*03:02,0.285,0.285,,6397,6397.0,,0.08122499999999999,DRB1,,,,
DRB1*04:03,DQB1*02:02 / DQA1*05:01,0.227,0.227,,6397,6397.0,,0.051529000000000005,DRB1,,,,
DRB1*04:03,DQB1*03:01 / DQA1*02:01,0.376,,0.376,19799,,19799.0,0.141376,DRB1,,,,
DRB1*04:03,DQB1*03:01 / DQA1*03:01,0.402,0.406,0.401,27156,6396.0,20760.0,0.16160400000000003,DRB1,,,,
DRB1*04:03,DQB1*03:01 / DQA1*03:02,0.339,0.339,,6396,6396.0,,0.11492100000000001,DRB1,,,,
DRB1*04:03,DQB1*03:01 / DQA1*05:01,0.3,0.3,,6396,6396.0,,0.09,DRB1,,,,
DRB1*04:03,DQB1*03:01 / DQA1*05:03,0.313,,0.313,20760,,20760.0,0.097969,DRB1,,,,
DRB1*04:03,DQB1*03:01 / DQA1*06:01,0.3,0.331,0.293,27156,6396.0,20760.0,0.09,DRB1,,,,
DRB1*04:03,DQB1*03:02 / DQA1*01:01,0.458,,0.458,5328,,5328.0,0.209764,DRB1,,,,
DRB1*04:03,DQB1*03:02 / DQA1*02:01,0.381,0.31,0.399,26194,6395.0,19799.0,0.145161,DRB1,,,,
DRB1*04:03,DQB1*03:02 / DQA1*03:01,0.413,0.381,0.422,27156,6396.0,20760.0,0.17056899999999997,DRB1,,,,
DRB1*04:03,DQB1*03:02 / DQA1*03:02,0.401,0.384,0.399,22488,6396.0,16092.0,0.16080100000000003,DRB1,,,,
DRB1*04:03,DQB1*03:02 / DQA1*03:03,0.405,,0.405,4541,,4541.0,0.16402500000000003,DRB1,,,,
DRB1*04:03,DQB1*03:03 / DQA1*02:01,0.399,,0.399,20760,,20760.0,0.159201,DRB1,,,,
DRB1*04:03,DQB1*03:03 / DQA1*03:01,0.431,,0.431,20760,,20760.0,0.18576099999999998,DRB1,,,,
DRB1*04:03,DQB1*03:03 / DQA1*03:02,0.401,0.429,0.392,27156,6396.0,20760.0,0.16080100000000003,DRB1,,,,
DRB1*04:03,DQB1*03:03 / DQA1*04:01,0.355,0.355,,6396,6396.0,,0.126025,DRB1,,,,
DRB1*04:03,DQB1*03:03 / DQA1*06:01,0.337,0.337,,6396,6396.0,,0.11356900000000002,DRB1,,,,
DRB1*04:03,DQB1*03:04 / DQA1*03:01,0.596,,0.596,127,,127.0,0.355216,DRB1,,,,
DRB1*04:03,DQB1*03:19 / DQA1*02:01,0.28,,0.28,0,,0.0,0.07840000000000001,DRB1,,,,
DRB1*04:03,DQB1*03:19 / DQA1*05:05,0.296,,0.296,20677,,20677.0,0.08761599999999999,DRB1,,,,
DRB1*04:03,DQB1*04:01 / DQA1*02:01,0.336,0.278,0.355,27156,6396.0,20760.0,0.11289600000000001,DRB1,,,,
DRB1*04:03,DQB1*04:01 / DQA1*03:03,0.389,,0.389,20760,,20760.0,0.151321,DRB1,,,,
DRB1*04:03,DQB1*04:01 / DQA1*04:01,0.29,0.29,,6397,6397.0,,0.0841,DRB1,,,,
DRB1*04:03,DQB1*04:01 / DQA1*05:01,0.271,0.271,,6397,6397.0,,0.073441,DRB1,,,,
DRB1*04:03,DQB1*04:02 / DQA1*02:01,0.351,,0.351,20760,,20760.0,0.12320099999999999,DRB1,,,,
DRB1*04:03,DQB1*04:02 / DQA1*03:01,0.358,0.358,,6397,6397.0,,0.128164,DRB1,,,,
DRB1*04:03,DQB1*04:02 / DQA1*04:01,0.31,0.26,0.314,27157,6397.0,20760.0,0.0961,DRB1,,,,
DRB1*04:03,DQB1*04:02 / DQA1*06:01,0.283,0.283,,6397,6397.0,,0.08008899999999998,DRB1,,,,
DRB1*04:03,DQB1*05:01 / DQA1*01:01,0.234,0.202,0.234,27158,6398.0,20760.0,0.054756000000000006,DRB1,,,,
DRB1*04:03,DQB1*05:01 / DQA1*01:02,0.158,0.158,,6398,6398.0,,0.024964,DRB1,,,,
DRB1*04:03,DQB1*05:02 / DQA1*01:02,0.231,0.212,0.225,27158,6398.0,20760.0,0.053361000000000006,DRB1,,,,
DRB1*04:03,DQB1*05:03 / DQA1*01:01,0.058,,0.058,0,,0.0,0.0033640000000000002,DRB1,,,,
DRB1*04:03,DQB1*05:03 / DQA1*01:04,0.263,0.263,,6398,6398.0,,0.06916900000000001,DRB1,,,,
DRB1*04:03,DQB1*06:01 / DQA1*01:03,0.251,0.171,0.273,27157,6397.0,20760.0,0.063001,DRB1,,,,
DRB1*04:03,DQB1*06:01 / DQA1*01:04,0.186,0.186,,6398,6398.0,,0.034596,DRB1,,,,
DRB1*04:03,DQB1*06:01 / DQA1*02:01,0.306,0.307,,6397,6397.0,,0.093636,DRB1,,,,
DRB1*04:03,DQB1*06:02 / DQA1*01:01,0.279,,0.279,20760,,20760.0,0.07784100000000002,DRB1,,,,
DRB1*04:03,DQB1*06:02 / DQA1*01:02,0.262,0.162,0.284,27158,6398.0,20760.0,0.06864400000000001,DRB1,,,,
DRB1*04:03,DQB1*06:03 / DQA1*01:03,0.189,0.149,0.19,27157,6397.0,20760.0,0.035721,DRB1,,,,
DRB1*04:03,DQB1*06:04 / DQA1*01:02,0.268,0.23,0.266,27158,6398.0,20760.0,0.07182400000000001,DRB1,,,,
DRB1*04:03,DQB1*06:09 / DQA1*01:02,0.258,,0.258,20760,,20760.0,0.066564,DRB1,,,,
DRB1*04:03,DRB1*04:04,0.868,0.81,0.887,27158,6398.0,20760.0,0.753424,DRB1,,,,
DRB1*04:03,DRB1*04:05,0.874,0.814,0.881,27158,6398.0,20760.0,0.763876,DRB1,,,,
DRB1*04:03,DRB1*04:06,0.9,,0.9,0,,0.0,0.81,DRB1,,,,
DRB1*04:03,DRB1*04:07,0.904,,0.904,0,,0.0,0.817216,DRB1,,,,
DRB1*04:03,DRB1*04:10,0.874,,0.874,0,,0.0,0.763876,DRB1,,,,
DRB1*04:03,DRB1*04:11,0.896,,0.896,0,,0.0,0.8028160000000001,DRB1,,,,
DRB1*04:03,DRB1*07:01,0.359,0.247,0.4,27158,6398.0,20760.0,0.128881,DRB1,,,,
DRB1*04:03,DRB1*08:01,0.416,0.349,0.425,27158,6398.0,20760.0,0.173056,DRB1,,,,
DRB1*04:03,DRB1*08:02,0.329,0.34,0.28,6398,6398.0,0.0,0.108241,DRB1,,,,
DRB1*04:03,DRB1*08:03,0.308,,0.308,0,,0.0,0.094864,DRB1,,,,
DRB1*04:03,DRB1*08:07,0.265,,0.265,0,,0.0,0.07022500000000001,DRB1,,,,
DRB1*04:03,DRB1*09:01,0.456,0.398,0.484,27158,6398.0,20760.0,0.207936,DRB1,,,,
DRB1*04:03,DRB1*09:02,0.53,,0.53,20760,,20760.0,0.28090000000000004,DRB1,,,,
DRB1*04:03,DRB1*10:01,0.494,0.328,0.529,27158,6398.0,20760.0,0.244036,DRB1,,,,
DRB1*04:03,DRB1*11:01,0.393,0.353,0.401,27155,6395.0,20760.0,0.154449,DRB1,,,,
DRB1*04:03,DRB1*11:03,0.334,0.334,,6395,6395.0,,0.11155600000000002,DRB1,,,,
DRB1*04:03,DRB1*11:04,0.364,0.334,0.369,26194,6395.0,19799.0,0.132496,DRB1,,,,
DRB1*04:03,DRB1*12:01,0.382,0.307,0.399,27157,6397.0,20760.0,0.145924,DRB1,,,,
DRB1*04:03,DRB1*12:02,0.339,0.27,0.353,27157,6397.0,20760.0,0.11492100000000001,DRB1,,,,
DRB1*04:03,DRB1*13:01,0.333,0.285,0.333,27158,6398.0,20760.0,0.11088900000000002,DRB1,,,,
DRB1*04:03,DRB1*13:02,0.254,,0.254,0,,0.0,0.064516,DRB1,,,,
DRB1*04:03,DRB1*13:03,0.391,0.373,0.391,27157,6397.0,20760.0,0.15288100000000002,DRB1,,,,
DRB1*04:03,DRB1*13:05,0.355,0.355,,6397,6397.0,,0.126025,DRB1,,,,
DRB1*04:03,DRB1*14:01,0.461,0.317,0.493,27157,6397.0,20760.0,0.21252100000000002,DRB1,,,,
DRB1*04:03,DRB1*14:02,0.45,,0.45,17207,,17207.0,0.2025,DRB1,,,,
DRB1*04:03,DRB1*14:03,0.303,0.314,0.265,6397,6397.0,0.0,0.091809,DRB1,,,,
DRB1*04:03,DRB1*14:04,0.423,0.426,0.415,6398,6398.0,0.0,0.17892899999999998,DRB1,,,,
DRB1*04:03,DRB1*14:05,0.472,,0.472,0,,0.0,0.22278399999999998,DRB1,,,,
DRB1*04:03,DRB1*14:06,0.44,,0.44,0,,0.0,0.1936,DRB1,,,,
DRB1*04:03,DRB1*14:54,0.489,,0.489,17207,,17207.0,0.239121,DRB1,,,,
DRB1*04:03,DRB1*15:01,0.456,0.294,0.488,27158,6398.0,20760.0,0.207936,DRB1,,,,
DRB1*04:03,DRB1*15:02,0.476,0.362,0.49,27158,6398.0,20760.0,0.22657599999999997,DRB1,,,,
DRB1*04:03,DRB1*15:03,0.474,0.415,0.478,26197,6398.0,19799.0,0.224676,DRB1,,,,
DRB1*04:03,DRB1*16:01,0.467,0.278,0.501,27158,6398.0,20760.0,0.21808900000000003,DRB1,,,,
DRB1*04:03,DRB1*16:02,0.469,0.318,0.497,27158,6398.0,20760.0,0.21996099999999996,DRB1,,,,
DRB1*04:03,DRB3*01:01,0.388,0.403,0.385,27158,6398.0,20760.0,0.150544,DRB1,,,,
DRB1*04:03,DRB3*02:01,0.201,,0.201,0,,0.0,0.040401000000000006,DRB1,,,,
DRB1*04:03,DRB3*02:02,0.42,0.412,0.415,27156,6396.0,20760.0,0.17639999999999997,DRB1,,,,
DRB1*04:03,DRB3*03:01,0.358,0.396,0.348,25306,6397.0,18909.0,0.128164,DRB1,,,,
DRB1*04:03,DRB4*01:01,0.49,0.513,0.477,27158,6398.0,20760.0,0.24009999999999998,DRB1,,,,
DRB1*04:03,DRB4*01:03,0.489,,0.489,20760,,20760.0,0.239121,DRB1,,,,
DRB1*04:03,DRB5*01:01,0.392,0.417,0.384,27158,6398.0,20760.0,0.15366400000000002,DRB1,,,,
DRB1*04:03,DRB5*01:02,0.379,,0.379,0,,0.0,0.143641,DRB1,,,,
DRB1*04:03,DRB5*02:02,0.466,0.442,0.477,27158,6398.0,20760.0,0.21715600000000002,DRB1,,,,
DRB1*04:04,DPB1*01:01 / DPA1*01:03,0.301,0.324,0.304,26197,6398.0,19799.0,0.09060099999999999,DRB1,,,,
DRB1*04:04,DPB1*01:01 / DPA1*02:01,0.269,0.278,0.268,27215,6397.0,20818.0,0.07236100000000001,DRB1,,,,
DRB1*04:04,DPB1*01:01 / DPA1*02:02,0.302,0.302,,6397,6397.0,,0.091204,DRB1,,,,
DRB1*04:04,DPB1*01:01 / DPA1*03:01,0.33,0.33,,6398,6398.0,,0.10890000000000001,DRB1,,,,
DRB1*04:04,DPB1*02:01 / DPA1*01:03,0.278,0.243,0.288,27215,6397.0,20818.0,0.07728400000000002,DRB1,,,,
DRB1*04:04,DPB1*02:02 / DPA1*01:03,0.058,,0.058,0,,0.0,0.0033640000000000002,DRB1,,,,
DRB1*04:04,DPB1*02:02 / DPA1*02:01,0.271,,0.271,3553,,3553.0,0.073441,DRB1,,,,
DRB1*04:04,DPB1*03:01 / DPA1*01:03,0.299,0.311,0.305,27216,6398.0,20818.0,0.089401,DRB1,,,,
DRB1*04:04,DPB1*03:01 / DPA1*01:04,0.294,,0.294,2287,,2287.0,0.08643599999999999,DRB1,,,,
DRB1*04:04,DPB1*03:01 / DPA1*01:05,0.329,,0.329,17512,,17512.0,0.108241,DRB1,,,,
DRB1*04:04,DPB1*03:01 / DPA1*02:01,0.348,,0.348,18909,,18909.0,0.12110399999999999,DRB1,,,,
DRB1*04:04,DPB1*04:01 / DPA1*01:03,0.296,0.203,0.321,27216,6398.0,20818.0,0.08761599999999999,DRB1,,,,
DRB1*04:04,DPB1*04:01 / DPA1*02:01,0.268,0.268,,6397,6397.0,,0.07182400000000001,DRB1,,,,
DRB1*04:04,DPB1*04:01 / DPA1*02:02,0.291,0.291,,6397,6397.0,,0.08468099999999999,DRB1,,,,
DRB1*04:04,DPB1*04:01 / DPA1*03:01,0.219,0.219,,6398,6398.0,,0.047961,DRB1,,,,
DRB1*04:04,DPB1*04:01 / DPA1*04:01,0.278,0.278,,6398,6398.0,,0.07728400000000002,DRB1,,,,
DRB1*04:04,DPB1*04:02 / DPA1*01:03,0.286,0.241,0.299,27198,6397.0,20801.0,0.08179599999999998,DRB1,,,,
DRB1*04:04,DPB1*04:02 / DPA1*03:01,0.248,0.248,,6397,6397.0,,0.061503999999999996,DRB1,,,,
DRB1*04:04,DPB1*05:01 / DPA1*02:01,0.321,0.202,0.343,27215,6397.0,20818.0,0.10304100000000001,DRB1,,,,
DRB1*04:04,DPB1*05:01 / DPA1*02:02,0.299,0.264,0.305,21829,6397.0,15432.0,0.089401,DRB1,,,,
DRB1*04:04,DPB1*05:01 / DPA1*03:01,0.274,0.274,,6398,6398.0,,0.07507600000000002,DRB1,,,,
DRB1*04:04,DPB1*06:01 / DPA1*01:03,0.298,0.245,0.317,21830,6398.0,15432.0,0.088804,DRB1,,,,
DRB1*04:04,DPB1*06:01 / DPA1*02:01,0.346,,0.346,18909,,18909.0,0.11971599999999999,DRB1,,,,
DRB1*04:04,DPB1*09:01 / DPA1*02:01,0.316,0.296,0.328,27198,6397.0,20801.0,0.099856,DRB1,,,,
DRB1*04:04,DPB1*105:01 / DPA1*02:01,0.097,,0.097,0,,0.0,0.009409,DRB1,,,,
DRB1*04:04,DPB1*107:01 / DPA1*02:01,0.117,,0.117,0,,0.0,0.013689000000000002,DRB1,,,,
DRB1*04:04,DPB1*10:01 / DPA1*02:01,0.258,,0.258,6254,,6254.0,0.066564,DRB1,,,,
DRB1*04:04,DPB1*10:01 / DPA1*02:02,0.328,,0.328,14564,,14564.0,0.10758400000000001,DRB1,,,,
DRB1*04:04,DPB1*11:01 / DPA1*01:03,0.309,,0.309,17512,,17512.0,0.095481,DRB1,,,,
DRB1*04:04,DPB1*11:01 / DPA1*01:04,0.233,,0.233,2265,,2265.0,0.054289000000000004,DRB1,,,,
DRB1*04:04,DPB1*11:01 / DPA1*01:05,0.258,,0.258,2080,,2080.0,0.066564,DRB1,,,,
DRB1*04:04,DPB1*11:01 / DPA1*02:01,0.264,0.22,0.307,9703,6397.0,3306.0,0.06969600000000001,DRB1,,,,
DRB1*04:04,DPB1*11:01 / DPA1*02:02,0.277,,0.277,14564,,14564.0,0.07672900000000002,DRB1,,,,
DRB1*04:04,DPB1*13:01 / DPA1*01:04,0.327,,0.327,1397,,1397.0,0.10692900000000001,DRB1,,,,
DRB1*04:04,DPB1*13:01 / DPA1*01:05,0.33,,0.33,2080,,2080.0,0.10890000000000001,DRB1,,,,
DRB1*04:04,DPB1*13:01 / DPA1*02:01,0.299,0.251,0.312,27030,6397.0,20633.0,0.089401,DRB1,,,,
DRB1*04:04,DPB1*13:01 / DPA1*02:02,0.323,,0.323,15432,,15432.0,0.104329,DRB1,,,,
DRB1*04:04,DPB1*13:01 / DPA1*03:01,0.324,,0.324,15432,,15432.0,0.104976,DRB1,,,,
DRB1*04:04,DPB1*13:01 / DPA1*04:01,0.297,0.27,0.319,9703,6397.0,3306.0,0.088209,DRB1,,,,
DRB1*04:04,DPB1*14:01 / DPA1*02:01,0.283,0.228,0.302,27198,6397.0,20801.0,0.08008899999999998,DRB1,,,,
DRB1*04:04,DPB1*15:01 / DPA1*02:01,0.336,0.33,0.339,27157,6397.0,20760.0,0.11289600000000001,DRB1,,,,
DRB1*04:04,DPB1*17:01 / DPA1*02:01,0.317,0.295,0.333,27215,6397.0,20818.0,0.10048900000000001,DRB1,,,,
DRB1*04:04,DPB1*18:01 / DPA1*01:03,0.254,0.254,,6398,6398.0,,0.064516,DRB1,,,,
DRB1*04:04,DPB1*18:01 / DPA1*01:04,0.308,,0.308,19799,,19799.0,0.094864,DRB1,,,,
DRB1*04:04,DPB1*18:01 / DPA1*01:05,0.313,,0.313,19799,,19799.0,0.097969,DRB1,,,,
DRB1*04:04,DPB1*18:01 / DPA1*02:01,0.317,,0.317,20760,,20760.0,0.10048900000000001,DRB1,,,,
DRB1*04:04,DPB1*19:01 / DPA1*01:03,0.357,,0.357,17512,,17512.0,0.12744899999999998,DRB1,,,,
DRB1*04:04,DPB1*19:01 / DPA1*02:01,0.273,0.144,0.441,9686,6397.0,3289.0,0.07452900000000001,DRB1,,,,
DRB1*04:04,DPB1*20:01 / DPA1*01:03,0.295,,0.295,2287,,2287.0,0.08702499999999999,DRB1,,,,
DRB1*04:04,DPB1*20:01 / DPA1*03:01,0.331,,0.331,15432,,15432.0,0.109561,DRB1,,,,
DRB1*04:04,DPB1*23:01 / DPA1*01:03,0.305,,0.305,15432,,15432.0,0.093025,DRB1,,,,
DRB1*04:04,DPB1*23:01 / DPA1*02:01,0.291,,0.291,5328,,5328.0,0.08468099999999999,DRB1,,,,
DRB1*04:04,DPB1*26:01 / DPA1*03:01,0.11,,0.11,0,,0.0,0.0121,DRB1,,,,
DRB1*04:04,DPB1*28:01 / DPA1*01:03,0.298,,0.298,15432,,15432.0,0.088804,DRB1,,,,
DRB1*04:04,DPB1*28:01 / DPA1*01:04,0.288,,0.288,2287,,2287.0,0.08294399999999999,DRB1,,,,
DRB1*04:04,DPB1*28:01 / DPA1*01:05,0.32,,0.32,17512,,17512.0,0.1024,DRB1,,,,
DRB1*04:04,DPB1*28:01 / DPA1*02:01,0.312,,0.312,2080,,2080.0,0.097344,DRB1,,,,
DRB1*04:04,DPB1*28:01 / DPA1*02:02,0.269,0.265,0.308,7793,6396.0,1397.0,0.07236100000000001,DRB1,,,,
DRB1*04:04,DPB1*28:01 / DPA1*04:01,0.332,,0.332,15432,,15432.0,0.11022400000000002,DRB1,,,,
DRB1*04:04,DPB1*30:01 / DPA1*02:01,0.09,,0.09,0,,0.0,0.0081,DRB1,,,,
DRB1*04:04,DPB1*31:01 / DPA1*03:01,0.127,,0.127,0,,0.0,0.016129,DRB1,,,,
DRB1*04:04,DPB1*40:01 / DPA1*01:05,0.109,,0.109,0,,0.0,0.011881,DRB1,,,,
DRB1*04:04,DPB1*85:01 / DPA1*01:03,0.101,,0.101,0,,0.0,0.010201000000000002,DRB1,,,,
DRB1*04:04,DQB1*02:01 / DQA1*02:01,0.232,0.131,0.253,27215,6397.0,20818.0,0.053824000000000004,DRB1,,,,
DRB1*04:04,DQB1*02:01 / DQA1*03:01,0.287,,0.287,20801,,20801.0,0.08236899999999998,DRB1,,,,
DRB1*04:04,DQB1*02:01 / DQA1*04:01,0.26,,0.26,20760,,20760.0,0.06760000000000001,DRB1,,,,
DRB1*04:04,DQB1*02:01 / DQA1*05:01,0.189,0.249,0.184,27198,6397.0,20801.0,0.035721,DRB1,,,,
DRB1*04:04,DQB1*02:02 / DQA1*02:01,0.242,0.199,0.248,27198,6397.0,20801.0,0.058564,DRB1,,,,
DRB1*04:04,DQB1*02:02 / DQA1*03:02,0.273,0.273,,6397,6397.0,,0.07452900000000001,DRB1,,,,
DRB1*04:04,DQB1*02:02 / DQA1*05:01,0.233,0.233,,6397,6397.0,,0.054289000000000004,DRB1,,,,
DRB1*04:04,DQB1*03:01 / DQA1*02:01,0.342,,0.342,19799,,19799.0,0.11696400000000001,DRB1,,,,
DRB1*04:04,DQB1*03:01 / DQA1*03:01,0.365,0.382,0.369,27197,6396.0,20801.0,0.13322499999999998,DRB1,,,,
DRB1*04:04,DQB1*03:01 / DQA1*03:02,0.362,0.362,,6396,6396.0,,0.131044,DRB1,,,,
DRB1*04:04,DQB1*03:01 / DQA1*05:01,0.282,0.282,,6396,6396.0,,0.07952399999999998,DRB1,,,,
DRB1*04:04,DQB1*03:01 / DQA1*05:03,0.287,,0.287,20760,,20760.0,0.08236899999999998,DRB1,,,,
DRB1*04:04,DQB1*03:01 / DQA1*06:01,0.265,0.323,0.266,27197,6396.0,20801.0,0.07022500000000001,DRB1,,,,
DRB1*04:04,DQB1*03:02 / DQA1*01:01,0.415,,0.415,5369,,5369.0,0.172225,DRB1,,,,
DRB1*04:04,DQB1*03:02 / DQA1*02:01,0.375,0.337,0.385,26194,6395.0,19799.0,0.140625,DRB1,,,,
DRB1*04:04,DQB1*03:02 / DQA1*03:01,0.396,0.358,0.405,27197,6396.0,20801.0,0.156816,DRB1,,,,
DRB1*04:04,DQB1*03:02 / DQA1*03:02,0.376,0.378,0.387,22488,6396.0,16092.0,0.141376,DRB1,,,,
DRB1*04:04,DQB1*03:02 / DQA1*03:03,0.383,,0.383,4541,,4541.0,0.146689,DRB1,,,,
DRB1*04:04,DQB1*03:03 / DQA1*02:01,0.371,,0.371,20801,,20801.0,0.13764099999999999,DRB1,,,,
DRB1*04:04,DQB1*03:03 / DQA1*03:01,0.402,,0.402,20801,,20801.0,0.16160400000000003,DRB1,,,,
DRB1*04:04,DQB1*03:03 / DQA1*03:02,0.371,0.414,0.377,27156,6396.0,20760.0,0.13764099999999999,DRB1,,,,
DRB1*04:04,DQB1*03:03 / DQA1*04:01,0.337,0.337,,6396,6396.0,,0.11356900000000002,DRB1,,,,
DRB1*04:04,DQB1*03:03 / DQA1*06:01,0.348,0.348,,6396,6396.0,,0.12110399999999999,DRB1,,,,
DRB1*04:04,DQB1*03:04 / DQA1*03:01,0.479,,0.479,127,,127.0,0.22944099999999998,DRB1,,,,
DRB1*04:04,DQB1*03:19 / DQA1*02:01,0.26,,0.26,0,,0.0,0.06760000000000001,DRB1,,,,
DRB1*04:04,DQB1*03:19 / DQA1*05:05,0.268,,0.268,20677,,20677.0,0.07182400000000001,DRB1,,,,
DRB1*04:04,DQB1*04:01 / DQA1*02:01,0.309,0.262,0.318,27197,6396.0,20801.0,0.095481,DRB1,,,,
DRB1*04:04,DQB1*04:01 / DQA1*03:03,0.365,,0.365,20760,,20760.0,0.13322499999999998,DRB1,,,,
DRB1*04:04,DQB1*04:01 / DQA1*04:01,0.289,0.289,,6397,6397.0,,0.08352099999999998,DRB1,,,,
DRB1*04:04,DQB1*04:01 / DQA1*05:01,0.284,0.284,,6397,6397.0,,0.08065599999999999,DRB1,,,,
DRB1*04:04,DQB1*04:02 / DQA1*02:01,0.319,,0.319,20801,,20801.0,0.101761,DRB1,,,,
DRB1*04:04,DQB1*04:02 / DQA1*03:01,0.356,0.356,,6397,6397.0,,0.126736,DRB1,,,,
DRB1*04:04,DQB1*04:02 / DQA1*04:01,0.269,0.238,0.286,27215,6397.0,20818.0,0.07236100000000001,DRB1,,,,
DRB1*04:04,DQB1*04:02 / DQA1*06:01,0.291,0.291,,6397,6397.0,,0.08468099999999999,DRB1,,,,
DRB1*04:04,DQB1*05:01 / DQA1*01:01,0.214,0.249,0.239,27199,6398.0,20801.0,0.045795999999999996,DRB1,,,,
DRB1*04:04,DQB1*05:01 / DQA1*01:02,0.188,0.188,,6398,6398.0,,0.035344,DRB1,,,,
DRB1*04:04,DQB1*05:02 / DQA1*01:02,0.216,0.232,0.235,27216,6398.0,20818.0,0.046655999999999996,DRB1,,,,
DRB1*04:04,DQB1*05:03 / DQA1*01:01,0.07,,0.07,0,,0.0,0.004900000000000001,DRB1,,,,
DRB1*04:04,DQB1*05:03 / DQA1*01:04,0.228,0.228,,6398,6398.0,,0.051984,DRB1,,,,
DRB1*04:04,DQB1*06:01 / DQA1*01:03,0.24,0.151,0.261,27198,6397.0,20801.0,0.0576,DRB1,,,,
DRB1*04:04,DQB1*06:01 / DQA1*01:04,0.232,0.231,,6398,6398.0,,0.053824000000000004,DRB1,,,,
DRB1*04:04,DQB1*06:01 / DQA1*02:01,0.302,0.301,,6397,6397.0,,0.091204,DRB1,,,,
DRB1*04:04,DQB1*06:02 / DQA1*01:01,0.257,,0.257,20760,,20760.0,0.066049,DRB1,,,,
DRB1*04:04,DQB1*06:02 / DQA1*01:02,0.241,0.169,0.258,27216,6398.0,20818.0,0.058080999999999994,DRB1,,,,
DRB1*04:04,DQB1*06:03 / DQA1*01:03,0.182,0.191,0.191,27157,6397.0,20760.0,0.033124,DRB1,,,,
DRB1*04:04,DQB1*06:04 / DQA1*01:02,0.236,0.252,0.261,27158,6398.0,20760.0,0.055695999999999996,DRB1,,,,
DRB1*04:04,DQB1*06:09 / DQA1*01:02,0.246,,0.246,20760,,20760.0,0.060516,DRB1,,,,
DRB1*04:04,DRB1*04:05,0.871,0.844,0.881,27216,6398.0,20818.0,0.758641,DRB1,,,,
DRB1*04:04,DRB1*04:06,0.863,,0.863,0,,0.0,0.744769,DRB1,,,,
DRB1*04:04,DRB1*04:07,0.864,,0.864,0,,0.0,0.7464959999999999,DRB1,,,,
DRB1*04:04,DRB1*04:10,0.91,,0.91,0,,0.0,0.8281000000000001,DRB1,,,,
DRB1*04:04,DRB1*04:11,0.858,,0.858,0,,0.0,0.7361639999999999,DRB1,,,,
DRB1*04:04,DRB1*07:01,0.373,0.246,0.391,27216,6398.0,20818.0,0.139129,DRB1,,,,
DRB1*04:04,DRB1*08:01,0.36,0.332,0.374,27216,6398.0,20818.0,0.1296,DRB1,,,,
DRB1*04:04,DRB1*08:02,0.299,0.301,0.244,6398,6398.0,0.0,0.089401,DRB1,,,,
DRB1*04:04,DRB1*08:03,0.269,,0.269,0,,0.0,0.07236100000000001,DRB1,,,,
DRB1*04:04,DRB1*08:07,0.233,,0.233,0,,0.0,0.054289000000000004,DRB1,,,,
DRB1*04:04,DRB1*09:01,0.471,0.417,0.479,27216,6398.0,20818.0,0.22184099999999998,DRB1,,,,
DRB1*04:04,DRB1*09:02,0.535,,0.535,20760,,20760.0,0.286225,DRB1,,,,
DRB1*04:04,DRB1*10:01,0.514,0.398,0.533,27216,6398.0,20818.0,0.264196,DRB1,,,,
DRB1*04:04,DRB1*11:01,0.364,0.306,0.38,27213,6395.0,20818.0,0.132496,DRB1,,,,
DRB1*04:04,DRB1*11:03,0.325,0.325,,6395,6395.0,,0.10562500000000001,DRB1,,,,
DRB1*04:04,DRB1*11:04,0.351,0.306,0.369,26194,6395.0,19799.0,0.12320099999999999,DRB1,,,,
DRB1*04:04,DRB1*12:01,0.35,0.306,0.36,27215,6397.0,20818.0,0.12249999999999998,DRB1,,,,
DRB1*04:04,DRB1*12:02,0.317,0.287,0.33,27157,6397.0,20760.0,0.10048900000000001,DRB1,,,,
DRB1*04:04,DRB1*13:01,0.28,0.252,0.303,27216,6398.0,20818.0,0.07840000000000001,DRB1,,,,
DRB1*04:04,DRB1*13:02,0.231,,0.231,0,,0.0,0.053361000000000006,DRB1,,,,
DRB1*04:04,DRB1*13:03,0.35,0.339,0.362,27215,6397.0,20818.0,0.12249999999999998,DRB1,,,,
DRB1*04:04,DRB1*13:05,0.308,0.308,,6397,6397.0,,0.094864,DRB1,,,,
DRB1*04:04,DRB1*14:01,0.423,0.343,0.438,27215,6397.0,20818.0,0.17892899999999998,DRB1,,,,
DRB1*04:04,DRB1*14:02,0.486,,0.486,17207,,17207.0,0.236196,DRB1,,,,
DRB1*04:04,DRB1*14:03,0.305,0.322,0.238,6397,6397.0,0.0,0.093025,DRB1,,,,
DRB1*04:04,DRB1*14:04,0.375,0.371,0.366,6398,6398.0,0.0,0.140625,DRB1,,,,
DRB1*04:04,DRB1*14:05,0.434,,0.434,0,,0.0,0.188356,DRB1,,,,
DRB1*04:04,DRB1*14:06,0.477,,0.477,0,,0.0,0.22752899999999998,DRB1,,,,
DRB1*04:04,DRB1*14:54,0.44,,0.44,17207,,17207.0,0.1936,DRB1,,,,
DRB1*04:04,DRB1*15:01,0.44,0.293,0.467,27216,6398.0,20818.0,0.1936,DRB1,,,,
DRB1*04:04,DRB1*15:02,0.451,0.388,0.468,27216,6398.0,20818.0,0.203401,DRB1,,,,
DRB1*04:04,DRB1*15:03,0.445,0.399,0.471,26197,6398.0,19799.0,0.198025,DRB1,,,,
DRB1*04:04,DRB1*16:01,0.468,0.349,0.487,27216,6398.0,20818.0,0.21902400000000002,DRB1,,,,
DRB1*04:04,DRB1*16:02,0.464,0.31,0.493,27158,6398.0,20760.0,0.21529600000000002,DRB1,,,,
DRB1*04:04,DRB3*01:01,0.317,0.357,0.348,27199,6398.0,20801.0,0.10048900000000001,DRB1,,,,
DRB1*04:04,DRB3*02:01,0.179,,0.179,17,,17.0,0.032041,DRB1,,,,
DRB1*04:04,DRB3*02:02,0.341,0.398,0.358,27197,6396.0,20801.0,0.11628100000000002,DRB1,,,,
DRB1*04:04,DRB3*03:01,0.29,0.388,0.311,25306,6397.0,18909.0,0.0841,DRB1,,,,
DRB1*04:04,DRB4*01:01,0.463,0.49,0.488,27199,6398.0,20801.0,0.21436900000000003,DRB1,,,,
DRB1*04:04,DRB4*01:03,0.512,,0.512,20818,,20818.0,0.262144,DRB1,,,,
DRB1*04:04,DRB5*01:01,0.384,0.441,0.403,27216,6398.0,20818.0,0.147456,DRB1,,,,
DRB1*04:04,DRB5*01:02,0.413,,0.413,0,,0.0,0.17056899999999997,DRB1,,,,
DRB1*04:04,DRB5*02:02,0.452,0.474,0.498,27199,6398.0,20801.0,0.204304,DRB1,,,,
DRB1*04:05,DPB1*01:01 / DPA1*01:03,0.311,0.313,0.311,26197,6398.0,19799.0,0.096721,DRB1,,,,
DRB1*04:05,DPB1*01:01 / DPA1*02:01,0.251,0.298,0.251,27215,6397.0,20818.0,0.063001,DRB1,,,,
DRB1*04:05,DPB1*01:01 / DPA1*02:02,0.286,0.286,,6397,6397.0,,0.08179599999999998,DRB1,,,,
DRB1*04:05,DPB1*01:01 / DPA1*03:01,0.337,0.337,,6398,6398.0,,0.11356900000000002,DRB1,,,,
DRB1*04:05,DPB1*02:01 / DPA1*01:03,0.32,0.239,0.333,27215,6397.0,20818.0,0.1024,DRB1,,,,
DRB1*04:05,DPB1*02:02 / DPA1*01:03,0.066,,0.066,0,,0.0,0.0043560000000000005,DRB1,,,,
DRB1*04:05,DPB1*02:02 / DPA1*02:01,0.364,,0.364,3553,,3553.0,0.132496,DRB1,,,,
DRB1*04:05,DPB1*03:01 / DPA1*01:03,0.347,0.367,0.338,27216,6398.0,20818.0,0.12040899999999999,DRB1,,,,
DRB1*04:05,DPB1*03:01 / DPA1*01:04,0.422,,0.422,2287,,2287.0,0.178084,DRB1,,,,
DRB1*04:05,DPB1*03:01 / DPA1*01:05,0.365,,0.365,17512,,17512.0,0.13322499999999998,DRB1,,,,
DRB1*04:05,DPB1*03:01 / DPA1*02:01,0.351,,0.351,18909,,18909.0,0.12320099999999999,DRB1,,,,
DRB1*04:05,DPB1*04:01 / DPA1*01:03,0.326,0.175,0.352,27216,6398.0,20818.0,0.10627600000000001,DRB1,,,,
DRB1*04:05,DPB1*04:01 / DPA1*02:01,0.329,0.329,,6397,6397.0,,0.108241,DRB1,,,,
DRB1*04:05,DPB1*04:01 / DPA1*02:02,0.304,0.304,,6397,6397.0,,0.092416,DRB1,,,,
DRB1*04:05,DPB1*04:01 / DPA1*03:01,0.257,0.257,,6398,6398.0,,0.066049,DRB1,,,,
DRB1*04:05,DPB1*04:01 / DPA1*04:01,0.31,0.31,,6398,6398.0,,0.0961,DRB1,,,,
DRB1*04:05,DPB1*04:02 / DPA1*01:03,0.33,0.246,0.342,27198,6397.0,20801.0,0.10890000000000001,DRB1,,,,
DRB1*04:05,DPB1*04:02 / DPA1*03:01,0.311,0.311,,6397,6397.0,,0.096721,DRB1,,,,
DRB1*04:05,DPB1*05:01 / DPA1*02:01,0.324,0.203,0.361,27215,6397.0,20818.0,0.104976,DRB1,,,,
DRB1*04:05,DPB1*05:01 / DPA1*02:02,0.247,0.225,0.264,21829,6397.0,15432.0,0.061009,DRB1,,,,
DRB1*04:05,DPB1*05:01 / DPA1*03:01,0.343,0.343,,6398,6398.0,,0.11764900000000002,DRB1,,,,
DRB1*04:05,DPB1*06:01 / DPA1*01:03,0.354,0.326,0.362,21830,6398.0,15432.0,0.12531599999999998,DRB1,,,,
DRB1*04:05,DPB1*06:01 / DPA1*02:01,0.372,,0.372,18909,,18909.0,0.138384,DRB1,,,,
DRB1*04:05,DPB1*09:01 / DPA1*02:01,0.349,0.336,0.348,27198,6397.0,20801.0,0.12180099999999998,DRB1,,,,
DRB1*04:05,DPB1*105:01 / DPA1*02:01,0.101,,0.101,0,,0.0,0.010201000000000002,DRB1,,,,
DRB1*04:05,DPB1*107:01 / DPA1*02:01,0.142,,0.142,0,,0.0,0.020163999999999998,DRB1,,,,
DRB1*04:05,DPB1*10:01 / DPA1*02:01,0.324,,0.324,6254,,6254.0,0.104976,DRB1,,,,
DRB1*04:05,DPB1*10:01 / DPA1*02:02,0.312,,0.312,14564,,14564.0,0.097344,DRB1,,,,
DRB1*04:05,DPB1*11:01 / DPA1*01:03,0.358,,0.358,17512,,17512.0,0.128164,DRB1,,,,
DRB1*04:05,DPB1*11:01 / DPA1*01:04,0.387,,0.387,2265,,2265.0,0.149769,DRB1,,,,
DRB1*04:05,DPB1*11:01 / DPA1*01:05,0.344,,0.344,2080,,2080.0,0.11833599999999998,DRB1,,,,
DRB1*04:05,DPB1*11:01 / DPA1*02:01,0.332,0.268,0.424,9703,6397.0,3306.0,0.11022400000000002,DRB1,,,,
DRB1*04:05,DPB1*11:01 / DPA1*02:02,0.319,,0.319,14564,,14564.0,0.101761,DRB1,,,,
DRB1*04:05,DPB1*13:01 / DPA1*01:04,0.454,,0.454,1397,,1397.0,0.20611600000000002,DRB1,,,,
DRB1*04:05,DPB1*13:01 / DPA1*01:05,0.407,,0.407,2080,,2080.0,0.165649,DRB1,,,,
DRB1*04:05,DPB1*13:01 / DPA1*02:01,0.347,0.334,0.346,27030,6397.0,20633.0,0.12040899999999999,DRB1,,,,
DRB1*04:05,DPB1*13:01 / DPA1*02:02,0.334,,0.334,15432,,15432.0,0.11155600000000002,DRB1,,,,
DRB1*04:05,DPB1*13:01 / DPA1*03:01,0.385,,0.385,15432,,15432.0,0.148225,DRB1,,,,
DRB1*04:05,DPB1*13:01 / DPA1*04:01,0.348,0.286,0.423,9703,6397.0,3306.0,0.12110399999999999,DRB1,,,,
DRB1*04:05,DPB1*14:01 / DPA1*02:01,0.295,0.215,0.3,27198,6397.0,20801.0,0.08702499999999999,DRB1,,,,
DRB1*04:05,DPB1*15:01 / DPA1*02:01,0.376,0.336,0.385,27157,6397.0,20760.0,0.141376,DRB1,,,,
DRB1*04:05,DPB1*17:01 / DPA1*02:01,0.362,0.319,0.366,27215,6397.0,20818.0,0.131044,DRB1,,,,
DRB1*04:05,DPB1*18:01 / DPA1*01:03,0.289,0.289,,6398,6398.0,,0.08352099999999998,DRB1,,,,
DRB1*04:05,DPB1*18:01 / DPA1*01:04,0.369,,0.369,19799,,19799.0,0.136161,DRB1,,,,
DRB1*04:05,DPB1*18:01 / DPA1*01:05,0.356,,0.356,19799,,19799.0,0.126736,DRB1,,,,
DRB1*04:05,DPB1*18:01 / DPA1*02:01,0.346,,0.346,20760,,20760.0,0.11971599999999999,DRB1,,,,
DRB1*04:05,DPB1*19:01 / DPA1*01:03,0.353,,0.353,17512,,17512.0,0.12460899999999998,DRB1,,,,
DRB1*04:05,DPB1*19:01 / DPA1*02:01,0.29,0.218,0.431,9686,6397.0,3289.0,0.0841,DRB1,,,,
DRB1*04:05,DPB1*20:01 / DPA1*01:03,0.393,,0.393,2287,,2287.0,0.154449,DRB1,,,,
DRB1*04:05,DPB1*20:01 / DPA1*03:01,0.345,,0.345,15432,,15432.0,0.11902499999999998,DRB1,,,,
DRB1*04:05,DPB1*23:01 / DPA1*01:03,0.334,,0.334,15432,,15432.0,0.11155600000000002,DRB1,,,,
DRB1*04:05,DPB1*23:01 / DPA1*02:01,0.365,,0.365,5328,,5328.0,0.13322499999999998,DRB1,,,,
DRB1*04:05,DPB1*26:01 / DPA1*03:01,0.138,,0.138,0,,0.0,0.019044000000000002,DRB1,,,,
DRB1*04:05,DPB1*28:01 / DPA1*01:03,0.332,,0.332,15432,,15432.0,0.11022400000000002,DRB1,,,,
DRB1*04:05,DPB1*28:01 / DPA1*01:04,0.397,,0.397,2287,,2287.0,0.15760900000000003,DRB1,,,,
DRB1*04:05,DPB1*28:01 / DPA1*01:05,0.348,,0.348,17512,,17512.0,0.12110399999999999,DRB1,,,,
DRB1*04:05,DPB1*28:01 / DPA1*02:01,0.345,,0.345,2080,,2080.0,0.11902499999999998,DRB1,,,,
DRB1*04:05,DPB1*28:01 / DPA1*02:02,0.335,0.307,0.385,7793,6396.0,1397.0,0.11222500000000002,DRB1,,,,
DRB1*04:05,DPB1*28:01 / DPA1*04:01,0.354,,0.354,15432,,15432.0,0.12531599999999998,DRB1,,,,
DRB1*04:05,DPB1*30:01 / DPA1*02:01,0.104,,0.104,0,,0.0,0.010816,DRB1,,,,
DRB1*04:05,DPB1*31:01 / DPA1*03:01,0.144,,0.144,0,,0.0,0.020735999999999997,DRB1,,,,
DRB1*04:05,DPB1*40:01 / DPA1*01:05,0.13,,0.13,0,,0.0,0.016900000000000002,DRB1,,,,
DRB1*04:05,DPB1*85:01 / DPA1*01:03,0.125,,0.125,0,,0.0,0.015625,DRB1,,,,
DRB1*04:05,DQB1*02:01 / DQA1*02:01,0.268,0.157,0.304,27215,6397.0,20818.0,0.07182400000000001,DRB1,,,,
DRB1*04:05,DQB1*02:01 / DQA1*03:01,0.332,,0.332,20801,,20801.0,0.11022400000000002,DRB1,,,,
DRB1*04:05,DQB1*02:01 / DQA1*04:01,0.296,,0.296,20760,,20760.0,0.08761599999999999,DRB1,,,,
DRB1*04:05,DQB1*02:01 / DQA1*05:01,0.219,0.281,0.21,27198,6397.0,20801.0,0.047961,DRB1,,,,
DRB1*04:05,DQB1*02:02 / DQA1*02:01,0.287,0.234,0.304,27198,6397.0,20801.0,0.08236899999999998,DRB1,,,,
DRB1*04:05,DQB1*02:02 / DQA1*03:02,0.313,0.313,,6397,6397.0,,0.097969,DRB1,,,,
DRB1*04:05,DQB1*02:02 / DQA1*05:01,0.259,0.259,,6397,6397.0,,0.067081,DRB1,,,,
DRB1*04:05,DQB1*03:01 / DQA1*02:01,0.354,,0.354,19799,,19799.0,0.12531599999999998,DRB1,,,,
DRB1*04:05,DQB1*03:01 / DQA1*03:01,0.401,0.426,0.396,27197,6396.0,20801.0,0.16080100000000003,DRB1,,,,
DRB1*04:05,DQB1*03:01 / DQA1*03:02,0.367,0.367,,6396,6396.0,,0.134689,DRB1,,,,
DRB1*04:05,DQB1*03:01 / DQA1*05:01,0.304,0.304,,6396,6396.0,,0.092416,DRB1,,,,
DRB1*04:05,DQB1*03:01 / DQA1*05:03,0.272,,0.272,20760,,20760.0,0.07398400000000001,DRB1,,,,
DRB1*04:05,DQB1*03:01 / DQA1*06:01,0.284,0.352,0.272,27197,6396.0,20801.0,0.08065599999999999,DRB1,,,,
DRB1*04:05,DQB1*03:02 / DQA1*01:01,0.479,,0.479,5369,,5369.0,0.22944099999999998,DRB1,,,,
DRB1*04:05,DQB1*03:02 / DQA1*02:01,0.399,0.361,0.41,26194,6395.0,19799.0,0.159201,DRB1,,,,
DRB1*04:05,DQB1*03:02 / DQA1*03:01,0.425,0.379,0.435,27197,6396.0,20801.0,0.18062499999999998,DRB1,,,,
DRB1*04:05,DQB1*03:02 / DQA1*03:02,0.397,0.376,0.396,22488,6396.0,16092.0,0.15760900000000003,DRB1,,,,
DRB1*04:05,DQB1*03:02 / DQA1*03:03,0.393,,0.393,4541,,4541.0,0.154449,DRB1,,,,
DRB1*04:05,DQB1*03:03 / DQA1*02:01,0.392,,0.392,20801,,20801.0,0.15366400000000002,DRB1,,,,
DRB1*04:05,DQB1*03:03 / DQA1*03:01,0.435,,0.435,20801,,20801.0,0.189225,DRB1,,,,
DRB1*04:05,DQB1*03:03 / DQA1*03:02,0.397,0.428,0.389,27156,6396.0,20760.0,0.15760900000000003,DRB1,,,,
DRB1*04:05,DQB1*03:03 / DQA1*04:01,0.377,0.377,,6396,6396.0,,0.142129,DRB1,,,,
DRB1*04:05,DQB1*03:03 / DQA1*06:01,0.371,0.371,,6396,6396.0,,0.13764099999999999,DRB1,,,,
DRB1*04:05,DQB1*03:04 / DQA1*03:01,0.565,,0.565,127,,127.0,0.3192249999999999,DRB1,,,,
DRB1*04:05,DQB1*03:19 / DQA1*02:01,0.27,,0.27,0,,0.0,0.0729,DRB1,,,,
DRB1*04:05,DQB1*03:19 / DQA1*05:05,0.261,,0.261,20677,,20677.0,0.068121,DRB1,,,,
DRB1*04:05,DQB1*04:01 / DQA1*02:01,0.361,0.295,0.38,27197,6396.0,20801.0,0.130321,DRB1,,,,
DRB1*04:05,DQB1*04:01 / DQA1*03:03,0.388,,0.388,20760,,20760.0,0.150544,DRB1,,,,
DRB1*04:05,DQB1*04:01 / DQA1*04:01,0.337,0.337,,6397,6397.0,,0.11356900000000002,DRB1,,,,
DRB1*04:05,DQB1*04:01 / DQA1*05:01,0.307,0.307,,6397,6397.0,,0.094249,DRB1,,,,
DRB1*04:05,DQB1*04:02 / DQA1*02:01,0.364,,0.364,20801,,20801.0,0.132496,DRB1,,,,
DRB1*04:05,DQB1*04:02 / DQA1*03:01,0.403,0.403,,6397,6397.0,,0.16240900000000003,DRB1,,,,
DRB1*04:05,DQB1*04:02 / DQA1*04:01,0.319,0.293,0.321,27215,6397.0,20818.0,0.101761,DRB1,,,,
DRB1*04:05,DQB1*04:02 / DQA1*06:01,0.341,0.341,,6397,6397.0,,0.11628100000000002,DRB1,,,,
DRB1*04:05,DQB1*05:01 / DQA1*01:01,0.258,0.26,0.26,27199,6398.0,20801.0,0.066564,DRB1,,,,
DRB1*04:05,DQB1*05:01 / DQA1*01:02,0.201,0.201,,6398,6398.0,,0.040401000000000006,DRB1,,,,
DRB1*04:05,DQB1*05:02 / DQA1*01:02,0.27,0.227,0.272,27216,6398.0,20818.0,0.0729,DRB1,,,,
DRB1*04:05,DQB1*05:03 / DQA1*01:01,0.085,,0.085,0,,0.0,0.007225000000000001,DRB1,,,,
DRB1*04:05,DQB1*05:03 / DQA1*01:04,0.297,0.297,,6398,6398.0,,0.088209,DRB1,,,,
DRB1*04:05,DQB1*06:01 / DQA1*01:03,0.262,0.195,0.281,27198,6397.0,20801.0,0.06864400000000001,DRB1,,,,
DRB1*04:05,DQB1*06:01 / DQA1*01:04,0.25,0.25,,6398,6398.0,,0.0625,DRB1,,,,
DRB1*04:05,DQB1*06:01 / DQA1*02:01,0.311,0.311,,6397,6397.0,,0.096721,DRB1,,,,
DRB1*04:05,DQB1*06:02 / DQA1*01:01,0.306,,0.306,20760,,20760.0,0.093636,DRB1,,,,
DRB1*04:05,DQB1*06:02 / DQA1*01:02,0.275,0.185,0.293,27216,6398.0,20818.0,0.07562500000000001,DRB1,,,,
DRB1*04:05,DQB1*06:03 / DQA1*01:03,0.21,0.222,0.207,27157,6397.0,20760.0,0.04409999999999999,DRB1,,,,
DRB1*04:05,DQB1*06:04 / DQA1*01:02,0.307,0.28,0.31,27158,6398.0,20760.0,0.094249,DRB1,,,,
DRB1*04:05,DQB1*06:09 / DQA1*01:02,0.272,,0.272,20760,,20760.0,0.07398400000000001,DRB1,,,,
DRB1*04:05,DRB1*04:06,0.871,,0.871,0,,0.0,0.758641,DRB1,,,,
DRB1*04:05,DRB1*04:07,0.872,,0.872,0,,0.0,0.760384,DRB1,,,,
DRB1*04:05,DRB1*04:10,0.92,,0.92,0,,0.0,0.8464,DRB1,,,,
DRB1*04:05,DRB1*04:11,0.867,,0.867,0,,0.0,0.7516889999999999,DRB1,,,,
DRB1*04:05,DRB1*07:01,0.36,0.284,0.391,27216,6398.0,20818.0,0.1296,DRB1,,,,
DRB1*04:05,DRB1*08:01,0.414,0.355,0.423,27216,6398.0,20818.0,0.171396,DRB1,,,,
DRB1*04:05,DRB1*08:02,0.318,0.332,0.251,6398,6398.0,0.0,0.101124,DRB1,,,,
DRB1*04:05,DRB1*08:03,0.288,,0.288,0,,0.0,0.08294399999999999,DRB1,,,,
DRB1*04:05,DRB1*08:07,0.25,,0.25,0,,0.0,0.0625,DRB1,,,,
DRB1*04:05,DRB1*09:01,0.499,0.462,0.52,27216,6398.0,20818.0,0.249001,DRB1,,,,
DRB1*04:05,DRB1*09:02,0.568,,0.568,20760,,20760.0,0.32262399999999997,DRB1,,,,
DRB1*04:05,DRB1*10:01,0.525,0.342,0.56,27216,6398.0,20818.0,0.275625,DRB1,,,,
DRB1*04:05,DRB1*11:01,0.398,0.316,0.413,27213,6395.0,20818.0,0.15840400000000002,DRB1,,,,
DRB1*04:05,DRB1*11:03,0.344,0.344,,6395,6395.0,,0.11833599999999998,DRB1,,,,
DRB1*04:05,DRB1*11:04,0.349,0.292,0.36,26194,6395.0,19799.0,0.12180099999999998,DRB1,,,,
DRB1*04:05,DRB1*12:01,0.373,0.333,0.382,27215,6397.0,20818.0,0.139129,DRB1,,,,
DRB1*04:05,DRB1*12:02,0.346,0.279,0.359,27157,6397.0,20760.0,0.11971599999999999,DRB1,,,,
DRB1*04:05,DRB1*13:01,0.359,0.301,0.365,27216,6398.0,20818.0,0.128881,DRB1,,,,
DRB1*04:05,DRB1*13:02,0.24,,0.24,0,,0.0,0.0576,DRB1,,,,
DRB1*04:05,DRB1*13:03,0.411,0.392,0.412,27215,6397.0,20818.0,0.168921,DRB1,,,,
DRB1*04:05,DRB1*13:05,0.371,0.371,,6397,6397.0,,0.13764099999999999,DRB1,,,,
DRB1*04:05,DRB1*14:01,0.465,0.355,0.489,27215,6397.0,20818.0,0.21622500000000003,DRB1,,,,
DRB1*04:05,DRB1*14:02,0.517,,0.517,17207,,17207.0,0.267289,DRB1,,,,
DRB1*04:05,DRB1*14:03,0.324,0.346,0.251,6397,6397.0,0.0,0.104976,DRB1,,,,
DRB1*04:05,DRB1*14:04,0.41,0.416,0.386,6398,6398.0,0.0,0.16809999999999997,DRB1,,,,
DRB1*04:05,DRB1*14:05,0.453,,0.453,0,,0.0,0.205209,DRB1,,,,
DRB1*04:05,DRB1*14:06,0.493,,0.493,0,,0.0,0.243049,DRB1,,,,
DRB1*04:05,DRB1*14:54,0.477,,0.477,17207,,17207.0,0.22752899999999998,DRB1,,,,
DRB1*04:05,DRB1*15:01,0.477,0.33,0.504,27216,6398.0,20818.0,0.22752899999999998,DRB1,,,,
DRB1*04:05,DRB1*15:02,0.506,0.437,0.512,27216,6398.0,20818.0,0.256036,DRB1,,,,
DRB1*04:05,DRB1*15:03,0.509,0.468,0.515,26197,6398.0,19799.0,0.259081,DRB1,,,,
DRB1*04:05,DRB1*16:01,0.448,0.325,0.47,27216,6398.0,20818.0,0.20070400000000002,DRB1,,,,
DRB1*04:05,DRB1*16:02,0.442,0.326,0.465,27158,6398.0,20760.0,0.195364,DRB1,,,,
DRB1*04:05,DRB3*01:01,0.379,0.426,0.375,27199,6398.0,20801.0,0.143641,DRB1,,,,
DRB1*04:05,DRB3*02:01,0.182,,0.182,17,,17.0,0.033124,DRB1,,,,
DRB1*04:05,DRB3*02:02,0.416,0.439,0.41,27197,6396.0,20801.0,0.173056,DRB1,,,,
DRB1*04:05,DRB3*03:01,0.34,0.428,0.329,25306,6397.0,18909.0,0.11560000000000002,DRB1,,,,
DRB1*04:05,DRB4*01:01,0.508,0.517,0.505,27199,6398.0,20801.0,0.258064,DRB1,,,,
DRB1*04:05,DRB4*01:03,0.513,,0.513,20818,,20818.0,0.263169,DRB1,,,,
DRB1*04:05,DRB5*01:01,0.453,0.484,0.448,27216,6398.0,20818.0,0.205209,DRB1,,,,
DRB1*04:05,DRB5*01:02,0.427,,0.427,0,,0.0,0.182329,DRB1,,,,
DRB1*04:05,DRB5*02:02,0.524,0.519,0.539,27199,6398.0,20801.0,0.27457600000000004,DRB1,,,,
DRB1*04:06,DPB1*01:01 / DPA1*01:03,0.101,,0.101,0,,0.0,0.010201000000000002,DRB1,,,,
DRB1*04:06,DPB1*01:01 / DPA1*02:01,0.082,,0.082,0,,0.0,0.006724000000000001,DRB1,,,,
DRB1*04:06,DPB1*02:01 / DPA1*01:03,0.1,,0.1,0,,0.0,0.010000000000000002,DRB1,,,,
DRB1*04:06,DPB1*02:02 / DPA1*01:03,0.153,,0.153,0,,0.0,0.023409,DRB1,,,,
DRB1*04:06,DPB1*03:01 / DPA1*01:03,0.13,,0.13,0,,0.0,0.016900000000000002,DRB1,,,,
DRB1*04:06,DPB1*03:01 / DPA1*01:05,0.142,,0.142,0,,0.0,0.020163999999999998,DRB1,,,,
DRB1*04:06,DPB1*03:01 / DPA1*02:01,0.143,,0.143,0,,0.0,0.020448999999999995,DRB1,,,,
DRB1*04:06,DPB1*04:01 / DPA1*01:03,0.063,,0.063,0,,0.0,0.003969,DRB1,,,,
DRB1*04:06,DPB1*04:02 / DPA1*01:03,0.119,,0.119,0,,0.0,0.014160999999999998,DRB1,,,,
DRB1*04:06,DPB1*05:01 / DPA1*02:01,0.17,,0.17,0,,0.0,0.028900000000000006,DRB1,,,,
DRB1*04:06,DPB1*05:01 / DPA1*02:02,0.112,,0.112,0,,0.0,0.012544000000000001,DRB1,,,,
DRB1*04:06,DPB1*06:01 / DPA1*01:03,0.14,,0.14,0,,0.0,0.019600000000000003,DRB1,,,,
DRB1*04:06,DPB1*06:01 / DPA1*02:01,0.134,,0.134,0,,0.0,0.017956000000000003,DRB1,,,,
DRB1*04:06,DPB1*09:01 / DPA1*02:01,0.126,,0.126,0,,0.0,0.015876,DRB1,,,,
DRB1*04:06,DPB1*105:01 / DPA1*02:01,0.138,,0.138,0,,0.0,0.019044000000000002,DRB1,,,,
DRB1*04:06,DPB1*107:01 / DPA1*02:01,0.184,,0.184,0,,0.0,0.033856,DRB1,,,,
DRB1*04:06,DPB1*10:01 / DPA1*02:02,0.091,,0.091,0,,0.0,0.008281,DRB1,,,,
DRB1*04:06,DPB1*11:01 / DPA1*01:03,0.131,,0.131,0,,0.0,0.017161000000000003,DRB1,,,,
DRB1*04:06,DPB1*11:01 / DPA1*02:02,0.147,,0.147,0,,0.0,0.021608999999999996,DRB1,,,,
DRB1*04:06,DPB1*13:01 / DPA1*02:01,0.139,,0.139,0,,0.0,0.019321000000000005,DRB1,,,,
DRB1*04:06,DPB1*13:01 / DPA1*02:02,0.142,,0.142,0,,0.0,0.020163999999999998,DRB1,,,,
DRB1*04:06,DPB1*13:01 / DPA1*03:01,0.146,,0.146,0,,0.0,0.021315999999999998,DRB1,,,,
DRB1*04:06,DPB1*14:01 / DPA1*02:01,0.111,,0.111,0,,0.0,0.012321,DRB1,,,,
DRB1*04:06,DPB1*15:01 / DPA1*02:01,0.159,,0.159,0,,0.0,0.025281,DRB1,,,,
DRB1*04:06,DPB1*17:01 / DPA1*02:01,0.113,,0.113,0,,0.0,0.012769,DRB1,,,,
DRB1*04:06,DPB1*18:01 / DPA1*01:04,0.121,,0.121,0,,0.0,0.014641,DRB1,,,,
DRB1*04:06,DPB1*18:01 / DPA1*01:05,0.114,,0.114,0,,0.0,0.012996,DRB1,,,,
DRB1*04:06,DPB1*18:01 / DPA1*02:01,0.104,,0.104,0,,0.0,0.010816,DRB1,,,,
DRB1*04:06,DPB1*19:01 / DPA1*01:03,0.105,,0.105,0,,0.0,0.011024999999999998,DRB1,,,,
DRB1*04:06,DPB1*20:01 / DPA1*03:01,0.144,,0.144,0,,0.0,0.020735999999999997,DRB1,,,,
DRB1*04:06,DPB1*23:01 / DPA1*01:03,0.077,,0.077,0,,0.0,0.005929,DRB1,,,,
DRB1*04:06,DPB1*26:01 / DPA1*03:01,0.167,,0.167,0,,0.0,0.027889000000000004,DRB1,,,,
DRB1*04:06,DPB1*28:01 / DPA1*01:03,0.118,,0.118,0,,0.0,0.013923999999999999,DRB1,,,,
DRB1*04:06,DPB1*28:01 / DPA1*01:05,0.1,,0.1,0,,0.0,0.010000000000000002,DRB1,,,,
DRB1*04:06,DPB1*28:01 / DPA1*04:01,0.091,,0.091,0,,0.0,0.008281,DRB1,,,,
DRB1*04:06,DPB1*30:01 / DPA1*02:01,0.128,,0.128,0,,0.0,0.016384,DRB1,,,,
DRB1*04:06,DPB1*31:01 / DPA1*03:01,0.163,,0.163,0,,0.0,0.026569000000000002,DRB1,,,,
DRB1*04:06,DPB1*40:01 / DPA1*01:05,0.167,,0.167,0,,0.0,0.027889000000000004,DRB1,,,,
DRB1*04:06,DPB1*85:01 / DPA1*01:03,0.16,,0.16,0,,0.0,0.0256,DRB1,,,,
DRB1*04:06,DQB1*02:01 / DQA1*02:01,0.112,,0.112,0,,0.0,0.012544000000000001,DRB1,,,,
DRB1*04:06,DQB1*02:01 / DQA1*03:01,0.223,,0.223,0,,0.0,0.049729,DRB1,,,,
DRB1*04:06,DQB1*02:01 / DQA1*04:01,0.113,,0.113,0,,0.0,0.012769,DRB1,,,,
DRB1*04:06,DQB1*02:01 / DQA1*05:01,0.101,,0.101,0,,0.0,0.010201000000000002,DRB1,,,,
DRB1*04:06,DQB1*02:02 / DQA1*02:01,0.136,,0.136,0,,0.0,0.018496000000000002,DRB1,,,,
DRB1*04:06,DQB1*03:01 / DQA1*02:01,0.255,,0.255,0,,0.0,0.065025,DRB1,,,,
DRB1*04:06,DQB1*03:01 / DQA1*03:01,0.29,,0.29,0,,0.0,0.0841,DRB1,,,,
DRB1*04:06,DQB1*03:01 / DQA1*05:03,0.197,,0.197,0,,0.0,0.038809,DRB1,,,,
DRB1*04:06,DQB1*03:01 / DQA1*06:01,0.202,,0.202,0,,0.0,0.04080400000000001,DRB1,,,,
DRB1*04:06,DQB1*03:02 / DQA1*02:01,0.303,,0.303,0,,0.0,0.091809,DRB1,,,,
DRB1*04:06,DQB1*03:02 / DQA1*03:01,0.317,,0.317,0,,0.0,0.10048900000000001,DRB1,,,,
DRB1*04:06,DQB1*03:02 / DQA1*03:02,0.443,,0.443,0,,0.0,0.196249,DRB1,,,,
DRB1*04:06,DQB1*03:02 / DQA1*03:03,0.301,,0.301,0,,0.0,0.09060099999999999,DRB1,,,,
DRB1*04:06,DQB1*03:03 / DQA1*02:01,0.289,,0.289,0,,0.0,0.08352099999999998,DRB1,,,,
DRB1*04:06,DQB1*03:03 / DQA1*03:01,0.318,,0.318,0,,0.0,0.101124,DRB1,,,,
DRB1*04:06,DQB1*03:03 / DQA1*03:02,0.325,,0.325,0,,0.0,0.10562500000000001,DRB1,,,,
DRB1*04:06,DQB1*03:19 / DQA1*02:01,0.28,,0.28,0,,0.0,0.07840000000000001,DRB1,,,,
DRB1*04:06,DQB1*03:19 / DQA1*05:05,0.196,,0.196,0,,0.0,0.038416000000000006,DRB1,,,,
DRB1*04:06,DQB1*04:01 / DQA1*02:01,0.194,,0.194,0,,0.0,0.037636,DRB1,,,,
DRB1*04:06,DQB1*04:01 / DQA1*03:03,0.264,,0.264,0,,0.0,0.06969600000000001,DRB1,,,,
DRB1*04:06,DQB1*04:02 / DQA1*02:01,0.173,,0.173,0,,0.0,0.029928999999999997,DRB1,,,,
DRB1*04:06,DQB1*04:02 / DQA1*04:01,0.143,,0.143,0,,0.0,0.020448999999999995,DRB1,,,,
DRB1*04:06,DQB1*05:01 / DQA1*01:01,0.077,,0.077,0,,0.0,0.005929,DRB1,,,,
DRB1*04:06,DQB1*05:02 / DQA1*01:02,0.063,,0.063,0,,0.0,0.003969,DRB1,,,,
DRB1*04:06,DQB1*05:03 / DQA1*01:01,0.116,,0.116,0,,0.0,0.013456000000000001,DRB1,,,,
DRB1*04:06,DQB1*06:01 / DQA1*01:03,0.143,,0.143,0,,0.0,0.020448999999999995,DRB1,,,,
DRB1*04:06,DQB1*06:02 / DQA1*01:01,0.123,,0.123,0,,0.0,0.015129,DRB1,,,,
DRB1*04:06,DQB1*06:02 / DQA1*01:02,0.116,,0.116,0,,0.0,0.013456000000000001,DRB1,,,,
DRB1*04:06,DQB1*06:03 / DQA1*01:03,0.106,,0.106,0,,0.0,0.011236,DRB1,,,,
DRB1*04:06,DQB1*06:04 / DQA1*01:02,0.12,,0.12,0,,0.0,0.0144,DRB1,,,,
DRB1*04:06,DQB1*06:09 / DQA1*01:02,0.136,,0.136,0,,0.0,0.018496000000000002,DRB1,,,,
DRB1*04:06,DRB1*04:07,0.95,,0.95,0,,0.0,0.9025,DRB1,,,,
DRB1*04:06,DRB1*04:10,0.914,,0.914,0,,0.0,0.835396,DRB1,,,,
DRB1*04:06,DRB1*04:11,0.962,,0.962,0,,0.0,0.9254439999999999,DRB1,,,,
DRB1*04:06,DRB1*07:01,0.262,,0.262,0,,0.0,0.06864400000000001,DRB1,,,,
DRB1*04:06,DRB1*08:01,0.294,,0.294,0,,0.0,0.08643599999999999,DRB1,,,,
DRB1*04:06,DRB1*08:02,0.326,,0.326,0,,0.0,0.10627600000000001,DRB1,,,,
DRB1*04:06,DRB1*08:03,0.362,,0.362,0,,0.0,0.131044,DRB1,,,,
DRB1*04:06,DRB1*08:07,0.302,,0.302,0,,0.0,0.091204,DRB1,,,,
DRB1*04:06,DRB1*09:01,0.478,,0.478,0,,0.0,0.228484,DRB1,,,,
DRB1*04:06,DRB1*09:02,0.514,,0.514,0,,0.0,0.264196,DRB1,,,,
DRB1*04:06,DRB1*10:01,0.533,,0.533,0,,0.0,0.28408900000000004,DRB1,,,,
DRB1*04:06,DRB1*11:01,0.266,,0.266,0,,0.0,0.07075600000000001,DRB1,,,,
DRB1*04:06,DRB1*11:04,0.266,,0.266,0,,0.0,0.07075600000000001,DRB1,,,,
DRB1*04:06,DRB1*12:01,0.249,,0.249,0,,0.0,0.062001,DRB1,,,,
DRB1*04:06,DRB1*12:02,0.241,,0.241,0,,0.0,0.058080999999999994,DRB1,,,,
DRB1*04:06,DRB1*13:01,0.279,,0.279,0,,0.0,0.07784100000000002,DRB1,,,,
DRB1*04:06,DRB1*13:02,0.319,,0.319,0,,0.0,0.101761,DRB1,,,,
DRB1*04:06,DRB1*13:03,0.354,,0.354,0,,0.0,0.12531599999999998,DRB1,,,,
DRB1*04:06,DRB1*14:01,0.497,,0.497,0,,0.0,0.247009,DRB1,,,,
DRB1*04:06,DRB1*14:02,0.48,,0.48,0,,0.0,0.2304,DRB1,,,,
DRB1*04:06,DRB1*14:03,0.334,,0.334,0,,0.0,0.11155600000000002,DRB1,,,,
DRB1*04:06,DRB1*14:04,0.47,,0.47,0,,0.0,0.22089999999999999,DRB1,,,,
DRB1*04:06,DRB1*14:05,0.559,,0.559,0,,0.0,0.31248100000000006,DRB1,,,,
DRB1*04:06,DRB1*14:06,0.529,,0.529,0,,0.0,0.279841,DRB1,,,,
DRB1*04:06,DRB1*14:54,0.495,,0.495,0,,0.0,0.245025,DRB1,,,,
DRB1*04:06,DRB1*15:01,0.471,,0.471,0,,0.0,0.22184099999999998,DRB1,,,,
DRB1*04:06,DRB1*15:02,0.469,,0.469,0,,0.0,0.21996099999999996,DRB1,,,,
DRB1*04:06,DRB1*15:03,0.482,,0.482,0,,0.0,0.23232399999999997,DRB1,,,,
DRB1*04:06,DRB1*16:01,0.42,,0.42,0,,0.0,0.17639999999999997,DRB1,,,,
DRB1*04:06,DRB1*16:02,0.441,,0.441,0,,0.0,0.19448100000000001,DRB1,,,,
DRB1*04:06,DRB3*01:01,0.286,,0.286,0,,0.0,0.08179599999999998,DRB1,,,,
DRB1*04:06,DRB3*02:01,0.283,,0.283,0,,0.0,0.08008899999999998,DRB1,,,,
DRB1*04:06,DRB3*02:02,0.249,,0.249,0,,0.0,0.062001,DRB1,,,,
DRB1*04:06,DRB3*03:01,0.264,,0.264,0,,0.0,0.06969600000000001,DRB1,,,,
DRB1*04:06,DRB4*01:01,0.392,,0.392,0,,0.0,0.15366400000000002,DRB1,,,,
DRB1*04:06,DRB4*01:03,0.381,,0.381,0,,0.0,0.145161,DRB1,,,,
DRB1*04:06,DRB5*01:01,0.385,,0.385,0,,0.0,0.148225,DRB1,,,,
DRB1*04:06,DRB5*01:02,0.42,,0.42,0,,0.0,0.17639999999999997,DRB1,,,,
DRB1*04:06,DRB5*02:02,0.44,,0.44,0,,0.0,0.1936,DRB1,,,,
DRB1*04:07,DPB1*01:01 / DPA1*01:03,0.087,,0.087,0,,0.0,0.007568999999999999,DRB1,,,,
DRB1*04:07,DPB1*01:01 / DPA1*02:01,0.06,,0.06,0,,0.0,0.0036,DRB1,,,,
DRB1*04:07,DPB1*02:01 / DPA1*01:03,0.08,,0.08,0,,0.0,0.0064,DRB1,,,,
DRB1*04:07,DPB1*02:02 / DPA1*01:03,0.143,,0.143,0,,0.0,0.020448999999999995,DRB1,,,,
DRB1*04:07,DPB1*03:01 / DPA1*01:03,0.126,,0.126,0,,0.0,0.015876,DRB1,,,,
DRB1*04:07,DPB1*03:01 / DPA1*01:05,0.137,,0.137,0,,0.0,0.018769000000000004,DRB1,,,,
DRB1*04:07,DPB1*03:01 / DPA1*02:01,0.128,,0.128,0,,0.0,0.016384,DRB1,,,,
DRB1*04:07,DPB1*04:01 / DPA1*01:03,0.059,,0.059,0,,0.0,0.0034809999999999997,DRB1,,,,
DRB1*04:07,DPB1*04:02 / DPA1*01:03,0.104,,0.104,0,,0.0,0.010816,DRB1,,,,
DRB1*04:07,DPB1*05:01 / DPA1*02:01,0.137,,0.137,0,,0.0,0.018769000000000004,DRB1,,,,
DRB1*04:07,DPB1*05:01 / DPA1*02:02,0.081,,0.081,0,,0.0,0.006561,DRB1,,,,
DRB1*04:07,DPB1*06:01 / DPA1*01:03,0.131,,0.131,0,,0.0,0.017161000000000003,DRB1,,,,
DRB1*04:07,DPB1*06:01 / DPA1*02:01,0.12,,0.12,0,,0.0,0.0144,DRB1,,,,
DRB1*04:07,DPB1*09:01 / DPA1*02:01,0.108,,0.108,0,,0.0,0.011663999999999999,DRB1,,,,
DRB1*04:07,DPB1*105:01 / DPA1*02:01,0.125,,0.125,0,,0.0,0.015625,DRB1,,,,
DRB1*04:07,DPB1*107:01 / DPA1*02:01,0.157,,0.157,0,,0.0,0.024649,DRB1,,,,
DRB1*04:07,DPB1*10:01 / DPA1*02:02,0.066,,0.066,0,,0.0,0.0043560000000000005,DRB1,,,,
DRB1*04:07,DPB1*11:01 / DPA1*01:03,0.12,,0.12,0,,0.0,0.0144,DRB1,,,,
DRB1*04:07,DPB1*11:01 / DPA1*02:02,0.126,,0.126,0,,0.0,0.015876,DRB1,,,,
DRB1*04:07,DPB1*13:01 / DPA1*02:01,0.108,,0.108,0,,0.0,0.011663999999999999,DRB1,,,,
DRB1*04:07,DPB1*13:01 / DPA1*02:02,0.113,,0.113,0,,0.0,0.012769,DRB1,,,,
DRB1*04:07,DPB1*13:01 / DPA1*03:01,0.135,,0.135,0,,0.0,0.018225,DRB1,,,,
DRB1*04:07,DPB1*14:01 / DPA1*02:01,0.099,,0.099,0,,0.0,0.009801,DRB1,,,,
DRB1*04:07,DPB1*15:01 / DPA1*02:01,0.145,,0.145,0,,0.0,0.021025,DRB1,,,,
DRB1*04:07,DPB1*17:01 / DPA1*02:01,0.102,,0.102,0,,0.0,0.010403999999999998,DRB1,,,,
DRB1*04:07,DPB1*18:01 / DPA1*01:04,0.104,,0.104,0,,0.0,0.010816,DRB1,,,,
DRB1*04:07,DPB1*18:01 / DPA1*01:05,0.101,,0.101,0,,0.0,0.010201000000000002,DRB1,,,,
DRB1*04:07,DPB1*18:01 / DPA1*02:01,0.084,,0.084,0,,0.0,0.007056000000000001,DRB1,,,,
DRB1*04:07,DPB1*19:01 / DPA1*01:03,0.105,,0.105,0,,0.0,0.011024999999999998,DRB1,,,,
DRB1*04:07,DPB1*20:01 / DPA1*03:01,0.132,,0.132,0,,0.0,0.017424000000000002,DRB1,,,,
DRB1*04:07,DPB1*23:01 / DPA1*01:03,0.07,,0.07,0,,0.0,0.004900000000000001,DRB1,,,,
DRB1*04:07,DPB1*26:01 / DPA1*03:01,0.159,,0.159,0,,0.0,0.025281,DRB1,,,,
DRB1*04:07,DPB1*28:01 / DPA1*01:03,0.105,,0.105,0,,0.0,0.011024999999999998,DRB1,,,,
DRB1*04:07,DPB1*28:01 / DPA1*01:05,0.088,,0.088,0,,0.0,0.007743999999999999,DRB1,,,,
DRB1*04:07,DPB1*28:01 / DPA1*04:01,0.081,,0.081,0,,0.0,0.006561,DRB1,,,,
DRB1*04:07,DPB1*30:01 / DPA1*02:01,0.125,,0.125,0,,0.0,0.015625,DRB1,,,,
DRB1*04:07,DPB1*31:01 / DPA1*03:01,0.15,,0.15,0,,0.0,0.0225,DRB1,,,,
DRB1*04:07,DPB1*40:01 / DPA1*01:05,0.151,,0.151,0,,0.0,0.022801,DRB1,,,,
DRB1*04:07,DPB1*85:01 / DPA1*01:03,0.147,,0.147,0,,0.0,0.021608999999999996,DRB1,,,,
DRB1*04:07,DQB1*02:01 / DQA1*02:01,0.088,,0.088,0,,0.0,0.007743999999999999,DRB1,,,,
DRB1*04:07,DQB1*02:01 / DQA1*03:01,0.193,,0.193,0,,0.0,0.037249000000000004,DRB1,,,,
DRB1*04:07,DQB1*02:01 / DQA1*04:01,0.081,,0.081,0,,0.0,0.006561,DRB1,,,,
DRB1*04:07,DQB1*02:01 / DQA1*05:01,0.071,,0.071,0,,0.0,0.0050409999999999995,DRB1,,,,
DRB1*04:07,DQB1*02:02 / DQA1*02:01,0.117,,0.117,0,,0.0,0.013689000000000002,DRB1,,,,
DRB1*04:07,DQB1*03:01 / DQA1*02:01,0.27,,0.27,0,,0.0,0.0729,DRB1,,,,
DRB1*04:07,DQB1*03:01 / DQA1*03:01,0.298,,0.298,0,,0.0,0.088804,DRB1,,,,
DRB1*04:07,DQB1*03:01 / DQA1*05:03,0.195,,0.195,0,,0.0,0.038025,DRB1,,,,
DRB1*04:07,DQB1*03:01 / DQA1*06:01,0.199,,0.199,0,,0.0,0.039601000000000004,DRB1,,,,
DRB1*04:07,DQB1*03:02 / DQA1*02:01,0.301,,0.301,0,,0.0,0.09060099999999999,DRB1,,,,
DRB1*04:07,DQB1*03:02 / DQA1*03:01,0.32,,0.32,0,,0.0,0.1024,DRB1,,,,
DRB1*04:07,DQB1*03:02 / DQA1*03:02,0.455,,0.455,0,,0.0,0.20702500000000001,DRB1,,,,
DRB1*04:07,DQB1*03:02 / DQA1*03:03,0.298,,0.298,0,,0.0,0.088804,DRB1,,,,
DRB1*04:07,DQB1*03:03 / DQA1*02:01,0.294,,0.294,0,,0.0,0.08643599999999999,DRB1,,,,
DRB1*04:07,DQB1*03:03 / DQA1*03:01,0.326,,0.326,0,,0.0,0.10627600000000001,DRB1,,,,
DRB1*04:07,DQB1*03:03 / DQA1*03:02,0.324,,0.324,0,,0.0,0.104976,DRB1,,,,
DRB1*04:07,DQB1*03:19 / DQA1*02:01,0.297,,0.297,0,,0.0,0.088209,DRB1,,,,
DRB1*04:07,DQB1*03:19 / DQA1*05:05,0.198,,0.198,0,,0.0,0.039204,DRB1,,,,
DRB1*04:07,DQB1*04:01 / DQA1*02:01,0.167,,0.167,0,,0.0,0.027889000000000004,DRB1,,,,
DRB1*04:07,DQB1*04:01 / DQA1*03:03,0.235,,0.235,0,,0.0,0.055224999999999996,DRB1,,,,
DRB1*04:07,DQB1*04:02 / DQA1*02:01,0.152,,0.152,0,,0.0,0.023104,DRB1,,,,
DRB1*04:07,DQB1*04:02 / DQA1*04:01,0.114,,0.114,0,,0.0,0.012996,DRB1,,,,
DRB1*04:07,DQB1*05:01 / DQA1*01:01,0.028,,0.028,0,,0.0,0.0007840000000000001,DRB1,,,,
DRB1*04:07,DQB1*05:02 / DQA1*01:02,0.011,,0.011,0,,0.0,0.00012099999999999999,DRB1,,,,
DRB1*04:07,DQB1*05:03 / DQA1*01:01,0.065,,0.065,0,,0.0,0.0042250000000000005,DRB1,,,,
DRB1*04:07,DQB1*06:01 / DQA1*01:03,0.103,,0.103,0,,0.0,0.010608999999999999,DRB1,,,,
DRB1*04:07,DQB1*06:02 / DQA1*01:01,0.087,,0.087,0,,0.0,0.007568999999999999,DRB1,,,,
DRB1*04:07,DQB1*06:02 / DQA1*01:02,0.08,,0.08,0,,0.0,0.0064,DRB1,,,,
DRB1*04:07,DQB1*06:03 / DQA1*01:03,0.068,,0.068,0,,0.0,0.0046240000000000005,DRB1,,,,
DRB1*04:07,DQB1*06:04 / DQA1*01:02,0.079,,0.079,0,,0.0,0.006241,DRB1,,,,
DRB1*04:07,DQB1*06:09 / DQA1*01:02,0.092,,0.092,0,,0.0,0.008464,DRB1,,,,
DRB1*04:07,DRB1*04:10,0.928,,0.928,0,,0.0,0.8611840000000001,DRB1,,,,
DRB1*04:07,DRB1*04:11,0.964,,0.964,0,,0.0,0.9292959999999999,DRB1,,,,
DRB1*04:07,DRB1*07:01,0.229,,0.229,0,,0.0,0.052441,DRB1,,,,
DRB1*04:07,DRB1*08:01,0.278,,0.278,0,,0.0,0.07728400000000002,DRB1,,,,
DRB1*04:07,DRB1*08:02,0.33,,0.33,0,,0.0,0.10890000000000001,DRB1,,,,
DRB1*04:07,DRB1*08:03,0.353,,0.353,0,,0.0,0.12460899999999998,DRB1,,,,
DRB1*04:07,DRB1*08:07,0.291,,0.291,0,,0.0,0.08468099999999999,DRB1,,,,
DRB1*04:07,DRB1*09:01,0.414,,0.414,0,,0.0,0.171396,DRB1,,,,
DRB1*04:07,DRB1*09:02,0.467,,0.467,0,,0.0,0.21808900000000003,DRB1,,,,
DRB1*04:07,DRB1*10:01,0.496,,0.496,0,,0.0,0.24601599999999998,DRB1,,,,
DRB1*04:07,DRB1*11:01,0.265,,0.265,0,,0.0,0.07022500000000001,DRB1,,,,
DRB1*04:07,DRB1*11:04,0.26,,0.26,0,,0.0,0.06760000000000001,DRB1,,,,
DRB1*04:07,DRB1*12:01,0.219,,0.219,0,,0.0,0.047961,DRB1,,,,
DRB1*04:07,DRB1*12:02,0.208,,0.208,0,,0.0,0.043264,DRB1,,,,
DRB1*04:07,DRB1*13:01,0.243,,0.243,0,,0.0,0.059049,DRB1,,,,
DRB1*04:07,DRB1*13:02,0.278,,0.278,0,,0.0,0.07728400000000002,DRB1,,,,
DRB1*04:07,DRB1*13:03,0.329,,0.329,0,,0.0,0.108241,DRB1,,,,
DRB1*04:07,DRB1*14:01,0.448,,0.448,0,,0.0,0.20070400000000002,DRB1,,,,
DRB1*04:07,DRB1*14:02,0.423,,0.423,0,,0.0,0.17892899999999998,DRB1,,,,
DRB1*04:07,DRB1*14:03,0.3,,0.3,0,,0.0,0.09,DRB1,,,,
DRB1*04:07,DRB1*14:04,0.432,,0.432,0,,0.0,0.18662399999999998,DRB1,,,,
DRB1*04:07,DRB1*14:05,0.512,,0.512,0,,0.0,0.262144,DRB1,,,,
DRB1*04:07,DRB1*14:06,0.474,,0.474,0,,0.0,0.224676,DRB1,,,,
DRB1*04:07,DRB1*14:54,0.446,,0.446,0,,0.0,0.198916,DRB1,,,,
DRB1*04:07,DRB1*15:01,0.421,,0.421,0,,0.0,0.17724099999999998,DRB1,,,,
DRB1*04:07,DRB1*15:02,0.423,,0.423,0,,0.0,0.17892899999999998,DRB1,,,,
DRB1*04:07,DRB1*15:03,0.434,,0.434,0,,0.0,0.188356,DRB1,,,,
DRB1*04:07,DRB1*16:01,0.376,,0.376,0,,0.0,0.141376,DRB1,,,,
DRB1*04:07,DRB1*16:02,0.399,,0.399,0,,0.0,0.159201,DRB1,,,,
DRB1*04:07,DRB3*01:01,0.226,,0.226,0,,0.0,0.051076,DRB1,,,,
DRB1*04:07,DRB3*02:01,0.26,,0.26,0,,0.0,0.06760000000000001,DRB1,,,,
DRB1*04:07,DRB3*02:02,0.228,,0.228,0,,0.0,0.051984,DRB1,,,,
DRB1*04:07,DRB3*03:01,0.21,,0.21,0,,0.0,0.04409999999999999,DRB1,,,,
DRB1*04:07,DRB4*01:01,0.374,,0.374,0,,0.0,0.139876,DRB1,,,,
DRB1*04:07,DRB4*01:03,0.371,,0.371,0,,0.0,0.13764099999999999,DRB1,,,,
DRB1*04:07,DRB5*01:01,0.345,,0.345,0,,0.0,0.11902499999999998,DRB1,,,,
DRB1*04:07,DRB5*01:02,0.392,,0.392,0,,0.0,0.15366400000000002,DRB1,,,,
DRB1*04:07,DRB5*02:02,0.406,,0.406,0,,0.0,0.164836,DRB1,,,,
DRB1*04:10,DPB1*01:01 / DPA1*01:03,0.119,,0.119,0,,0.0,0.014160999999999998,DRB1,,,,
DRB1*04:10,DPB1*01:01 / DPA1*02:01,0.091,,0.091,0,,0.0,0.008281,DRB1,,,,
DRB1*04:10,DPB1*02:01 / DPA1*01:03,0.102,,0.102,0,,0.0,0.010403999999999998,DRB1,,,,
DRB1*04:10,DPB1*02:02 / DPA1*01:03,0.145,,0.145,0,,0.0,0.021025,DRB1,,,,
DRB1*04:10,DPB1*03:01 / DPA1*01:03,0.145,,0.145,0,,0.0,0.021025,DRB1,,,,
DRB1*04:10,DPB1*03:01 / DPA1*01:05,0.156,,0.156,0,,0.0,0.024336,DRB1,,,,
DRB1*04:10,DPB1*03:01 / DPA1*02:01,0.147,,0.147,0,,0.0,0.021608999999999996,DRB1,,,,
DRB1*04:10,DPB1*04:01 / DPA1*01:03,0.088,,0.088,0,,0.0,0.007743999999999999,DRB1,,,,
DRB1*04:10,DPB1*04:02 / DPA1*01:03,0.122,,0.122,0,,0.0,0.014884,DRB1,,,,
DRB1*04:10,DPB1*05:01 / DPA1*02:01,0.173,,0.173,0,,0.0,0.029928999999999997,DRB1,,,,
DRB1*04:10,DPB1*05:01 / DPA1*02:02,0.118,,0.118,0,,0.0,0.013923999999999999,DRB1,,,,
DRB1*04:10,DPB1*06:01 / DPA1*01:03,0.154,,0.154,0,,0.0,0.023716,DRB1,,,,
DRB1*04:10,DPB1*06:01 / DPA1*02:01,0.14,,0.14,0,,0.0,0.019600000000000003,DRB1,,,,
DRB1*04:10,DPB1*09:01 / DPA1*02:01,0.128,,0.128,0,,0.0,0.016384,DRB1,,,,
DRB1*04:10,DPB1*105:01 / DPA1*02:01,0.128,,0.128,0,,0.0,0.016384,DRB1,,,,
DRB1*04:10,DPB1*107:01 / DPA1*02:01,0.179,,0.179,0,,0.0,0.032041,DRB1,,,,
DRB1*04:10,DPB1*10:01 / DPA1*02:02,0.099,,0.099,0,,0.0,0.009801,DRB1,,,,
DRB1*04:10,DPB1*11:01 / DPA1*01:03,0.148,,0.148,0,,0.0,0.021903999999999996,DRB1,,,,
DRB1*04:10,DPB1*11:01 / DPA1*02:02,0.15,,0.15,0,,0.0,0.0225,DRB1,,,,
DRB1*04:10,DPB1*13:01 / DPA1*02:01,0.142,,0.142,0,,0.0,0.020163999999999998,DRB1,,,,
DRB1*04:10,DPB1*13:01 / DPA1*02:02,0.142,,0.142,0,,0.0,0.020163999999999998,DRB1,,,,
DRB1*04:10,DPB1*13:01 / DPA1*03:01,0.165,,0.165,0,,0.0,0.027225000000000003,DRB1,,,,
DRB1*04:10,DPB1*14:01 / DPA1*02:01,0.119,,0.119,0,,0.0,0.014160999999999998,DRB1,,,,
DRB1*04:10,DPB1*15:01 / DPA1*02:01,0.175,,0.175,0,,0.0,0.030624999999999996,DRB1,,,,
DRB1*04:10,DPB1*17:01 / DPA1*02:01,0.122,,0.122,0,,0.0,0.014884,DRB1,,,,
DRB1*04:10,DPB1*18:01 / DPA1*01:04,0.118,,0.118,0,,0.0,0.013923999999999999,DRB1,,,,
DRB1*04:10,DPB1*18:01 / DPA1*01:05,0.116,,0.116,0,,0.0,0.013456000000000001,DRB1,,,,
DRB1*04:10,DPB1*18:01 / DPA1*02:01,0.1,,0.1,0,,0.0,0.010000000000000002,DRB1,,,,
DRB1*04:10,DPB1*19:01 / DPA1*01:03,0.126,,0.126,0,,0.0,0.015876,DRB1,,,,
DRB1*04:10,DPB1*20:01 / DPA1*03:01,0.156,,0.156,0,,0.0,0.024336,DRB1,,,,
DRB1*04:10,DPB1*23:01 / DPA1*01:03,0.095,,0.095,0,,0.0,0.009025,DRB1,,,,
DRB1*04:10,DPB1*26:01 / DPA1*03:01,0.179,,0.179,0,,0.0,0.032041,DRB1,,,,
DRB1*04:10,DPB1*28:01 / DPA1*01:03,0.125,,0.125,0,,0.0,0.015625,DRB1,,,,
DRB1*04:10,DPB1*28:01 / DPA1*01:05,0.104,,0.104,0,,0.0,0.010816,DRB1,,,,
DRB1*04:10,DPB1*28:01 / DPA1*04:01,0.097,,0.097,0,,0.0,0.009409,DRB1,,,,
DRB1*04:10,DPB1*30:01 / DPA1*02:01,0.146,,0.146,0,,0.0,0.021315999999999998,DRB1,,,,
DRB1*04:10,DPB1*31:01 / DPA1*03:01,0.176,,0.176,0,,0.0,0.030975999999999997,DRB1,,,,
DRB1*04:10,DPB1*40:01 / DPA1*01:05,0.179,,0.179,0,,0.0,0.032041,DRB1,,,,
DRB1*04:10,DPB1*85:01 / DPA1*01:03,0.167,,0.167,0,,0.0,0.027889000000000004,DRB1,,,,
DRB1*04:10,DQB1*02:01 / DQA1*02:01,0.082,,0.082,0,,0.0,0.006724000000000001,DRB1,,,,
DRB1*04:10,DQB1*02:01 / DQA1*03:01,0.178,,0.178,0,,0.0,0.031684,DRB1,,,,
DRB1*04:10,DQB1*02:01 / DQA1*04:01,0.072,,0.072,0,,0.0,0.005183999999999999,DRB1,,,,
DRB1*04:10,DQB1*02:01 / DQA1*05:01,0.052,,0.052,0,,0.0,0.002704,DRB1,,,,
DRB1*04:10,DQB1*02:02 / DQA1*02:01,0.108,,0.108,0,,0.0,0.011663999999999999,DRB1,,,,
DRB1*04:10,DQB1*03:01 / DQA1*02:01,0.244,,0.244,0,,0.0,0.059536,DRB1,,,,
DRB1*04:10,DQB1*03:01 / DQA1*03:01,0.276,,0.276,0,,0.0,0.07617600000000001,DRB1,,,,
DRB1*04:10,DQB1*03:01 / DQA1*05:03,0.186,,0.186,0,,0.0,0.034596,DRB1,,,,
DRB1*04:10,DQB1*03:01 / DQA1*06:01,0.187,,0.187,0,,0.0,0.034969,DRB1,,,,
DRB1*04:10,DQB1*03:02 / DQA1*02:01,0.305,,0.305,0,,0.0,0.093025,DRB1,,,,
DRB1*04:10,DQB1*03:02 / DQA1*03:01,0.317,,0.317,0,,0.0,0.10048900000000001,DRB1,,,,
DRB1*04:10,DQB1*03:02 / DQA1*03:02,0.416,,0.416,0,,0.0,0.173056,DRB1,,,,
DRB1*04:10,DQB1*03:02 / DQA1*03:03,0.306,,0.306,0,,0.0,0.093636,DRB1,,,,
DRB1*04:10,DQB1*03:03 / DQA1*02:01,0.295,,0.295,0,,0.0,0.08702499999999999,DRB1,,,,
DRB1*04:10,DQB1*03:03 / DQA1*03:01,0.321,,0.321,0,,0.0,0.10304100000000001,DRB1,,,,
DRB1*04:10,DQB1*03:03 / DQA1*03:02,0.323,,0.323,0,,0.0,0.104329,DRB1,,,,
DRB1*04:10,DQB1*03:19 / DQA1*02:01,0.266,,0.266,0,,0.0,0.07075600000000001,DRB1,,,,
DRB1*04:10,DQB1*03:19 / DQA1*05:05,0.19,,0.19,0,,0.0,0.0361,DRB1,,,,
DRB1*04:10,DQB1*04:01 / DQA1*02:01,0.178,,0.178,0,,0.0,0.031684,DRB1,,,,
DRB1*04:10,DQB1*04:01 / DQA1*03:03,0.233,,0.233,0,,0.0,0.054289000000000004,DRB1,,,,
DRB1*04:10,DQB1*04:02 / DQA1*02:01,0.162,,0.162,0,,0.0,0.026244,DRB1,,,,
DRB1*04:10,DQB1*04:02 / DQA1*04:01,0.112,,0.112,0,,0.0,0.012544000000000001,DRB1,,,,
DRB1*04:10,DQB1*05:01 / DQA1*01:01,0.092,,0.092,0,,0.0,0.008464,DRB1,,,,
DRB1*04:10,DQB1*05:02 / DQA1*01:02,0.062,,0.062,0,,0.0,0.0038439999999999998,DRB1,,,,
DRB1*04:10,DQB1*05:03 / DQA1*01:01,0.112,,0.112,0,,0.0,0.012544000000000001,DRB1,,,,
DRB1*04:10,DQB1*06:01 / DQA1*01:03,0.129,,0.129,0,,0.0,0.016641,DRB1,,,,
DRB1*04:10,DQB1*06:02 / DQA1*01:01,0.121,,0.121,0,,0.0,0.014641,DRB1,,,,
DRB1*04:10,DQB1*06:02 / DQA1*01:02,0.113,,0.113,0,,0.0,0.012769,DRB1,,,,
DRB1*04:10,DQB1*06:03 / DQA1*01:03,0.103,,0.103,0,,0.0,0.010608999999999999,DRB1,,,,
DRB1*04:10,DQB1*06:04 / DQA1*01:02,0.116,,0.116,0,,0.0,0.013456000000000001,DRB1,,,,
DRB1*04:10,DQB1*06:09 / DQA1*01:02,0.13,,0.13,0,,0.0,0.016900000000000002,DRB1,,,,
DRB1*04:10,DRB1*04:11,0.915,,0.915,0,,0.0,0.8372250000000001,DRB1,,,,
DRB1*04:10,DRB1*07:01,0.236,,0.236,0,,0.0,0.055695999999999996,DRB1,,,,
DRB1*04:10,DRB1*08:01,0.258,,0.258,0,,0.0,0.066564,DRB1,,,,
DRB1*04:10,DRB1*08:02,0.297,,0.297,0,,0.0,0.088209,DRB1,,,,
DRB1*04:10,DRB1*08:03,0.319,,0.319,0,,0.0,0.101761,DRB1,,,,
DRB1*04:10,DRB1*08:07,0.269,,0.269,0,,0.0,0.07236100000000001,DRB1,,,,
DRB1*04:10,DRB1*09:01,0.467,,0.467,0,,0.0,0.21808900000000003,DRB1,,,,
DRB1*04:10,DRB1*09:02,0.501,,0.501,0,,0.0,0.251001,DRB1,,,,
DRB1*04:10,DRB1*10:01,0.544,,0.544,0,,0.0,0.29593600000000003,DRB1,,,,
DRB1*04:10,DRB1*11:01,0.246,,0.246,0,,0.0,0.060516,DRB1,,,,
DRB1*04:10,DRB1*11:04,0.245,,0.245,0,,0.0,0.060024999999999995,DRB1,,,,
DRB1*04:10,DRB1*12:01,0.222,,0.222,0,,0.0,0.049284,DRB1,,,,
DRB1*04:10,DRB1*12:02,0.211,,0.211,0,,0.0,0.044521,DRB1,,,,
DRB1*04:10,DRB1*13:01,0.24,,0.24,0,,0.0,0.0576,DRB1,,,,
DRB1*04:10,DRB1*13:02,0.264,,0.264,0,,0.0,0.06969600000000001,DRB1,,,,
DRB1*04:10,DRB1*13:03,0.319,,0.319,0,,0.0,0.101761,DRB1,,,,
DRB1*04:10,DRB1*14:01,0.423,,0.423,0,,0.0,0.17892899999999998,DRB1,,,,
DRB1*04:10,DRB1*14:02,0.501,,0.501,0,,0.0,0.251001,DRB1,,,,
DRB1*04:10,DRB1*14:03,0.283,,0.283,0,,0.0,0.08008899999999998,DRB1,,,,
DRB1*04:10,DRB1*14:04,0.392,,0.392,0,,0.0,0.15366400000000002,DRB1,,,,
DRB1*04:10,DRB1*14:05,0.483,,0.483,0,,0.0,0.233289,DRB1,,,,
DRB1*04:10,DRB1*14:06,0.538,,0.538,0,,0.0,0.28944400000000003,DRB1,,,,
DRB1*04:10,DRB1*14:54,0.43,,0.43,0,,0.0,0.18489999999999998,DRB1,,,,
DRB1*04:10,DRB1*15:01,0.48,,0.48,0,,0.0,0.2304,DRB1,,,,
DRB1*04:10,DRB1*15:02,0.483,,0.483,0,,0.0,0.233289,DRB1,,,,
DRB1*04:10,DRB1*15:03,0.506,,0.506,0,,0.0,0.256036,DRB1,,,,
DRB1*04:10,DRB1*16:01,0.403,,0.403,0,,0.0,0.16240900000000003,DRB1,,,,
DRB1*04:10,DRB1*16:02,0.426,,0.426,0,,0.0,0.181476,DRB1,,,,
DRB1*04:10,DRB3*01:01,0.226,,0.226,0,,0.0,0.051076,DRB1,,,,
DRB1*04:10,DRB3*02:01,0.22,,0.22,0,,0.0,0.0484,DRB1,,,,
DRB1*04:10,DRB3*02:02,0.202,,0.202,0,,0.0,0.04080400000000001,DRB1,,,,
DRB1*04:10,DRB3*03:01,0.193,,0.193,0,,0.0,0.037249000000000004,DRB1,,,,
DRB1*04:10,DRB4*01:01,0.387,,0.387,0,,0.0,0.149769,DRB1,,,,
DRB1*04:10,DRB4*01:03,0.381,,0.381,0,,0.0,0.145161,DRB1,,,,
DRB1*04:10,DRB5*01:01,0.414,,0.414,0,,0.0,0.171396,DRB1,,,,
DRB1*04:10,DRB5*01:02,0.452,,0.452,0,,0.0,0.204304,DRB1,,,,
DRB1*04:10,DRB5*02:02,0.497,,0.497,0,,0.0,0.247009,DRB1,,,,
DRB1*04:11,DPB1*01:01 / DPA1*01:03,0.104,,0.104,0,,0.0,0.010816,DRB1,,,,
DRB1*04:11,DPB1*01:01 / DPA1*02:01,0.093,,0.093,0,,0.0,0.008649,DRB1,,,,
DRB1*04:11,DPB1*02:01 / DPA1*01:03,0.082,,0.082,0,,0.0,0.006724000000000001,DRB1,,,,
DRB1*04:11,DPB1*02:02 / DPA1*01:03,0.155,,0.155,0,,0.0,0.024025,DRB1,,,,
DRB1*04:11,DPB1*03:01 / DPA1*01:03,0.131,,0.131,0,,0.0,0.017161000000000003,DRB1,,,,
DRB1*04:11,DPB1*03:01 / DPA1*01:05,0.144,,0.144,0,,0.0,0.020735999999999997,DRB1,,,,
DRB1*04:11,DPB1*03:01 / DPA1*02:01,0.141,,0.141,0,,0.0,0.019880999999999996,DRB1,,,,
DRB1*04:11,DPB1*04:01 / DPA1*01:03,0.063,,0.063,0,,0.0,0.003969,DRB1,,,,
DRB1*04:11,DPB1*04:02 / DPA1*01:03,0.104,,0.104,0,,0.0,0.010816,DRB1,,,,
DRB1*04:11,DPB1*05:01 / DPA1*02:01,0.164,,0.164,0,,0.0,0.026896000000000003,DRB1,,,,
DRB1*04:11,DPB1*05:01 / DPA1*02:02,0.117,,0.117,0,,0.0,0.013689000000000002,DRB1,,,,
DRB1*04:11,DPB1*06:01 / DPA1*01:03,0.139,,0.139,0,,0.0,0.019321000000000005,DRB1,,,,
DRB1*04:11,DPB1*06:01 / DPA1*02:01,0.134,,0.134,0,,0.0,0.017956000000000003,DRB1,,,,
DRB1*04:11,DPB1*09:01 / DPA1*02:01,0.125,,0.125,0,,0.0,0.015625,DRB1,,,,
DRB1*04:11,DPB1*105:01 / DPA1*02:01,0.139,,0.139,0,,0.0,0.019321000000000005,DRB1,,,,
DRB1*04:11,DPB1*107:01 / DPA1*02:01,0.192,,0.192,0,,0.0,0.036864,DRB1,,,,
DRB1*04:11,DPB1*10:01 / DPA1*02:02,0.086,,0.086,0,,0.0,0.007395999999999999,DRB1,,,,
DRB1*04:11,DPB1*11:01 / DPA1*01:03,0.134,,0.134,0,,0.0,0.017956000000000003,DRB1,,,,
DRB1*04:11,DPB1*11:01 / DPA1*02:02,0.145,,0.145,0,,0.0,0.021025,DRB1,,,,
DRB1*04:11,DPB1*13:01 / DPA1*02:01,0.138,,0.138,0,,0.0,0.019044000000000002,DRB1,,,,
DRB1*04:11,DPB1*13:01 / DPA1*02:02,0.139,,0.139,0,,0.0,0.019321000000000005,DRB1,,,,
DRB1*04:11,DPB1*13:01 / DPA1*03:01,0.15,,0.15,0,,0.0,0.0225,DRB1,,,,
DRB1*04:11,DPB1*14:01 / DPA1*02:01,0.114,,0.114,0,,0.0,0.012996,DRB1,,,,
DRB1*04:11,DPB1*15:01 / DPA1*02:01,0.16,,0.16,0,,0.0,0.0256,DRB1,,,,
DRB1*04:11,DPB1*17:01 / DPA1*02:01,0.111,,0.111,0,,0.0,0.012321,DRB1,,,,
DRB1*04:11,DPB1*18:01 / DPA1*01:04,0.105,,0.105,0,,0.0,0.011024999999999998,DRB1,,,,
DRB1*04:11,DPB1*18:01 / DPA1*01:05,0.104,,0.104,0,,0.0,0.010816,DRB1,,,,
DRB1*04:11,DPB1*18:01 / DPA1*02:01,0.097,,0.097,0,,0.0,0.009409,DRB1,,,,
DRB1*04:11,DPB1*19:01 / DPA1*01:03,0.113,,0.113,0,,0.0,0.012769,DRB1,,,,
DRB1*04:11,DPB1*20:01 / DPA1*03:01,0.145,,0.145,0,,0.0,0.021025,DRB1,,,,
DRB1*04:11,DPB1*23:01 / DPA1*01:03,0.071,,0.071,0,,0.0,0.0050409999999999995,DRB1,,,,
DRB1*04:11,DPB1*26:01 / DPA1*03:01,0.178,,0.178,0,,0.0,0.031684,DRB1,,,,
DRB1*04:11,DPB1*28:01 / DPA1*01:03,0.109,,0.109,0,,0.0,0.011881,DRB1,,,,
DRB1*04:11,DPB1*28:01 / DPA1*01:05,0.089,,0.089,0,,0.0,0.007921,DRB1,,,,
DRB1*04:11,DPB1*28:01 / DPA1*04:01,0.086,,0.086,0,,0.0,0.007395999999999999,DRB1,,,,
DRB1*04:11,DPB1*30:01 / DPA1*02:01,0.13,,0.13,0,,0.0,0.016900000000000002,DRB1,,,,
DRB1*04:11,DPB1*31:01 / DPA1*03:01,0.17,,0.17,0,,0.0,0.028900000000000006,DRB1,,,,
DRB1*04:11,DPB1*40:01 / DPA1*01:05,0.18,,0.18,0,,0.0,0.0324,DRB1,,,,
DRB1*04:11,DPB1*85:01 / DPA1*01:03,0.169,,0.169,0,,0.0,0.028561000000000003,DRB1,,,,
DRB1*04:11,DQB1*02:01 / DQA1*02:01,0.096,,0.096,0,,0.0,0.009216,DRB1,,,,
DRB1*04:11,DQB1*02:01 / DQA1*03:01,0.21,,0.21,0,,0.0,0.04409999999999999,DRB1,,,,
DRB1*04:11,DQB1*02:01 / DQA1*04:01,0.095,,0.095,0,,0.0,0.009025,DRB1,,,,
DRB1*04:11,DQB1*02:01 / DQA1*05:01,0.085,,0.085,0,,0.0,0.007225000000000001,DRB1,,,,
DRB1*04:11,DQB1*02:02 / DQA1*02:01,0.124,,0.124,0,,0.0,0.015375999999999999,DRB1,,,,
DRB1*04:11,DQB1*03:01 / DQA1*02:01,0.272,,0.272,0,,0.0,0.07398400000000001,DRB1,,,,
DRB1*04:11,DQB1*03:01 / DQA1*03:01,0.308,,0.308,0,,0.0,0.094864,DRB1,,,,
DRB1*04:11,DQB1*03:01 / DQA1*05:03,0.212,,0.212,0,,0.0,0.044944,DRB1,,,,
DRB1*04:11,DQB1*03:01 / DQA1*06:01,0.218,,0.218,0,,0.0,0.047524,DRB1,,,,
DRB1*04:11,DQB1*03:02 / DQA1*02:01,0.32,,0.32,0,,0.0,0.1024,DRB1,,,,
DRB1*04:11,DQB1*03:02 / DQA1*03:01,0.333,,0.333,0,,0.0,0.11088900000000002,DRB1,,,,
DRB1*04:11,DQB1*03:02 / DQA1*03:02,0.455,,0.455,0,,0.0,0.20702500000000001,DRB1,,,,
DRB1*04:11,DQB1*03:02 / DQA1*03:03,0.324,,0.324,0,,0.0,0.104976,DRB1,,,,
DRB1*04:11,DQB1*03:03 / DQA1*02:01,0.305,,0.305,0,,0.0,0.093025,DRB1,,,,
DRB1*04:11,DQB1*03:03 / DQA1*03:01,0.336,,0.336,0,,0.0,0.11289600000000001,DRB1,,,,
DRB1*04:11,DQB1*03:03 / DQA1*03:02,0.343,,0.343,0,,0.0,0.11764900000000002,DRB1,,,,
DRB1*04:11,DQB1*03:19 / DQA1*02:01,0.304,,0.304,0,,0.0,0.092416,DRB1,,,,
DRB1*04:11,DQB1*03:19 / DQA1*05:05,0.216,,0.216,0,,0.0,0.046655999999999996,DRB1,,,,
DRB1*04:11,DQB1*04:01 / DQA1*02:01,0.185,,0.185,0,,0.0,0.034225,DRB1,,,,
DRB1*04:11,DQB1*04:01 / DQA1*03:03,0.252,,0.252,0,,0.0,0.063504,DRB1,,,,
DRB1*04:11,DQB1*04:02 / DQA1*02:01,0.165,,0.165,0,,0.0,0.027225000000000003,DRB1,,,,
DRB1*04:11,DQB1*04:02 / DQA1*04:01,0.129,,0.129,0,,0.0,0.016641,DRB1,,,,
DRB1*04:11,DQB1*05:01 / DQA1*01:01,0.039,,0.039,0,,0.0,0.001521,DRB1,,,,
DRB1*04:11,DQB1*05:02 / DQA1*01:02,0.028,,0.028,0,,0.0,0.0007840000000000001,DRB1,,,,
DRB1*04:11,DQB1*05:03 / DQA1*01:01,0.091,,0.091,0,,0.0,0.008281,DRB1,,,,
DRB1*04:11,DQB1*06:01 / DQA1*01:03,0.12,,0.12,0,,0.0,0.0144,DRB1,,,,
DRB1*04:11,DQB1*06:02 / DQA1*01:01,0.109,,0.109,0,,0.0,0.011881,DRB1,,,,
DRB1*04:11,DQB1*06:02 / DQA1*01:02,0.098,,0.098,0,,0.0,0.009604000000000001,DRB1,,,,
DRB1*04:11,DQB1*06:03 / DQA1*01:03,0.092,,0.092,0,,0.0,0.008464,DRB1,,,,
DRB1*04:11,DQB1*06:04 / DQA1*01:02,0.104,,0.104,0,,0.0,0.010816,DRB1,,,,
DRB1*04:11,DQB1*06:09 / DQA1*01:02,0.118,,0.118,0,,0.0,0.013923999999999999,DRB1,,,,
DRB1*04:11,DRB1*07:01,0.243,,0.243,0,,0.0,0.059049,DRB1,,,,
DRB1*04:11,DRB1*08:01,0.302,,0.302,0,,0.0,0.091204,DRB1,,,,
DRB1*04:11,DRB1*08:02,0.339,,0.339,0,,0.0,0.11492100000000001,DRB1,,,,
DRB1*04:11,DRB1*08:03,0.379,,0.379,0,,0.0,0.143641,DRB1,,,,
DRB1*04:11,DRB1*08:07,0.316,,0.316,0,,0.0,0.099856,DRB1,,,,
DRB1*04:11,DRB1*09:01,0.443,,0.443,0,,0.0,0.196249,DRB1,,,,
DRB1*04:11,DRB1*09:02,0.478,,0.478,0,,0.0,0.228484,DRB1,,,,
DRB1*04:11,DRB1*10:01,0.492,,0.492,0,,0.0,0.242064,DRB1,,,,
DRB1*04:11,DRB1*11:01,0.276,,0.276,0,,0.0,0.07617600000000001,DRB1,,,,
DRB1*04:11,DRB1*11:04,0.274,,0.274,0,,0.0,0.07507600000000002,DRB1,,,,
DRB1*04:11,DRB1*12:01,0.239,,0.239,0,,0.0,0.057121,DRB1,,,,
DRB1*04:11,DRB1*12:02,0.233,,0.233,0,,0.0,0.054289000000000004,DRB1,,,,
DRB1*04:11,DRB1*13:01,0.271,,0.271,0,,0.0,0.073441,DRB1,,,,
DRB1*04:11,DRB1*13:02,0.319,,0.319,0,,0.0,0.101761,DRB1,,,,
DRB1*04:11,DRB1*13:03,0.352,,0.352,0,,0.0,0.12390399999999999,DRB1,,,,
DRB1*04:11,DRB1*14:01,0.475,,0.475,0,,0.0,0.225625,DRB1,,,,
DRB1*04:11,DRB1*14:02,0.442,,0.442,0,,0.0,0.195364,DRB1,,,,
DRB1*04:11,DRB1*14:03,0.327,,0.327,0,,0.0,0.10692900000000001,DRB1,,,,
DRB1*04:11,DRB1*14:04,0.464,,0.464,0,,0.0,0.21529600000000002,DRB1,,,,
DRB1*04:11,DRB1*14:05,0.543,,0.543,0,,0.0,0.294849,DRB1,,,,
DRB1*04:11,DRB1*14:06,0.495,,0.495,0,,0.0,0.245025,DRB1,,,,
DRB1*04:11,DRB1*14:54,0.47,,0.47,0,,0.0,0.22089999999999999,DRB1,,,,
DRB1*04:11,DRB1*15:01,0.431,,0.431,0,,0.0,0.18576099999999998,DRB1,,,,
DRB1*04:11,DRB1*15:02,0.431,,0.431,0,,0.0,0.18576099999999998,DRB1,,,,
DRB1*04:11,DRB1*15:03,0.449,,0.449,0,,0.0,0.201601,DRB1,,,,
DRB1*04:11,DRB1*16:01,0.398,,0.398,0,,0.0,0.15840400000000002,DRB1,,,,
DRB1*04:11,DRB1*16:02,0.415,,0.415,0,,0.0,0.172225,DRB1,,,,
DRB1*04:11,DRB3*01:01,0.254,,0.254,0,,0.0,0.064516,DRB1,,,,
DRB1*04:11,DRB3*02:01,0.273,,0.273,0,,0.0,0.07452900000000001,DRB1,,,,
DRB1*04:11,DRB3*02:02,0.234,,0.234,0,,0.0,0.054756000000000006,DRB1,,,,
DRB1*04:11,DRB3*03:01,0.241,,0.241,0,,0.0,0.058080999999999994,DRB1,,,,
DRB1*04:11,DRB4*01:01,0.373,,0.373,0,,0.0,0.139129,DRB1,,,,
DRB1*04:11,DRB4*01:03,0.367,,0.367,0,,0.0,0.134689,DRB1,,,,
DRB1*04:11,DRB5*01:01,0.364,,0.364,0,,0.0,0.132496,DRB1,,,,
DRB1*04:11,DRB5*01:02,0.401,,0.401,0,,0.0,0.16080100000000003,DRB1,,,,
DRB1*04:11,DRB5*02:02,0.412,,0.412,0,,0.0,0.16974399999999998,DRB1,,,,
DRB1*07:01,DPB1*01:01 / DPA1*01:03,0.248,0.222,0.269,26197,6398.0,19799.0,0.061503999999999996,DRB1,,,,
DRB1*07:01,DPB1*01:01 / DPA1*02:01,0.257,0.234,0.256,27215,6397.0,20818.0,0.066049,DRB1,,,,
DRB1*07:01,DPB1*01:01 / DPA1*02:02,0.206,0.206,,6397,6397.0,,0.042435999999999995,DRB1,,,,
DRB1*07:01,DPB1*01:01 / DPA1*03:01,0.212,0.212,,6398,6398.0,,0.044944,DRB1,,,,
DRB1*07:01,DPB1*02:01 / DPA1*01:03,0.217,0.156,0.246,27215,6397.0,20818.0,0.047089,DRB1,,,,
DRB1*07:01,DPB1*02:02 / DPA1*01:03,0.101,,0.101,0,,0.0,0.010201000000000002,DRB1,,,,
DRB1*07:01,DPB1*02:02 / DPA1*02:01,0.208,,0.208,3553,,3553.0,0.043264,DRB1,,,,
DRB1*07:01,DPB1*03:01 / DPA1*01:03,0.258,0.218,0.29,27216,6398.0,20818.0,0.066564,DRB1,,,,
DRB1*07:01,DPB1*03:01 / DPA1*01:04,0.315,,0.315,2287,,2287.0,0.09922500000000001,DRB1,,,,
DRB1*07:01,DPB1*03:01 / DPA1*01:05,0.302,,0.302,17512,,17512.0,0.091204,DRB1,,,,
DRB1*07:01,DPB1*03:01 / DPA1*02:01,0.338,,0.338,18909,,18909.0,0.11424400000000001,DRB1,,,,
DRB1*07:01,DPB1*04:01 / DPA1*01:03,0.24,0.098,0.294,27216,6398.0,20818.0,0.0576,DRB1,,,,
DRB1*07:01,DPB1*04:01 / DPA1*02:01,0.263,0.263,,6397,6397.0,,0.06916900000000001,DRB1,,,,
DRB1*07:01,DPB1*04:01 / DPA1*02:02,0.267,0.267,,6397,6397.0,,0.071289,DRB1,,,,
DRB1*07:01,DPB1*04:01 / DPA1*03:01,0.161,0.161,,6398,6398.0,,0.025921000000000003,DRB1,,,,
DRB1*07:01,DPB1*04:01 / DPA1*04:01,0.228,0.228,,6398,6398.0,,0.051984,DRB1,,,,
DRB1*07:01,DPB1*04:02 / DPA1*01:03,0.211,0.111,0.249,27198,6397.0,20801.0,0.044521,DRB1,,,,
DRB1*07:01,DPB1*04:02 / DPA1*03:01,0.173,0.173,,6397,6397.0,,0.029928999999999997,DRB1,,,,
DRB1*07:01,DPB1*05:01 / DPA1*02:01,0.324,0.215,0.34,27215,6397.0,20818.0,0.104976,DRB1,,,,
DRB1*07:01,DPB1*05:01 / DPA1*02:02,0.285,0.236,0.286,21829,6397.0,15432.0,0.08122499999999999,DRB1,,,,
DRB1*07:01,DPB1*05:01 / DPA1*03:01,0.224,0.224,,6398,6398.0,,0.050176000000000005,DRB1,,,,
DRB1*07:01,DPB1*06:01 / DPA1*01:03,0.261,0.194,0.296,21830,6398.0,15432.0,0.068121,DRB1,,,,
DRB1*07:01,DPB1*06:01 / DPA1*02:01,0.343,,0.343,18909,,18909.0,0.11764900000000002,DRB1,,,,
DRB1*07:01,DPB1*09:01 / DPA1*02:01,0.321,0.244,0.366,27198,6397.0,20801.0,0.10304100000000001,DRB1,,,,
DRB1*07:01,DPB1*105:01 / DPA1*02:01,0.105,,0.105,0,,0.0,0.011024999999999998,DRB1,,,,
DRB1*07:01,DPB1*107:01 / DPA1*02:01,0.196,,0.196,0,,0.0,0.038416000000000006,DRB1,,,,
DRB1*07:01,DPB1*10:01 / DPA1*02:01,0.287,,0.287,6254,,6254.0,0.08236899999999998,DRB1,,,,
DRB1*07:01,DPB1*10:01 / DPA1*02:02,0.332,,0.332,14564,,14564.0,0.11022400000000002,DRB1,,,,
DRB1*07:01,DPB1*11:01 / DPA1*01:03,0.309,,0.309,17512,,17512.0,0.095481,DRB1,,,,
DRB1*07:01,DPB1*11:01 / DPA1*01:04,0.27,,0.27,2265,,2265.0,0.0729,DRB1,,,,
DRB1*07:01,DPB1*11:01 / DPA1*01:05,0.259,,0.259,2080,,2080.0,0.067081,DRB1,,,,
DRB1*07:01,DPB1*11:01 / DPA1*02:01,0.241,0.21,0.287,9703,6397.0,3306.0,0.058080999999999994,DRB1,,,,
DRB1*07:01,DPB1*11:01 / DPA1*02:02,0.298,,0.298,14564,,14564.0,0.088804,DRB1,,,,
DRB1*07:01,DPB1*13:01 / DPA1*01:04,0.265,,0.265,1397,,1397.0,0.07022500000000001,DRB1,,,,
DRB1*07:01,DPB1*13:01 / DPA1*01:05,0.318,,0.318,2080,,2080.0,0.101124,DRB1,,,,
DRB1*07:01,DPB1*13:01 / DPA1*02:01,0.286,0.243,0.315,27030,6397.0,20633.0,0.08179599999999998,DRB1,,,,
DRB1*07:01,DPB1*13:01 / DPA1*02:02,0.328,,0.328,15432,,15432.0,0.10758400000000001,DRB1,,,,
DRB1*07:01,DPB1*13:01 / DPA1*03:01,0.31,,0.31,15432,,15432.0,0.0961,DRB1,,,,
DRB1*07:01,DPB1*13:01 / DPA1*04:01,0.237,0.192,0.316,9703,6397.0,3306.0,0.056169,DRB1,,,,
DRB1*07:01,DPB1*14:01 / DPA1*02:01,0.271,0.146,0.326,27198,6397.0,20801.0,0.073441,DRB1,,,,
DRB1*07:01,DPB1*15:01 / DPA1*02:01,0.299,0.242,0.318,27157,6397.0,20760.0,0.089401,DRB1,,,,
DRB1*07:01,DPB1*17:01 / DPA1*02:01,0.301,0.223,0.356,27215,6397.0,20818.0,0.09060099999999999,DRB1,,,,
DRB1*07:01,DPB1*18:01 / DPA1*01:03,0.144,0.144,,6398,6398.0,,0.020735999999999997,DRB1,,,,
DRB1*07:01,DPB1*18:01 / DPA1*01:04,0.284,,0.284,19799,,19799.0,0.08065599999999999,DRB1,,,,
DRB1*07:01,DPB1*18:01 / DPA1*01:05,0.276,,0.276,19799,,19799.0,0.07617600000000001,DRB1,,,,
DRB1*07:01,DPB1*18:01 / DPA1*02:01,0.322,,0.322,20760,,20760.0,0.10368400000000001,DRB1,,,,
DRB1*07:01,DPB1*19:01 / DPA1*01:03,0.337,,0.337,17512,,17512.0,0.11356900000000002,DRB1,,,,
DRB1*07:01,DPB1*19:01 / DPA1*02:01,0.235,0.17,0.334,9686,6397.0,3289.0,0.055224999999999996,DRB1,,,,
DRB1*07:01,DPB1*20:01 / DPA1*01:03,0.252,,0.252,2287,,2287.0,0.063504,DRB1,,,,
DRB1*07:01,DPB1*20:01 / DPA1*03:01,0.3,,0.3,15432,,15432.0,0.09,DRB1,,,,
DRB1*07:01,DPB1*23:01 / DPA1*01:03,0.276,,0.276,15432,,15432.0,0.07617600000000001,DRB1,,,,
DRB1*07:01,DPB1*23:01 / DPA1*02:01,0.244,,0.244,5328,,5328.0,0.059536,DRB1,,,,
DRB1*07:01,DPB1*26:01 / DPA1*03:01,0.157,,0.157,0,,0.0,0.024649,DRB1,,,,
DRB1*07:01,DPB1*28:01 / DPA1*01:03,0.25,,0.25,15432,,15432.0,0.0625,DRB1,,,,
DRB1*07:01,DPB1*28:01 / DPA1*01:04,0.263,,0.263,2287,,2287.0,0.06916900000000001,DRB1,,,,
DRB1*07:01,DPB1*28:01 / DPA1*01:05,0.271,,0.271,17512,,17512.0,0.073441,DRB1,,,,
DRB1*07:01,DPB1*28:01 / DPA1*02:01,0.291,,0.291,2080,,2080.0,0.08468099999999999,DRB1,,,,
DRB1*07:01,DPB1*28:01 / DPA1*02:02,0.192,0.206,0.22,7793,6396.0,1397.0,0.036864,DRB1,,,,
DRB1*07:01,DPB1*28:01 / DPA1*04:01,0.307,,0.307,15432,,15432.0,0.094249,DRB1,,,,
DRB1*07:01,DPB1*30:01 / DPA1*02:01,0.178,,0.178,0,,0.0,0.031684,DRB1,,,,
DRB1*07:01,DPB1*31:01 / DPA1*03:01,0.172,,0.172,0,,0.0,0.029583999999999996,DRB1,,,,
DRB1*07:01,DPB1*40:01 / DPA1*01:05,0.155,,0.155,0,,0.0,0.024025,DRB1,,,,
DRB1*07:01,DPB1*85:01 / DPA1*01:03,0.145,,0.145,0,,0.0,0.021025,DRB1,,,,
DRB1*07:01,DQB1*02:01 / DQA1*02:01,0.489,0.38,0.512,27215,6397.0,20818.0,0.239121,DRB1,,,,
DRB1*07:01,DQB1*02:01 / DQA1*03:01,0.446,,0.446,20801,,20801.0,0.198916,DRB1,,,,
DRB1*07:01,DQB1*02:01 / DQA1*04:01,0.435,,0.435,20760,,20760.0,0.189225,DRB1,,,,
DRB1*07:01,DQB1*02:01 / DQA1*05:01,0.332,0.333,0.348,27198,6397.0,20801.0,0.11022400000000002,DRB1,,,,
DRB1*07:01,DQB1*02:02 / DQA1*02:01,0.5,0.391,0.526,27198,6397.0,20801.0,0.25,DRB1,,,,
DRB1*07:01,DQB1*02:02 / DQA1*03:02,0.356,0.356,,6397,6397.0,,0.126736,DRB1,,,,
DRB1*07:01,DQB1*02:02 / DQA1*05:01,0.328,0.328,,6397,6397.0,,0.10758400000000001,DRB1,,,,
DRB1*07:01,DQB1*03:01 / DQA1*02:01,0.27,,0.27,19799,,19799.0,0.0729,DRB1,,,,
DRB1*07:01,DQB1*03:01 / DQA1*03:01,0.2,0.195,0.214,27197,6396.0,20801.0,0.04000000000000001,DRB1,,,,
DRB1*07:01,DQB1*03:01 / DQA1*03:02,0.209,0.209,,6396,6396.0,,0.043681,DRB1,,,,
DRB1*07:01,DQB1*03:01 / DQA1*05:01,0.128,0.128,,6396,6396.0,,0.016384,DRB1,,,,
DRB1*07:01,DQB1*03:01 / DQA1*05:03,0.165,,0.165,20760,,20760.0,0.027225000000000003,DRB1,,,,
DRB1*07:01,DQB1*03:01 / DQA1*06:01,0.17,0.21,0.183,27197,6396.0,20801.0,0.028900000000000006,DRB1,,,,
DRB1*07:01,DQB1*03:02 / DQA1*01:01,0.266,,0.266,5369,,5369.0,0.07075600000000001,DRB1,,,,
DRB1*07:01,DQB1*03:02 / DQA1*02:01,0.261,0.238,0.27,26194,6395.0,19799.0,0.068121,DRB1,,,,
DRB1*07:01,DQB1*03:02 / DQA1*03:01,0.201,0.143,0.217,27197,6396.0,20801.0,0.040401000000000006,DRB1,,,,
DRB1*07:01,DQB1*03:02 / DQA1*03:02,0.16,0.155,0.182,22488,6396.0,16092.0,0.0256,DRB1,,,,
DRB1*07:01,DQB1*03:02 / DQA1*03:03,0.164,,0.164,4541,,4541.0,0.026896000000000003,DRB1,,,,
DRB1*07:01,DQB1*03:03 / DQA1*02:01,0.28,,0.28,20801,,20801.0,0.07840000000000001,DRB1,,,,
DRB1*07:01,DQB1*03:03 / DQA1*03:01,0.201,,0.201,20801,,20801.0,0.040401000000000006,DRB1,,,,
DRB1*07:01,DQB1*03:03 / DQA1*03:02,0.181,0.181,0.207,27156,6396.0,20760.0,0.032761,DRB1,,,,
DRB1*07:01,DQB1*03:03 / DQA1*04:01,0.196,0.196,,6396,6396.0,,0.038416000000000006,DRB1,,,,
DRB1*07:01,DQB1*03:03 / DQA1*06:01,0.177,0.177,,6396,6396.0,,0.031328999999999996,DRB1,,,,
DRB1*07:01,DQB1*03:04 / DQA1*03:01,0.398,,0.398,127,,127.0,0.15840400000000002,DRB1,,,,
DRB1*07:01,DQB1*03:19 / DQA1*02:01,0.1,,0.1,0,,0.0,0.010000000000000002,DRB1,,,,
DRB1*07:01,DQB1*03:19 / DQA1*05:05,0.158,,0.158,20677,,20677.0,0.024964,DRB1,,,,
DRB1*07:01,DQB1*04:01 / DQA1*02:01,0.307,0.256,0.317,27197,6396.0,20801.0,0.094249,DRB1,,,,
DRB1*07:01,DQB1*04:01 / DQA1*03:03,0.25,,0.25,20760,,20760.0,0.0625,DRB1,,,,
DRB1*07:01,DQB1*04:01 / DQA1*04:01,0.201,0.201,,6397,6397.0,,0.040401000000000006,DRB1,,,,
DRB1*07:01,DQB1*04:01 / DQA1*05:01,0.19,0.19,,6397,6397.0,,0.0361,DRB1,,,,
DRB1*07:01,DQB1*04:02 / DQA1*02:01,0.328,,0.328,20801,,20801.0,0.10758400000000001,DRB1,,,,
DRB1*07:01,DQB1*04:02 / DQA1*03:01,0.201,0.201,,6397,6397.0,,0.040401000000000006,DRB1,,,,
DRB1*07:01,DQB1*04:02 / DQA1*04:01,0.205,0.181,0.241,27215,6397.0,20818.0,0.04202499999999999,DRB1,,,,
DRB1*07:01,DQB1*04:02 / DQA1*06:01,0.206,0.206,,6397,6397.0,,0.042435999999999995,DRB1,,,,
DRB1*07:01,DQB1*05:01 / DQA1*01:01,0.156,0.101,0.222,27199,6398.0,20801.0,0.024336,DRB1,,,,
DRB1*07:01,DQB1*05:01 / DQA1*01:02,0.057,0.057,,6398,6398.0,,0.003249,DRB1,,,,
DRB1*07:01,DQB1*05:02 / DQA1*01:02,0.145,0.062,0.202,27216,6398.0,20818.0,0.021025,DRB1,,,,
DRB1*07:01,DQB1*05:03 / DQA1*01:01,0.125,,0.125,0,,0.0,0.015625,DRB1,,,,
DRB1*07:01,DQB1*05:03 / DQA1*01:04,0.118,0.118,,6398,6398.0,,0.013923999999999999,DRB1,,,,
DRB1*07:01,DQB1*06:01 / DQA1*01:03,0.186,0.066,0.216,27198,6397.0,20801.0,0.034596,DRB1,,,,
DRB1*07:01,DQB1*06:01 / DQA1*01:04,0.109,0.109,,6398,6398.0,,0.011881,DRB1,,,,
DRB1*07:01,DQB1*06:01 / DQA1*02:01,0.246,0.245,,6397,6397.0,,0.060516,DRB1,,,,
DRB1*07:01,DQB1*06:02 / DQA1*01:01,0.202,,0.202,20760,,20760.0,0.04080400000000001,DRB1,,,,
DRB1*07:01,DQB1*06:02 / DQA1*01:02,0.162,0.021,0.199,27216,6398.0,20818.0,0.026244,DRB1,,,,
DRB1*07:01,DQB1*06:03 / DQA1*01:03,0.122,0.083,0.151,27157,6397.0,20760.0,0.014884,DRB1,,,,
DRB1*07:01,DQB1*06:04 / DQA1*01:02,0.145,0.124,0.208,27158,6398.0,20760.0,0.021025,DRB1,,,,
DRB1*07:01,DQB1*06:09 / DQA1*01:02,0.232,,0.232,20760,,20760.0,0.053824000000000004,DRB1,,,,
DRB1*07:01,DRB1*08:01,0.276,0.22,0.309,27216,6398.0,20818.0,0.07617600000000001,DRB1,,,,
DRB1*07:01,DRB1*08:02,0.185,0.165,0.167,6398,6398.0,0.0,0.034225,DRB1,,,,
DRB1*07:01,DRB1*08:03,0.204,,0.204,0,,0.0,0.04161599999999999,DRB1,,,,
DRB1*07:01,DRB1*08:07,0.213,,0.213,0,,0.0,0.045369,DRB1,,,,
DRB1*07:01,DRB1*09:01,0.615,0.529,0.619,27216,6398.0,20818.0,0.378225,DRB1,,,,
DRB1*07:01,DRB1*09:02,0.615,,0.615,20760,,20760.0,0.378225,DRB1,,,,
DRB1*07:01,DRB1*10:01,0.383,0.145,0.425,27216,6398.0,20818.0,0.146689,DRB1,,,,
DRB1*07:01,DRB1*11:01,0.261,0.133,0.3,27213,6395.0,20818.0,0.068121,DRB1,,,,
DRB1*07:01,DRB1*11:03,0.151,0.151,,6395,6395.0,,0.022801,DRB1,,,,
DRB1*07:01,DRB1*11:04,0.217,0.12,0.255,26194,6395.0,19799.0,0.047089,DRB1,,,,
DRB1*07:01,DRB1*12:01,0.465,0.344,0.496,27215,6397.0,20818.0,0.21622500000000003,DRB1,,,,
DRB1*07:01,DRB1*12:02,0.4,0.262,0.443,27157,6397.0,20760.0,0.16000000000000003,DRB1,,,,
DRB1*07:01,DRB1*13:01,0.221,0.159,0.274,27216,6398.0,20818.0,0.048841,DRB1,,,,
DRB1*07:01,DRB1*13:02,0.139,,0.139,0,,0.0,0.019321000000000005,DRB1,,,,
DRB1*07:01,DRB1*13:03,0.254,0.18,0.29,27215,6397.0,20818.0,0.064516,DRB1,,,,
DRB1*07:01,DRB1*13:05,0.189,0.189,,6397,6397.0,,0.035721,DRB1,,,,
DRB1*07:01,DRB1*14:01,0.337,0.203,0.363,27215,6397.0,20818.0,0.11356900000000002,DRB1,,,,
DRB1*07:01,DRB1*14:02,0.265,,0.265,17207,,17207.0,0.07022500000000001,DRB1,,,,
DRB1*07:01,DRB1*14:03,0.216,0.219,0.17,6397,6397.0,0.0,0.046655999999999996,DRB1,,,,
DRB1*07:01,DRB1*14:04,0.286,0.271,0.276,6398,6398.0,0.0,0.08179599999999998,DRB1,,,,
DRB1*07:01,DRB1*14:05,0.238,,0.238,0,,0.0,0.05664399999999999,DRB1,,,,
DRB1*07:01,DRB1*14:06,0.143,,0.143,0,,0.0,0.020448999999999995,DRB1,,,,
DRB1*07:01,DRB1*14:54,0.352,,0.352,17207,,17207.0,0.12390399999999999,DRB1,,,,
DRB1*07:01,DRB1*15:01,0.294,0.115,0.336,27216,6398.0,20818.0,0.08643599999999999,DRB1,,,,
DRB1*07:01,DRB1*15:02,0.296,0.197,0.336,27216,6398.0,20818.0,0.08761599999999999,DRB1,,,,
DRB1*07:01,DRB1*15:03,0.258,0.19,0.31,26197,6398.0,19799.0,0.066564,DRB1,,,,
DRB1*07:01,DRB1*16:01,0.315,0.157,0.345,27216,6398.0,20818.0,0.09922500000000001,DRB1,,,,
DRB1*07:01,DRB1*16:02,0.311,0.174,0.344,27158,6398.0,20760.0,0.096721,DRB1,,,,
DRB1*07:01,DRB3*01:01,0.349,0.352,0.427,27199,6398.0,20801.0,0.12180099999999998,DRB1,,,,
DRB1*07:01,DRB3*02:01,0.117,,0.117,17,,17.0,0.013689000000000002,DRB1,,,,
DRB1*07:01,DRB3*02:02,0.262,0.27,0.318,27197,6396.0,20801.0,0.06864400000000001,DRB1,,,,
DRB1*07:01,DRB3*03:01,0.319,0.374,0.387,25306,6397.0,18909.0,0.101761,DRB1,,,,
DRB1*07:01,DRB4*01:01,0.408,0.413,0.474,27199,6398.0,20801.0,0.16646399999999997,DRB1,,,,
DRB1*07:01,DRB4*01:03,0.513,,0.513,20818,,20818.0,0.263169,DRB1,,,,
DRB1*07:01,DRB5*01:01,0.281,0.271,0.335,27216,6398.0,20818.0,0.07896100000000002,DRB1,,,,
DRB1*07:01,DRB5*01:02,0.246,,0.246,0,,0.0,0.060516,DRB1,,,,
DRB1*07:01,DRB5*02:02,0.276,0.236,0.365,27199,6398.0,20801.0,0.07617600000000001,DRB1,,,,
DRB1*08:01,DPB1*01:01 / DPA1*01:03,0.291,0.354,0.282,26197,6398.0,19799.0,0.08468099999999999,DRB1,,,,
DRB1*08:01,DPB1*01:01 / DPA1*02:01,0.225,0.342,0.218,27215,6397.0,20818.0,0.050625,DRB1,,,,
DRB1*08:01,DPB1*01:01 / DPA1*02:02,0.343,0.343,,6397,6397.0,,0.11764900000000002,DRB1,,,,
DRB1*08:01,DPB1*01:01 / DPA1*03:01,0.318,0.318,,6398,6398.0,,0.101124,DRB1,,,,
DRB1*08:01,DPB1*02:01 / DPA1*01:03,0.356,0.309,0.366,27215,6397.0,20818.0,0.126736,DRB1,,,,
DRB1*08:01,DPB1*02:02 / DPA1*01:03,0.062,,0.062,0,,0.0,0.0038439999999999998,DRB1,,,,
DRB1*08:01,DPB1*02:02 / DPA1*02:01,0.383,,0.383,3553,,3553.0,0.146689,DRB1,,,,
DRB1*08:01,DPB1*03:01 / DPA1*01:03,0.288,0.321,0.277,27216,6398.0,20818.0,0.08294399999999999,DRB1,,,,
DRB1*08:01,DPB1*03:01 / DPA1*01:04,0.342,,0.342,2287,,2287.0,0.11696400000000001,DRB1,,,,
DRB1*08:01,DPB1*03:01 / DPA1*01:05,0.313,,0.313,17512,,17512.0,0.097969,DRB1,,,,
DRB1*08:01,DPB1*03:01 / DPA1*02:01,0.319,,0.319,18909,,18909.0,0.101761,DRB1,,,,
DRB1*08:01,DPB1*04:01 / DPA1*01:03,0.278,0.209,0.289,27216,6398.0,20818.0,0.07728400000000002,DRB1,,,,
DRB1*08:01,DPB1*04:01 / DPA1*02:01,0.321,0.321,,6397,6397.0,,0.10304100000000001,DRB1,,,,
DRB1*08:01,DPB1*04:01 / DPA1*02:02,0.362,0.362,,6397,6397.0,,0.131044,DRB1,,,,
DRB1*08:01,DPB1*04:01 / DPA1*03:01,0.258,0.258,,6398,6398.0,,0.066564,DRB1,,,,
DRB1*08:01,DPB1*04:01 / DPA1*04:01,0.323,0.323,,6398,6398.0,,0.104329,DRB1,,,,
DRB1*08:01,DPB1*04:02 / DPA1*01:03,0.33,0.295,0.335,27198,6397.0,20801.0,0.10890000000000001,DRB1,,,,
DRB1*08:01,DPB1*04:02 / DPA1*03:01,0.364,0.364,,6397,6397.0,,0.132496,DRB1,,,,
DRB1*08:01,DPB1*05:01 / DPA1*02:01,0.288,0.222,0.319,27215,6397.0,20818.0,0.08294399999999999,DRB1,,,,
DRB1*08:01,DPB1*05:01 / DPA1*02:02,0.254,0.354,0.252,21829,6397.0,15432.0,0.064516,DRB1,,,,
DRB1*08:01,DPB1*05:01 / DPA1*03:01,0.284,0.284,,6398,6398.0,,0.08065599999999999,DRB1,,,,
DRB1*08:01,DPB1*06:01 / DPA1*01:03,0.308,0.261,0.32,21830,6398.0,15432.0,0.094864,DRB1,,,,
DRB1*08:01,DPB1*06:01 / DPA1*02:01,0.327,,0.327,18909,,18909.0,0.10692900000000001,DRB1,,,,
DRB1*08:01,DPB1*09:01 / DPA1*02:01,0.298,0.342,0.288,27198,6397.0,20801.0,0.088804,DRB1,,,,
DRB1*08:01,DPB1*105:01 / DPA1*02:01,0.068,,0.068,0,,0.0,0.0046240000000000005,DRB1,,,,
DRB1*08:01,DPB1*107:01 / DPA1*02:01,0.105,,0.105,0,,0.0,0.011024999999999998,DRB1,,,,
DRB1*08:01,DPB1*10:01 / DPA1*02:01,0.314,,0.314,6254,,6254.0,0.098596,DRB1,,,,
DRB1*08:01,DPB1*10:01 / DPA1*02:02,0.332,,0.332,14564,,14564.0,0.11022400000000002,DRB1,,,,
DRB1*08:01,DPB1*11:01 / DPA1*01:03,0.286,,0.286,17512,,17512.0,0.08179599999999998,DRB1,,,,
DRB1*08:01,DPB1*11:01 / DPA1*01:04,0.276,,0.276,2265,,2265.0,0.07617600000000001,DRB1,,,,
DRB1*08:01,DPB1*11:01 / DPA1*01:05,0.216,,0.216,2080,,2080.0,0.046655999999999996,DRB1,,,,
DRB1*08:01,DPB1*11:01 / DPA1*02:01,0.277,0.199,0.373,9703,6397.0,3306.0,0.07672900000000002,DRB1,,,,
DRB1*08:01,DPB1*11:01 / DPA1*02:02,0.298,,0.298,14564,,14564.0,0.088804,DRB1,,,,
DRB1*08:01,DPB1*13:01 / DPA1*01:04,0.391,,0.391,1397,,1397.0,0.15288100000000002,DRB1,,,,
DRB1*08:01,DPB1*13:01 / DPA1*01:05,0.272,,0.272,2080,,2080.0,0.07398400000000001,DRB1,,,,
DRB1*08:01,DPB1*13:01 / DPA1*02:01,0.335,0.317,0.337,27030,6397.0,20633.0,0.11222500000000002,DRB1,,,,
DRB1*08:01,DPB1*13:01 / DPA1*02:02,0.318,,0.318,15432,,15432.0,0.101124,DRB1,,,,
DRB1*08:01,DPB1*13:01 / DPA1*03:01,0.328,,0.328,15432,,15432.0,0.10758400000000001,DRB1,,,,
DRB1*08:01,DPB1*13:01 / DPA1*04:01,0.349,0.318,0.384,9703,6397.0,3306.0,0.12180099999999998,DRB1,,,,
DRB1*08:01,DPB1*14:01 / DPA1*02:01,0.272,0.207,0.272,27198,6397.0,20801.0,0.07398400000000001,DRB1,,,,
DRB1*08:01,DPB1*15:01 / DPA1*02:01,0.352,0.369,0.354,27157,6397.0,20760.0,0.12390399999999999,DRB1,,,,
DRB1*08:01,DPB1*17:01 / DPA1*02:01,0.322,0.356,0.311,27215,6397.0,20818.0,0.10368400000000001,DRB1,,,,
DRB1*08:01,DPB1*18:01 / DPA1*01:03,0.28,0.28,,6398,6398.0,,0.07840000000000001,DRB1,,,,
DRB1*08:01,DPB1*18:01 / DPA1*01:04,0.356,,0.356,19799,,19799.0,0.126736,DRB1,,,,
DRB1*08:01,DPB1*18:01 / DPA1*01:05,0.33,,0.33,19799,,19799.0,0.10890000000000001,DRB1,,,,
DRB1*08:01,DPB1*18:01 / DPA1*02:01,0.339,,0.339,20760,,20760.0,0.11492100000000001,DRB1,,,,
DRB1*08:01,DPB1*19:01 / DPA1*01:03,0.278,,0.278,17512,,17512.0,0.07728400000000002,DRB1,,,,
DRB1*08:01,DPB1*19:01 / DPA1*02:01,0.218,0.131,0.361,9686,6397.0,3289.0,0.047524,DRB1,,,,
DRB1*08:01,DPB1*20:01 / DPA1*01:03,0.361,,0.361,2287,,2287.0,0.130321,DRB1,,,,
DRB1*08:01,DPB1*20:01 / DPA1*03:01,0.327,,0.327,15432,,15432.0,0.10692900000000001,DRB1,,,,
DRB1*08:01,DPB1*23:01 / DPA1*01:03,0.297,,0.297,15432,,15432.0,0.088209,DRB1,,,,
DRB1*08:01,DPB1*23:01 / DPA1*02:01,0.357,,0.357,5328,,5328.0,0.12744899999999998,DRB1,,,,
DRB1*08:01,DPB1*26:01 / DPA1*03:01,0.075,,0.075,0,,0.0,0.005625,DRB1,,,,
DRB1*08:01,DPB1*28:01 / DPA1*01:03,0.358,,0.358,15432,,15432.0,0.128164,DRB1,,,,
DRB1*08:01,DPB1*28:01 / DPA1*01:04,0.342,,0.342,2287,,2287.0,0.11696400000000001,DRB1,,,,
DRB1*08:01,DPB1*28:01 / DPA1*01:05,0.362,,0.362,17512,,17512.0,0.131044,DRB1,,,,
DRB1*08:01,DPB1*28:01 / DPA1*02:01,0.338,,0.338,2080,,2080.0,0.11424400000000001,DRB1,,,,
DRB1*08:01,DPB1*28:01 / DPA1*02:02,0.339,0.318,0.384,7793,6396.0,1397.0,0.11492100000000001,DRB1,,,,
DRB1*08:01,DPB1*28:01 / DPA1*04:01,0.361,,0.361,15432,,15432.0,0.130321,DRB1,,,,
DRB1*08:01,DPB1*30:01 / DPA1*02:01,0.037,,0.037,0,,0.0,0.0013689999999999998,DRB1,,,,
DRB1*08:01,DPB1*31:01 / DPA1*03:01,0.065,,0.065,0,,0.0,0.0042250000000000005,DRB1,,,,
DRB1*08:01,DPB1*40:01 / DPA1*01:05,0.079,,0.079,0,,0.0,0.006241,DRB1,,,,
DRB1*08:01,DPB1*85:01 / DPA1*01:03,0.077,,0.077,0,,0.0,0.005929,DRB1,,,,
DRB1*08:01,DQB1*02:01 / DQA1*02:01,0.215,0.156,0.244,27215,6397.0,20818.0,0.046224999999999995,DRB1,,,,
DRB1*08:01,DQB1*02:01 / DQA1*03:01,0.245,,0.245,20801,,20801.0,0.060024999999999995,DRB1,,,,
DRB1*08:01,DQB1*02:01 / DQA1*04:01,0.321,,0.321,20760,,20760.0,0.10304100000000001,DRB1,,,,
DRB1*08:01,DQB1*02:01 / DQA1*05:01,0.28,0.395,0.265,27198,6397.0,20801.0,0.07840000000000001,DRB1,,,,
DRB1*08:01,DQB1*02:02 / DQA1*02:01,0.222,0.244,0.228,27198,6397.0,20801.0,0.049284,DRB1,,,,
DRB1*08:01,DQB1*02:02 / DQA1*03:02,0.3,0.3,,6397,6397.0,,0.09,DRB1,,,,
DRB1*08:01,DQB1*02:02 / DQA1*05:01,0.375,0.375,,6397,6397.0,,0.140625,DRB1,,,,
DRB1*08:01,DQB1*03:01 / DQA1*02:01,0.296,,0.296,19799,,19799.0,0.08761599999999999,DRB1,,,,
DRB1*08:01,DQB1*03:01 / DQA1*03:01,0.336,0.37,0.329,27197,6396.0,20801.0,0.11289600000000001,DRB1,,,,
DRB1*08:01,DQB1*03:01 / DQA1*03:02,0.365,0.365,,6396,6396.0,,0.13322499999999998,DRB1,,,,
DRB1*08:01,DQB1*03:01 / DQA1*05:01,0.387,0.387,,6396,6396.0,,0.149769,DRB1,,,,
DRB1*08:01,DQB1*03:01 / DQA1*05:03,0.318,,0.318,20760,,20760.0,0.101124,DRB1,,,,
DRB1*08:01,DQB1*03:01 / DQA1*06:01,0.325,0.424,0.311,27197,6396.0,20801.0,0.10562500000000001,DRB1,,,,
DRB1*08:01,DQB1*03:02 / DQA1*01:01,0.334,,0.334,5369,,5369.0,0.11155600000000002,DRB1,,,,
DRB1*08:01,DQB1*03:02 / DQA1*02:01,0.272,0.283,0.275,26194,6395.0,19799.0,0.07398400000000001,DRB1,,,,
DRB1*08:01,DQB1*03:02 / DQA1*03:01,0.281,0.272,0.286,27197,6396.0,20801.0,0.07896100000000002,DRB1,,,,
DRB1*08:01,DQB1*03:02 / DQA1*03:02,0.234,0.28,0.216,22488,6396.0,16092.0,0.054756000000000006,DRB1,,,,
DRB1*08:01,DQB1*03:02 / DQA1*03:03,0.201,,0.201,4541,,4541.0,0.040401000000000006,DRB1,,,,
DRB1*08:01,DQB1*03:03 / DQA1*02:01,0.247,,0.247,20801,,20801.0,0.061009,DRB1,,,,
DRB1*08:01,DQB1*03:03 / DQA1*03:01,0.262,,0.262,20801,,20801.0,0.06864400000000001,DRB1,,,,
DRB1*08:01,DQB1*03:03 / DQA1*03:02,0.236,0.338,0.214,27156,6396.0,20760.0,0.055695999999999996,DRB1,,,,
DRB1*08:01,DQB1*03:03 / DQA1*04:01,0.38,0.38,,6396,6396.0,,0.1444,DRB1,,,,
DRB1*08:01,DQB1*03:03 / DQA1*06:01,0.379,0.379,,6396,6396.0,,0.143641,DRB1,,,,
DRB1*08:01,DQB1*03:04 / DQA1*03:01,0.5,,0.5,127,,127.0,0.25,DRB1,,,,
DRB1*08:01,DQB1*03:19 / DQA1*02:01,0.234,,0.234,0,,0.0,0.054756000000000006,DRB1,,,,
DRB1*08:01,DQB1*03:19 / DQA1*05:05,0.313,,0.313,20677,,20677.0,0.097969,DRB1,,,,
DRB1*08:01,DQB1*04:01 / DQA1*02:01,0.395,0.353,0.412,27197,6396.0,20801.0,0.15602500000000002,DRB1,,,,
DRB1*08:01,DQB1*04:01 / DQA1*03:03,0.357,,0.357,20760,,20760.0,0.12744899999999998,DRB1,,,,
DRB1*08:01,DQB1*04:01 / DQA1*04:01,0.468,0.467,,6397,6397.0,,0.21902400000000002,DRB1,,,,
DRB1*08:01,DQB1*04:01 / DQA1*05:01,0.457,0.457,,6397,6397.0,,0.208849,DRB1,,,,
DRB1*08:01,DQB1*04:02 / DQA1*02:01,0.386,,0.386,20801,,20801.0,0.14899600000000002,DRB1,,,,
DRB1*08:01,DQB1*04:02 / DQA1*03:01,0.419,0.419,,6397,6397.0,,0.175561,DRB1,,,,
DRB1*08:01,DQB1*04:02 / DQA1*04:01,0.446,0.417,0.446,27215,6397.0,20818.0,0.198916,DRB1,,,,
DRB1*08:01,DQB1*04:02 / DQA1*06:01,0.476,0.476,,6397,6397.0,,0.22657599999999997,DRB1,,,,
DRB1*08:01,DQB1*05:01 / DQA1*01:01,0.239,0.293,0.226,27199,6398.0,20801.0,0.057121,DRB1,,,,
DRB1*08:01,DQB1*05:01 / DQA1*01:02,0.239,0.239,,6398,6398.0,,0.057121,DRB1,,,,
DRB1*08:01,DQB1*05:02 / DQA1*01:02,0.274,0.248,0.272,27216,6398.0,20818.0,0.07507600000000002,DRB1,,,,
DRB1*08:01,DQB1*05:03 / DQA1*01:01,0.089,,0.089,0,,0.0,0.007921,DRB1,,,,
DRB1*08:01,DQB1*05:03 / DQA1*01:04,0.313,0.313,,6398,6398.0,,0.097969,DRB1,,,,
DRB1*08:01,DQB1*06:01 / DQA1*01:03,0.316,0.214,0.344,27198,6397.0,20801.0,0.099856,DRB1,,,,
DRB1*08:01,DQB1*06:01 / DQA1*01:04,0.317,0.316,,6398,6398.0,,0.10048900000000001,DRB1,,,,
DRB1*08:01,DQB1*06:01 / DQA1*02:01,0.359,0.358,,6397,6397.0,,0.128881,DRB1,,,,
DRB1*08:01,DQB1*06:02 / DQA1*01:01,0.319,,0.319,20760,,20760.0,0.101761,DRB1,,,,
DRB1*08:01,DQB1*06:02 / DQA1*01:02,0.308,0.234,0.326,27216,6398.0,20818.0,0.094864,DRB1,,,,
DRB1*08:01,DQB1*06:03 / DQA1*01:03,0.292,0.286,0.29,27157,6397.0,20760.0,0.08526399999999999,DRB1,,,,
DRB1*08:01,DQB1*06:04 / DQA1*01:02,0.325,0.341,0.319,27158,6398.0,20760.0,0.10562500000000001,DRB1,,,,
DRB1*08:01,DQB1*06:09 / DQA1*01:02,0.324,,0.324,20760,,20760.0,0.104976,DRB1,,,,
DRB1*08:01,DRB1*08:02,0.86,0.858,0.899,6398,6398.0,0.0,0.7395999999999999,DRB1,,,,
DRB1*08:01,DRB1*08:03,0.89,,0.89,0,,0.0,0.7921,DRB1,,,,
DRB1*08:01,DRB1*08:07,0.909,,0.909,0,,0.0,0.826281,DRB1,,,,
DRB1*08:01,DRB1*09:01,0.33,0.268,0.36,27216,6398.0,20818.0,0.10890000000000001,DRB1,,,,
DRB1*08:01,DRB1*09:02,0.344,,0.344,20760,,20760.0,0.11833599999999998,DRB1,,,,
DRB1*08:01,DRB1*10:01,0.286,0.203,0.309,27216,6398.0,20818.0,0.08179599999999998,DRB1,,,,
DRB1*08:01,DRB1*11:01,0.729,0.634,0.745,27213,6395.0,20818.0,0.5314409999999999,DRB1,,,,
DRB1*08:01,DRB1*11:03,0.684,0.684,,6395,6395.0,,0.46785600000000005,DRB1,,,,
DRB1*08:01,DRB1*11:04,0.702,0.625,0.715,26194,6395.0,19799.0,0.49280399999999996,DRB1,,,,
DRB1*08:01,DRB1*12:01,0.667,0.669,0.672,27215,6397.0,20818.0,0.44488900000000003,DRB1,,,,
DRB1*08:01,DRB1*12:02,0.7,0.623,0.713,27157,6397.0,20760.0,0.48999999999999994,DRB1,,,,
DRB1*08:01,DRB1*13:01,0.7,0.693,0.697,27216,6398.0,20818.0,0.48999999999999994,DRB1,,,,
DRB1*08:01,DRB1*13:02,0.65,,0.65,0,,0.0,0.42250000000000004,DRB1,,,,
DRB1*08:01,DRB1*13:03,0.786,0.725,0.79,27215,6397.0,20818.0,0.617796,DRB1,,,,
DRB1*08:01,DRB1*13:05,0.682,0.682,,6397,6397.0,,0.4651240000000001,DRB1,,,,
DRB1*08:01,DRB1*14:01,0.635,0.554,0.66,27215,6397.0,20818.0,0.403225,DRB1,,,,
DRB1*08:01,DRB1*14:02,0.612,,0.612,17207,,17207.0,0.374544,DRB1,,,,
DRB1*08:01,DRB1*14:03,0.717,0.724,0.728,6397,6397.0,0.0,0.5140889999999999,DRB1,,,,
DRB1*08:01,DRB1*14:04,0.708,0.727,0.673,6398,6398.0,0.0,0.5012639999999999,DRB1,,,,
DRB1*08:01,DRB1*14:05,0.561,,0.561,0,,0.0,0.3147210000000001,DRB1,,,,
DRB1*08:01,DRB1*14:06,0.52,,0.52,0,,0.0,0.27040000000000003,DRB1,,,,
DRB1*08:01,DRB1*14:54,0.65,,0.65,17207,,17207.0,0.42250000000000004,DRB1,,,,
DRB1*08:01,DRB1*15:01,0.454,0.319,0.48,27216,6398.0,20818.0,0.20611600000000002,DRB1,,,,
DRB1*08:01,DRB1*15:02,0.488,0.459,0.488,27216,6398.0,20818.0,0.238144,DRB1,,,,
DRB1*08:01,DRB1*15:03,0.46,0.451,0.457,26197,6398.0,19799.0,0.2116,DRB1,,,,
DRB1*08:01,DRB1*16:01,0.543,0.448,0.563,27216,6398.0,20818.0,0.294849,DRB1,,,,
DRB1*08:01,DRB1*16:02,0.537,0.404,0.562,27158,6398.0,20760.0,0.28836900000000004,DRB1,,,,
DRB1*08:01,DRB3*01:01,0.533,0.541,0.532,27199,6398.0,20801.0,0.28408900000000004,DRB1,,,,
DRB1*08:01,DRB3*02:01,0.372,,0.372,17,,17.0,0.138384,DRB1,,,,
DRB1*08:01,DRB3*02:02,0.523,0.585,0.511,27197,6396.0,20801.0,0.273529,DRB1,,,,
DRB1*08:01,DRB3*03:01,0.521,0.598,0.509,25306,6397.0,18909.0,0.27144100000000004,DRB1,,,,
DRB1*08:01,DRB4*01:01,0.225,0.377,0.194,27199,6398.0,20801.0,0.050625,DRB1,,,,
DRB1*08:01,DRB4*01:03,0.161,,0.161,20818,,20818.0,0.025921000000000003,DRB1,,,,
DRB1*08:01,DRB5*01:01,0.455,0.487,0.449,27216,6398.0,20818.0,0.20702500000000001,DRB1,,,,
DRB1*08:01,DRB5*01:02,0.362,,0.362,0,,0.0,0.131044,DRB1,,,,
DRB1*08:01,DRB5*02:02,0.352,0.414,0.343,27199,6398.0,20801.0,0.12390399999999999,DRB1,,,,
DRB1*08:02,DPB1*01:01 / DPA1*01:03,0.238,0.29,0.012,6398,6398.0,0.0,0.05664399999999999,DRB1,,,,
DRB1*08:02,DPB1*01:01 / DPA1*02:01,0.273,0.322,0.021,6397,6397.0,0.0,0.07452900000000001,DRB1,,,,
DRB1*08:02,DPB1*01:01 / DPA1*02:02,0.302,0.302,,6397,6397.0,,0.091204,DRB1,,,,
DRB1*08:02,DPB1*01:01 / DPA1*03:01,0.29,0.29,,6398,6398.0,,0.0841,DRB1,,,,
DRB1*08:02,DPB1*02:01 / DPA1*01:03,0.253,0.287,0.115,6397,6397.0,0.0,0.064009,DRB1,,,,
DRB1*08:02,DPB1*02:02 / DPA1*01:03,0.156,,0.156,0,,0.0,0.024336,DRB1,,,,
DRB1*08:02,DPB1*03:01 / DPA1*01:03,0.252,0.295,0.029,6398,6398.0,0.0,0.063504,DRB1,,,,
DRB1*08:02,DPB1*03:01 / DPA1*01:05,0.047,,0.047,0,,0.0,0.002209,DRB1,,,,
DRB1*08:02,DPB1*03:01 / DPA1*02:01,0.042,,0.042,0,,0.0,0.0017640000000000002,DRB1,,,,
DRB1*08:02,DPB1*04:01 / DPA1*01:03,0.178,0.211,0.041,6398,6398.0,0.0,0.031684,DRB1,,,,
DRB1*08:02,DPB1*04:01 / DPA1*02:01,0.283,0.283,,6397,6397.0,,0.08008899999999998,DRB1,,,,
DRB1*08:02,DPB1*04:01 / DPA1*02:02,0.316,0.316,,6397,6397.0,,0.099856,DRB1,,,,
DRB1*08:02,DPB1*04:01 / DPA1*03:01,0.258,0.258,,6398,6398.0,,0.066564,DRB1,,,,
DRB1*08:02,DPB1*04:01 / DPA1*04:01,0.289,0.289,,6398,6398.0,,0.08352099999999998,DRB1,,,,
DRB1*08:02,DPB1*04:02 / DPA1*01:03,0.225,0.252,0.115,6397,6397.0,0.0,0.050625,DRB1,,,,
DRB1*08:02,DPB1*04:02 / DPA1*03:01,0.355,0.355,,6397,6397.0,,0.126025,DRB1,,,,
DRB1*08:02,DPB1*05:01 / DPA1*02:01,0.184,0.179,0.075,6397,6397.0,0.0,0.033856,DRB1,,,,
DRB1*08:02,DPB1*05:01 / DPA1*02:02,0.208,0.225,0.044,6397,6397.0,0.0,0.043264,DRB1,,,,
DRB1*08:02,DPB1*05:01 / DPA1*03:01,0.293,0.293,,6398,6398.0,,0.085849,DRB1,,,,
DRB1*08:02,DPB1*06:01 / DPA1*01:03,0.234,0.254,0.055,6398,6398.0,0.0,0.054756000000000006,DRB1,,,,
DRB1*08:02,DPB1*06:01 / DPA1*02:01,0.046,,0.046,0,,0.0,0.002116,DRB1,,,,
DRB1*08:02,DPB1*09:01 / DPA1*02:01,0.265,0.313,0.031,6397,6397.0,0.0,0.07022500000000001,DRB1,,,,
DRB1*08:02,DPB1*105:01 / DPA1*02:01,0.102,,0.102,0,,0.0,0.010403999999999998,DRB1,,,,
DRB1*08:02,DPB1*107:01 / DPA1*02:01,0.127,,0.127,0,,0.0,0.016129,DRB1,,,,
DRB1*08:02,DPB1*10:01 / DPA1*02:02,0.045,,0.045,0,,0.0,0.002025,DRB1,,,,
DRB1*08:02,DPB1*11:01 / DPA1*01:03,0.044,,0.044,0,,0.0,0.0019359999999999998,DRB1,,,,
DRB1*08:02,DPB1*11:01 / DPA1*02:01,0.218,0.218,,6397,6397.0,,0.047524,DRB1,,,,
DRB1*08:02,DPB1*11:01 / DPA1*02:02,0.069,,0.069,0,,0.0,0.0047610000000000005,DRB1,,,,
DRB1*08:02,DPB1*13:01 / DPA1*02:01,0.254,0.292,0.067,6397,6397.0,0.0,0.064516,DRB1,,,,
DRB1*08:02,DPB1*13:01 / DPA1*02:02,0.059,,0.059,0,,0.0,0.0034809999999999997,DRB1,,,,
DRB1*08:02,DPB1*13:01 / DPA1*03:01,0.05,,0.05,0,,0.0,0.0025000000000000005,DRB1,,,,
DRB1*08:02,DPB1*13:01 / DPA1*04:01,0.271,0.271,,6397,6397.0,,0.073441,DRB1,,,,
DRB1*08:02,DPB1*14:01 / DPA1*02:01,0.193,0.228,0.024,6397,6397.0,0.0,0.037249000000000004,DRB1,,,,
DRB1*08:02,DPB1*15:01 / DPA1*02:01,0.289,0.322,0.072,6397,6397.0,0.0,0.08352099999999998,DRB1,,,,
DRB1*08:02,DPB1*17:01 / DPA1*02:01,0.261,0.315,0.017,6397,6397.0,0.0,0.068121,DRB1,,,,
DRB1*08:02,DPB1*18:01 / DPA1*01:03,0.276,0.276,,6398,6398.0,,0.07617600000000001,DRB1,,,,
DRB1*08:02,DPB1*18:01 / DPA1*01:04,0.111,,0.111,0,,0.0,0.012321,DRB1,,,,
DRB1*08:02,DPB1*18:01 / DPA1*01:05,0.1,,0.1,0,,0.0,0.010000000000000002,DRB1,,,,
DRB1*08:02,DPB1*18:01 / DPA1*02:01,0.089,,0.089,0,,0.0,0.007921,DRB1,,,,
DRB1*08:02,DPB1*19:01 / DPA1*01:03,0.037,,0.037,0,,0.0,0.0013689999999999998,DRB1,,,,
DRB1*08:02,DPB1*19:01 / DPA1*02:01,0.181,0.18,,6397,6397.0,,0.032761,DRB1,,,,
DRB1*08:02,DPB1*20:01 / DPA1*03:01,0.046,,0.046,0,,0.0,0.002116,DRB1,,,,
DRB1*08:02,DPB1*23:01 / DPA1*01:03,0.041,,0.041,0,,0.0,0.0016810000000000002,DRB1,,,,
DRB1*08:02,DPB1*26:01 / DPA1*03:01,0.096,,0.096,0,,0.0,0.009216,DRB1,,,,
DRB1*08:02,DPB1*28:01 / DPA1*01:03,0.129,,0.129,0,,0.0,0.016641,DRB1,,,,
DRB1*08:02,DPB1*28:01 / DPA1*01:05,0.109,,0.109,0,,0.0,0.011881,DRB1,,,,
DRB1*08:02,DPB1*28:01 / DPA1*02:02,0.276,0.276,,6396,6396.0,,0.07617600000000001,DRB1,,,,
DRB1*08:02,DPB1*28:01 / DPA1*04:01,0.078,,0.078,0,,0.0,0.006084,DRB1,,,,
DRB1*08:02,DPB1*30:01 / DPA1*02:01,0.057,,0.057,0,,0.0,0.003249,DRB1,,,,
DRB1*08:02,DPB1*31:01 / DPA1*03:01,0.072,,0.072,0,,0.0,0.005183999999999999,DRB1,,,,
DRB1*08:02,DPB1*40:01 / DPA1*01:05,0.124,,0.124,0,,0.0,0.015375999999999999,DRB1,,,,
DRB1*08:02,DPB1*85:01 / DPA1*01:03,0.103,,0.103,0,,0.0,0.010608999999999999,DRB1,,,,
DRB1*08:02,DQB1*02:01 / DQA1*02:01,0.125,0.122,-0.006,6397,6397.0,0.0,0.015625,DRB1,,,,
DRB1*08:02,DQB1*02:01 / DQA1*03:01,0.006,,0.006,0,,0.0,3.6e-05,DRB1,,,,
DRB1*08:02,DQB1*02:01 / DQA1*04:01,0.117,,0.117,0,,0.0,0.013689000000000002,DRB1,,,,
DRB1*08:02,DQB1*02:01 / DQA1*05:01,0.295,0.331,0.107,6397,6397.0,0.0,0.08702499999999999,DRB1,,,,
DRB1*08:02,DQB1*02:02 / DQA1*02:01,0.185,0.201,-0.014,6397,6397.0,0.0,0.034225,DRB1,,,,
DRB1*08:02,DQB1*02:02 / DQA1*03:02,0.237,0.237,,6397,6397.0,,0.056169,DRB1,,,,
DRB1*08:02,DQB1*02:02 / DQA1*05:01,0.308,0.308,,6397,6397.0,,0.094864,DRB1,,,,
DRB1*08:02,DQB1*03:01 / DQA1*02:01,0.19,,0.19,0,,0.0,0.0361,DRB1,,,,
DRB1*08:02,DQB1*03:01 / DQA1*03:01,0.323,0.345,0.172,6396,6396.0,0.0,0.104329,DRB1,,,,
DRB1*08:02,DQB1*03:01 / DQA1*03:02,0.296,0.296,,6396,6396.0,,0.08761599999999999,DRB1,,,,
DRB1*08:02,DQB1*03:01 / DQA1*05:01,0.384,0.384,,6396,6396.0,,0.147456,DRB1,,,,
DRB1*08:02,DQB1*03:01 / DQA1*05:03,0.274,,0.274,0,,0.0,0.07507600000000002,DRB1,,,,
DRB1*08:02,DQB1*03:01 / DQA1*06:01,0.363,0.384,0.244,6396,6396.0,0.0,0.131769,DRB1,,,,
DRB1*08:02,DQB1*03:02 / DQA1*02:01,0.214,0.218,0.087,6395,6395.0,0.0,0.045795999999999996,DRB1,,,,
DRB1*08:02,DQB1*03:02 / DQA1*03:01,0.21,0.213,0.08,6396,6396.0,0.0,0.04409999999999999,DRB1,,,,
DRB1*08:02,DQB1*03:02 / DQA1*03:02,0.238,0.24,0.173,6396,6396.0,0.0,0.05664399999999999,DRB1,,,,
DRB1*08:02,DQB1*03:02 / DQA1*03:03,0.026,,0.026,0,,0.0,0.000676,DRB1,,,,
DRB1*08:02,DQB1*03:03 / DQA1*02:01,0.08,,0.08,0,,0.0,0.0064,DRB1,,,,
DRB1*08:02,DQB1*03:03 / DQA1*03:01,0.07,,0.07,0,,0.0,0.004900000000000001,DRB1,,,,
DRB1*08:02,DQB1*03:03 / DQA1*03:02,0.256,0.29,0.064,6396,6396.0,0.0,0.065536,DRB1,,,,
DRB1*08:02,DQB1*03:03 / DQA1*04:01,0.362,0.362,,6396,6396.0,,0.131044,DRB1,,,,
DRB1*08:02,DQB1*03:03 / DQA1*06:01,0.355,0.355,,6396,6396.0,,0.126025,DRB1,,,,
DRB1*08:02,DQB1*03:19 / DQA1*02:01,0.23,,0.23,0,,0.0,0.0529,DRB1,,,,
DRB1*08:02,DQB1*03:19 / DQA1*05:05,0.244,,0.244,0,,0.0,0.059536,DRB1,,,,
DRB1*08:02,DQB1*04:01 / DQA1*02:01,0.327,0.329,0.2,6396,6396.0,0.0,0.10692900000000001,DRB1,,,,
DRB1*08:02,DQB1*04:01 / DQA1*03:03,0.18,,0.18,0,,0.0,0.0324,DRB1,,,,
DRB1*08:02,DQB1*04:01 / DQA1*04:01,0.439,0.439,,6397,6397.0,,0.192721,DRB1,,,,
DRB1*08:02,DQB1*04:01 / DQA1*05:01,0.435,0.435,,6397,6397.0,,0.189225,DRB1,,,,
DRB1*08:02,DQB1*04:02 / DQA1*02:01,0.189,,0.189,0,,0.0,0.035721,DRB1,,,,
DRB1*08:02,DQB1*04:02 / DQA1*03:01,0.381,0.381,,6397,6397.0,,0.145161,DRB1,,,,
DRB1*08:02,DQB1*04:02 / DQA1*04:01,0.392,0.402,0.272,6397,6397.0,0.0,0.15366400000000002,DRB1,,,,
DRB1*08:02,DQB1*04:02 / DQA1*06:01,0.445,0.445,,6397,6397.0,,0.198025,DRB1,,,,
DRB1*08:02,DQB1*05:01 / DQA1*01:01,0.199,0.253,0.001,6398,6398.0,0.0,0.039601000000000004,DRB1,,,,
DRB1*08:02,DQB1*05:01 / DQA1*01:02,0.208,0.208,,6398,6398.0,,0.043264,DRB1,,,,
DRB1*08:02,DQB1*05:02 / DQA1*01:02,0.194,0.234,0.035,6398,6398.0,0.0,0.037636,DRB1,,,,
DRB1*08:02,DQB1*05:03 / DQA1*01:01,0.105,,0.105,0,,0.0,0.011024999999999998,DRB1,,,,
DRB1*08:02,DQB1*05:03 / DQA1*01:04,0.291,0.291,,6398,6398.0,,0.08468099999999999,DRB1,,,,
DRB1*08:02,DQB1*06:01 / DQA1*01:03,0.218,0.2,0.16,6397,6397.0,0.0,0.047524,DRB1,,,,
DRB1*08:02,DQB1*06:01 / DQA1*01:04,0.261,0.261,,6398,6398.0,,0.068121,DRB1,,,,
DRB1*08:02,DQB1*06:01 / DQA1*02:01,0.327,0.327,,6397,6397.0,,0.10692900000000001,DRB1,,,,
DRB1*08:02,DQB1*06:02 / DQA1*01:01,0.111,,0.111,0,,0.0,0.012321,DRB1,,,,
DRB1*08:02,DQB1*06:02 / DQA1*01:02,0.22,0.218,0.12,6398,6398.0,0.0,0.0484,DRB1,,,,
DRB1*08:02,DQB1*06:03 / DQA1*01:03,0.249,0.256,0.135,6397,6397.0,0.0,0.062001,DRB1,,,,
DRB1*08:02,DQB1*06:04 / DQA1*01:02,0.25,0.284,0.098,6398,6398.0,0.0,0.0625,DRB1,,,,
DRB1*08:02,DQB1*06:09 / DQA1*01:02,0.143,,0.143,0,,0.0,0.020448999999999995,DRB1,,,,
DRB1*08:02,DRB1*08:03,0.941,,0.941,0,,0.0,0.8854809999999999,DRB1,,,,
DRB1*08:02,DRB1*08:07,0.943,,0.943,0,,0.0,0.889249,DRB1,,,,
DRB1*08:02,DRB1*09:01,0.216,0.211,0.111,6398,6398.0,0.0,0.046655999999999996,DRB1,,,,
DRB1*08:02,DRB1*09:02,0.128,,0.128,0,,0.0,0.016384,DRB1,,,,
DRB1*08:02,DRB1*10:01,0.192,0.192,0.063,6398,6398.0,0.0,0.036864,DRB1,,,,
DRB1*08:02,DRB1*11:01,0.641,0.652,0.621,6395,6395.0,0.0,0.410881,DRB1,,,,
DRB1*08:02,DRB1*11:03,0.667,0.667,,6395,6395.0,,0.44488900000000003,DRB1,,,,
DRB1*08:02,DRB1*11:04,0.623,0.632,0.617,6395,6395.0,0.0,0.388129,DRB1,,,,
DRB1*08:02,DRB1*12:01,0.637,0.635,0.663,6397,6397.0,0.0,0.405769,DRB1,,,,
DRB1*08:02,DRB1*12:02,0.633,0.618,0.716,6397,6397.0,0.0,0.400689,DRB1,,,,
DRB1*08:02,DRB1*13:01,0.628,0.635,0.659,6398,6398.0,0.0,0.394384,DRB1,,,,
DRB1*08:02,DRB1*13:02,0.689,,0.689,0,,0.0,0.47472099999999995,DRB1,,,,
DRB1*08:02,DRB1*13:03,0.733,0.74,0.746,6397,6397.0,0.0,0.537289,DRB1,,,,
DRB1*08:02,DRB1*13:05,0.692,0.692,,6397,6397.0,,0.47886399999999996,DRB1,,,,
DRB1*08:02,DRB1*14:01,0.506,0.504,0.511,6397,6397.0,0.0,0.256036,DRB1,,,,
DRB1*08:02,DRB1*14:02,0.52,,0.52,0,,0.0,0.27040000000000003,DRB1,,,,
DRB1*08:02,DRB1*14:03,0.701,0.691,0.774,6397,6397.0,0.0,0.4914009999999999,DRB1,,,,
DRB1*08:02,DRB1*14:04,0.711,0.726,0.683,6398,6398.0,0.0,0.505521,DRB1,,,,
DRB1*08:02,DRB1*14:05,0.602,,0.602,0,,0.0,0.36240399999999995,DRB1,,,,
DRB1*08:02,DRB1*14:06,0.562,,0.562,0,,0.0,0.31584400000000007,DRB1,,,,
DRB1*08:02,DRB1*14:54,0.507,,0.507,0,,0.0,0.257049,DRB1,,,,
DRB1*08:02,DRB1*15:01,0.326,0.307,0.365,6398,6398.0,0.0,0.10627600000000001,DRB1,,,,
DRB1*08:02,DRB1*15:02,0.409,0.416,0.368,6398,6398.0,0.0,0.16728099999999999,DRB1,,,,
DRB1*08:02,DRB1*15:03,0.396,0.407,0.364,6398,6398.0,0.0,0.156816,DRB1,,,,
DRB1*08:02,DRB1*16:01,0.446,0.426,0.518,6398,6398.0,0.0,0.198916,DRB1,,,,
DRB1*08:02,DRB1*16:02,0.416,0.389,0.517,6398,6398.0,0.0,0.173056,DRB1,,,,
DRB1*08:02,DRB3*01:01,0.466,0.515,0.406,6398,6398.0,0.0,0.21715600000000002,DRB1,,,,
DRB1*08:02,DRB3*02:01,0.439,,0.439,0,,0.0,0.192721,DRB1,,,,
DRB1*08:02,DRB3*02:02,0.485,0.543,0.394,6396,6396.0,0.0,0.235225,DRB1,,,,
DRB1*08:02,DRB3*03:01,0.484,0.539,0.412,6397,6397.0,0.0,0.234256,DRB1,,,,
DRB1*08:02,DRB4*01:01,0.181,0.28,-0.093,6398,6398.0,0.0,0.032761,DRB1,,,,
DRB1*08:02,DRB4*01:03,-0.104,,-0.104,0,,0.0,0.010816,DRB1,,,,
DRB1*08:02,DRB5*01:01,0.421,0.441,0.346,6398,6398.0,0.0,0.17724099999999998,DRB1,,,,
DRB1*08:02,DRB5*01:02,0.397,,0.397,0,,0.0,0.15760900000000003,DRB1,,,,
DRB1*08:02,DRB5*02:02,0.296,0.351,0.147,6398,6398.0,0.0,0.08761599999999999,DRB1,,,,
DRB1*08:03,DPB1*01:01 / DPA1*01:03,0.039,,0.039,0,,0.0,0.001521,DRB1,,,,
DRB1*08:03,DPB1*01:01 / DPA1*02:01,0.04,,0.04,0,,0.0,0.0016,DRB1,,,,
DRB1*08:03,DPB1*02:01 / DPA1*01:03,0.121,,0.121,0,,0.0,0.014641,DRB1,,,,
DRB1*08:03,DPB1*02:02 / DPA1*01:03,0.159,,0.159,0,,0.0,0.025281,DRB1,,,,
DRB1*08:03,DPB1*03:01 / DPA1*01:03,0.056,,0.056,0,,0.0,0.0031360000000000003,DRB1,,,,
DRB1*08:03,DPB1*03:01 / DPA1*01:05,0.07,,0.07,0,,0.0,0.004900000000000001,DRB1,,,,
DRB1*08:03,DPB1*03:01 / DPA1*02:01,0.064,,0.064,0,,0.0,0.004096,DRB1,,,,
DRB1*08:03,DPB1*04:01 / DPA1*01:03,0.068,,0.068,0,,0.0,0.0046240000000000005,DRB1,,,,
DRB1*08:03,DPB1*04:02 / DPA1*01:03,0.126,,0.126,0,,0.0,0.015876,DRB1,,,,
DRB1*08:03,DPB1*05:01 / DPA1*02:01,0.111,,0.111,0,,0.0,0.012321,DRB1,,,,
DRB1*08:03,DPB1*05:01 / DPA1*02:02,0.071,,0.071,0,,0.0,0.0050409999999999995,DRB1,,,,
DRB1*08:03,DPB1*06:01 / DPA1*01:03,0.07,,0.07,0,,0.0,0.004900000000000001,DRB1,,,,
DRB1*08:03,DPB1*06:01 / DPA1*02:01,0.064,,0.064,0,,0.0,0.004096,DRB1,,,,
DRB1*08:03,DPB1*09:01 / DPA1*02:01,0.051,,0.051,0,,0.0,0.0026009999999999996,DRB1,,,,
DRB1*08:03,DPB1*105:01 / DPA1*02:01,0.107,,0.107,0,,0.0,0.011448999999999999,DRB1,,,,
DRB1*08:03,DPB1*107:01 / DPA1*02:01,0.162,,0.162,0,,0.0,0.026244,DRB1,,,,
DRB1*08:03,DPB1*10:01 / DPA1*02:02,0.058,,0.058,0,,0.0,0.0033640000000000002,DRB1,,,,
DRB1*08:03,DPB1*11:01 / DPA1*01:03,0.077,,0.077,0,,0.0,0.005929,DRB1,,,,
DRB1*08:03,DPB1*11:01 / DPA1*02:02,0.098,,0.098,0,,0.0,0.009604000000000001,DRB1,,,,
DRB1*08:03,DPB1*13:01 / DPA1*02:01,0.095,,0.095,0,,0.0,0.009025,DRB1,,,,
DRB1*08:03,DPB1*13:01 / DPA1*02:02,0.088,,0.088,0,,0.0,0.007743999999999999,DRB1,,,,
DRB1*08:03,DPB1*13:01 / DPA1*03:01,0.073,,0.073,0,,0.0,0.0053289999999999995,DRB1,,,,
DRB1*08:03,DPB1*14:01 / DPA1*02:01,0.043,,0.043,0,,0.0,0.0018489999999999997,DRB1,,,,
DRB1*08:03,DPB1*15:01 / DPA1*02:01,0.088,,0.088,0,,0.0,0.007743999999999999,DRB1,,,,
DRB1*08:03,DPB1*17:01 / DPA1*02:01,0.033,,0.033,0,,0.0,0.0010890000000000001,DRB1,,,,
DRB1*08:03,DPB1*18:01 / DPA1*01:04,0.131,,0.131,0,,0.0,0.017161000000000003,DRB1,,,,
DRB1*08:03,DPB1*18:01 / DPA1*01:05,0.124,,0.124,0,,0.0,0.015375999999999999,DRB1,,,,
DRB1*08:03,DPB1*18:01 / DPA1*02:01,0.109,,0.109,0,,0.0,0.011881,DRB1,,,,
DRB1*08:03,DPB1*19:01 / DPA1*01:03,0.054,,0.054,0,,0.0,0.0029159999999999998,DRB1,,,,
DRB1*08:03,DPB1*20:01 / DPA1*03:01,0.067,,0.067,0,,0.0,0.004489000000000001,DRB1,,,,
DRB1*08:03,DPB1*23:01 / DPA1*01:03,0.074,,0.074,0,,0.0,0.005475999999999999,DRB1,,,,
DRB1*08:03,DPB1*26:01 / DPA1*03:01,0.126,,0.126,0,,0.0,0.015876,DRB1,,,,
DRB1*08:03,DPB1*28:01 / DPA1*01:03,0.141,,0.141,0,,0.0,0.019880999999999996,DRB1,,,,
DRB1*08:03,DPB1*28:01 / DPA1*01:05,0.125,,0.125,0,,0.0,0.015625,DRB1,,,,
DRB1*08:03,DPB1*28:01 / DPA1*04:01,0.088,,0.088,0,,0.0,0.007743999999999999,DRB1,,,,
DRB1*08:03,DPB1*30:01 / DPA1*02:01,0.069,,0.069,0,,0.0,0.0047610000000000005,DRB1,,,,
DRB1*08:03,DPB1*31:01 / DPA1*03:01,0.107,,0.107,0,,0.0,0.011448999999999999,DRB1,,,,
DRB1*08:03,DPB1*40:01 / DPA1*01:05,0.148,,0.148,0,,0.0,0.021903999999999996,DRB1,,,,
DRB1*08:03,DPB1*85:01 / DPA1*01:03,0.128,,0.128,0,,0.0,0.016384,DRB1,,,,
DRB1*08:03,DQB1*02:01 / DQA1*02:01,0.022,,0.022,0,,0.0,0.00048399999999999995,DRB1,,,,
DRB1*08:03,DQB1*02:01 / DQA1*03:01,0.044,,0.044,0,,0.0,0.0019359999999999998,DRB1,,,,
DRB1*08:03,DQB1*02:01 / DQA1*04:01,0.14,,0.14,0,,0.0,0.019600000000000003,DRB1,,,,
DRB1*08:03,DQB1*02:01 / DQA1*05:01,0.133,,0.133,0,,0.0,0.017689000000000003,DRB1,,,,
DRB1*08:03,DQB1*02:02 / DQA1*02:01,0.017,,0.017,0,,0.0,0.00028900000000000003,DRB1,,,,
DRB1*08:03,DQB1*03:01 / DQA1*02:01,0.204,,0.204,0,,0.0,0.04161599999999999,DRB1,,,,
DRB1*08:03,DQB1*03:01 / DQA1*03:01,0.19,,0.19,0,,0.0,0.0361,DRB1,,,,
DRB1*08:03,DQB1*03:01 / DQA1*05:03,0.284,,0.284,0,,0.0,0.08065599999999999,DRB1,,,,
DRB1*08:03,DQB1*03:01 / DQA1*06:01,0.263,,0.263,0,,0.0,0.06916900000000001,DRB1,,,,
DRB1*08:03,DQB1*03:02 / DQA1*02:01,0.119,,0.119,0,,0.0,0.014160999999999998,DRB1,,,,
DRB1*08:03,DQB1*03:02 / DQA1*03:01,0.107,,0.107,0,,0.0,0.011448999999999999,DRB1,,,,
DRB1*08:03,DQB1*03:02 / DQA1*03:02,0.209,,0.209,0,,0.0,0.043681,DRB1,,,,
DRB1*08:03,DQB1*03:02 / DQA1*03:03,0.057,,0.057,0,,0.0,0.003249,DRB1,,,,
DRB1*08:03,DQB1*03:03 / DQA1*02:01,0.108,,0.108,0,,0.0,0.011663999999999999,DRB1,,,,
DRB1*08:03,DQB1*03:03 / DQA1*03:01,0.094,,0.094,0,,0.0,0.008836,DRB1,,,,
DRB1*08:03,DQB1*03:03 / DQA1*03:02,0.094,,0.094,0,,0.0,0.008836,DRB1,,,,
DRB1*08:03,DQB1*03:19 / DQA1*02:01,0.247,,0.247,0,,0.0,0.061009,DRB1,,,,
DRB1*08:03,DQB1*03:19 / DQA1*05:05,0.259,,0.259,0,,0.0,0.067081,DRB1,,,,
DRB1*08:03,DQB1*04:01 / DQA1*02:01,0.225,,0.225,0,,0.0,0.050625,DRB1,,,,
DRB1*08:03,DQB1*04:01 / DQA1*03:03,0.202,,0.202,0,,0.0,0.04080400000000001,DRB1,,,,
DRB1*08:03,DQB1*04:02 / DQA1*02:01,0.212,,0.212,0,,0.0,0.044944,DRB1,,,,
DRB1*08:03,DQB1*04:02 / DQA1*04:01,0.292,,0.292,0,,0.0,0.08526399999999999,DRB1,,,,
DRB1*08:03,DQB1*05:01 / DQA1*01:01,0.029,,0.029,0,,0.0,0.0008410000000000001,DRB1,,,,
DRB1*08:03,DQB1*05:02 / DQA1*01:02,0.064,,0.064,0,,0.0,0.004096,DRB1,,,,
DRB1*08:03,DQB1*05:03 / DQA1*01:01,0.122,,0.122,0,,0.0,0.014884,DRB1,,,,
DRB1*08:03,DQB1*06:01 / DQA1*01:03,0.191,,0.191,0,,0.0,0.036481,DRB1,,,,
DRB1*08:03,DQB1*06:02 / DQA1*01:01,0.135,,0.135,0,,0.0,0.018225,DRB1,,,,
DRB1*08:03,DQB1*06:02 / DQA1*01:02,0.145,,0.145,0,,0.0,0.021025,DRB1,,,,
DRB1*08:03,DQB1*06:03 / DQA1*01:03,0.163,,0.163,0,,0.0,0.026569000000000002,DRB1,,,,
DRB1*08:03,DQB1*06:04 / DQA1*01:02,0.13,,0.13,0,,0.0,0.016900000000000002,DRB1,,,,
DRB1*08:03,DQB1*06:09 / DQA1*01:02,0.171,,0.171,0,,0.0,0.029241000000000003,DRB1,,,,
DRB1*08:03,DRB1*08:07,0.932,,0.932,0,,0.0,0.8686240000000001,DRB1,,,,
DRB1*08:03,DRB1*09:01,0.154,,0.154,0,,0.0,0.023716,DRB1,,,,
DRB1*08:03,DRB1*09:02,0.152,,0.152,0,,0.0,0.023104,DRB1,,,,
DRB1*08:03,DRB1*10:01,0.085,,0.085,0,,0.0,0.007225000000000001,DRB1,,,,
DRB1*08:03,DRB1*11:01,0.613,,0.613,0,,0.0,0.37576899999999996,DRB1,,,,
DRB1*08:03,DRB1*11:04,0.608,,0.608,0,,0.0,0.369664,DRB1,,,,
DRB1*08:03,DRB1*12:01,0.699,,0.699,0,,0.0,0.48860099999999995,DRB1,,,,
DRB1*08:03,DRB1*12:02,0.72,,0.72,0,,0.0,0.5184,DRB1,,,,
DRB1*08:03,DRB1*13:01,0.682,,0.682,0,,0.0,0.4651240000000001,DRB1,,,,
DRB1*08:03,DRB1*13:02,0.712,,0.712,0,,0.0,0.506944,DRB1,,,,
DRB1*08:03,DRB1*13:03,0.787,,0.787,0,,0.0,0.6193690000000001,DRB1,,,,
DRB1*08:03,DRB1*14:01,0.552,,0.552,0,,0.0,0.30470400000000003,DRB1,,,,
DRB1*08:03,DRB1*14:02,0.543,,0.543,0,,0.0,0.294849,DRB1,,,,
DRB1*08:03,DRB1*14:03,0.787,,0.787,0,,0.0,0.6193690000000001,DRB1,,,,
DRB1*08:03,DRB1*14:04,0.723,,0.723,0,,0.0,0.522729,DRB1,,,,
DRB1*08:03,DRB1*14:05,0.638,,0.638,0,,0.0,0.407044,DRB1,,,,
DRB1*08:03,DRB1*14:06,0.586,,0.586,0,,0.0,0.343396,DRB1,,,,
DRB1*08:03,DRB1*14:54,0.548,,0.548,0,,0.0,0.30030400000000007,DRB1,,,,
DRB1*08:03,DRB1*15:01,0.375,,0.375,0,,0.0,0.140625,DRB1,,,,
DRB1*08:03,DRB1*15:02,0.38,,0.38,0,,0.0,0.1444,DRB1,,,,
DRB1*08:03,DRB1*15:03,0.374,,0.374,0,,0.0,0.139876,DRB1,,,,
DRB1*08:03,DRB1*16:01,0.508,,0.508,0,,0.0,0.258064,DRB1,,,,
DRB1*08:03,DRB1*16:02,0.516,,0.516,0,,0.0,0.266256,DRB1,,,,
DRB1*08:03,DRB3*01:01,0.45,,0.45,0,,0.0,0.2025,DRB1,,,,
DRB1*08:03,DRB3*02:01,0.455,,0.455,0,,0.0,0.20702500000000001,DRB1,,,,
DRB1*08:03,DRB3*02:02,0.401,,0.401,0,,0.0,0.16080100000000003,DRB1,,,,
DRB1*08:03,DRB3*03:01,0.454,,0.454,0,,0.0,0.20611600000000002,DRB1,,,,
DRB1*08:03,DRB4*01:01,-0.061,,-0.061,0,,0.0,0.003721,DRB1,,,,
DRB1*08:03,DRB4*01:03,-0.076,,-0.076,0,,0.0,0.005776,DRB1,,,,
DRB1*08:03,DRB5*01:01,0.341,,0.341,0,,0.0,0.11628100000000002,DRB1,,,,
DRB1*08:03,DRB5*01:02,0.384,,0.384,0,,0.0,0.147456,DRB1,,,,
DRB1*08:03,DRB5*02:02,0.155,,0.155,0,,0.0,0.024025,DRB1,,,,
DRB1*08:07,DPB1*01:01 / DPA1*01:03,0.045,,0.045,0,,0.0,0.002025,DRB1,,,,
DRB1*08:07,DPB1*01:01 / DPA1*02:01,0.039,,0.039,0,,0.0,0.001521,DRB1,,,,
DRB1*08:07,DPB1*02:01 / DPA1*01:03,0.12,,0.12,0,,0.0,0.0144,DRB1,,,,
DRB1*08:07,DPB1*02:02 / DPA1*01:03,0.129,,0.129,0,,0.0,0.016641,DRB1,,,,
DRB1*08:07,DPB1*03:01 / DPA1*01:03,0.054,,0.054,0,,0.0,0.0029159999999999998,DRB1,,,,
DRB1*08:07,DPB1*03:01 / DPA1*01:05,0.07,,0.07,0,,0.0,0.004900000000000001,DRB1,,,,
DRB1*08:07,DPB1*03:01 / DPA1*02:01,0.07,,0.07,0,,0.0,0.004900000000000001,DRB1,,,,
DRB1*08:07,DPB1*04:01 / DPA1*01:03,0.068,,0.068,0,,0.0,0.0046240000000000005,DRB1,,,,
DRB1*08:07,DPB1*04:02 / DPA1*01:03,0.121,,0.121,0,,0.0,0.014641,DRB1,,,,
DRB1*08:07,DPB1*05:01 / DPA1*02:01,0.1,,0.1,0,,0.0,0.010000000000000002,DRB1,,,,
DRB1*08:07,DPB1*05:01 / DPA1*02:02,0.069,,0.069,0,,0.0,0.0047610000000000005,DRB1,,,,
DRB1*08:07,DPB1*06:01 / DPA1*01:03,0.08,,0.08,0,,0.0,0.0064,DRB1,,,,
DRB1*08:07,DPB1*06:01 / DPA1*02:01,0.072,,0.072,0,,0.0,0.005183999999999999,DRB1,,,,
DRB1*08:07,DPB1*09:01 / DPA1*02:01,0.062,,0.062,0,,0.0,0.0038439999999999998,DRB1,,,,
DRB1*08:07,DPB1*105:01 / DPA1*02:01,0.094,,0.094,0,,0.0,0.008836,DRB1,,,,
DRB1*08:07,DPB1*107:01 / DPA1*02:01,0.149,,0.149,0,,0.0,0.022201,DRB1,,,,
DRB1*08:07,DPB1*10:01 / DPA1*02:02,0.07,,0.07,0,,0.0,0.004900000000000001,DRB1,,,,
DRB1*08:07,DPB1*11:01 / DPA1*01:03,0.074,,0.074,0,,0.0,0.005475999999999999,DRB1,,,,
DRB1*08:07,DPB1*11:01 / DPA1*02:02,0.093,,0.093,0,,0.0,0.008649,DRB1,,,,
DRB1*08:07,DPB1*13:01 / DPA1*02:01,0.095,,0.095,0,,0.0,0.009025,DRB1,,,,
DRB1*08:07,DPB1*13:01 / DPA1*02:02,0.081,,0.081,0,,0.0,0.006561,DRB1,,,,
DRB1*08:07,DPB1*13:01 / DPA1*03:01,0.075,,0.075,0,,0.0,0.005625,DRB1,,,,
DRB1*08:07,DPB1*14:01 / DPA1*02:01,0.053,,0.053,0,,0.0,0.002809,DRB1,,,,
DRB1*08:07,DPB1*15:01 / DPA1*02:01,0.077,,0.077,0,,0.0,0.005929,DRB1,,,,
DRB1*08:07,DPB1*17:01 / DPA1*02:01,0.041,,0.041,0,,0.0,0.0016810000000000002,DRB1,,,,
DRB1*08:07,DPB1*18:01 / DPA1*01:04,0.131,,0.131,0,,0.0,0.017161000000000003,DRB1,,,,
DRB1*08:07,DPB1*18:01 / DPA1*01:05,0.123,,0.123,0,,0.0,0.015129,DRB1,,,,
DRB1*08:07,DPB1*18:01 / DPA1*02:01,0.109,,0.109,0,,0.0,0.011881,DRB1,,,,
DRB1*08:07,DPB1*19:01 / DPA1*01:03,0.061,,0.061,0,,0.0,0.003721,DRB1,,,,
DRB1*08:07,DPB1*20:01 / DPA1*03:01,0.068,,0.068,0,,0.0,0.0046240000000000005,DRB1,,,,
DRB1*08:07,DPB1*23:01 / DPA1*01:03,0.073,,0.073,0,,0.0,0.0053289999999999995,DRB1,,,,
DRB1*08:07,DPB1*26:01 / DPA1*03:01,0.105,,0.105,0,,0.0,0.011024999999999998,DRB1,,,,
DRB1*08:07,DPB1*28:01 / DPA1*01:03,0.139,,0.139,0,,0.0,0.019321000000000005,DRB1,,,,
DRB1*08:07,DPB1*28:01 / DPA1*01:05,0.119,,0.119,0,,0.0,0.014160999999999998,DRB1,,,,
DRB1*08:07,DPB1*28:01 / DPA1*04:01,0.086,,0.086,0,,0.0,0.007395999999999999,DRB1,,,,
DRB1*08:07,DPB1*30:01 / DPA1*02:01,0.068,,0.068,0,,0.0,0.0046240000000000005,DRB1,,,,
DRB1*08:07,DPB1*31:01 / DPA1*03:01,0.098,,0.098,0,,0.0,0.009604000000000001,DRB1,,,,
DRB1*08:07,DPB1*40:01 / DPA1*01:05,0.128,,0.128,0,,0.0,0.016384,DRB1,,,,
DRB1*08:07,DPB1*85:01 / DPA1*01:03,0.112,,0.112,0,,0.0,0.012544000000000001,DRB1,,,,
DRB1*08:07,DQB1*02:01 / DQA1*02:01,0.028,,0.028,0,,0.0,0.0007840000000000001,DRB1,,,,
DRB1*08:07,DQB1*02:01 / DQA1*03:01,0.046,,0.046,0,,0.0,0.002116,DRB1,,,,
DRB1*08:07,DQB1*02:01 / DQA1*04:01,0.161,,0.161,0,,0.0,0.025921000000000003,DRB1,,,,
DRB1*08:07,DQB1*02:01 / DQA1*05:01,0.152,,0.152,0,,0.0,0.023104,DRB1,,,,
DRB1*08:07,DQB1*02:02 / DQA1*02:01,0.022,,0.022,0,,0.0,0.00048399999999999995,DRB1,,,,
DRB1*08:07,DQB1*03:01 / DQA1*02:01,0.182,,0.182,0,,0.0,0.033124,DRB1,,,,
DRB1*08:07,DQB1*03:01 / DQA1*03:01,0.17,,0.17,0,,0.0,0.028900000000000006,DRB1,,,,
DRB1*08:07,DQB1*03:01 / DQA1*05:03,0.259,,0.259,0,,0.0,0.067081,DRB1,,,,
DRB1*08:07,DQB1*03:01 / DQA1*06:01,0.242,,0.242,0,,0.0,0.058564,DRB1,,,,
DRB1*08:07,DQB1*03:02 / DQA1*02:01,0.096,,0.096,0,,0.0,0.009216,DRB1,,,,
DRB1*08:07,DQB1*03:02 / DQA1*03:01,0.089,,0.089,0,,0.0,0.007921,DRB1,,,,
DRB1*08:07,DQB1*03:02 / DQA1*03:02,0.184,,0.184,0,,0.0,0.033856,DRB1,,,,
DRB1*08:07,DQB1*03:02 / DQA1*03:03,0.037,,0.037,0,,0.0,0.0013689999999999998,DRB1,,,,
DRB1*08:07,DQB1*03:03 / DQA1*02:01,0.082,,0.082,0,,0.0,0.006724000000000001,DRB1,,,,
DRB1*08:07,DQB1*03:03 / DQA1*03:01,0.074,,0.074,0,,0.0,0.005475999999999999,DRB1,,,,
DRB1*08:07,DQB1*03:03 / DQA1*03:02,0.075,,0.075,0,,0.0,0.005625,DRB1,,,,
DRB1*08:07,DQB1*03:19 / DQA1*02:01,0.224,,0.224,0,,0.0,0.050176000000000005,DRB1,,,,
DRB1*08:07,DQB1*03:19 / DQA1*05:05,0.241,,0.241,0,,0.0,0.058080999999999994,DRB1,,,,
DRB1*08:07,DQB1*04:01 / DQA1*02:01,0.221,,0.221,0,,0.0,0.048841,DRB1,,,,
DRB1*08:07,DQB1*04:01 / DQA1*03:03,0.197,,0.197,0,,0.0,0.038809,DRB1,,,,
DRB1*08:07,DQB1*04:02 / DQA1*02:01,0.207,,0.207,0,,0.0,0.042849,DRB1,,,,
DRB1*08:07,DQB1*04:02 / DQA1*04:01,0.296,,0.296,0,,0.0,0.08761599999999999,DRB1,,,,
DRB1*08:07,DQB1*05:01 / DQA1*01:01,0.05,,0.05,0,,0.0,0.0025000000000000005,DRB1,,,,
DRB1*08:07,DQB1*05:02 / DQA1*01:02,0.09,,0.09,0,,0.0,0.0081,DRB1,,,,
DRB1*08:07,DQB1*05:03 / DQA1*01:01,0.147,,0.147,0,,0.0,0.021608999999999996,DRB1,,,,
DRB1*08:07,DQB1*06:01 / DQA1*01:03,0.201,,0.201,0,,0.0,0.040401000000000006,DRB1,,,,
DRB1*08:07,DQB1*06:02 / DQA1*01:01,0.143,,0.143,0,,0.0,0.020448999999999995,DRB1,,,,
DRB1*08:07,DQB1*06:02 / DQA1*01:02,0.152,,0.152,0,,0.0,0.023104,DRB1,,,,
DRB1*08:07,DQB1*06:03 / DQA1*01:03,0.17,,0.17,0,,0.0,0.028900000000000006,DRB1,,,,
DRB1*08:07,DQB1*06:04 / DQA1*01:02,0.143,,0.143,0,,0.0,0.020448999999999995,DRB1,,,,
DRB1*08:07,DQB1*06:09 / DQA1*01:02,0.187,,0.187,0,,0.0,0.034969,DRB1,,,,
DRB1*08:07,DRB1*09:01,0.159,,0.159,0,,0.0,0.025281,DRB1,,,,
DRB1*08:07,DRB1*09:02,0.144,,0.144,0,,0.0,0.020735999999999997,DRB1,,,,
DRB1*08:07,DRB1*10:01,0.077,,0.077,0,,0.0,0.005929,DRB1,,,,
DRB1*08:07,DRB1*11:01,0.609,,0.609,0,,0.0,0.37088099999999996,DRB1,,,,
DRB1*08:07,DRB1*11:04,0.602,,0.602,0,,0.0,0.36240399999999995,DRB1,,,,
DRB1*08:07,DRB1*12:01,0.71,,0.71,0,,0.0,0.5041,DRB1,,,,
DRB1*08:07,DRB1*12:02,0.764,,0.764,0,,0.0,0.583696,DRB1,,,,
DRB1*08:07,DRB1*13:01,0.673,,0.673,0,,0.0,0.4529290000000001,DRB1,,,,
DRB1*08:07,DRB1*13:02,0.692,,0.692,0,,0.0,0.47886399999999996,DRB1,,,,
DRB1*08:07,DRB1*13:03,0.754,,0.754,0,,0.0,0.568516,DRB1,,,,
DRB1*08:07,DRB1*14:01,0.545,,0.545,0,,0.0,0.29702500000000004,DRB1,,,,
DRB1*08:07,DRB1*14:02,0.522,,0.522,0,,0.0,0.272484,DRB1,,,,
DRB1*08:07,DRB1*14:03,0.78,,0.78,0,,0.0,0.6084,DRB1,,,,
DRB1*08:07,DRB1*14:04,0.717,,0.717,0,,0.0,0.5140889999999999,DRB1,,,,
DRB1*08:07,DRB1*14:05,0.61,,0.61,0,,0.0,0.3721,DRB1,,,,
DRB1*08:07,DRB1*14:06,0.553,,0.553,0,,0.0,0.30580900000000005,DRB1,,,,
DRB1*08:07,DRB1*14:54,0.543,,0.543,0,,0.0,0.294849,DRB1,,,,
DRB1*08:07,DRB1*15:01,0.391,,0.391,0,,0.0,0.15288100000000002,DRB1,,,,
DRB1*08:07,DRB1*15:02,0.393,,0.393,0,,0.0,0.154449,DRB1,,,,
DRB1*08:07,DRB1*15:03,0.39,,0.39,0,,0.0,0.1521,DRB1,,,,
DRB1*08:07,DRB1*16:01,0.541,,0.541,0,,0.0,0.292681,DRB1,,,,
DRB1*08:07,DRB1*16:02,0.537,,0.537,0,,0.0,0.28836900000000004,DRB1,,,,
DRB1*08:07,DRB3*01:01,0.464,,0.464,0,,0.0,0.21529600000000002,DRB1,,,,
DRB1*08:07,DRB3*02:01,0.438,,0.438,0,,0.0,0.191844,DRB1,,,,
DRB1*08:07,DRB3*02:02,0.398,,0.398,0,,0.0,0.15840400000000002,DRB1,,,,
DRB1*08:07,DRB3*03:01,0.475,,0.475,0,,0.0,0.225625,DRB1,,,,
DRB1*08:07,DRB4*01:01,-0.077,,-0.077,0,,0.0,0.005929,DRB1,,,,
DRB1*08:07,DRB4*01:03,-0.092,,-0.092,0,,0.0,0.008464,DRB1,,,,
DRB1*08:07,DRB5*01:01,0.372,,0.372,0,,0.0,0.138384,DRB1,,,,
DRB1*08:07,DRB5*01:02,0.405,,0.405,0,,0.0,0.16402500000000003,DRB1,,,,
DRB1*08:07,DRB5*02:02,0.17,,0.17,0,,0.0,0.028900000000000006,DRB1,,,,
DRB1*09:01,DPB1*01:01 / DPA1*01:03,0.329,0.311,0.346,26198,6399.0,19799.0,0.108241,DRB1,,,,
DRB1*09:01,DPB1*01:01 / DPA1*02:01,0.289,0.271,0.289,27216,6398.0,20818.0,0.08352099999999998,DRB1,,,,
DRB1*09:01,DPB1*01:01 / DPA1*02:02,0.273,0.273,,6398,6398.0,,0.07452900000000001,DRB1,,,,
DRB1*09:01,DPB1*01:01 / DPA1*03:01,0.317,0.317,,6399,6399.0,,0.10048900000000001,DRB1,,,,
DRB1*09:01,DPB1*02:01 / DPA1*01:03,0.285,0.198,0.314,27216,6398.0,20818.0,0.08122499999999999,DRB1,,,,
DRB1*09:01,DPB1*02:02 / DPA1*01:03,0.049,,0.049,0,,0.0,0.0024010000000000004,DRB1,,,,
DRB1*09:01,DPB1*02:02 / DPA1*02:01,0.469,,0.469,3553,,3553.0,0.21996099999999996,DRB1,,,,
DRB1*09:01,DPB1*03:01 / DPA1*01:03,0.311,0.289,0.334,27217,6399.0,20818.0,0.096721,DRB1,,,,
DRB1*09:01,DPB1*03:01 / DPA1*01:04,0.402,,0.402,2287,,2287.0,0.16160400000000003,DRB1,,,,
DRB1*09:01,DPB1*03:01 / DPA1*01:05,0.362,,0.362,17512,,17512.0,0.131044,DRB1,,,,
DRB1*09:01,DPB1*03:01 / DPA1*02:01,0.376,,0.376,18909,,18909.0,0.141376,DRB1,,,,
DRB1*09:01,DPB1*04:01 / DPA1*01:03,0.249,0.132,0.289,27217,6399.0,20818.0,0.062001,DRB1,,,,
DRB1*09:01,DPB1*04:01 / DPA1*02:01,0.307,0.307,,6398,6398.0,,0.094249,DRB1,,,,
DRB1*09:01,DPB1*04:01 / DPA1*02:02,0.305,0.305,,6398,6398.0,,0.093025,DRB1,,,,
DRB1*09:01,DPB1*04:01 / DPA1*03:01,0.201,0.201,,6399,6399.0,,0.040401000000000006,DRB1,,,,
DRB1*09:01,DPB1*04:01 / DPA1*04:01,0.298,0.298,,6399,6399.0,,0.088804,DRB1,,,,
DRB1*09:01,DPB1*04:02 / DPA1*01:03,0.261,0.187,0.29,27199,6398.0,20801.0,0.068121,DRB1,,,,
DRB1*09:01,DPB1*04:02 / DPA1*03:01,0.221,0.221,,6398,6398.0,,0.048841,DRB1,,,,
DRB1*09:01,DPB1*05:01 / DPA1*02:01,0.384,0.245,0.41,27216,6398.0,20818.0,0.147456,DRB1,,,,
DRB1*09:01,DPB1*05:01 / DPA1*02:02,0.309,0.269,0.313,21830,6398.0,15432.0,0.095481,DRB1,,,,
DRB1*09:01,DPB1*05:01 / DPA1*03:01,0.302,0.302,,6399,6399.0,,0.091204,DRB1,,,,
DRB1*09:01,DPB1*06:01 / DPA1*01:03,0.327,0.263,0.354,21831,6399.0,15432.0,0.10692900000000001,DRB1,,,,
DRB1*09:01,DPB1*06:01 / DPA1*02:01,0.395,,0.395,18909,,18909.0,0.15602500000000002,DRB1,,,,
DRB1*09:01,DPB1*09:01 / DPA1*02:01,0.329,0.326,0.353,27199,6398.0,20801.0,0.108241,DRB1,,,,
DRB1*09:01,DPB1*105:01 / DPA1*02:01,0.089,,0.089,0,,0.0,0.007921,DRB1,,,,
DRB1*09:01,DPB1*107:01 / DPA1*02:01,0.211,,0.211,0,,0.0,0.044521,DRB1,,,,
DRB1*09:01,DPB1*10:01 / DPA1*02:01,0.439,,0.439,6254,,6254.0,0.192721,DRB1,,,,
DRB1*09:01,DPB1*10:01 / DPA1*02:02,0.346,,0.346,14564,,14564.0,0.11971599999999999,DRB1,,,,
DRB1*09:01,DPB1*11:01 / DPA1*01:03,0.379,,0.379,17512,,17512.0,0.143641,DRB1,,,,
DRB1*09:01,DPB1*11:01 / DPA1*01:04,0.375,,0.375,2265,,2265.0,0.140625,DRB1,,,,
DRB1*09:01,DPB1*11:01 / DPA1*01:05,0.381,,0.381,2080,,2080.0,0.145161,DRB1,,,,
DRB1*09:01,DPB1*11:01 / DPA1*02:01,0.325,0.258,0.447,9704,6398.0,3306.0,0.10562500000000001,DRB1,,,,
DRB1*09:01,DPB1*11:01 / DPA1*02:02,0.366,,0.366,14564,,14564.0,0.133956,DRB1,,,,
DRB1*09:01,DPB1*13:01 / DPA1*01:04,0.461,,0.461,1397,,1397.0,0.21252100000000002,DRB1,,,,
DRB1*09:01,DPB1*13:01 / DPA1*01:05,0.455,,0.455,2080,,2080.0,0.20702500000000001,DRB1,,,,
DRB1*09:01,DPB1*13:01 / DPA1*02:01,0.373,0.303,0.404,27031,6398.0,20633.0,0.139129,DRB1,,,,
DRB1*09:01,DPB1*13:01 / DPA1*02:02,0.392,,0.392,15432,,15432.0,0.15366400000000002,DRB1,,,,
DRB1*09:01,DPB1*13:01 / DPA1*03:01,0.398,,0.398,15432,,15432.0,0.15840400000000002,DRB1,,,,
DRB1*09:01,DPB1*13:01 / DPA1*04:01,0.361,0.299,0.503,9704,6398.0,3306.0,0.130321,DRB1,,,,
DRB1*09:01,DPB1*14:01 / DPA1*02:01,0.297,0.189,0.341,27199,6398.0,20801.0,0.088209,DRB1,,,,
DRB1*09:01,DPB1*15:01 / DPA1*02:01,0.386,0.33,0.404,27158,6398.0,20760.0,0.14899600000000002,DRB1,,,,
DRB1*09:01,DPB1*17:01 / DPA1*02:01,0.342,0.301,0.38,27216,6398.0,20818.0,0.11696400000000001,DRB1,,,,
DRB1*09:01,DPB1*18:01 / DPA1*01:03,0.2,0.2,,6399,6399.0,,0.04000000000000001,DRB1,,,,
DRB1*09:01,DPB1*18:01 / DPA1*01:04,0.333,,0.333,19799,,19799.0,0.11088900000000002,DRB1,,,,
DRB1*09:01,DPB1*18:01 / DPA1*01:05,0.322,,0.322,19799,,19799.0,0.10368400000000001,DRB1,,,,
DRB1*09:01,DPB1*18:01 / DPA1*02:01,0.362,,0.362,20760,,20760.0,0.131044,DRB1,,,,
DRB1*09:01,DPB1*19:01 / DPA1*01:03,0.354,,0.354,17512,,17512.0,0.12531599999999998,DRB1,,,,
DRB1*09:01,DPB1*19:01 / DPA1*02:01,0.326,0.248,0.455,9687,6398.0,3289.0,0.10627600000000001,DRB1,,,,
DRB1*09:01,DPB1*20:01 / DPA1*01:03,0.491,,0.491,2287,,2287.0,0.241081,DRB1,,,,
DRB1*09:01,DPB1*20:01 / DPA1*03:01,0.359,,0.359,15432,,15432.0,0.128881,DRB1,,,,
DRB1*09:01,DPB1*23:01 / DPA1*01:03,0.301,,0.301,15432,,15432.0,0.09060099999999999,DRB1,,,,
DRB1*09:01,DPB1*23:01 / DPA1*02:01,0.487,,0.487,5328,,5328.0,0.237169,DRB1,,,,
DRB1*09:01,DPB1*26:01 / DPA1*03:01,0.178,,0.178,0,,0.0,0.031684,DRB1,,,,
DRB1*09:01,DPB1*28:01 / DPA1*01:03,0.283,,0.283,15432,,15432.0,0.08008899999999998,DRB1,,,,
DRB1*09:01,DPB1*28:01 / DPA1*01:04,0.367,,0.367,2287,,2287.0,0.134689,DRB1,,,,
DRB1*09:01,DPB1*28:01 / DPA1*01:05,0.303,,0.303,17512,,17512.0,0.091809,DRB1,,,,
DRB1*09:01,DPB1*28:01 / DPA1*02:01,0.439,,0.439,2080,,2080.0,0.192721,DRB1,,,,
DRB1*09:01,DPB1*28:01 / DPA1*02:02,0.294,0.278,0.461,7794,6397.0,1397.0,0.08643599999999999,DRB1,,,,
DRB1*09:01,DPB1*28:01 / DPA1*04:01,0.332,,0.332,15432,,15432.0,0.11022400000000002,DRB1,,,,
DRB1*09:01,DPB1*30:01 / DPA1*02:01,0.162,,0.162,0,,0.0,0.026244,DRB1,,,,
DRB1*09:01,DPB1*31:01 / DPA1*03:01,0.176,,0.176,0,,0.0,0.030975999999999997,DRB1,,,,
DRB1*09:01,DPB1*40:01 / DPA1*01:05,0.134,,0.134,0,,0.0,0.017956000000000003,DRB1,,,,
DRB1*09:01,DPB1*85:01 / DPA1*01:03,0.163,,0.163,0,,0.0,0.026569000000000002,DRB1,,,,
DRB1*09:01,DQB1*02:01 / DQA1*02:01,0.418,0.285,0.446,27215,6397.0,20818.0,0.174724,DRB1,,,,
DRB1*09:01,DQB1*02:01 / DQA1*03:01,0.45,,0.45,20801,,20801.0,0.2025,DRB1,,,,
DRB1*09:01,DQB1*02:01 / DQA1*04:01,0.419,,0.419,20760,,20760.0,0.175561,DRB1,,,,
DRB1*09:01,DQB1*02:01 / DQA1*05:01,0.345,0.347,0.357,27198,6397.0,20801.0,0.11902499999999998,DRB1,,,,
DRB1*09:01,DQB1*02:02 / DQA1*02:01,0.424,0.328,0.442,27198,6397.0,20801.0,0.179776,DRB1,,,,
DRB1*09:01,DQB1*02:02 / DQA1*03:02,0.379,0.379,,6397,6397.0,,0.143641,DRB1,,,,
DRB1*09:01,DQB1*02:02 / DQA1*05:01,0.337,0.337,,6397,6397.0,,0.11356900000000002,DRB1,,,,
DRB1*09:01,DQB1*03:01 / DQA1*02:01,0.278,,0.278,19799,,19799.0,0.07728400000000002,DRB1,,,,
DRB1*09:01,DQB1*03:01 / DQA1*03:01,0.278,0.273,0.292,27197,6396.0,20801.0,0.07728400000000002,DRB1,,,,
DRB1*09:01,DQB1*03:01 / DQA1*03:02,0.277,0.277,,6396,6396.0,,0.07672900000000002,DRB1,,,,
DRB1*09:01,DQB1*03:01 / DQA1*05:01,0.183,0.183,,6396,6396.0,,0.033489,DRB1,,,,
DRB1*09:01,DQB1*03:01 / DQA1*05:03,0.167,,0.167,20760,,20760.0,0.027889000000000004,DRB1,,,,
DRB1*09:01,DQB1*03:01 / DQA1*06:01,0.189,0.267,0.192,27197,6396.0,20801.0,0.035721,DRB1,,,,
DRB1*09:01,DQB1*03:02 / DQA1*01:01,0.36,,0.36,5369,,5369.0,0.1296,DRB1,,,,
DRB1*09:01,DQB1*03:02 / DQA1*02:01,0.305,0.274,0.315,26194,6395.0,19799.0,0.093025,DRB1,,,,
DRB1*09:01,DQB1*03:02 / DQA1*03:01,0.282,0.245,0.294,27197,6396.0,20801.0,0.07952399999999998,DRB1,,,,
DRB1*09:01,DQB1*03:02 / DQA1*03:02,0.236,0.256,0.252,22488,6396.0,16092.0,0.055695999999999996,DRB1,,,,
DRB1*09:01,DQB1*03:02 / DQA1*03:03,0.255,,0.255,4541,,4541.0,0.065025,DRB1,,,,
DRB1*09:01,DQB1*03:03 / DQA1*02:01,0.308,,0.308,20801,,20801.0,0.094864,DRB1,,,,
DRB1*09:01,DQB1*03:03 / DQA1*03:01,0.29,,0.29,20801,,20801.0,0.0841,DRB1,,,,
DRB1*09:01,DQB1*03:03 / DQA1*03:02,0.267,0.289,0.287,27156,6396.0,20760.0,0.071289,DRB1,,,,
DRB1*09:01,DQB1*03:03 / DQA1*04:01,0.268,0.268,,6396,6396.0,,0.07182400000000001,DRB1,,,,
DRB1*09:01,DQB1*03:03 / DQA1*06:01,0.263,0.263,,6396,6396.0,,0.06916900000000001,DRB1,,,,
DRB1*09:01,DQB1*03:04 / DQA1*03:01,0.505,,0.505,127,,127.0,0.255025,DRB1,,,,
DRB1*09:01,DQB1*03:19 / DQA1*02:01,0.126,,0.126,0,,0.0,0.015876,DRB1,,,,
DRB1*09:01,DQB1*03:19 / DQA1*05:05,0.163,,0.163,20677,,20677.0,0.026569000000000002,DRB1,,,,
DRB1*09:01,DQB1*04:01 / DQA1*02:01,0.395,0.293,0.417,27197,6396.0,20801.0,0.15602500000000002,DRB1,,,,
DRB1*09:01,DQB1*04:01 / DQA1*03:03,0.363,,0.363,20760,,20760.0,0.131769,DRB1,,,,
DRB1*09:01,DQB1*04:01 / DQA1*04:01,0.3,0.3,,6397,6397.0,,0.09,DRB1,,,,
DRB1*09:01,DQB1*04:01 / DQA1*05:01,0.268,0.268,,6397,6397.0,,0.07182400000000001,DRB1,,,,
DRB1*09:01,DQB1*04:02 / DQA1*02:01,0.392,,0.392,20801,,20801.0,0.15366400000000002,DRB1,,,,
DRB1*09:01,DQB1*04:02 / DQA1*03:01,0.329,0.329,,6397,6397.0,,0.108241,DRB1,,,,
DRB1*09:01,DQB1*04:02 / DQA1*04:01,0.297,0.247,0.332,27215,6397.0,20818.0,0.088209,DRB1,,,,
DRB1*09:01,DQB1*04:02 / DQA1*06:01,0.291,0.291,,6397,6397.0,,0.08468099999999999,DRB1,,,,
DRB1*09:01,DQB1*05:01 / DQA1*01:01,0.295,0.261,0.353,27200,6399.0,20801.0,0.08702499999999999,DRB1,,,,
DRB1*09:01,DQB1*05:01 / DQA1*01:02,0.244,0.244,,6399,6399.0,,0.059536,DRB1,,,,
DRB1*09:01,DQB1*05:02 / DQA1*01:02,0.301,0.246,0.352,27217,6399.0,20818.0,0.09060099999999999,DRB1,,,,
DRB1*09:01,DQB1*05:03 / DQA1*01:01,0.277,,0.277,0,,0.0,0.07672900000000002,DRB1,,,,
DRB1*09:01,DQB1*05:03 / DQA1*01:04,0.306,0.306,,6399,6399.0,,0.093636,DRB1,,,,
DRB1*09:01,DQB1*06:01 / DQA1*01:03,0.322,0.233,0.347,27199,6398.0,20801.0,0.10368400000000001,DRB1,,,,
DRB1*09:01,DQB1*06:01 / DQA1*01:04,0.264,0.264,,6399,6399.0,,0.06969600000000001,DRB1,,,,
DRB1*09:01,DQB1*06:01 / DQA1*02:01,0.346,0.346,,6397,6397.0,,0.11971599999999999,DRB1,,,,
DRB1*09:01,DQB1*06:02 / DQA1*01:01,0.329,,0.329,20760,,20760.0,0.108241,DRB1,,,,
DRB1*09:01,DQB1*06:02 / DQA1*01:02,0.304,0.186,0.337,27217,6399.0,20818.0,0.092416,DRB1,,,,
DRB1*09:01,DQB1*06:03 / DQA1*01:03,0.246,0.221,0.272,27158,6398.0,20760.0,0.060516,DRB1,,,,
DRB1*09:01,DQB1*06:04 / DQA1*01:02,0.307,0.299,0.364,27159,6399.0,20760.0,0.094249,DRB1,,,,
DRB1*09:01,DQB1*06:09 / DQA1*01:02,0.342,,0.342,20760,,20760.0,0.11696400000000001,DRB1,,,,
DRB1*09:01,DRB1*09:02,0.891,,0.891,20760,,20760.0,0.7938810000000001,DRB1,,,,
DRB1*09:01,DRB1*10:01,0.623,0.49,0.65,27217,6399.0,20818.0,0.388129,DRB1,,,,
DRB1*09:01,DRB1*11:01,0.309,0.223,0.34,27213,6395.0,20818.0,0.095481,DRB1,,,,
DRB1*09:01,DRB1*11:03,0.237,0.237,,6395,6395.0,,0.056169,DRB1,,,,
DRB1*09:01,DRB1*11:04,0.28,0.208,0.31,26194,6395.0,19799.0,0.07840000000000001,DRB1,,,,
DRB1*09:01,DRB1*12:01,0.45,0.347,0.475,27215,6397.0,20818.0,0.2025,DRB1,,,,
DRB1*09:01,DRB1*12:02,0.417,0.327,0.448,27157,6397.0,20760.0,0.173889,DRB1,,,,
DRB1*09:01,DRB1*13:01,0.301,0.247,0.347,27216,6398.0,20818.0,0.09060099999999999,DRB1,,,,
DRB1*09:01,DRB1*13:02,0.179,,0.179,0,,0.0,0.032041,DRB1,,,,
DRB1*09:01,DRB1*13:03,0.301,0.272,0.327,27215,6397.0,20818.0,0.09060099999999999,DRB1,,,,
DRB1*09:01,DRB1*13:05,0.275,0.275,,6397,6397.0,,0.07562500000000001,DRB1,,,,
DRB1*09:01,DRB1*14:01,0.479,0.368,0.502,27216,6398.0,20818.0,0.22944099999999998,DRB1,,,,
DRB1*09:01,DRB1*14:02,0.457,,0.457,17207,,17207.0,0.208849,DRB1,,,,
DRB1*09:01,DRB1*14:03,0.283,0.293,0.195,6397,6397.0,0.0,0.08008899999999998,DRB1,,,,
DRB1*09:01,DRB1*14:04,0.388,0.385,0.335,6398,6398.0,0.0,0.150544,DRB1,,,,
DRB1*09:01,DRB1*14:05,0.368,,0.368,0,,0.0,0.135424,DRB1,,,,
DRB1*09:01,DRB1*14:06,0.343,,0.343,0,,0.0,0.11764900000000002,DRB1,,,,
DRB1*09:01,DRB1*14:54,0.49,,0.49,17207,,17207.0,0.24009999999999998,DRB1,,,,
DRB1*09:01,DRB1*15:01,0.449,0.325,0.481,27217,6399.0,20818.0,0.201601,DRB1,,,,
DRB1*09:01,DRB1*15:02,0.464,0.396,0.497,27217,6399.0,20818.0,0.21529600000000002,DRB1,,,,
DRB1*09:01,DRB1*15:03,0.458,0.403,0.501,26198,6399.0,19799.0,0.209764,DRB1,,,,
DRB1*09:01,DRB1*16:01,0.431,0.313,0.455,27216,6398.0,20818.0,0.18576099999999998,DRB1,,,,
DRB1*09:01,DRB1*16:02,0.429,0.292,0.462,27158,6398.0,20760.0,0.18404099999999998,DRB1,,,,
DRB1*09:01,DRB3*01:01,0.441,0.443,0.511,27200,6399.0,20801.0,0.19448100000000001,DRB1,,,,
DRB1*09:01,DRB3*02:01,0.105,,0.105,17,,17.0,0.011024999999999998,DRB1,,,,
DRB1*09:01,DRB3*02:02,0.337,0.377,0.379,27198,6397.0,20801.0,0.11356900000000002,DRB1,,,,
DRB1*09:01,DRB3*03:01,0.418,0.442,0.471,25307,6398.0,18909.0,0.174724,DRB1,,,,
DRB1*09:01,DRB4*01:01,0.458,0.497,0.508,27200,6399.0,20801.0,0.209764,DRB1,,,,
DRB1*09:01,DRB4*01:03,0.506,,0.506,20818,,20818.0,0.256036,DRB1,,,,
DRB1*09:01,DRB5*01:01,0.505,0.511,0.555,27216,6398.0,20818.0,0.255025,DRB1,,,,
DRB1*09:01,DRB5*01:02,0.525,,0.525,0,,0.0,0.275625,DRB1,,,,
DRB1*09:01,DRB5*02:02,0.525,0.548,0.599,27200,6399.0,20801.0,0.275625,DRB1,,,,
DRB1*09:02,DPB1*01:01 / DPA1*01:03,0.312,,0.312,19799,,19799.0,0.097344,DRB1,,,,
DRB1*09:02,DPB1*01:01 / DPA1*02:01,0.28,,0.28,20760,,20760.0,0.07840000000000001,DRB1,,,,
DRB1*09:02,DPB1*02:01 / DPA1*01:03,0.274,,0.274,20760,,20760.0,0.07507600000000002,DRB1,,,,
DRB1*09:02,DPB1*02:02 / DPA1*01:03,0.037,,0.037,0,,0.0,0.0013689999999999998,DRB1,,,,
DRB1*09:02,DPB1*02:02 / DPA1*02:01,0.34,,0.34,3553,,3553.0,0.11560000000000002,DRB1,,,,
DRB1*09:02,DPB1*03:01 / DPA1*01:03,0.329,,0.329,20760,,20760.0,0.108241,DRB1,,,,
DRB1*09:02,DPB1*03:01 / DPA1*01:04,0.396,,0.396,2287,,2287.0,0.156816,DRB1,,,,
DRB1*09:02,DPB1*03:01 / DPA1*01:05,0.338,,0.338,17512,,17512.0,0.11424400000000001,DRB1,,,,
DRB1*09:02,DPB1*03:01 / DPA1*02:01,0.353,,0.353,18909,,18909.0,0.12460899999999998,DRB1,,,,
DRB1*09:02,DPB1*04:01 / DPA1*01:03,0.302,,0.302,20760,,20760.0,0.091204,DRB1,,,,
DRB1*09:02,DPB1*04:02 / DPA1*01:03,0.277,,0.277,20760,,20760.0,0.07672900000000002,DRB1,,,,
DRB1*09:02,DPB1*05:01 / DPA1*02:01,0.376,,0.376,20760,,20760.0,0.141376,DRB1,,,,
DRB1*09:02,DPB1*05:01 / DPA1*02:02,0.282,,0.282,15432,,15432.0,0.07952399999999998,DRB1,,,,
DRB1*09:02,DPB1*06:01 / DPA1*01:03,0.334,,0.334,15432,,15432.0,0.11155600000000002,DRB1,,,,
DRB1*09:02,DPB1*06:01 / DPA1*02:01,0.367,,0.367,18909,,18909.0,0.134689,DRB1,,,,
DRB1*09:02,DPB1*09:01 / DPA1*02:01,0.358,,0.358,20760,,20760.0,0.128164,DRB1,,,,
DRB1*09:02,DPB1*105:01 / DPA1*02:01,0.056,,0.056,0,,0.0,0.0031360000000000003,DRB1,,,,
DRB1*09:02,DPB1*107:01 / DPA1*02:01,0.169,,0.169,0,,0.0,0.028561000000000003,DRB1,,,,
DRB1*09:02,DPB1*10:01 / DPA1*02:01,0.362,,0.362,6196,,6196.0,0.131044,DRB1,,,,
DRB1*09:02,DPB1*10:01 / DPA1*02:02,0.302,,0.302,14564,,14564.0,0.091204,DRB1,,,,
DRB1*09:02,DPB1*11:01 / DPA1*01:03,0.354,,0.354,17512,,17512.0,0.12531599999999998,DRB1,,,,
DRB1*09:02,DPB1*11:01 / DPA1*01:04,0.371,,0.371,2265,,2265.0,0.13764099999999999,DRB1,,,,
DRB1*09:02,DPB1*11:01 / DPA1*01:05,0.342,,0.342,2080,,2080.0,0.11696400000000001,DRB1,,,,
DRB1*09:02,DPB1*11:01 / DPA1*02:01,0.422,,0.422,3248,,3248.0,0.178084,DRB1,,,,
DRB1*09:02,DPB1*11:01 / DPA1*02:02,0.332,,0.332,14564,,14564.0,0.11022400000000002,DRB1,,,,
DRB1*09:02,DPB1*13:01 / DPA1*01:04,0.386,,0.386,1397,,1397.0,0.14899600000000002,DRB1,,,,
DRB1*09:02,DPB1*13:01 / DPA1*01:05,0.372,,0.372,2080,,2080.0,0.138384,DRB1,,,,
DRB1*09:02,DPB1*13:01 / DPA1*02:01,0.362,,0.362,20633,,20633.0,0.131044,DRB1,,,,
DRB1*09:02,DPB1*13:01 / DPA1*02:02,0.358,,0.358,15432,,15432.0,0.128164,DRB1,,,,
DRB1*09:02,DPB1*13:01 / DPA1*03:01,0.372,,0.372,15432,,15432.0,0.138384,DRB1,,,,
DRB1*09:02,DPB1*13:01 / DPA1*04:01,0.451,,0.451,3248,,3248.0,0.203401,DRB1,,,,
DRB1*09:02,DPB1*14:01 / DPA1*02:01,0.303,,0.303,20760,,20760.0,0.091809,DRB1,,,,
DRB1*09:02,DPB1*15:01 / DPA1*02:01,0.355,,0.355,20760,,20760.0,0.126025,DRB1,,,,
DRB1*09:02,DPB1*17:01 / DPA1*02:01,0.366,,0.366,20760,,20760.0,0.133956,DRB1,,,,
DRB1*09:02,DPB1*18:01 / DPA1*01:04,0.32,,0.32,19799,,19799.0,0.1024,DRB1,,,,
DRB1*09:02,DPB1*18:01 / DPA1*01:05,0.317,,0.317,19799,,19799.0,0.10048900000000001,DRB1,,,,
DRB1*09:02,DPB1*18:01 / DPA1*02:01,0.352,,0.352,20760,,20760.0,0.12390399999999999,DRB1,,,,
DRB1*09:02,DPB1*19:01 / DPA1*01:03,0.34,,0.34,17512,,17512.0,0.11560000000000002,DRB1,,,,
DRB1*09:02,DPB1*19:01 / DPA1*02:01,0.413,,0.413,3248,,3248.0,0.17056899999999997,DRB1,,,,
DRB1*09:02,DPB1*20:01 / DPA1*01:03,0.386,,0.386,2287,,2287.0,0.14899600000000002,DRB1,,,,
DRB1*09:02,DPB1*20:01 / DPA1*03:01,0.317,,0.317,15432,,15432.0,0.10048900000000001,DRB1,,,,
DRB1*09:02,DPB1*23:01 / DPA1*01:03,0.281,,0.281,15432,,15432.0,0.07896100000000002,DRB1,,,,
DRB1*09:02,DPB1*23:01 / DPA1*02:01,0.355,,0.355,5328,,5328.0,0.126025,DRB1,,,,
DRB1*09:02,DPB1*26:01 / DPA1*03:01,0.144,,0.144,0,,0.0,0.020735999999999997,DRB1,,,,
DRB1*09:02,DPB1*28:01 / DPA1*01:03,0.259,,0.259,15432,,15432.0,0.067081,DRB1,,,,
DRB1*09:02,DPB1*28:01 / DPA1*01:04,0.339,,0.339,2287,,2287.0,0.11492100000000001,DRB1,,,,
DRB1*09:02,DPB1*28:01 / DPA1*01:05,0.288,,0.288,17512,,17512.0,0.08294399999999999,DRB1,,,,
DRB1*09:02,DPB1*28:01 / DPA1*02:01,0.35,,0.35,2080,,2080.0,0.12249999999999998,DRB1,,,,
DRB1*09:02,DPB1*28:01 / DPA1*02:02,0.34,,0.34,1397,,1397.0,0.11560000000000002,DRB1,,,,
DRB1*09:02,DPB1*28:01 / DPA1*04:01,0.313,,0.313,15432,,15432.0,0.097969,DRB1,,,,
DRB1*09:02,DPB1*30:01 / DPA1*02:01,0.123,,0.123,0,,0.0,0.015129,DRB1,,,,
DRB1*09:02,DPB1*31:01 / DPA1*03:01,0.13,,0.13,0,,0.0,0.016900000000000002,DRB1,,,,
DRB1*09:02,DPB1*40:01 / DPA1*01:05,0.096,,0.096,0,,0.0,0.009216,DRB1,,,,
DRB1*09:02,DPB1*85:01 / DPA1*01:03,0.133,,0.133,0,,0.0,0.017689000000000003,DRB1,,,,
DRB1*09:02,DQB1*02:01 / DQA1*02:01,0.454,,0.454,20760,,20760.0,0.20611600000000002,DRB1,,,,
DRB1*09:02,DQB1*02:01 / DQA1*03:01,0.445,,0.445,20760,,20760.0,0.198025,DRB1,,,,
DRB1*09:02,DQB1*02:01 / DQA1*04:01,0.418,,0.418,20760,,20760.0,0.174724,DRB1,,,,
DRB1*09:02,DQB1*02:01 / DQA1*05:01,0.338,,0.338,20760,,20760.0,0.11424400000000001,DRB1,,,,
DRB1*09:02,DQB1*02:02 / DQA1*02:01,0.452,,0.452,20760,,20760.0,0.204304,DRB1,,,,
DRB1*09:02,DQB1*03:01 / DQA1*02:01,0.321,,0.321,19799,,19799.0,0.10304100000000001,DRB1,,,,
DRB1*09:02,DQB1*03:01 / DQA1*03:01,0.316,,0.316,20760,,20760.0,0.099856,DRB1,,,,
DRB1*09:02,DQB1*03:01 / DQA1*05:03,0.215,,0.215,20760,,20760.0,0.046224999999999995,DRB1,,,,
DRB1*09:02,DQB1*03:01 / DQA1*06:01,0.229,,0.229,20760,,20760.0,0.052441,DRB1,,,,
DRB1*09:02,DQB1*03:02 / DQA1*01:01,0.365,,0.365,5328,,5328.0,0.13322499999999998,DRB1,,,,
DRB1*09:02,DQB1*03:02 / DQA1*02:01,0.331,,0.331,19799,,19799.0,0.109561,DRB1,,,,
DRB1*09:02,DQB1*03:02 / DQA1*03:01,0.32,,0.32,20760,,20760.0,0.1024,DRB1,,,,
DRB1*09:02,DQB1*03:02 / DQA1*03:02,0.282,,0.282,16092,,16092.0,0.07952399999999998,DRB1,,,,
DRB1*09:02,DQB1*03:02 / DQA1*03:03,0.268,,0.268,4541,,4541.0,0.07182400000000001,DRB1,,,,
DRB1*09:02,DQB1*03:03 / DQA1*02:01,0.343,,0.343,20760,,20760.0,0.11764900000000002,DRB1,,,,
DRB1*09:02,DQB1*03:03 / DQA1*03:01,0.323,,0.323,20760,,20760.0,0.104329,DRB1,,,,
DRB1*09:02,DQB1*03:03 / DQA1*03:02,0.315,,0.315,20760,,20760.0,0.09922500000000001,DRB1,,,,
DRB1*09:02,DQB1*03:04 / DQA1*03:01,0.441,,0.441,127,,127.0,0.19448100000000001,DRB1,,,,
DRB1*09:02,DQB1*03:19 / DQA1*02:01,0.149,,0.149,0,,0.0,0.022201,DRB1,,,,
DRB1*09:02,DQB1*03:19 / DQA1*05:05,0.207,,0.207,20677,,20677.0,0.042849,DRB1,,,,
DRB1*09:02,DQB1*04:01 / DQA1*02:01,0.423,,0.423,20760,,20760.0,0.17892899999999998,DRB1,,,,
DRB1*09:02,DQB1*04:01 / DQA1*03:03,0.369,,0.369,20760,,20760.0,0.136161,DRB1,,,,
DRB1*09:02,DQB1*04:02 / DQA1*02:01,0.412,,0.412,20760,,20760.0,0.16974399999999998,DRB1,,,,
DRB1*09:02,DQB1*04:02 / DQA1*04:01,0.349,,0.349,20760,,20760.0,0.12180099999999998,DRB1,,,,
DRB1*09:02,DQB1*05:01 / DQA1*01:01,0.349,,0.349,20760,,20760.0,0.12180099999999998,DRB1,,,,
DRB1*09:02,DQB1*05:02 / DQA1*01:02,0.349,,0.349,20760,,20760.0,0.12180099999999998,DRB1,,,,
DRB1*09:02,DQB1*05:03 / DQA1*01:01,0.233,,0.233,0,,0.0,0.054289000000000004,DRB1,,,,
DRB1*09:02,DQB1*06:01 / DQA1*01:03,0.346,,0.346,20760,,20760.0,0.11971599999999999,DRB1,,,,
DRB1*09:02,DQB1*06:02 / DQA1*01:01,0.324,,0.324,20760,,20760.0,0.104976,DRB1,,,,
DRB1*09:02,DQB1*06:02 / DQA1*01:02,0.33,,0.33,20760,,20760.0,0.10890000000000001,DRB1,,,,
DRB1*09:02,DQB1*06:03 / DQA1*01:03,0.256,,0.256,20760,,20760.0,0.065536,DRB1,,,,
DRB1*09:02,DQB1*06:04 / DQA1*01:02,0.355,,0.355,20760,,20760.0,0.126025,DRB1,,,,
DRB1*09:02,DQB1*06:09 / DQA1*01:02,0.335,,0.335,20760,,20760.0,0.11222500000000002,DRB1,,,,
DRB1*09:02,DRB1*10:01,0.693,,0.693,20760,,20760.0,0.4802489999999999,DRB1,,,,
DRB1*09:02,DRB1*11:01,0.357,,0.357,20760,,20760.0,0.12744899999999998,DRB1,,,,
DRB1*09:02,DRB1*11:04,0.306,,0.306,19799,,19799.0,0.093636,DRB1,,,,
DRB1*09:02,DRB1*12:01,0.435,,0.435,20760,,20760.0,0.189225,DRB1,,,,
DRB1*09:02,DRB1*12:02,0.406,,0.406,20760,,20760.0,0.164836,DRB1,,,,
DRB1*09:02,DRB1*13:01,0.337,,0.337,20760,,20760.0,0.11356900000000002,DRB1,,,,
DRB1*09:02,DRB1*13:02,0.139,,0.139,0,,0.0,0.019321000000000005,DRB1,,,,
DRB1*09:02,DRB1*13:03,0.335,,0.335,20760,,20760.0,0.11222500000000002,DRB1,,,,
DRB1*09:02,DRB1*14:01,0.475,,0.475,20760,,20760.0,0.225625,DRB1,,,,
DRB1*09:02,DRB1*14:02,0.443,,0.443,17207,,17207.0,0.196249,DRB1,,,,
DRB1*09:02,DRB1*14:03,0.173,,0.173,0,,0.0,0.029928999999999997,DRB1,,,,
DRB1*09:02,DRB1*14:04,0.328,,0.328,0,,0.0,0.10758400000000001,DRB1,,,,
DRB1*09:02,DRB1*14:05,0.376,,0.376,0,,0.0,0.141376,DRB1,,,,
DRB1*09:02,DRB1*14:06,0.334,,0.334,0,,0.0,0.11155600000000002,DRB1,,,,
DRB1*09:02,DRB1*14:54,0.458,,0.458,17207,,17207.0,0.209764,DRB1,,,,
DRB1*09:02,DRB1*15:01,0.497,,0.497,20760,,20760.0,0.247009,DRB1,,,,
DRB1*09:02,DRB1*15:02,0.505,,0.505,20760,,20760.0,0.255025,DRB1,,,,
DRB1*09:02,DRB1*15:03,0.494,,0.494,19799,,19799.0,0.244036,DRB1,,,,
DRB1*09:02,DRB1*16:01,0.463,,0.463,20760,,20760.0,0.21436900000000003,DRB1,,,,
DRB1*09:02,DRB1*16:02,0.462,,0.462,20760,,20760.0,0.21344400000000002,DRB1,,,,
DRB1*09:02,DRB3*01:01,0.421,,0.421,20760,,20760.0,0.17724099999999998,DRB1,,,,
DRB1*09:02,DRB3*02:01,0.112,,0.112,0,,0.0,0.012544000000000001,DRB1,,,,
DRB1*09:02,DRB3*02:02,0.4,,0.4,20760,,20760.0,0.16000000000000003,DRB1,,,,
DRB1*09:02,DRB3*03:01,0.361,,0.361,18909,,18909.0,0.130321,DRB1,,,,
DRB1*09:02,DRB4*01:01,0.531,,0.531,20760,,20760.0,0.281961,DRB1,,,,
DRB1*09:02,DRB4*01:03,0.565,,0.565,20760,,20760.0,0.3192249999999999,DRB1,,,,
DRB1*09:02,DRB5*01:01,0.562,,0.562,20760,,20760.0,0.31584400000000007,DRB1,,,,
DRB1*09:02,DRB5*01:02,0.546,,0.546,0,,0.0,0.29811600000000005,DRB1,,,,
DRB1*09:02,DRB5*02:02,0.644,,0.644,20760,,20760.0,0.41473600000000005,DRB1,,,,
DRB1*10:01,DPB1*01:01 / DPA1*01:03,0.312,0.314,0.321,26198,6399.0,19799.0,0.097344,DRB1,,,,
DRB1*10:01,DPB1*01:01 / DPA1*02:01,0.276,0.28,0.275,27216,6398.0,20818.0,0.07617600000000001,DRB1,,,,
DRB1*10:01,DPB1*01:01 / DPA1*02:02,0.33,0.33,,6398,6398.0,,0.10890000000000001,DRB1,,,,
DRB1*10:01,DPB1*01:01 / DPA1*03:01,0.329,0.329,,6399,6399.0,,0.108241,DRB1,,,,
DRB1*10:01,DPB1*02:01 / DPA1*01:03,0.303,0.245,0.321,27216,6398.0,20818.0,0.091809,DRB1,,,,
DRB1*10:01,DPB1*02:02 / DPA1*01:03,0.064,,0.064,0,,0.0,0.004096,DRB1,,,,
DRB1*10:01,DPB1*02:02 / DPA1*02:01,0.389,,0.389,3553,,3553.0,0.151321,DRB1,,,,
DRB1*10:01,DPB1*03:01 / DPA1*01:03,0.295,0.246,0.312,27217,6399.0,20818.0,0.08702499999999999,DRB1,,,,
DRB1*10:01,DPB1*03:01 / DPA1*01:04,0.389,,0.389,2287,,2287.0,0.151321,DRB1,,,,
DRB1*10:01,DPB1*03:01 / DPA1*01:05,0.319,,0.319,17512,,17512.0,0.101761,DRB1,,,,
DRB1*10:01,DPB1*03:01 / DPA1*02:01,0.34,,0.34,18909,,18909.0,0.11560000000000002,DRB1,,,,
DRB1*10:01,DPB1*04:01 / DPA1*01:03,0.314,0.211,0.343,27217,6399.0,20818.0,0.098596,DRB1,,,,
DRB1*10:01,DPB1*04:01 / DPA1*02:01,0.233,0.233,,6398,6398.0,,0.054289000000000004,DRB1,,,,
DRB1*10:01,DPB1*04:01 / DPA1*02:02,0.253,0.253,,6398,6398.0,,0.064009,DRB1,,,,
DRB1*10:01,DPB1*04:01 / DPA1*03:01,0.225,0.225,,6399,6399.0,,0.050625,DRB1,,,,
DRB1*10:01,DPB1*04:01 / DPA1*04:01,0.259,0.259,,6399,6399.0,,0.067081,DRB1,,,,
DRB1*10:01,DPB1*04:02 / DPA1*01:03,0.297,0.18,0.324,27199,6398.0,20801.0,0.088209,DRB1,,,,
DRB1*10:01,DPB1*04:02 / DPA1*03:01,0.206,0.206,,6398,6398.0,,0.042435999999999995,DRB1,,,,
DRB1*10:01,DPB1*05:01 / DPA1*02:01,0.344,0.209,0.369,27216,6398.0,20818.0,0.11833599999999998,DRB1,,,,
DRB1*10:01,DPB1*05:01 / DPA1*02:02,0.275,0.239,0.28,21830,6398.0,15432.0,0.07562500000000001,DRB1,,,,
DRB1*10:01,DPB1*05:01 / DPA1*03:01,0.258,0.258,,6399,6399.0,,0.066564,DRB1,,,,
DRB1*10:01,DPB1*06:01 / DPA1*01:03,0.287,0.194,0.315,21831,6399.0,15432.0,0.08236899999999998,DRB1,,,,
DRB1*10:01,DPB1*06:01 / DPA1*02:01,0.357,,0.357,18909,,18909.0,0.12744899999999998,DRB1,,,,
DRB1*10:01,DPB1*09:01 / DPA1*02:01,0.323,0.257,0.346,27199,6398.0,20801.0,0.104329,DRB1,,,,
DRB1*10:01,DPB1*105:01 / DPA1*02:01,0.086,,0.086,0,,0.0,0.007395999999999999,DRB1,,,,
DRB1*10:01,DPB1*107:01 / DPA1*02:01,0.129,,0.129,0,,0.0,0.016641,DRB1,,,,
DRB1*10:01,DPB1*10:01 / DPA1*02:01,0.326,,0.326,6254,,6254.0,0.10627600000000001,DRB1,,,,
DRB1*10:01,DPB1*10:01 / DPA1*02:02,0.304,,0.304,14564,,14564.0,0.092416,DRB1,,,,
DRB1*10:01,DPB1*11:01 / DPA1*01:03,0.333,,0.333,17512,,17512.0,0.11088900000000002,DRB1,,,,
DRB1*10:01,DPB1*11:01 / DPA1*01:04,0.348,,0.348,2265,,2265.0,0.12110399999999999,DRB1,,,,
DRB1*10:01,DPB1*11:01 / DPA1*01:05,0.324,,0.324,2080,,2080.0,0.104976,DRB1,,,,
DRB1*10:01,DPB1*11:01 / DPA1*02:01,0.31,0.214,0.431,9704,6398.0,3306.0,0.0961,DRB1,,,,
DRB1*10:01,DPB1*11:01 / DPA1*02:02,0.306,,0.306,14564,,14564.0,0.093636,DRB1,,,,
DRB1*10:01,DPB1*13:01 / DPA1*01:04,0.42,,0.42,1397,,1397.0,0.17639999999999997,DRB1,,,,
DRB1*10:01,DPB1*13:01 / DPA1*01:05,0.373,,0.373,2080,,2080.0,0.139129,DRB1,,,,
DRB1*10:01,DPB1*13:01 / DPA1*02:01,0.315,0.19,0.343,27031,6398.0,20633.0,0.09922500000000001,DRB1,,,,
DRB1*10:01,DPB1*13:01 / DPA1*02:02,0.335,,0.335,15432,,15432.0,0.11222500000000002,DRB1,,,,
DRB1*10:01,DPB1*13:01 / DPA1*03:01,0.343,,0.343,15432,,15432.0,0.11764900000000002,DRB1,,,,
DRB1*10:01,DPB1*13:01 / DPA1*04:01,0.323,0.249,0.423,9704,6398.0,3306.0,0.104329,DRB1,,,,
DRB1*10:01,DPB1*14:01 / DPA1*02:01,0.276,0.237,0.297,27199,6398.0,20801.0,0.07617600000000001,DRB1,,,,
DRB1*10:01,DPB1*15:01 / DPA1*02:01,0.36,0.307,0.373,27158,6398.0,20760.0,0.1296,DRB1,,,,
DRB1*10:01,DPB1*17:01 / DPA1*02:01,0.317,0.243,0.346,27216,6398.0,20818.0,0.10048900000000001,DRB1,,,,
DRB1*10:01,DPB1*18:01 / DPA1*01:03,0.227,0.227,,6399,6399.0,,0.051529000000000005,DRB1,,,,
DRB1*10:01,DPB1*18:01 / DPA1*01:04,0.36,,0.36,19799,,19799.0,0.1296,DRB1,,,,
DRB1*10:01,DPB1*18:01 / DPA1*01:05,0.355,,0.355,19799,,19799.0,0.126025,DRB1,,,,
DRB1*10:01,DPB1*18:01 / DPA1*02:01,0.38,,0.38,20760,,20760.0,0.1444,DRB1,,,,
DRB1*10:01,DPB1*19:01 / DPA1*01:03,0.362,,0.362,17512,,17512.0,0.131044,DRB1,,,,
DRB1*10:01,DPB1*19:01 / DPA1*02:01,0.325,0.22,0.483,9687,6398.0,3289.0,0.10562500000000001,DRB1,,,,
DRB1*10:01,DPB1*20:01 / DPA1*01:03,0.422,,0.422,2287,,2287.0,0.178084,DRB1,,,,
DRB1*10:01,DPB1*20:01 / DPA1*03:01,0.314,,0.314,15432,,15432.0,0.098596,DRB1,,,,
DRB1*10:01,DPB1*23:01 / DPA1*01:03,0.331,,0.331,15432,,15432.0,0.109561,DRB1,,,,
DRB1*10:01,DPB1*23:01 / DPA1*02:01,0.368,,0.368,5328,,5328.0,0.135424,DRB1,,,,
DRB1*10:01,DPB1*26:01 / DPA1*03:01,0.11,,0.11,0,,0.0,0.0121,DRB1,,,,
DRB1*10:01,DPB1*28:01 / DPA1*01:03,0.327,,0.327,15432,,15432.0,0.10692900000000001,DRB1,,,,
DRB1*10:01,DPB1*28:01 / DPA1*01:04,0.408,,0.408,2287,,2287.0,0.16646399999999997,DRB1,,,,
DRB1*10:01,DPB1*28:01 / DPA1*01:05,0.342,,0.342,17512,,17512.0,0.11696400000000001,DRB1,,,,
DRB1*10:01,DPB1*28:01 / DPA1*02:01,0.386,,0.386,2080,,2080.0,0.14899600000000002,DRB1,,,,
DRB1*10:01,DPB1*28:01 / DPA1*02:02,0.275,0.246,0.403,7794,6397.0,1397.0,0.07562500000000001,DRB1,,,,
DRB1*10:01,DPB1*28:01 / DPA1*04:01,0.35,,0.35,15432,,15432.0,0.12249999999999998,DRB1,,,,
DRB1*10:01,DPB1*30:01 / DPA1*02:01,0.119,,0.119,0,,0.0,0.014160999999999998,DRB1,,,,
DRB1*10:01,DPB1*31:01 / DPA1*03:01,0.13,,0.13,0,,0.0,0.016900000000000002,DRB1,,,,
DRB1*10:01,DPB1*40:01 / DPA1*01:05,0.125,,0.125,0,,0.0,0.015625,DRB1,,,,
DRB1*10:01,DPB1*85:01 / DPA1*01:03,0.11,,0.11,0,,0.0,0.0121,DRB1,,,,
DRB1*10:01,DQB1*02:01 / DQA1*02:01,0.297,0.152,0.328,27215,6397.0,20818.0,0.088209,DRB1,,,,
DRB1*10:01,DQB1*02:01 / DQA1*03:01,0.332,,0.332,20801,,20801.0,0.11022400000000002,DRB1,,,,
DRB1*10:01,DQB1*02:01 / DQA1*04:01,0.321,,0.321,20760,,20760.0,0.10304100000000001,DRB1,,,,
DRB1*10:01,DQB1*02:01 / DQA1*05:01,0.225,0.217,0.232,27198,6397.0,20801.0,0.050625,DRB1,,,,
DRB1*10:01,DQB1*02:02 / DQA1*02:01,0.304,0.177,0.329,27198,6397.0,20801.0,0.092416,DRB1,,,,
DRB1*10:01,DQB1*02:02 / DQA1*03:02,0.235,0.235,,6397,6397.0,,0.055224999999999996,DRB1,,,,
DRB1*10:01,DQB1*02:02 / DQA1*05:01,0.22,0.22,,6397,6397.0,,0.0484,DRB1,,,,
DRB1*10:01,DQB1*03:01 / DQA1*02:01,0.254,,0.254,19799,,19799.0,0.064516,DRB1,,,,
DRB1*10:01,DQB1*03:01 / DQA1*03:01,0.241,0.208,0.253,27197,6396.0,20801.0,0.058080999999999994,DRB1,,,,
DRB1*10:01,DQB1*03:01 / DQA1*03:02,0.198,0.198,,6396,6396.0,,0.039204,DRB1,,,,
DRB1*10:01,DQB1*03:01 / DQA1*05:01,0.156,0.156,,6396,6396.0,,0.024336,DRB1,,,,
DRB1*10:01,DQB1*03:01 / DQA1*05:03,0.172,,0.172,20760,,20760.0,0.029583999999999996,DRB1,,,,
DRB1*10:01,DQB1*03:01 / DQA1*06:01,0.169,0.191,0.174,27197,6396.0,20801.0,0.028561000000000003,DRB1,,,,
DRB1*10:01,DQB1*03:02 / DQA1*01:01,0.299,,0.299,5369,,5369.0,0.089401,DRB1,,,,
DRB1*10:01,DQB1*03:02 / DQA1*02:01,0.231,0.158,0.248,26194,6395.0,19799.0,0.053361000000000006,DRB1,,,,
DRB1*10:01,DQB1*03:02 / DQA1*03:01,0.236,0.171,0.25,27197,6396.0,20801.0,0.055695999999999996,DRB1,,,,
DRB1*10:01,DQB1*03:02 / DQA1*03:02,0.209,0.219,0.22,22488,6396.0,16092.0,0.043681,DRB1,,,,
DRB1*10:01,DQB1*03:02 / DQA1*03:03,0.229,,0.229,4541,,4541.0,0.052441,DRB1,,,,
DRB1*10:01,DQB1*03:03 / DQA1*02:01,0.275,,0.275,20801,,20801.0,0.07562500000000001,DRB1,,,,
DRB1*10:01,DQB1*03:03 / DQA1*03:01,0.265,,0.265,20801,,20801.0,0.07022500000000001,DRB1,,,,
DRB1*10:01,DQB1*03:03 / DQA1*03:02,0.228,0.229,0.242,27156,6396.0,20760.0,0.051984,DRB1,,,,
DRB1*10:01,DQB1*03:03 / DQA1*04:01,0.212,0.212,,6396,6396.0,,0.044944,DRB1,,,,
DRB1*10:01,DQB1*03:03 / DQA1*06:01,0.237,0.237,,6396,6396.0,,0.056169,DRB1,,,,
DRB1*10:01,DQB1*03:04 / DQA1*03:01,0.445,,0.445,127,,127.0,0.198025,DRB1,,,,
DRB1*10:01,DQB1*03:19 / DQA1*02:01,0.105,,0.105,0,,0.0,0.011024999999999998,DRB1,,,,
DRB1*10:01,DQB1*03:19 / DQA1*05:05,0.158,,0.158,20677,,20677.0,0.024964,DRB1,,,,
DRB1*10:01,DQB1*04:01 / DQA1*02:01,0.346,0.248,0.366,27197,6396.0,20801.0,0.11971599999999999,DRB1,,,,
DRB1*10:01,DQB1*04:01 / DQA1*03:03,0.336,,0.336,20760,,20760.0,0.11289600000000001,DRB1,,,,
DRB1*10:01,DQB1*04:01 / DQA1*04:01,0.26,0.26,,6397,6397.0,,0.06760000000000001,DRB1,,,,
DRB1*10:01,DQB1*04:01 / DQA1*05:01,0.274,0.274,,6397,6397.0,,0.07507600000000002,DRB1,,,,
DRB1*10:01,DQB1*04:02 / DQA1*02:01,0.361,,0.361,20801,,20801.0,0.130321,DRB1,,,,
DRB1*10:01,DQB1*04:02 / DQA1*03:01,0.31,0.31,,6397,6397.0,,0.0961,DRB1,,,,
DRB1*10:01,DQB1*04:02 / DQA1*04:01,0.28,0.215,0.305,27215,6397.0,20818.0,0.07840000000000001,DRB1,,,,
DRB1*10:01,DQB1*04:02 / DQA1*06:01,0.239,0.239,,6397,6397.0,,0.057121,DRB1,,,,
DRB1*10:01,DQB1*05:01 / DQA1*01:01,0.376,0.356,0.421,27200,6399.0,20801.0,0.141376,DRB1,,,,
DRB1*10:01,DQB1*05:01 / DQA1*01:02,0.359,0.359,,6399,6399.0,,0.128881,DRB1,,,,
DRB1*10:01,DQB1*05:02 / DQA1*01:02,0.361,0.376,0.384,27217,6399.0,20818.0,0.130321,DRB1,,,,
DRB1*10:01,DQB1*05:03 / DQA1*01:01,0.287,,0.287,0,,0.0,0.08236899999999998,DRB1,,,,
DRB1*10:01,DQB1*05:03 / DQA1*01:04,0.327,0.327,,6399,6399.0,,0.10692900000000001,DRB1,,,,
DRB1*10:01,DQB1*06:01 / DQA1*01:03,0.323,0.251,0.342,27199,6398.0,20801.0,0.104329,DRB1,,,,
DRB1*10:01,DQB1*06:01 / DQA1*01:04,0.267,0.268,,6399,6399.0,,0.071289,DRB1,,,,
DRB1*10:01,DQB1*06:01 / DQA1*02:01,0.324,0.325,,6397,6397.0,,0.104976,DRB1,,,,
DRB1*10:01,DQB1*06:02 / DQA1*01:01,0.353,,0.353,20760,,20760.0,0.12460899999999998,DRB1,,,,
DRB1*10:01,DQB1*06:02 / DQA1*01:02,0.324,0.248,0.344,27217,6399.0,20818.0,0.104976,DRB1,,,,
DRB1*10:01,DQB1*06:03 / DQA1*01:03,0.248,0.243,0.261,27158,6398.0,20760.0,0.061503999999999996,DRB1,,,,
DRB1*10:01,DQB1*06:04 / DQA1*01:02,0.312,0.291,0.35,27159,6399.0,20760.0,0.097344,DRB1,,,,
DRB1*10:01,DQB1*06:09 / DQA1*01:02,0.337,,0.337,20760,,20760.0,0.11356900000000002,DRB1,,,,
DRB1*10:01,DRB1*11:01,0.287,0.206,0.31,27213,6395.0,20818.0,0.08236899999999998,DRB1,,,,
DRB1*10:01,DRB1*11:03,0.216,0.216,,6395,6395.0,,0.046655999999999996,DRB1,,,,
DRB1*10:01,DRB1*11:04,0.255,0.236,0.272,26194,6395.0,19799.0,0.065025,DRB1,,,,
DRB1*10:01,DRB1*12:01,0.375,0.226,0.402,27215,6397.0,20818.0,0.140625,DRB1,,,,
DRB1*10:01,DRB1*12:02,0.326,0.277,0.345,27157,6397.0,20760.0,0.10627600000000001,DRB1,,,,
DRB1*10:01,DRB1*13:01,0.26,0.202,0.289,27216,6398.0,20818.0,0.06760000000000001,DRB1,,,,
DRB1*10:01,DRB1*13:02,0.1,,0.1,0,,0.0,0.010000000000000002,DRB1,,,,
DRB1*10:01,DRB1*13:03,0.274,0.226,0.295,27215,6397.0,20818.0,0.07507600000000002,DRB1,,,,
DRB1*10:01,DRB1*13:05,0.231,0.231,,6397,6397.0,,0.053361000000000006,DRB1,,,,
DRB1*10:01,DRB1*14:01,0.455,0.338,0.477,27216,6398.0,20818.0,0.20702500000000001,DRB1,,,,
DRB1*10:01,DRB1*14:02,0.434,,0.434,17207,,17207.0,0.188356,DRB1,,,,
DRB1*10:01,DRB1*14:03,0.227,0.24,0.122,6397,6397.0,0.0,0.051529000000000005,DRB1,,,,
DRB1*10:01,DRB1*14:04,0.322,0.315,0.298,6398,6398.0,0.0,0.10368400000000001,DRB1,,,,
DRB1*10:01,DRB1*14:05,0.385,,0.385,0,,0.0,0.148225,DRB1,,,,
DRB1*10:01,DRB1*14:06,0.368,,0.368,0,,0.0,0.135424,DRB1,,,,
DRB1*10:01,DRB1*14:54,0.47,,0.47,17207,,17207.0,0.22089999999999999,DRB1,,,,
DRB1*10:01,DRB1*15:01,0.486,0.322,0.517,27217,6399.0,20818.0,0.236196,DRB1,,,,
DRB1*10:01,DRB1*15:02,0.499,0.381,0.526,27217,6399.0,20818.0,0.249001,DRB1,,,,
DRB1*10:01,DRB1*15:03,0.483,0.366,0.522,26198,6399.0,19799.0,0.233289,DRB1,,,,
DRB1*10:01,DRB1*16:01,0.461,0.305,0.486,27216,6398.0,20818.0,0.21252100000000002,DRB1,,,,
DRB1*10:01,DRB1*16:02,0.44,0.24,0.476,27158,6398.0,20760.0,0.1936,DRB1,,,,
DRB1*10:01,DRB3*01:01,0.3,0.278,0.341,27200,6399.0,20801.0,0.09,DRB1,,,,
DRB1*10:01,DRB3*02:01,0.068,,0.068,17,,17.0,0.0046240000000000005,DRB1,,,,
DRB1*10:01,DRB3*02:02,0.331,0.302,0.36,27198,6397.0,20801.0,0.109561,DRB1,,,,
DRB1*10:01,DRB3*03:01,0.271,0.3,0.304,25307,6398.0,18909.0,0.073441,DRB1,,,,
DRB1*10:01,DRB4*01:01,0.46,0.412,0.499,27200,6399.0,20801.0,0.2116,DRB1,,,,
DRB1*10:01,DRB4*01:03,0.508,,0.508,20818,,20818.0,0.258064,DRB1,,,,
DRB1*10:01,DRB5*01:01,0.51,0.486,0.544,27216,6398.0,20818.0,0.2601,DRB1,,,,
DRB1*10:01,DRB5*01:02,0.524,,0.524,0,,0.0,0.27457600000000004,DRB1,,,,
DRB1*10:01,DRB5*02:02,0.596,0.521,0.664,27200,6399.0,20801.0,0.355216,DRB1,,,,
DRB1*11:01,DPB1*01:01 / DPA1*01:03,0.273,0.271,0.276,26194,6395.0,19799.0,0.07452900000000001,DRB1,,,,
DRB1*11:01,DPB1*01:01 / DPA1*02:01,0.209,0.258,0.209,27212,6394.0,20818.0,0.043681,DRB1,,,,
DRB1*11:01,DPB1*01:01 / DPA1*02:02,0.258,0.258,,6394,6394.0,,0.066564,DRB1,,,,
DRB1*11:01,DPB1*01:01 / DPA1*03:01,0.286,0.286,,6395,6395.0,,0.08179599999999998,DRB1,,,,
DRB1*11:01,DPB1*02:01 / DPA1*01:03,0.441,0.367,0.456,27213,6395.0,20818.0,0.19448100000000001,DRB1,,,,
DRB1*11:01,DPB1*02:02 / DPA1*01:03,0.061,,0.061,0,,0.0,0.003721,DRB1,,,,
DRB1*11:01,DPB1*02:02 / DPA1*02:01,0.284,,0.284,3553,,3553.0,0.08065599999999999,DRB1,,,,
DRB1*11:01,DPB1*03:01 / DPA1*01:03,0.35,0.338,0.351,27213,6395.0,20818.0,0.12249999999999998,DRB1,,,,
DRB1*11:01,DPB1*03:01 / DPA1*01:04,0.428,,0.428,2287,,2287.0,0.18318399999999999,DRB1,,,,
DRB1*11:01,DPB1*03:01 / DPA1*01:05,0.381,,0.381,17512,,17512.0,0.145161,DRB1,,,,
DRB1*11:01,DPB1*03:01 / DPA1*02:01,0.375,,0.375,18909,,18909.0,0.140625,DRB1,,,,
DRB1*11:01,DPB1*04:01 / DPA1*01:03,0.272,0.175,0.292,27213,6395.0,20818.0,0.07398400000000001,DRB1,,,,
DRB1*11:01,DPB1*04:01 / DPA1*02:01,0.23,0.23,,6394,6394.0,,0.0529,DRB1,,,,
DRB1*11:01,DPB1*04:01 / DPA1*02:02,0.229,0.229,,6394,6394.0,,0.052441,DRB1,,,,
DRB1*11:01,DPB1*04:01 / DPA1*03:01,0.232,0.232,,6395,6395.0,,0.053824000000000004,DRB1,,,,
DRB1*11:01,DPB1*04:01 / DPA1*04:01,0.236,0.236,,6395,6395.0,,0.055695999999999996,DRB1,,,,
DRB1*11:01,DPB1*04:02 / DPA1*01:03,0.411,0.323,0.427,27196,6395.0,20801.0,0.168921,DRB1,,,,
DRB1*11:01,DPB1*04:02 / DPA1*03:01,0.418,0.418,,6395,6395.0,,0.174724,DRB1,,,,
DRB1*11:01,DPB1*05:01 / DPA1*02:01,0.255,0.115,0.294,27212,6394.0,20818.0,0.065025,DRB1,,,,
DRB1*11:01,DPB1*05:01 / DPA1*02:02,0.221,0.192,0.237,21826,6394.0,15432.0,0.048841,DRB1,,,,
DRB1*11:01,DPB1*05:01 / DPA1*03:01,0.227,0.227,,6395,6395.0,,0.051529000000000005,DRB1,,,,
DRB1*11:01,DPB1*06:01 / DPA1*01:03,0.366,0.294,0.387,21827,6395.0,15432.0,0.133956,DRB1,,,,
DRB1*11:01,DPB1*06:01 / DPA1*02:01,0.383,,0.383,18909,,18909.0,0.146689,DRB1,,,,
DRB1*11:01,DPB1*09:01 / DPA1*02:01,0.348,0.332,0.352,27195,6394.0,20801.0,0.12110399999999999,DRB1,,,,
DRB1*11:01,DPB1*105:01 / DPA1*02:01,0.26,,0.26,0,,0.0,0.06760000000000001,DRB1,,,,
DRB1*11:01,DPB1*107:01 / DPA1*02:01,0.022,,0.022,0,,0.0,0.00048399999999999995,DRB1,,,,
DRB1*11:01,DPB1*10:01 / DPA1*02:01,0.345,,0.345,6254,,6254.0,0.11902499999999998,DRB1,,,,
DRB1*11:01,DPB1*10:01 / DPA1*02:02,0.4,,0.4,14564,,14564.0,0.16000000000000003,DRB1,,,,
DRB1*11:01,DPB1*11:01 / DPA1*01:03,0.294,,0.294,17512,,17512.0,0.08643599999999999,DRB1,,,,
DRB1*11:01,DPB1*11:01 / DPA1*01:04,0.31,,0.31,2265,,2265.0,0.0961,DRB1,,,,
DRB1*11:01,DPB1*11:01 / DPA1*01:05,0.252,,0.252,2080,,2080.0,0.063504,DRB1,,,,
DRB1*11:01,DPB1*11:01 / DPA1*02:01,0.26,0.198,0.35,9700,6394.0,3306.0,0.06760000000000001,DRB1,,,,
DRB1*11:01,DPB1*11:01 / DPA1*02:02,0.258,,0.258,14564,,14564.0,0.066564,DRB1,,,,
DRB1*11:01,DPB1*13:01 / DPA1*01:04,0.307,,0.307,1397,,1397.0,0.094249,DRB1,,,,
DRB1*11:01,DPB1*13:01 / DPA1*01:05,0.27,,0.27,2080,,2080.0,0.0729,DRB1,,,,
DRB1*11:01,DPB1*13:01 / DPA1*02:01,0.276,0.205,0.289,27027,6394.0,20633.0,0.07617600000000001,DRB1,,,,
DRB1*11:01,DPB1*13:01 / DPA1*02:02,0.283,,0.283,15432,,15432.0,0.08008899999999998,DRB1,,,,
DRB1*11:01,DPB1*13:01 / DPA1*03:01,0.329,,0.329,15432,,15432.0,0.108241,DRB1,,,,
DRB1*11:01,DPB1*13:01 / DPA1*04:01,0.244,0.184,0.315,9700,6394.0,3306.0,0.059536,DRB1,,,,
DRB1*11:01,DPB1*14:01 / DPA1*02:01,0.307,0.273,0.311,27195,6394.0,20801.0,0.094249,DRB1,,,,
DRB1*11:01,DPB1*15:01 / DPA1*02:01,0.301,0.283,0.307,27154,6394.0,20760.0,0.09060099999999999,DRB1,,,,
DRB1*11:01,DPB1*17:01 / DPA1*02:01,0.369,0.317,0.378,27212,6394.0,20818.0,0.136161,DRB1,,,,
DRB1*11:01,DPB1*18:01 / DPA1*01:03,0.331,0.331,,6395,6395.0,,0.109561,DRB1,,,,
DRB1*11:01,DPB1*18:01 / DPA1*01:04,0.472,,0.472,19799,,19799.0,0.22278399999999998,DRB1,,,,
DRB1*11:01,DPB1*18:01 / DPA1*01:05,0.451,,0.451,19799,,19799.0,0.203401,DRB1,,,,
DRB1*11:01,DPB1*18:01 / DPA1*02:01,0.427,,0.427,20760,,20760.0,0.182329,DRB1,,,,
DRB1*11:01,DPB1*19:01 / DPA1*01:03,0.264,,0.264,17512,,17512.0,0.06969600000000001,DRB1,,,,
DRB1*11:01,DPB1*19:01 / DPA1*02:01,0.222,0.193,0.3,9683,6394.0,3289.0,0.049284,DRB1,,,,
DRB1*11:01,DPB1*20:01 / DPA1*01:03,0.329,,0.329,2287,,2287.0,0.108241,DRB1,,,,
DRB1*11:01,DPB1*20:01 / DPA1*03:01,0.375,,0.375,15432,,15432.0,0.140625,DRB1,,,,
DRB1*11:01,DPB1*23:01 / DPA1*01:03,0.271,,0.271,15432,,15432.0,0.073441,DRB1,,,,
DRB1*11:01,DPB1*23:01 / DPA1*02:01,0.278,,0.278,5328,,5328.0,0.07728400000000002,DRB1,,,,
DRB1*11:01,DPB1*26:01 / DPA1*03:01,0.036,,0.036,0,,0.0,0.0012959999999999998,DRB1,,,,
DRB1*11:01,DPB1*28:01 / DPA1*01:03,0.446,,0.446,15432,,15432.0,0.198916,DRB1,,,,
DRB1*11:01,DPB1*28:01 / DPA1*01:04,0.471,,0.471,2287,,2287.0,0.22184099999999998,DRB1,,,,
DRB1*11:01,DPB1*28:01 / DPA1*01:05,0.454,,0.454,17512,,17512.0,0.20611600000000002,DRB1,,,,
DRB1*11:01,DPB1*28:01 / DPA1*02:01,0.402,,0.402,2080,,2080.0,0.16160400000000003,DRB1,,,,
DRB1*11:01,DPB1*28:01 / DPA1*02:02,0.349,0.318,0.406,7791,6394.0,1397.0,0.12180099999999998,DRB1,,,,
DRB1*11:01,DPB1*28:01 / DPA1*04:01,0.436,,0.436,15432,,15432.0,0.190096,DRB1,,,,
DRB1*11:01,DPB1*30:01 / DPA1*02:01,0.001,,0.001,0,,0.0,1e-06,DRB1,,,,
DRB1*11:01,DPB1*31:01 / DPA1*03:01,0.032,,0.032,0,,0.0,0.001024,DRB1,,,,
DRB1*11:01,DPB1*40:01 / DPA1*01:05,0.04,,0.04,0,,0.0,0.0016,DRB1,,,,
DRB1*11:01,DPB1*85:01 / DPA1*01:03,0.034,,0.034,0,,0.0,0.0011560000000000001,DRB1,,,,
DRB1*11:01,DQB1*02:01 / DQA1*02:01,0.198,0.074,0.236,27212,6394.0,20818.0,0.039204,DRB1,,,,
DRB1*11:01,DQB1*02:01 / DQA1*03:01,0.229,,0.229,20801,,20801.0,0.052441,DRB1,,,,
DRB1*11:01,DQB1*02:01 / DQA1*04:01,0.299,,0.299,20760,,20760.0,0.089401,DRB1,,,,
DRB1*11:01,DQB1*02:01 / DQA1*05:01,0.259,0.272,0.258,27195,6394.0,20801.0,0.067081,DRB1,,,,
DRB1*11:01,DQB1*02:02 / DQA1*02:01,0.203,0.15,0.219,27195,6394.0,20801.0,0.041209,DRB1,,,,
DRB1*11:01,DQB1*02:02 / DQA1*03:02,0.191,0.191,,6394,6394.0,,0.036481,DRB1,,,,
DRB1*11:01,DQB1*02:02 / DQA1*05:01,0.248,0.248,,6394,6394.0,,0.061503999999999996,DRB1,,,,
DRB1*11:01,DQB1*03:01 / DQA1*02:01,0.335,,0.335,19799,,19799.0,0.11222500000000002,DRB1,,,,
DRB1*11:01,DQB1*03:01 / DQA1*03:01,0.363,0.365,0.363,27195,6394.0,20801.0,0.131769,DRB1,,,,
DRB1*11:01,DQB1*03:01 / DQA1*03:02,0.317,0.317,,6394,6394.0,,0.10048900000000001,DRB1,,,,
DRB1*11:01,DQB1*03:01 / DQA1*05:01,0.418,0.418,,6394,6394.0,,0.174724,DRB1,,,,
DRB1*11:01,DQB1*03:01 / DQA1*05:03,0.392,,0.392,20760,,20760.0,0.15366400000000002,DRB1,,,,
DRB1*11:01,DQB1*03:01 / DQA1*06:01,0.371,0.391,0.371,27195,6394.0,20801.0,0.13764099999999999,DRB1,,,,
DRB1*11:01,DQB1*03:02 / DQA1*01:01,0.332,,0.332,5369,,5369.0,0.11022400000000002,DRB1,,,,
DRB1*11:01,DQB1*03:02 / DQA1*02:01,0.267,0.21,0.282,26193,6394.0,19799.0,0.071289,DRB1,,,,
DRB1*11:01,DQB1*03:02 / DQA1*03:01,0.281,0.24,0.29,27195,6394.0,20801.0,0.07896100000000002,DRB1,,,,
DRB1*11:01,DQB1*03:02 / DQA1*03:02,0.238,0.274,0.226,22486,6394.0,16092.0,0.05664399999999999,DRB1,,,,
DRB1*11:01,DQB1*03:02 / DQA1*03:03,0.215,,0.215,4541,,4541.0,0.046224999999999995,DRB1,,,,
DRB1*11:01,DQB1*03:03 / DQA1*02:01,0.264,,0.264,20801,,20801.0,0.06969600000000001,DRB1,,,,
DRB1*11:01,DQB1*03:03 / DQA1*03:01,0.278,,0.278,20801,,20801.0,0.07728400000000002,DRB1,,,,
DRB1*11:01,DQB1*03:03 / DQA1*03:02,0.237,0.299,0.225,27154,6394.0,20760.0,0.056169,DRB1,,,,
DRB1*11:01,DQB1*03:03 / DQA1*04:01,0.346,0.346,,6394,6394.0,,0.11971599999999999,DRB1,,,,
DRB1*11:01,DQB1*03:03 / DQA1*06:01,0.346,0.346,,6394,6394.0,,0.11971599999999999,DRB1,,,,
DRB1*11:01,DQB1*03:04 / DQA1*03:01,0.583,,0.583,127,,127.0,0.33988899999999994,DRB1,,,,
DRB1*11:01,DQB1*03:19 / DQA1*02:01,0.254,,0.254,0,,0.0,0.064516,DRB1,,,,
DRB1*11:01,DQB1*03:19 / DQA1*05:05,0.388,,0.388,20677,,20677.0,0.150544,DRB1,,,,
DRB1*11:01,DQB1*04:01 / DQA1*02:01,0.323,0.235,0.346,27195,6394.0,20801.0,0.104329,DRB1,,,,
DRB1*11:01,DQB1*04:01 / DQA1*03:03,0.282,,0.282,20760,,20760.0,0.07952399999999998,DRB1,,,,
DRB1*11:01,DQB1*04:01 / DQA1*04:01,0.332,0.331,,6394,6394.0,,0.11022400000000002,DRB1,,,,
DRB1*11:01,DQB1*04:01 / DQA1*05:01,0.342,0.342,,6394,6394.0,,0.11696400000000001,DRB1,,,,
DRB1*11:01,DQB1*04:02 / DQA1*02:01,0.321,,0.321,20801,,20801.0,0.10304100000000001,DRB1,,,,
DRB1*11:01,DQB1*04:02 / DQA1*03:01,0.299,0.299,,6394,6394.0,,0.089401,DRB1,,,,
DRB1*11:01,DQB1*04:02 / DQA1*04:01,0.364,0.304,0.376,27212,6394.0,20818.0,0.132496,DRB1,,,,
DRB1*11:01,DQB1*04:02 / DQA1*06:01,0.332,0.332,,6394,6394.0,,0.11022400000000002,DRB1,,,,
DRB1*11:01,DQB1*05:01 / DQA1*01:01,0.21,0.24,0.209,27196,6395.0,20801.0,0.04409999999999999,DRB1,,,,
DRB1*11:01,DQB1*05:01 / DQA1*01:02,0.193,0.193,,6395,6395.0,,0.037249000000000004,DRB1,,,,
DRB1*11:01,DQB1*05:02 / DQA1*01:02,0.259,0.247,0.266,27213,6395.0,20818.0,0.067081,DRB1,,,,
DRB1*11:01,DQB1*05:03 / DQA1*01:01,0.009,,0.009,0,,0.0,8.099999999999999e-05,DRB1,,,,
DRB1*11:01,DQB1*05:03 / DQA1*01:04,0.271,0.271,,6395,6395.0,,0.073441,DRB1,,,,
DRB1*11:01,DQB1*06:01 / DQA1*01:03,0.309,0.206,0.336,27195,6394.0,20801.0,0.095481,DRB1,,,,
DRB1*11:01,DQB1*06:01 / DQA1*01:04,0.241,0.24,,6395,6395.0,,0.058080999999999994,DRB1,,,,
DRB1*11:01,DQB1*06:01 / DQA1*02:01,0.27,0.27,,6394,6394.0,,0.0729,DRB1,,,,
DRB1*11:01,DQB1*06:02 / DQA1*01:01,0.3,,0.3,20760,,20760.0,0.09,DRB1,,,,
DRB1*11:01,DQB1*06:02 / DQA1*01:02,0.292,0.207,0.311,27213,6395.0,20818.0,0.08526399999999999,DRB1,,,,
DRB1*11:01,DQB1*06:03 / DQA1*01:03,0.278,0.222,0.289,27154,6394.0,20760.0,0.07728400000000002,DRB1,,,,
DRB1*11:01,DQB1*06:04 / DQA1*01:02,0.292,0.239,0.306,27155,6395.0,20760.0,0.08526399999999999,DRB1,,,,
DRB1*11:01,DQB1*06:09 / DQA1*01:02,0.314,,0.314,20760,,20760.0,0.098596,DRB1,,,,
DRB1*11:01,DRB1*11:03,0.851,0.851,,6395,6395.0,,0.724201,DRB1,,,,
DRB1*11:01,DRB1*11:04,0.928,0.903,0.934,26194,6395.0,19799.0,0.8611840000000001,DRB1,,,,
DRB1*11:01,DRB1*12:01,0.596,0.522,0.612,27213,6395.0,20818.0,0.355216,DRB1,,,,
DRB1*11:01,DRB1*12:02,0.629,0.553,0.645,27155,6395.0,20760.0,0.395641,DRB1,,,,
DRB1*11:01,DRB1*13:01,0.709,0.606,0.73,27213,6395.0,20818.0,0.5026809999999999,DRB1,,,,
DRB1*11:01,DRB1*13:02,0.618,,0.618,0,,0.0,0.381924,DRB1,,,,
DRB1*11:01,DRB1*13:03,0.784,0.735,0.794,27213,6395.0,20818.0,0.6146560000000001,DRB1,,,,
DRB1*11:01,DRB1*13:05,0.661,0.661,,6394,6394.0,,0.43692100000000006,DRB1,,,,
DRB1*11:01,DRB1*14:01,0.597,0.472,0.626,27213,6395.0,20818.0,0.356409,DRB1,,,,
DRB1*11:01,DRB1*14:02,0.646,,0.646,17207,,17207.0,0.417316,DRB1,,,,
DRB1*11:01,DRB1*14:03,0.633,0.64,0.641,6394,6394.0,0.0,0.400689,DRB1,,,,
DRB1*11:01,DRB1*14:04,0.519,0.541,0.45,6395,6395.0,0.0,0.269361,DRB1,,,,
DRB1*11:01,DRB1*14:05,0.448,,0.448,0,,0.0,0.20070400000000002,DRB1,,,,
DRB1*11:01,DRB1*14:06,0.523,,0.523,0,,0.0,0.273529,DRB1,,,,
DRB1*11:01,DRB1*14:54,0.617,,0.617,17207,,17207.0,0.380689,DRB1,,,,
DRB1*11:01,DRB1*15:01,0.457,0.301,0.489,27213,6395.0,20818.0,0.208849,DRB1,,,,
DRB1*11:01,DRB1*15:02,0.488,0.372,0.507,27213,6395.0,20818.0,0.238144,DRB1,,,,
DRB1*11:01,DRB1*15:03,0.452,0.382,0.468,26194,6395.0,19799.0,0.204304,DRB1,,,,
DRB1*11:01,DRB1*16:01,0.533,0.38,0.562,27213,6395.0,20818.0,0.28408900000000004,DRB1,,,,
DRB1*11:01,DRB1*16:02,0.536,0.368,0.569,27155,6395.0,20760.0,0.28729600000000005,DRB1,,,,
DRB1*11:01,DRB3*01:01,0.507,0.491,0.522,27196,6395.0,20801.0,0.257049,DRB1,,,,
DRB1*11:01,DRB3*02:01,0.504,,0.504,17,,17.0,0.254016,DRB1,,,,
DRB1*11:01,DRB3*02:02,0.599,0.582,0.61,27195,6394.0,20801.0,0.358801,DRB1,,,,
DRB1*11:01,DRB3*03:01,0.485,0.529,0.489,25303,6394.0,18909.0,0.235225,DRB1,,,,
DRB1*11:01,DRB4*01:01,0.191,0.225,0.184,27196,6395.0,20801.0,0.036481,DRB1,,,,
DRB1*11:01,DRB4*01:03,0.167,,0.167,20818,,20818.0,0.027889000000000004,DRB1,,,,
DRB1*11:01,DRB5*01:01,0.443,0.412,0.457,27213,6395.0,20818.0,0.196249,DRB1,,,,
DRB1*11:01,DRB5*01:02,0.333,,0.333,0,,0.0,0.11088900000000002,DRB1,,,,
DRB1*11:01,DRB5*02:02,0.355,0.332,0.374,27196,6395.0,20801.0,0.126025,DRB1,,,,
DRB1*11:03,DPB1*01:01 / DPA1*01:03,0.283,0.283,,6395,6395.0,,0.08008899999999998,DRB1,,,,
DRB1*11:03,DPB1*01:01 / DPA1*02:01,0.255,0.255,,6394,6394.0,,0.065025,DRB1,,,,
DRB1*11:03,DPB1*01:01 / DPA1*02:02,0.286,0.286,,6394,6394.0,,0.08179599999999998,DRB1,,,,
DRB1*11:03,DPB1*01:01 / DPA1*03:01,0.289,0.289,,6395,6395.0,,0.08352099999999998,DRB1,,,,
DRB1*11:03,DPB1*02:01 / DPA1*01:03,0.342,0.342,,6395,6395.0,,0.11696400000000001,DRB1,,,,
DRB1*11:03,DPB1*03:01 / DPA1*01:03,0.376,0.376,,6395,6395.0,,0.141376,DRB1,,,,
DRB1*11:03,DPB1*04:01 / DPA1*01:03,0.185,0.185,,6395,6395.0,,0.034225,DRB1,,,,
DRB1*11:03,DPB1*04:01 / DPA1*02:01,0.24,0.24,,6394,6394.0,,0.0576,DRB1,,,,
DRB1*11:03,DPB1*04:01 / DPA1*02:02,0.243,0.243,,6394,6394.0,,0.059049,DRB1,,,,
DRB1*11:03,DPB1*04:01 / DPA1*03:01,0.218,0.218,,6395,6395.0,,0.047524,DRB1,,,,
DRB1*11:03,DPB1*04:01 / DPA1*04:01,0.241,0.241,,6395,6395.0,,0.058080999999999994,DRB1,,,,
DRB1*11:03,DPB1*04:02 / DPA1*01:03,0.374,0.374,,6395,6395.0,,0.139876,DRB1,,,,
DRB1*11:03,DPB1*04:02 / DPA1*03:01,0.41,0.41,,6395,6395.0,,0.16809999999999997,DRB1,,,,
DRB1*11:03,DPB1*05:01 / DPA1*02:01,0.159,0.159,,6394,6394.0,,0.025281,DRB1,,,,
DRB1*11:03,DPB1*05:01 / DPA1*02:02,0.251,0.251,,6394,6394.0,,0.063001,DRB1,,,,
DRB1*11:03,DPB1*05:01 / DPA1*03:01,0.233,0.233,,6395,6395.0,,0.054289000000000004,DRB1,,,,
DRB1*11:03,DPB1*06:01 / DPA1*01:03,0.32,0.32,,6395,6395.0,,0.1024,DRB1,,,,
DRB1*11:03,DPB1*09:01 / DPA1*02:01,0.353,0.353,,6394,6394.0,,0.12460899999999998,DRB1,,,,
DRB1*11:03,DPB1*11:01 / DPA1*02:01,0.155,0.155,,6394,6394.0,,0.024025,DRB1,,,,
DRB1*11:03,DPB1*13:01 / DPA1*02:01,0.232,0.232,,6394,6394.0,,0.053824000000000004,DRB1,,,,
DRB1*11:03,DPB1*13:01 / DPA1*04:01,0.258,0.258,,6394,6394.0,,0.066564,DRB1,,,,
DRB1*11:03,DPB1*14:01 / DPA1*02:01,0.279,0.279,,6394,6394.0,,0.07784100000000002,DRB1,,,,
DRB1*11:03,DPB1*15:01 / DPA1*02:01,0.297,0.297,,6394,6394.0,,0.088209,DRB1,,,,
DRB1*11:03,DPB1*17:01 / DPA1*02:01,0.351,0.351,,6394,6394.0,,0.12320099999999999,DRB1,,,,
DRB1*11:03,DPB1*18:01 / DPA1*01:03,0.342,0.342,,6395,6395.0,,0.11696400000000001,DRB1,,,,
DRB1*11:03,DPB1*19:01 / DPA1*02:01,0.128,0.128,,6394,6394.0,,0.016384,DRB1,,,,
DRB1*11:03,DPB1*28:01 / DPA1*02:02,0.368,0.368,,6394,6394.0,,0.135424,DRB1,,,,
DRB1*11:03,DQB1*02:01 / DQA1*02:01,0.071,0.071,,6394,6394.0,,0.0050409999999999995,DRB1,,,,
DRB1*11:03,DQB1*02:01 / DQA1*05:01,0.303,0.303,,6394,6394.0,,0.091809,DRB1,,,,
DRB1*11:03,DQB1*02:02 / DQA1*02:01,0.158,0.158,,6394,6394.0,,0.024964,DRB1,,,,
DRB1*11:03,DQB1*02:02 / DQA1*03:02,0.224,0.224,,6394,6394.0,,0.050176000000000005,DRB1,,,,
DRB1*11:03,DQB1*02:02 / DQA1*05:01,0.289,0.289,,6394,6394.0,,0.08352099999999998,DRB1,,,,
DRB1*11:03,DQB1*03:01 / DQA1*03:01,0.38,0.38,,6394,6394.0,,0.1444,DRB1,,,,
DRB1*11:03,DQB1*03:01 / DQA1*03:02,0.356,0.356,,6394,6394.0,,0.126736,DRB1,,,,
DRB1*11:03,DQB1*03:01 / DQA1*05:01,0.419,0.419,,6394,6394.0,,0.175561,DRB1,,,,
DRB1*11:03,DQB1*03:01 / DQA1*06:01,0.408,0.408,,6394,6394.0,,0.16646399999999997,DRB1,,,,
DRB1*11:03,DQB1*03:02 / DQA1*02:01,0.228,0.228,,6394,6394.0,,0.051984,DRB1,,,,
DRB1*11:03,DQB1*03:02 / DQA1*03:01,0.244,0.244,,6394,6394.0,,0.059536,DRB1,,,,
DRB1*11:03,DQB1*03:02 / DQA1*03:02,0.262,0.262,,6394,6394.0,,0.06864400000000001,DRB1,,,,
DRB1*11:03,DQB1*03:03 / DQA1*03:02,0.314,0.314,,6394,6394.0,,0.098596,DRB1,,,,
DRB1*11:03,DQB1*03:03 / DQA1*04:01,0.348,0.348,,6394,6394.0,,0.12110399999999999,DRB1,,,,
DRB1*11:03,DQB1*03:03 / DQA1*06:01,0.365,0.365,,6394,6394.0,,0.13322499999999998,DRB1,,,,
DRB1*11:03,DQB1*04:01 / DQA1*02:01,0.239,0.239,,6394,6394.0,,0.057121,DRB1,,,,
DRB1*11:03,DQB1*04:01 / DQA1*04:01,0.363,0.363,,6394,6394.0,,0.131769,DRB1,,,,
DRB1*11:03,DQB1*04:01 / DQA1*05:01,0.369,0.369,,6394,6394.0,,0.136161,DRB1,,,,
DRB1*11:03,DQB1*04:02 / DQA1*03:01,0.334,0.334,,6394,6394.0,,0.11155600000000002,DRB1,,,,
DRB1*11:03,DQB1*04:02 / DQA1*04:01,0.319,0.319,,6394,6394.0,,0.101761,DRB1,,,,
DRB1*11:03,DQB1*04:02 / DQA1*06:01,0.376,0.376,,6394,6394.0,,0.141376,DRB1,,,,
DRB1*11:03,DQB1*05:01 / DQA1*01:01,0.268,0.268,,6395,6395.0,,0.07182400000000001,DRB1,,,,
DRB1*11:03,DQB1*05:01 / DQA1*01:02,0.236,0.236,,6395,6395.0,,0.055695999999999996,DRB1,,,,
DRB1*11:03,DQB1*05:02 / DQA1*01:02,0.256,0.256,,6395,6395.0,,0.065536,DRB1,,,,
DRB1*11:03,DQB1*05:03 / DQA1*01:04,0.282,0.282,,6395,6395.0,,0.07952399999999998,DRB1,,,,
DRB1*11:03,DQB1*06:01 / DQA1*01:03,0.216,0.216,,6394,6394.0,,0.046655999999999996,DRB1,,,,
DRB1*11:03,DQB1*06:01 / DQA1*01:04,0.283,0.283,,6395,6395.0,,0.08008899999999998,DRB1,,,,
DRB1*11:03,DQB1*06:01 / DQA1*02:01,0.286,0.286,,6394,6394.0,,0.08179599999999998,DRB1,,,,
DRB1*11:03,DQB1*06:02 / DQA1*01:02,0.246,0.246,,6395,6395.0,,0.060516,DRB1,,,,
DRB1*11:03,DQB1*06:03 / DQA1*01:03,0.285,0.285,,6394,6394.0,,0.08122499999999999,DRB1,,,,
DRB1*11:03,DQB1*06:04 / DQA1*01:02,0.309,0.309,,6395,6395.0,,0.095481,DRB1,,,,
DRB1*11:03,DRB1*11:04,0.876,0.876,,6395,6395.0,,0.767376,DRB1,,,,
DRB1*11:03,DRB1*12:01,0.561,0.561,,6395,6395.0,,0.3147210000000001,DRB1,,,,
DRB1*11:03,DRB1*12:02,0.571,0.571,,6395,6395.0,,0.32604099999999997,DRB1,,,,
DRB1*11:03,DRB1*13:01,0.685,0.685,,6395,6395.0,,0.46922500000000006,DRB1,,,,
DRB1*11:03,DRB1*13:03,0.749,0.749,,6395,6395.0,,0.561001,DRB1,,,,
DRB1*11:03,DRB1*13:05,0.657,0.657,,6394,6394.0,,0.43164900000000006,DRB1,,,,
DRB1*11:03,DRB1*14:01,0.532,0.532,,6395,6395.0,,0.28302400000000005,DRB1,,,,
DRB1*11:03,DRB1*14:03,0.668,0.668,,6394,6394.0,,0.44622400000000007,DRB1,,,,
DRB1*11:03,DRB1*14:04,0.536,0.536,,6395,6395.0,,0.28729600000000005,DRB1,,,,
DRB1*11:03,DRB1*15:01,0.307,0.307,,6395,6395.0,,0.094249,DRB1,,,,
DRB1*11:03,DRB1*15:02,0.414,0.414,,6395,6395.0,,0.171396,DRB1,,,,
DRB1*11:03,DRB1*15:03,0.404,0.404,,6395,6395.0,,0.16321600000000003,DRB1,,,,
DRB1*11:03,DRB1*16:01,0.455,0.455,,6395,6395.0,,0.20702500000000001,DRB1,,,,
DRB1*11:03,DRB1*16:02,0.38,0.38,,6395,6395.0,,0.1444,DRB1,,,,
DRB1*11:03,DRB3*01:01,0.51,0.51,,6395,6395.0,,0.2601,DRB1,,,,
DRB1*11:03,DRB3*02:02,0.611,0.611,,6394,6394.0,,0.37332099999999996,DRB1,,,,
DRB1*11:03,DRB3*03:01,0.569,0.569,,6394,6394.0,,0.32376099999999997,DRB1,,,,
DRB1*11:03,DRB4*01:01,0.287,0.287,,6395,6395.0,,0.08236899999999998,DRB1,,,,
DRB1*11:03,DRB5*01:01,0.434,0.434,,6395,6395.0,,0.188356,DRB1,,,,
DRB1*11:03,DRB5*02:02,0.381,0.381,,6395,6395.0,,0.145161,DRB1,,,,
DRB1*11:04,DPB1*01:01 / DPA1*01:03,0.295,0.27,0.301,26194,6395.0,19799.0,0.08702499999999999,DRB1,,,,
DRB1*11:04,DPB1*01:01 / DPA1*02:01,0.22,0.235,0.229,26193,6394.0,19799.0,0.0484,DRB1,,,,
DRB1*11:04,DPB1*01:01 / DPA1*02:02,0.279,0.279,,6394,6394.0,,0.07784100000000002,DRB1,,,,
DRB1*11:04,DPB1*01:01 / DPA1*03:01,0.291,0.291,,6395,6395.0,,0.08468099999999999,DRB1,,,,
DRB1*11:04,DPB1*02:01 / DPA1*01:03,0.445,0.355,0.464,26194,6395.0,19799.0,0.198025,DRB1,,,,
DRB1*11:04,DPB1*02:02 / DPA1*01:03,0.064,,0.064,0,,0.0,0.004096,DRB1,,,,
DRB1*11:04,DPB1*02:02 / DPA1*02:01,0.296,,0.296,2592,,2592.0,0.08761599999999999,DRB1,,,,
DRB1*11:04,DPB1*03:01 / DPA1*01:03,0.322,0.347,0.316,26194,6395.0,19799.0,0.10368400000000001,DRB1,,,,
DRB1*11:04,DPB1*03:01 / DPA1*01:04,0.399,,0.399,2287,,2287.0,0.159201,DRB1,,,,
DRB1*11:04,DPB1*03:01 / DPA1*01:05,0.36,,0.36,17512,,17512.0,0.1296,DRB1,,,,
DRB1*11:04,DPB1*03:01 / DPA1*02:01,0.356,,0.356,18909,,18909.0,0.126736,DRB1,,,,
DRB1*11:04,DPB1*04:01 / DPA1*01:03,0.242,0.173,0.259,26194,6395.0,19799.0,0.058564,DRB1,,,,
DRB1*11:04,DPB1*04:01 / DPA1*02:01,0.197,0.197,,6394,6394.0,,0.038809,DRB1,,,,
DRB1*11:04,DPB1*04:01 / DPA1*02:02,0.195,0.195,,6394,6394.0,,0.038025,DRB1,,,,
DRB1*11:04,DPB1*04:01 / DPA1*03:01,0.201,0.201,,6395,6395.0,,0.040401000000000006,DRB1,,,,
DRB1*11:04,DPB1*04:01 / DPA1*04:01,0.219,0.219,,6395,6395.0,,0.047961,DRB1,,,,
DRB1*11:04,DPB1*04:02 / DPA1*01:03,0.403,0.309,0.423,26194,6395.0,19799.0,0.16240900000000003,DRB1,,,,
DRB1*11:04,DPB1*04:02 / DPA1*03:01,0.388,0.388,,6395,6395.0,,0.150544,DRB1,,,,
DRB1*11:04,DPB1*05:01 / DPA1*02:01,0.23,0.107,0.271,26193,6394.0,19799.0,0.0529,DRB1,,,,
DRB1*11:04,DPB1*05:01 / DPA1*02:02,0.229,0.195,0.261,21826,6394.0,15432.0,0.052441,DRB1,,,,
DRB1*11:04,DPB1*05:01 / DPA1*03:01,0.205,0.205,,6395,6395.0,,0.04202499999999999,DRB1,,,,
DRB1*11:04,DPB1*06:01 / DPA1*01:03,0.341,0.295,0.355,21827,6395.0,15432.0,0.11628100000000002,DRB1,,,,
DRB1*11:04,DPB1*06:01 / DPA1*02:01,0.358,,0.358,18909,,18909.0,0.128164,DRB1,,,,
DRB1*11:04,DPB1*09:01 / DPA1*02:01,0.313,0.316,0.311,26193,6394.0,19799.0,0.097969,DRB1,,,,
DRB1*11:04,DPB1*105:01 / DPA1*02:01,0.256,,0.256,0,,0.0,0.065536,DRB1,,,,
DRB1*11:04,DPB1*107:01 / DPA1*02:01,0.018,,0.018,0,,0.0,0.00032399999999999996,DRB1,,,,
DRB1*11:04,DPB1*10:01 / DPA1*02:01,0.348,,0.348,5235,,5235.0,0.12110399999999999,DRB1,,,,
DRB1*11:04,DPB1*10:01 / DPA1*02:02,0.374,,0.374,14564,,14564.0,0.139876,DRB1,,,,
DRB1*11:04,DPB1*11:01 / DPA1*01:03,0.256,,0.256,17512,,17512.0,0.065536,DRB1,,,,
DRB1*11:04,DPB1*11:01 / DPA1*01:04,0.244,,0.244,2265,,2265.0,0.059536,DRB1,,,,
DRB1*11:04,DPB1*11:01 / DPA1*01:05,0.22,,0.22,2080,,2080.0,0.0484,DRB1,,,,
DRB1*11:04,DPB1*11:01 / DPA1*02:01,0.221,0.174,0.301,8681,6394.0,2287.0,0.048841,DRB1,,,,
DRB1*11:04,DPB1*11:01 / DPA1*02:02,0.231,,0.231,14564,,14564.0,0.053361000000000006,DRB1,,,,
DRB1*11:04,DPB1*13:01 / DPA1*01:04,0.29,,0.29,1397,,1397.0,0.0841,DRB1,,,,
DRB1*11:04,DPB1*13:01 / DPA1*01:05,0.264,,0.264,2080,,2080.0,0.06969600000000001,DRB1,,,,
DRB1*11:04,DPB1*13:01 / DPA1*02:01,0.253,0.171,0.268,26193,6394.0,19799.0,0.064009,DRB1,,,,
DRB1*11:04,DPB1*13:01 / DPA1*02:02,0.273,,0.273,15432,,15432.0,0.07452900000000001,DRB1,,,,
DRB1*11:04,DPB1*13:01 / DPA1*03:01,0.269,,0.269,15432,,15432.0,0.07236100000000001,DRB1,,,,
DRB1*11:04,DPB1*13:01 / DPA1*04:01,0.213,0.181,0.277,8681,6394.0,2287.0,0.045369,DRB1,,,,
DRB1*11:04,DPB1*14:01 / DPA1*02:01,0.305,0.297,0.303,26193,6394.0,19799.0,0.093025,DRB1,,,,
DRB1*11:04,DPB1*15:01 / DPA1*02:01,0.282,0.272,0.289,26193,6394.0,19799.0,0.07952399999999998,DRB1,,,,
DRB1*11:04,DPB1*17:01 / DPA1*02:01,0.331,0.308,0.332,26193,6394.0,19799.0,0.109561,DRB1,,,,
DRB1*11:04,DPB1*18:01 / DPA1*01:03,0.331,0.331,,6395,6395.0,,0.109561,DRB1,,,,
DRB1*11:04,DPB1*18:01 / DPA1*01:04,0.426,,0.426,19799,,19799.0,0.181476,DRB1,,,,
DRB1*11:04,DPB1*18:01 / DPA1*01:05,0.426,,0.426,19799,,19799.0,0.181476,DRB1,,,,
DRB1*11:04,DPB1*18:01 / DPA1*02:01,0.402,,0.402,19799,,19799.0,0.16160400000000003,DRB1,,,,
DRB1*11:04,DPB1*19:01 / DPA1*01:03,0.252,,0.252,17512,,17512.0,0.063504,DRB1,,,,
DRB1*11:04,DPB1*19:01 / DPA1*02:01,0.196,0.171,0.257,8681,6394.0,2287.0,0.038416000000000006,DRB1,,,,
DRB1*11:04,DPB1*20:01 / DPA1*01:03,0.395,,0.395,2287,,2287.0,0.15602500000000002,DRB1,,,,
DRB1*11:04,DPB1*20:01 / DPA1*03:01,0.357,,0.357,15432,,15432.0,0.12744899999999998,DRB1,,,,
DRB1*11:04,DPB1*23:01 / DPA1*01:03,0.272,,0.272,15432,,15432.0,0.07398400000000001,DRB1,,,,
DRB1*11:04,DPB1*23:01 / DPA1*02:01,0.268,,0.268,4367,,4367.0,0.07182400000000001,DRB1,,,,
DRB1*11:04,DPB1*26:01 / DPA1*03:01,0.028,,0.028,0,,0.0,0.0007840000000000001,DRB1,,,,
DRB1*11:04,DPB1*28:01 / DPA1*01:03,0.43,,0.43,15432,,15432.0,0.18489999999999998,DRB1,,,,
DRB1*11:04,DPB1*28:01 / DPA1*01:04,0.454,,0.454,2287,,2287.0,0.20611600000000002,DRB1,,,,
DRB1*11:04,DPB1*28:01 / DPA1*01:05,0.44,,0.44,17512,,17512.0,0.1936,DRB1,,,,
DRB1*11:04,DPB1*28:01 / DPA1*02:01,0.407,,0.407,2080,,2080.0,0.165649,DRB1,,,,
DRB1*11:04,DPB1*28:01 / DPA1*02:02,0.344,0.32,0.418,7791,6394.0,1397.0,0.11833599999999998,DRB1,,,,
DRB1*11:04,DPB1*28:01 / DPA1*04:01,0.424,,0.424,15432,,15432.0,0.179776,DRB1,,,,
DRB1*11:04,DPB1*30:01 / DPA1*02:01,-0.003,,-0.003,0,,0.0,9e-06,DRB1,,,,
DRB1*11:04,DPB1*31:01 / DPA1*03:01,0.026,,0.026,0,,0.0,0.000676,DRB1,,,,
DRB1*11:04,DPB1*40:01 / DPA1*01:05,0.032,,0.032,0,,0.0,0.001024,DRB1,,,,
DRB1*11:04,DPB1*85:01 / DPA1*01:03,0.027,,0.027,0,,0.0,0.0007289999999999999,DRB1,,,,
DRB1*11:04,DQB1*02:01 / DQA1*02:01,0.148,0.049,0.183,26193,6394.0,19799.0,0.021903999999999996,DRB1,,,,
DRB1*11:04,DQB1*02:01 / DQA1*03:01,0.188,,0.188,19799,,19799.0,0.035344,DRB1,,,,
DRB1*11:04,DQB1*02:01 / DQA1*04:01,0.247,,0.247,19799,,19799.0,0.061009,DRB1,,,,
DRB1*11:04,DQB1*02:01 / DQA1*05:01,0.239,0.24,0.239,26193,6394.0,19799.0,0.057121,DRB1,,,,
DRB1*11:04,DQB1*02:02 / DQA1*02:01,0.156,0.119,0.171,26193,6394.0,19799.0,0.024336,DRB1,,,,
DRB1*11:04,DQB1*02:02 / DQA1*03:02,0.172,0.172,,6394,6394.0,,0.029583999999999996,DRB1,,,,
DRB1*11:04,DQB1*02:02 / DQA1*05:01,0.225,0.225,,6394,6394.0,,0.050625,DRB1,,,,
DRB1*11:04,DQB1*03:01 / DQA1*02:01,0.327,,0.327,19799,,19799.0,0.10692900000000001,DRB1,,,,
DRB1*11:04,DQB1*03:01 / DQA1*03:01,0.342,0.348,0.341,26193,6394.0,19799.0,0.11696400000000001,DRB1,,,,
DRB1*11:04,DQB1*03:01 / DQA1*03:02,0.315,0.315,,6394,6394.0,,0.09922500000000001,DRB1,,,,
DRB1*11:04,DQB1*03:01 / DQA1*05:01,0.396,0.396,,6394,6394.0,,0.156816,DRB1,,,,
DRB1*11:04,DQB1*03:01 / DQA1*05:03,0.379,,0.379,19799,,19799.0,0.143641,DRB1,,,,
DRB1*11:04,DQB1*03:01 / DQA1*06:01,0.354,0.372,0.353,26193,6394.0,19799.0,0.12531599999999998,DRB1,,,,
DRB1*11:04,DQB1*03:02 / DQA1*01:01,0.288,,0.288,4367,,4367.0,0.08294399999999999,DRB1,,,,
DRB1*11:04,DQB1*03:02 / DQA1*02:01,0.252,0.188,0.27,26193,6394.0,19799.0,0.063504,DRB1,,,,
DRB1*11:04,DQB1*03:02 / DQA1*03:01,0.245,0.235,0.251,26193,6394.0,19799.0,0.060024999999999995,DRB1,,,,
DRB1*11:04,DQB1*03:02 / DQA1*03:02,0.215,0.266,0.201,21652,6394.0,15258.0,0.046224999999999995,DRB1,,,,
DRB1*11:04,DQB1*03:02 / DQA1*03:03,0.216,,0.216,4541,,4541.0,0.046655999999999996,DRB1,,,,
DRB1*11:04,DQB1*03:03 / DQA1*02:01,0.237,,0.237,19799,,19799.0,0.056169,DRB1,,,,
DRB1*11:04,DQB1*03:03 / DQA1*03:01,0.25,,0.25,19799,,19799.0,0.0625,DRB1,,,,
DRB1*11:04,DQB1*03:03 / DQA1*03:02,0.217,0.293,0.202,26193,6394.0,19799.0,0.047089,DRB1,,,,
DRB1*11:04,DQB1*03:03 / DQA1*04:01,0.322,0.322,,6394,6394.0,,0.10368400000000001,DRB1,,,,
DRB1*11:04,DQB1*03:03 / DQA1*06:01,0.341,0.341,,6394,6394.0,,0.11628100000000002,DRB1,,,,
DRB1*11:04,DQB1*03:19 / DQA1*02:01,0.249,,0.249,0,,0.0,0.062001,DRB1,,,,
DRB1*11:04,DQB1*03:19 / DQA1*05:05,0.376,,0.376,19799,,19799.0,0.141376,DRB1,,,,
DRB1*11:04,DQB1*04:01 / DQA1*02:01,0.265,0.208,0.286,26193,6394.0,19799.0,0.07022500000000001,DRB1,,,,
DRB1*11:04,DQB1*04:01 / DQA1*03:03,0.252,,0.252,19799,,19799.0,0.063504,DRB1,,,,
DRB1*11:04,DQB1*04:01 / DQA1*04:01,0.307,0.306,,6394,6394.0,,0.094249,DRB1,,,,
DRB1*11:04,DQB1*04:01 / DQA1*05:01,0.329,0.329,,6394,6394.0,,0.108241,DRB1,,,,
DRB1*11:04,DQB1*04:02 / DQA1*02:01,0.273,,0.273,19799,,19799.0,0.07452900000000001,DRB1,,,,
DRB1*11:04,DQB1*04:02 / DQA1*03:01,0.29,0.29,,6394,6394.0,,0.0841,DRB1,,,,
DRB1*11:04,DQB1*04:02 / DQA1*04:01,0.326,0.282,0.332,26193,6394.0,19799.0,0.10627600000000001,DRB1,,,,
DRB1*11:04,DQB1*04:02 / DQA1*06:01,0.311,0.311,,6394,6394.0,,0.096721,DRB1,,,,
DRB1*11:04,DQB1*05:01 / DQA1*01:01,0.186,0.245,0.176,26194,6395.0,19799.0,0.034596,DRB1,,,,
DRB1*11:04,DQB1*05:01 / DQA1*01:02,0.215,0.215,,6395,6395.0,,0.046224999999999995,DRB1,,,,
DRB1*11:04,DQB1*05:02 / DQA1*01:02,0.226,0.257,0.223,26194,6395.0,19799.0,0.051076,DRB1,,,,
DRB1*11:04,DQB1*05:03 / DQA1*01:01,0.002,,0.002,0,,0.0,4e-06,DRB1,,,,
DRB1*11:04,DQB1*05:03 / DQA1*01:04,0.252,0.252,,6395,6395.0,,0.063504,DRB1,,,,
DRB1*11:04,DQB1*06:01 / DQA1*01:03,0.278,0.2,0.301,26193,6394.0,19799.0,0.07728400000000002,DRB1,,,,
DRB1*11:04,DQB1*06:01 / DQA1*01:04,0.228,0.227,,6395,6395.0,,0.051984,DRB1,,,,
DRB1*11:04,DQB1*06:01 / DQA1*02:01,0.26,0.259,,6394,6394.0,,0.06760000000000001,DRB1,,,,
DRB1*11:04,DQB1*06:02 / DQA1*01:01,0.273,,0.273,19799,,19799.0,0.07452900000000001,DRB1,,,,
DRB1*11:04,DQB1*06:02 / DQA1*01:02,0.275,0.21,0.292,26194,6395.0,19799.0,0.07562500000000001,DRB1,,,,
DRB1*11:04,DQB1*06:03 / DQA1*01:03,0.256,0.226,0.262,26193,6394.0,19799.0,0.065536,DRB1,,,,
DRB1*11:04,DQB1*06:04 / DQA1*01:02,0.264,0.239,0.269,26194,6395.0,19799.0,0.06969600000000001,DRB1,,,,
DRB1*11:04,DQB1*06:09 / DQA1*01:02,0.279,,0.279,19799,,19799.0,0.07784100000000002,DRB1,,,,
DRB1*11:04,DRB1*12:01,0.557,0.502,0.574,26194,6395.0,19799.0,0.31024900000000005,DRB1,,,,
DRB1*11:04,DRB1*12:02,0.608,0.572,0.618,26194,6395.0,19799.0,0.369664,DRB1,,,,
DRB1*11:04,DRB1*13:01,0.667,0.605,0.678,26194,6395.0,19799.0,0.44488900000000003,DRB1,,,,
DRB1*11:04,DRB1*13:02,0.619,,0.619,0,,0.0,0.383161,DRB1,,,,
DRB1*11:04,DRB1*13:03,0.74,0.724,0.742,26194,6395.0,19799.0,0.5476,DRB1,,,,
DRB1*11:04,DRB1*13:05,0.629,0.629,,6394,6394.0,,0.395641,DRB1,,,,
DRB1*11:04,DRB1*14:01,0.568,0.489,0.594,26194,6395.0,19799.0,0.32262399999999997,DRB1,,,,
DRB1*11:04,DRB1*14:02,0.616,,0.616,17207,,17207.0,0.379456,DRB1,,,,
DRB1*11:04,DRB1*14:03,0.612,0.617,0.631,6394,6394.0,0.0,0.374544,DRB1,,,,
DRB1*11:04,DRB1*14:04,0.484,0.499,0.451,6395,6395.0,0.0,0.234256,DRB1,,,,
DRB1*11:04,DRB1*14:05,0.443,,0.443,0,,0.0,0.196249,DRB1,,,,
DRB1*11:04,DRB1*14:06,0.519,,0.519,0,,0.0,0.269361,DRB1,,,,
DRB1*11:04,DRB1*14:54,0.608,,0.608,17207,,17207.0,0.369664,DRB1,,,,
DRB1*11:04,DRB1*15:01,0.417,0.298,0.446,26194,6395.0,19799.0,0.173889,DRB1,,,,
DRB1*11:04,DRB1*15:02,0.447,0.358,0.461,26194,6395.0,19799.0,0.19980900000000001,DRB1,,,,
DRB1*11:04,DRB1*15:03,0.446,0.352,0.46,26194,6395.0,19799.0,0.198916,DRB1,,,,
DRB1*11:04,DRB1*16:01,0.514,0.4,0.54,26194,6395.0,19799.0,0.264196,DRB1,,,,
DRB1*11:04,DRB1*16:02,0.514,0.355,0.548,26194,6395.0,19799.0,0.264196,DRB1,,,,
DRB1*11:04,DRB3*01:01,0.496,0.46,0.509,26194,6395.0,19799.0,0.24601599999999998,DRB1,,,,
DRB1*11:04,DRB3*02:01,0.495,,0.495,0,,0.0,0.245025,DRB1,,,,
DRB1*11:04,DRB3*02:02,0.562,0.561,0.568,26193,6394.0,19799.0,0.31584400000000007,DRB1,,,,
DRB1*11:04,DRB3*03:01,0.5,0.51,0.501,25303,6394.0,18909.0,0.25,DRB1,,,,
DRB1*11:04,DRB4*01:01,0.187,0.231,0.176,26194,6395.0,19799.0,0.034969,DRB1,,,,
DRB1*11:04,DRB4*01:03,0.14,,0.14,19799,,19799.0,0.019600000000000003,DRB1,,,,
DRB1*11:04,DRB5*01:01,0.405,0.397,0.411,26194,6395.0,19799.0,0.16402500000000003,DRB1,,,,
DRB1*11:04,DRB5*01:02,0.33,,0.33,0,,0.0,0.10890000000000001,DRB1,,,,
DRB1*11:04,DRB5*02:02,0.314,0.321,0.318,26194,6395.0,19799.0,0.098596,DRB1,,,,
DRB1*12:01,DPB1*01:01 / DPA1*01:03,0.28,0.341,0.274,26196,6397.0,19799.0,0.07840000000000001,DRB1,,,,
DRB1*12:01,DPB1*01:01 / DPA1*02:01,0.254,0.356,0.24,27214,6396.0,20818.0,0.064516,DRB1,,,,
DRB1*12:01,DPB1*01:01 / DPA1*02:02,0.332,0.332,,6396,6396.0,,0.11022400000000002,DRB1,,,,
DRB1*12:01,DPB1*01:01 / DPA1*03:01,0.337,0.337,,6397,6397.0,,0.11356900000000002,DRB1,,,,
DRB1*12:01,DPB1*02:01 / DPA1*01:03,0.332,0.319,0.337,27214,6396.0,20818.0,0.11022400000000002,DRB1,,,,
DRB1*12:01,DPB1*02:02 / DPA1*01:03,0.054,,0.054,0,,0.0,0.0029159999999999998,DRB1,,,,
DRB1*12:01,DPB1*02:02 / DPA1*02:01,0.289,,0.289,3553,,3553.0,0.08352099999999998,DRB1,,,,
DRB1*12:01,DPB1*03:01 / DPA1*01:03,0.306,0.33,0.306,27215,6397.0,20818.0,0.093636,DRB1,,,,
DRB1*12:01,DPB1*03:01 / DPA1*01:04,0.323,,0.323,2287,,2287.0,0.104329,DRB1,,,,
DRB1*12:01,DPB1*03:01 / DPA1*01:05,0.322,,0.322,17512,,17512.0,0.10368400000000001,DRB1,,,,
DRB1*12:01,DPB1*03:01 / DPA1*02:01,0.335,,0.335,18909,,18909.0,0.11222500000000002,DRB1,,,,
DRB1*12:01,DPB1*04:01 / DPA1*01:03,0.308,0.255,0.321,27215,6397.0,20818.0,0.094864,DRB1,,,,
DRB1*12:01,DPB1*04:01 / DPA1*02:01,0.365,0.365,,6396,6396.0,,0.13322499999999998,DRB1,,,,
DRB1*12:01,DPB1*04:01 / DPA1*02:02,0.388,0.388,,6396,6396.0,,0.150544,DRB1,,,,
DRB1*12:01,DPB1*04:01 / DPA1*03:01,0.283,0.283,,6397,6397.0,,0.08008899999999998,DRB1,,,,
DRB1*12:01,DPB1*04:01 / DPA1*04:01,0.332,0.332,,6397,6397.0,,0.11022400000000002,DRB1,,,,
DRB1*12:01,DPB1*04:02 / DPA1*01:03,0.316,0.278,0.325,27197,6396.0,20801.0,0.099856,DRB1,,,,
DRB1*12:01,DPB1*04:02 / DPA1*03:01,0.352,0.352,,6396,6396.0,,0.12390399999999999,DRB1,,,,
DRB1*12:01,DPB1*05:01 / DPA1*02:01,0.325,0.236,0.347,27214,6396.0,20818.0,0.10562500000000001,DRB1,,,,
DRB1*12:01,DPB1*05:01 / DPA1*02:02,0.274,0.34,0.259,21828,6396.0,15432.0,0.07507600000000002,DRB1,,,,
DRB1*12:01,DPB1*05:01 / DPA1*03:01,0.292,0.292,,6397,6397.0,,0.08526399999999999,DRB1,,,,
DRB1*12:01,DPB1*06:01 / DPA1*01:03,0.288,0.269,0.297,21829,6397.0,15432.0,0.08294399999999999,DRB1,,,,
DRB1*12:01,DPB1*06:01 / DPA1*02:01,0.335,,0.335,18909,,18909.0,0.11222500000000002,DRB1,,,,
DRB1*12:01,DPB1*09:01 / DPA1*02:01,0.325,0.36,0.325,27197,6396.0,20801.0,0.10562500000000001,DRB1,,,,
DRB1*12:01,DPB1*105:01 / DPA1*02:01,0.069,,0.069,0,,0.0,0.0047610000000000005,DRB1,,,,
DRB1*12:01,DPB1*107:01 / DPA1*02:01,0.12,,0.12,0,,0.0,0.0144,DRB1,,,,
DRB1*12:01,DPB1*10:01 / DPA1*02:01,0.302,,0.302,6254,,6254.0,0.091204,DRB1,,,,
DRB1*12:01,DPB1*10:01 / DPA1*02:02,0.322,,0.322,14564,,14564.0,0.10368400000000001,DRB1,,,,
DRB1*12:01,DPB1*11:01 / DPA1*01:03,0.296,,0.296,17512,,17512.0,0.08761599999999999,DRB1,,,,
DRB1*12:01,DPB1*11:01 / DPA1*01:04,0.265,,0.265,2265,,2265.0,0.07022500000000001,DRB1,,,,
DRB1*12:01,DPB1*11:01 / DPA1*01:05,0.282,,0.282,2080,,2080.0,0.07952399999999998,DRB1,,,,
DRB1*12:01,DPB1*11:01 / DPA1*02:01,0.278,0.239,0.323,9702,6396.0,3306.0,0.07728400000000002,DRB1,,,,
DRB1*12:01,DPB1*11:01 / DPA1*02:02,0.284,,0.284,14564,,14564.0,0.08065599999999999,DRB1,,,,
DRB1*12:01,DPB1*13:01 / DPA1*01:04,0.355,,0.355,1397,,1397.0,0.126025,DRB1,,,,
DRB1*12:01,DPB1*13:01 / DPA1*01:05,0.323,,0.323,2080,,2080.0,0.104329,DRB1,,,,
DRB1*12:01,DPB1*13:01 / DPA1*02:01,0.325,0.322,0.328,27029,6396.0,20633.0,0.10562500000000001,DRB1,,,,
DRB1*12:01,DPB1*13:01 / DPA1*02:02,0.31,,0.31,15432,,15432.0,0.0961,DRB1,,,,
DRB1*12:01,DPB1*13:01 / DPA1*03:01,0.322,,0.322,15432,,15432.0,0.10368400000000001,DRB1,,,,
DRB1*12:01,DPB1*13:01 / DPA1*04:01,0.318,0.311,0.317,9702,6396.0,3306.0,0.101124,DRB1,,,,
DRB1*12:01,DPB1*14:01 / DPA1*02:01,0.257,0.229,0.267,27197,6396.0,20801.0,0.066049,DRB1,,,,
DRB1*12:01,DPB1*15:01 / DPA1*02:01,0.365,0.403,0.358,27156,6396.0,20760.0,0.13322499999999998,DRB1,,,,
DRB1*12:01,DPB1*17:01 / DPA1*02:01,0.319,0.357,0.321,27214,6396.0,20818.0,0.101761,DRB1,,,,
DRB1*12:01,DPB1*18:01 / DPA1*01:03,0.311,0.311,,6397,6397.0,,0.096721,DRB1,,,,
DRB1*12:01,DPB1*18:01 / DPA1*01:04,0.363,,0.363,19799,,19799.0,0.131769,DRB1,,,,
DRB1*12:01,DPB1*18:01 / DPA1*01:05,0.334,,0.334,19799,,19799.0,0.11155600000000002,DRB1,,,,
DRB1*12:01,DPB1*18:01 / DPA1*02:01,0.368,,0.368,20760,,20760.0,0.135424,DRB1,,,,
DRB1*12:01,DPB1*19:01 / DPA1*01:03,0.335,,0.335,17512,,17512.0,0.11222500000000002,DRB1,,,,
DRB1*12:01,DPB1*19:01 / DPA1*02:01,0.236,0.15,0.373,9685,6396.0,3289.0,0.055695999999999996,DRB1,,,,
DRB1*12:01,DPB1*20:01 / DPA1*01:03,0.313,,0.313,2287,,2287.0,0.097969,DRB1,,,,
DRB1*12:01,DPB1*20:01 / DPA1*03:01,0.331,,0.331,15432,,15432.0,0.109561,DRB1,,,,
DRB1*12:01,DPB1*23:01 / DPA1*01:03,0.309,,0.309,15432,,15432.0,0.095481,DRB1,,,,
DRB1*12:01,DPB1*23:01 / DPA1*02:01,0.291,,0.291,5328,,5328.0,0.08468099999999999,DRB1,,,,
DRB1*12:01,DPB1*26:01 / DPA1*03:01,0.064,,0.064,0,,0.0,0.004096,DRB1,,,,
DRB1*12:01,DPB1*28:01 / DPA1*01:03,0.347,,0.347,15432,,15432.0,0.12040899999999999,DRB1,,,,
DRB1*12:01,DPB1*28:01 / DPA1*01:04,0.295,,0.295,2287,,2287.0,0.08702499999999999,DRB1,,,,
DRB1*12:01,DPB1*28:01 / DPA1*01:05,0.362,,0.362,17512,,17512.0,0.131044,DRB1,,,,
DRB1*12:01,DPB1*28:01 / DPA1*02:01,0.348,,0.348,2080,,2080.0,0.12110399999999999,DRB1,,,,
DRB1*12:01,DPB1*28:01 / DPA1*02:02,0.309,0.31,0.29,7792,6395.0,1397.0,0.095481,DRB1,,,,
DRB1*12:01,DPB1*28:01 / DPA1*04:01,0.361,,0.361,15432,,15432.0,0.130321,DRB1,,,,
DRB1*12:01,DPB1*30:01 / DPA1*02:01,0.057,,0.057,0,,0.0,0.003249,DRB1,,,,
DRB1*12:01,DPB1*31:01 / DPA1*03:01,0.072,,0.072,0,,0.0,0.005183999999999999,DRB1,,,,
DRB1*12:01,DPB1*40:01 / DPA1*01:05,0.074,,0.074,0,,0.0,0.005475999999999999,DRB1,,,,
DRB1*12:01,DPB1*85:01 / DPA1*01:03,0.059,,0.059,0,,0.0,0.0034809999999999997,DRB1,,,,
DRB1*12:01,DQB1*02:01 / DQA1*02:01,0.29,0.211,0.312,27214,6396.0,20818.0,0.0841,DRB1,,,,
DRB1*12:01,DQB1*02:01 / DQA1*03:01,0.286,,0.286,20801,,20801.0,0.08179599999999998,DRB1,,,,
DRB1*12:01,DQB1*02:01 / DQA1*04:01,0.374,,0.374,20760,,20760.0,0.139876,DRB1,,,,
DRB1*12:01,DQB1*02:01 / DQA1*05:01,0.313,0.402,0.304,27197,6396.0,20801.0,0.097969,DRB1,,,,
DRB1*12:01,DQB1*02:02 / DQA1*02:01,0.311,0.307,0.313,27197,6396.0,20801.0,0.096721,DRB1,,,,
DRB1*12:01,DQB1*02:02 / DQA1*03:02,0.332,0.332,,6396,6396.0,,0.11022400000000002,DRB1,,,,
DRB1*12:01,DQB1*02:02 / DQA1*05:01,0.382,0.382,,6396,6396.0,,0.145924,DRB1,,,,
DRB1*12:01,DQB1*03:01 / DQA1*02:01,0.284,,0.284,19799,,19799.0,0.08065599999999999,DRB1,,,,
DRB1*12:01,DQB1*03:01 / DQA1*03:01,0.278,0.35,0.27,27197,6396.0,20801.0,0.07728400000000002,DRB1,,,,
DRB1*12:01,DQB1*03:01 / DQA1*03:02,0.318,0.318,,6396,6396.0,,0.101124,DRB1,,,,
DRB1*12:01,DQB1*03:01 / DQA1*05:01,0.341,0.341,,6396,6396.0,,0.11628100000000002,DRB1,,,,
DRB1*12:01,DQB1*03:01 / DQA1*05:03,0.29,,0.29,20760,,20760.0,0.0841,DRB1,,,,
DRB1*12:01,DQB1*03:01 / DQA1*06:01,0.29,0.394,0.283,27197,6396.0,20801.0,0.0841,DRB1,,,,
DRB1*12:01,DQB1*03:02 / DQA1*01:01,0.266,,0.266,5369,,5369.0,0.07075600000000001,DRB1,,,,
DRB1*12:01,DQB1*03:02 / DQA1*02:01,0.242,0.269,0.238,26194,6395.0,19799.0,0.058564,DRB1,,,,
DRB1*12:01,DQB1*03:02 / DQA1*03:01,0.217,0.227,0.216,27197,6396.0,20801.0,0.047089,DRB1,,,,
DRB1*12:01,DQB1*03:02 / DQA1*03:02,0.18,0.254,0.167,22488,6396.0,16092.0,0.0324,DRB1,,,,
DRB1*12:01,DQB1*03:02 / DQA1*03:03,0.153,,0.153,4541,,4541.0,0.023409,DRB1,,,,
DRB1*12:01,DQB1*03:03 / DQA1*02:01,0.254,,0.254,20801,,20801.0,0.064516,DRB1,,,,
DRB1*12:01,DQB1*03:03 / DQA1*03:01,0.217,,0.217,20801,,20801.0,0.047089,DRB1,,,,
DRB1*12:01,DQB1*03:03 / DQA1*03:02,0.198,0.3,0.189,27156,6396.0,20760.0,0.039204,DRB1,,,,
DRB1*12:01,DQB1*03:03 / DQA1*04:01,0.349,0.349,,6396,6396.0,,0.12180099999999998,DRB1,,,,
DRB1*12:01,DQB1*03:03 / DQA1*06:01,0.34,0.34,,6396,6396.0,,0.11560000000000002,DRB1,,,,
DRB1*12:01,DQB1*03:04 / DQA1*03:01,0.519,,0.519,127,,127.0,0.269361,DRB1,,,,
DRB1*12:01,DQB1*03:19 / DQA1*02:01,0.147,,0.147,0,,0.0,0.021608999999999996,DRB1,,,,
DRB1*12:01,DQB1*03:19 / DQA1*05:05,0.275,,0.275,20677,,20677.0,0.07562500000000001,DRB1,,,,
DRB1*12:01,DQB1*04:01 / DQA1*02:01,0.372,0.361,0.377,27196,6395.0,20801.0,0.138384,DRB1,,,,
DRB1*12:01,DQB1*04:01 / DQA1*03:03,0.313,,0.313,20760,,20760.0,0.097969,DRB1,,,,
DRB1*12:01,DQB1*04:01 / DQA1*04:01,0.428,0.427,,6396,6396.0,,0.18318399999999999,DRB1,,,,
DRB1*12:01,DQB1*04:01 / DQA1*05:01,0.434,0.434,,6396,6396.0,,0.188356,DRB1,,,,
DRB1*12:01,DQB1*04:02 / DQA1*02:01,0.371,,0.371,20801,,20801.0,0.13764099999999999,DRB1,,,,
DRB1*12:01,DQB1*04:02 / DQA1*03:01,0.394,0.394,,6396,6396.0,,0.155236,DRB1,,,,
DRB1*12:01,DQB1*04:02 / DQA1*04:01,0.369,0.381,0.378,27214,6396.0,20818.0,0.136161,DRB1,,,,
DRB1*12:01,DQB1*04:02 / DQA1*06:01,0.434,0.434,,6396,6396.0,,0.188356,DRB1,,,,
DRB1*12:01,DQB1*05:01 / DQA1*01:01,0.287,0.315,0.304,27198,6397.0,20801.0,0.08236899999999998,DRB1,,,,
DRB1*12:01,DQB1*05:01 / DQA1*01:02,0.248,0.248,,6397,6397.0,,0.061503999999999996,DRB1,,,,
DRB1*12:01,DQB1*05:02 / DQA1*01:02,0.287,0.281,0.301,27215,6397.0,20818.0,0.08236899999999998,DRB1,,,,
DRB1*12:01,DQB1*05:03 / DQA1*01:01,0.168,,0.168,0,,0.0,0.028224000000000003,DRB1,,,,
DRB1*12:01,DQB1*05:03 / DQA1*01:04,0.337,0.337,,6397,6397.0,,0.11356900000000002,DRB1,,,,
DRB1*12:01,DQB1*06:01 / DQA1*01:03,0.372,0.248,0.403,27197,6396.0,20801.0,0.138384,DRB1,,,,
DRB1*12:01,DQB1*06:01 / DQA1*01:04,0.343,0.342,,6397,6397.0,,0.11764900000000002,DRB1,,,,
DRB1*12:01,DQB1*06:01 / DQA1*02:01,0.401,0.4,,6396,6396.0,,0.16080100000000003,DRB1,,,,
DRB1*12:01,DQB1*06:02 / DQA1*01:01,0.361,,0.361,20760,,20760.0,0.130321,DRB1,,,,
DRB1*12:01,DQB1*06:02 / DQA1*01:02,0.348,0.277,0.363,27215,6397.0,20818.0,0.12110399999999999,DRB1,,,,
DRB1*12:01,DQB1*06:03 / DQA1*01:03,0.33,0.328,0.338,27156,6396.0,20760.0,0.10890000000000001,DRB1,,,,
DRB1*12:01,DQB1*06:04 / DQA1*01:02,0.347,0.367,0.367,27157,6397.0,20760.0,0.12040899999999999,DRB1,,,,
DRB1*12:01,DQB1*06:09 / DQA1*01:02,0.416,,0.416,20760,,20760.0,0.173056,DRB1,,,,
DRB1*12:01,DRB1*12:02,0.865,0.808,0.877,27157,6397.0,20760.0,0.748225,DRB1,,,,
DRB1*12:01,DRB1*13:01,0.654,0.632,0.67,27215,6397.0,20818.0,0.42771600000000004,DRB1,,,,
DRB1*12:01,DRB1*13:02,0.662,,0.662,0,,0.0,0.438244,DRB1,,,,
DRB1*12:01,DRB1*13:03,0.639,0.62,0.648,27214,6396.0,20818.0,0.408321,DRB1,,,,
DRB1*12:01,DRB1*13:05,0.691,0.691,,6396,6396.0,,0.47748099999999993,DRB1,,,,
DRB1*12:01,DRB1*14:01,0.632,0.534,0.652,27214,6396.0,20818.0,0.399424,DRB1,,,,
DRB1*12:01,DRB1*14:02,0.565,,0.565,17207,,17207.0,0.3192249999999999,DRB1,,,,
DRB1*12:01,DRB1*14:03,0.692,0.707,0.692,6396,6396.0,0.0,0.47886399999999996,DRB1,,,,
DRB1*12:01,DRB1*14:04,0.65,0.663,0.623,6397,6397.0,0.0,0.42250000000000004,DRB1,,,,
DRB1*12:01,DRB1*14:05,0.529,,0.529,0,,0.0,0.279841,DRB1,,,,
DRB1*12:01,DRB1*14:06,0.527,,0.527,0,,0.0,0.277729,DRB1,,,,
DRB1*12:01,DRB1*14:54,0.64,,0.64,17207,,17207.0,0.4096,DRB1,,,,
DRB1*12:01,DRB1*15:01,0.486,0.308,0.518,27215,6397.0,20818.0,0.236196,DRB1,,,,
DRB1*12:01,DRB1*15:02,0.494,0.455,0.504,27215,6397.0,20818.0,0.244036,DRB1,,,,
DRB1*12:01,DRB1*15:03,0.46,0.455,0.473,26196,6397.0,19799.0,0.2116,DRB1,,,,
DRB1*12:01,DRB1*16:01,0.536,0.433,0.554,27215,6397.0,20818.0,0.28729600000000005,DRB1,,,,
DRB1*12:01,DRB1*16:02,0.527,0.388,0.553,27157,6397.0,20760.0,0.277729,DRB1,,,,
DRB1*12:01,DRB3*01:01,0.645,0.641,0.677,27198,6397.0,20801.0,0.41602500000000003,DRB1,,,,
DRB1*12:01,DRB3*02:01,0.374,,0.374,17,,17.0,0.139876,DRB1,,,,
DRB1*12:01,DRB3*02:02,0.537,0.572,0.55,27197,6396.0,20801.0,0.28836900000000004,DRB1,,,,
DRB1*12:01,DRB3*03:01,0.623,0.709,0.642,25305,6396.0,18909.0,0.388129,DRB1,,,,
DRB1*12:01,DRB4*01:01,0.225,0.343,0.222,27198,6397.0,20801.0,0.050625,DRB1,,,,
DRB1*12:01,DRB4*01:03,0.226,,0.226,20818,,20818.0,0.051076,DRB1,,,,
DRB1*12:01,DRB5*01:01,0.403,0.47,0.412,27215,6397.0,20818.0,0.16240900000000003,DRB1,,,,
DRB1*12:01,DRB5*01:02,0.371,,0.371,0,,0.0,0.13764099999999999,DRB1,,,,
DRB1*12:01,DRB5*02:02,0.375,0.399,0.408,27198,6397.0,20801.0,0.140625,DRB1,,,,
DRB1*12:02,DPB1*01:01 / DPA1*01:03,0.276,0.318,0.272,26196,6397.0,19799.0,0.07617600000000001,DRB1,,,,
DRB1*12:02,DPB1*01:01 / DPA1*02:01,0.236,0.257,0.24,27156,6396.0,20760.0,0.055695999999999996,DRB1,,,,
DRB1*12:02,DPB1*01:01 / DPA1*02:02,0.305,0.305,,6396,6396.0,,0.093025,DRB1,,,,
DRB1*12:02,DPB1*01:01 / DPA1*03:01,0.333,0.333,,6397,6397.0,,0.11088900000000002,DRB1,,,,
DRB1*12:02,DPB1*02:01 / DPA1*01:03,0.3,0.303,0.3,27156,6396.0,20760.0,0.09,DRB1,,,,
DRB1*12:02,DPB1*02:02 / DPA1*01:03,0.048,,0.048,0,,0.0,0.002304,DRB1,,,,
DRB1*12:02,DPB1*02:02 / DPA1*02:01,0.338,,0.338,3553,,3553.0,0.11424400000000001,DRB1,,,,
DRB1*12:02,DPB1*03:01 / DPA1*01:03,0.302,0.312,0.3,27157,6397.0,20760.0,0.091204,DRB1,,,,
DRB1*12:02,DPB1*03:01 / DPA1*01:04,0.321,,0.321,2287,,2287.0,0.10304100000000001,DRB1,,,,
DRB1*12:02,DPB1*03:01 / DPA1*01:05,0.314,,0.314,17512,,17512.0,0.098596,DRB1,,,,
DRB1*12:02,DPB1*03:01 / DPA1*02:01,0.309,,0.309,18909,,18909.0,0.095481,DRB1,,,,
DRB1*12:02,DPB1*04:01 / DPA1*01:03,0.273,0.234,0.281,27157,6397.0,20760.0,0.07452900000000001,DRB1,,,,
DRB1*12:02,DPB1*04:01 / DPA1*02:01,0.301,0.301,,6396,6396.0,,0.09060099999999999,DRB1,,,,
DRB1*12:02,DPB1*04:01 / DPA1*02:02,0.272,0.272,,6396,6396.0,,0.07398400000000001,DRB1,,,,
DRB1*12:02,DPB1*04:01 / DPA1*03:01,0.229,0.229,,6397,6397.0,,0.052441,DRB1,,,,
DRB1*12:02,DPB1*04:01 / DPA1*04:01,0.281,0.281,,6397,6397.0,,0.07896100000000002,DRB1,,,,
DRB1*12:02,DPB1*04:02 / DPA1*01:03,0.268,0.259,0.271,27156,6396.0,20760.0,0.07182400000000001,DRB1,,,,
DRB1*12:02,DPB1*04:02 / DPA1*03:01,0.288,0.288,,6396,6396.0,,0.08294399999999999,DRB1,,,,
DRB1*12:02,DPB1*05:01 / DPA1*02:01,0.286,0.167,0.321,27156,6396.0,20760.0,0.08179599999999998,DRB1,,,,
DRB1*12:02,DPB1*05:01 / DPA1*02:02,0.236,0.258,0.24,21828,6396.0,15432.0,0.055695999999999996,DRB1,,,,
DRB1*12:02,DPB1*05:01 / DPA1*03:01,0.247,0.247,,6397,6397.0,,0.061009,DRB1,,,,
DRB1*12:02,DPB1*06:01 / DPA1*01:03,0.293,0.26,0.306,21829,6397.0,15432.0,0.085849,DRB1,,,,
DRB1*12:02,DPB1*06:01 / DPA1*02:01,0.319,,0.319,18909,,18909.0,0.101761,DRB1,,,,
DRB1*12:02,DPB1*09:01 / DPA1*02:01,0.319,0.298,0.323,27156,6396.0,20760.0,0.101761,DRB1,,,,
DRB1*12:02,DPB1*105:01 / DPA1*02:01,0.053,,0.053,0,,0.0,0.002809,DRB1,,,,
DRB1*12:02,DPB1*107:01 / DPA1*02:01,0.111,,0.111,0,,0.0,0.012321,DRB1,,,,
DRB1*12:02,DPB1*10:01 / DPA1*02:01,0.305,,0.305,6196,,6196.0,0.093025,DRB1,,,,
DRB1*12:02,DPB1*10:01 / DPA1*02:02,0.29,,0.29,14564,,14564.0,0.0841,DRB1,,,,
DRB1*12:02,DPB1*11:01 / DPA1*01:03,0.272,,0.272,17512,,17512.0,0.07398400000000001,DRB1,,,,
DRB1*12:02,DPB1*11:01 / DPA1*01:04,0.264,,0.264,2265,,2265.0,0.06969600000000001,DRB1,,,,
DRB1*12:02,DPB1*11:01 / DPA1*01:05,0.265,,0.265,2080,,2080.0,0.07022500000000001,DRB1,,,,
DRB1*12:02,DPB1*11:01 / DPA1*02:01,0.271,0.204,0.358,9644,6396.0,3248.0,0.073441,DRB1,,,,
DRB1*12:02,DPB1*11:01 / DPA1*02:02,0.268,,0.268,14564,,14564.0,0.07182400000000001,DRB1,,,,
DRB1*12:02,DPB1*13:01 / DPA1*01:04,0.315,,0.315,1397,,1397.0,0.09922500000000001,DRB1,,,,
DRB1*12:02,DPB1*13:01 / DPA1*01:05,0.314,,0.314,2080,,2080.0,0.098596,DRB1,,,,
DRB1*12:02,DPB1*13:01 / DPA1*02:01,0.3,0.217,0.316,27029,6396.0,20633.0,0.09,DRB1,,,,
DRB1*12:02,DPB1*13:01 / DPA1*02:02,0.286,,0.286,15432,,15432.0,0.08179599999999998,DRB1,,,,
DRB1*12:02,DPB1*13:01 / DPA1*03:01,0.301,,0.301,15432,,15432.0,0.09060099999999999,DRB1,,,,
DRB1*12:02,DPB1*13:01 / DPA1*04:01,0.303,0.249,0.367,9644,6396.0,3248.0,0.091809,DRB1,,,,
DRB1*12:02,DPB1*14:01 / DPA1*02:01,0.272,0.234,0.276,27156,6396.0,20760.0,0.07398400000000001,DRB1,,,,
DRB1*12:02,DPB1*15:01 / DPA1*02:01,0.326,0.345,0.325,27156,6396.0,20760.0,0.10627600000000001,DRB1,,,,
DRB1*12:02,DPB1*17:01 / DPA1*02:01,0.313,0.287,0.318,27156,6396.0,20760.0,0.097969,DRB1,,,,
DRB1*12:02,DPB1*18:01 / DPA1*01:03,0.303,0.303,,6397,6397.0,,0.091809,DRB1,,,,
DRB1*12:02,DPB1*18:01 / DPA1*01:04,0.304,,0.304,19799,,19799.0,0.092416,DRB1,,,,
DRB1*12:02,DPB1*18:01 / DPA1*01:05,0.299,,0.299,19799,,19799.0,0.089401,DRB1,,,,
DRB1*12:02,DPB1*18:01 / DPA1*02:01,0.339,,0.339,20760,,20760.0,0.11492100000000001,DRB1,,,,
DRB1*12:02,DPB1*19:01 / DPA1*01:03,0.277,,0.277,17512,,17512.0,0.07672900000000002,DRB1,,,,
DRB1*12:02,DPB1*19:01 / DPA1*02:01,0.254,0.226,0.331,9644,6396.0,3248.0,0.064516,DRB1,,,,
DRB1*12:02,DPB1*20:01 / DPA1*01:03,0.303,,0.303,2287,,2287.0,0.091809,DRB1,,,,
DRB1*12:02,DPB1*20:01 / DPA1*03:01,0.301,,0.301,15432,,15432.0,0.09060099999999999,DRB1,,,,
DRB1*12:02,DPB1*23:01 / DPA1*01:03,0.253,,0.253,15432,,15432.0,0.064009,DRB1,,,,
DRB1*12:02,DPB1*23:01 / DPA1*02:01,0.311,,0.311,5328,,5328.0,0.096721,DRB1,,,,
DRB1*12:02,DPB1*26:01 / DPA1*03:01,0.059,,0.059,0,,0.0,0.0034809999999999997,DRB1,,,,
DRB1*12:02,DPB1*28:01 / DPA1*01:03,0.283,,0.283,15432,,15432.0,0.08008899999999998,DRB1,,,,
DRB1*12:02,DPB1*28:01 / DPA1*01:04,0.269,,0.269,2287,,2287.0,0.07236100000000001,DRB1,,,,
DRB1*12:02,DPB1*28:01 / DPA1*01:05,0.303,,0.303,17512,,17512.0,0.091809,DRB1,,,,
DRB1*12:02,DPB1*28:01 / DPA1*02:01,0.327,,0.327,2080,,2080.0,0.10692900000000001,DRB1,,,,
DRB1*12:02,DPB1*28:01 / DPA1*02:02,0.301,0.304,0.265,7792,6395.0,1397.0,0.09060099999999999,DRB1,,,,
DRB1*12:02,DPB1*28:01 / DPA1*04:01,0.312,,0.312,15432,,15432.0,0.097344,DRB1,,,,
DRB1*12:02,DPB1*30:01 / DPA1*02:01,0.045,,0.045,0,,0.0,0.002025,DRB1,,,,
DRB1*12:02,DPB1*31:01 / DPA1*03:01,0.062,,0.062,0,,0.0,0.0038439999999999998,DRB1,,,,
DRB1*12:02,DPB1*40:01 / DPA1*01:05,0.049,,0.049,0,,0.0,0.0024010000000000004,DRB1,,,,
DRB1*12:02,DPB1*85:01 / DPA1*01:03,0.056,,0.056,0,,0.0,0.0031360000000000003,DRB1,,,,
DRB1*12:02,DQB1*02:01 / DQA1*02:01,0.271,0.136,0.31,27156,6396.0,20760.0,0.073441,DRB1,,,,
DRB1*12:02,DQB1*02:01 / DQA1*03:01,0.281,,0.281,20760,,20760.0,0.07896100000000002,DRB1,,,,
DRB1*12:02,DQB1*02:01 / DQA1*04:01,0.348,,0.348,20760,,20760.0,0.12110399999999999,DRB1,,,,
DRB1*12:02,DQB1*02:01 / DQA1*05:01,0.311,0.301,0.315,27156,6396.0,20760.0,0.096721,DRB1,,,,
DRB1*12:02,DQB1*02:02 / DQA1*02:01,0.284,0.194,0.308,27156,6396.0,20760.0,0.08065599999999999,DRB1,,,,
DRB1*12:02,DQB1*02:02 / DQA1*03:02,0.256,0.256,,6396,6396.0,,0.065536,DRB1,,,,
DRB1*12:02,DQB1*02:02 / DQA1*05:01,0.294,0.294,,6396,6396.0,,0.08643599999999999,DRB1,,,,
DRB1*12:02,DQB1*03:01 / DQA1*02:01,0.277,,0.277,19799,,19799.0,0.07672900000000002,DRB1,,,,
DRB1*12:02,DQB1*03:01 / DQA1*03:01,0.28,0.322,0.275,27156,6396.0,20760.0,0.07840000000000001,DRB1,,,,
DRB1*12:02,DQB1*03:01 / DQA1*03:02,0.289,0.289,,6396,6396.0,,0.08352099999999998,DRB1,,,,
DRB1*12:02,DQB1*03:01 / DQA1*05:01,0.295,0.295,,6396,6396.0,,0.08702499999999999,DRB1,,,,
DRB1*12:02,DQB1*03:01 / DQA1*05:03,0.288,,0.288,20760,,20760.0,0.08294399999999999,DRB1,,,,
DRB1*12:02,DQB1*03:01 / DQA1*06:01,0.299,0.337,0.298,27156,6396.0,20760.0,0.089401,DRB1,,,,
DRB1*12:02,DQB1*03:02 / DQA1*01:01,0.292,,0.292,5328,,5328.0,0.08526399999999999,DRB1,,,,
DRB1*12:02,DQB1*03:02 / DQA1*02:01,0.244,0.201,0.257,26194,6395.0,19799.0,0.059536,DRB1,,,,
DRB1*12:02,DQB1*03:02 / DQA1*03:01,0.223,0.206,0.229,27156,6396.0,20760.0,0.049729,DRB1,,,,
DRB1*12:02,DQB1*03:02 / DQA1*03:02,0.204,0.238,0.193,22488,6396.0,16092.0,0.04161599999999999,DRB1,,,,
DRB1*12:02,DQB1*03:02 / DQA1*03:03,0.165,,0.165,4541,,4541.0,0.027225000000000003,DRB1,,,,
DRB1*12:02,DQB1*03:03 / DQA1*02:01,0.25,,0.25,20760,,20760.0,0.0625,DRB1,,,,
DRB1*12:02,DQB1*03:03 / DQA1*03:01,0.232,,0.232,20760,,20760.0,0.053824000000000004,DRB1,,,,
DRB1*12:02,DQB1*03:03 / DQA1*03:02,0.221,0.265,0.215,27156,6396.0,20760.0,0.048841,DRB1,,,,
DRB1*12:02,DQB1*03:03 / DQA1*04:01,0.298,0.298,,6396,6396.0,,0.088804,DRB1,,,,
DRB1*12:02,DQB1*03:03 / DQA1*06:01,0.32,0.32,,6396,6396.0,,0.1024,DRB1,,,,
DRB1*12:02,DQB1*03:04 / DQA1*03:01,0.519,,0.519,127,,127.0,0.269361,DRB1,,,,
DRB1*12:02,DQB1*03:19 / DQA1*02:01,0.146,,0.146,0,,0.0,0.021315999999999998,DRB1,,,,
DRB1*12:02,DQB1*03:19 / DQA1*05:05,0.285,,0.285,20677,,20677.0,0.08122499999999999,DRB1,,,,
DRB1*12:02,DQB1*04:01 / DQA1*02:01,0.353,0.29,0.372,27155,6395.0,20760.0,0.12460899999999998,DRB1,,,,
DRB1*12:02,DQB1*04:01 / DQA1*03:03,0.336,,0.336,20760,,20760.0,0.11289600000000001,DRB1,,,,
DRB1*12:02,DQB1*04:01 / DQA1*04:01,0.377,0.376,,6396,6396.0,,0.142129,DRB1,,,,
DRB1*12:02,DQB1*04:01 / DQA1*05:01,0.396,0.396,,6396,6396.0,,0.156816,DRB1,,,,
DRB1*12:02,DQB1*04:02 / DQA1*02:01,0.375,,0.375,20760,,20760.0,0.140625,DRB1,,,,
DRB1*12:02,DQB1*04:02 / DQA1*03:01,0.357,0.357,,6396,6396.0,,0.12744899999999998,DRB1,,,,
DRB1*12:02,DQB1*04:02 / DQA1*04:01,0.395,0.332,0.409,27156,6396.0,20760.0,0.15602500000000002,DRB1,,,,
DRB1*12:02,DQB1*04:02 / DQA1*06:01,0.39,0.39,,6396,6396.0,,0.1521,DRB1,,,,
DRB1*12:02,DQB1*05:01 / DQA1*01:01,0.295,0.302,0.3,27157,6397.0,20760.0,0.08702499999999999,DRB1,,,,
DRB1*12:02,DQB1*05:01 / DQA1*01:02,0.277,0.277,,6397,6397.0,,0.07672900000000002,DRB1,,,,
DRB1*12:02,DQB1*05:02 / DQA1*01:02,0.3,0.315,0.303,27157,6397.0,20760.0,0.09,DRB1,,,,
DRB1*12:02,DQB1*05:03 / DQA1*01:01,0.159,,0.159,0,,0.0,0.025281,DRB1,,,,
DRB1*12:02,DQB1*05:03 / DQA1*01:04,0.322,0.322,,6397,6397.0,,0.10368400000000001,DRB1,,,,
DRB1*12:02,DQB1*06:01 / DQA1*01:03,0.367,0.25,0.397,27156,6396.0,20760.0,0.134689,DRB1,,,,
DRB1*12:02,DQB1*06:01 / DQA1*01:04,0.288,0.287,,6397,6397.0,,0.08294399999999999,DRB1,,,,
DRB1*12:02,DQB1*06:01 / DQA1*02:01,0.331,0.33,,6396,6396.0,,0.109561,DRB1,,,,
DRB1*12:02,DQB1*06:02 / DQA1*01:01,0.338,,0.338,20760,,20760.0,0.11424400000000001,DRB1,,,,
DRB1*12:02,DQB1*06:02 / DQA1*01:02,0.338,0.249,0.359,27157,6397.0,20760.0,0.11424400000000001,DRB1,,,,
DRB1*12:02,DQB1*06:03 / DQA1*01:03,0.335,0.284,0.346,27156,6396.0,20760.0,0.11222500000000002,DRB1,,,,
DRB1*12:02,DQB1*06:04 / DQA1*01:02,0.351,0.314,0.364,27157,6397.0,20760.0,0.12320099999999999,DRB1,,,,
DRB1*12:02,DQB1*06:09 / DQA1*01:02,0.414,,0.414,20760,,20760.0,0.171396,DRB1,,,,
DRB1*12:02,DRB1*13:01,0.651,0.575,0.666,27157,6397.0,20760.0,0.42380100000000004,DRB1,,,,
DRB1*12:02,DRB1*13:02,0.661,,0.661,0,,0.0,0.43692100000000006,DRB1,,,,
DRB1*12:02,DRB1*13:03,0.659,0.598,0.669,27156,6396.0,20760.0,0.43428100000000003,DRB1,,,,
DRB1*12:02,DRB1*13:05,0.633,0.633,,6396,6396.0,,0.400689,DRB1,,,,
DRB1*12:02,DRB1*14:01,0.602,0.509,0.625,27156,6396.0,20760.0,0.36240399999999995,DRB1,,,,
DRB1*12:02,DRB1*14:02,0.578,,0.578,17207,,17207.0,0.33408399999999994,DRB1,,,,
DRB1*12:02,DRB1*14:03,0.63,0.621,0.716,6396,6396.0,0.0,0.39690000000000003,DRB1,,,,
DRB1*12:02,DRB1*14:04,0.585,0.575,0.64,6397,6397.0,0.0,0.34222499999999995,DRB1,,,,
DRB1*12:02,DRB1*14:05,0.521,,0.521,0,,0.0,0.27144100000000004,DRB1,,,,
DRB1*12:02,DRB1*14:06,0.534,,0.534,0,,0.0,0.285156,DRB1,,,,
DRB1*12:02,DRB1*14:54,0.621,,0.621,17207,,17207.0,0.385641,DRB1,,,,
DRB1*12:02,DRB1*15:01,0.455,0.306,0.484,27157,6397.0,20760.0,0.20702500000000001,DRB1,,,,
DRB1*12:02,DRB1*15:02,0.472,0.371,0.489,27157,6397.0,20760.0,0.22278399999999998,DRB1,,,,
DRB1*12:02,DRB1*15:03,0.442,0.377,0.457,26196,6397.0,19799.0,0.195364,DRB1,,,,
DRB1*12:02,DRB1*16:01,0.514,0.425,0.532,27157,6397.0,20760.0,0.264196,DRB1,,,,
DRB1*12:02,DRB1*16:02,0.506,0.389,0.53,27157,6397.0,20760.0,0.256036,DRB1,,,,
DRB1*12:02,DRB3*01:01,0.638,0.574,0.661,27157,6397.0,20760.0,0.407044,DRB1,,,,
DRB1*12:02,DRB3*02:01,0.367,,0.367,0,,0.0,0.134689,DRB1,,,,
DRB1*12:02,DRB3*02:02,0.487,0.506,0.49,27156,6396.0,20760.0,0.237169,DRB1,,,,
DRB1*12:02,DRB3*03:01,0.601,0.62,0.61,25305,6396.0,18909.0,0.361201,DRB1,,,,
DRB1*12:02,DRB4*01:01,0.209,0.261,0.2,27157,6397.0,20760.0,0.043681,DRB1,,,,
DRB1*12:02,DRB4*01:03,0.201,,0.201,20760,,20760.0,0.040401000000000006,DRB1,,,,
DRB1*12:02,DRB5*01:01,0.437,0.423,0.446,27157,6397.0,20760.0,0.190969,DRB1,,,,
DRB1*12:02,DRB5*01:02,0.408,,0.408,0,,0.0,0.16646399999999997,DRB1,,,,
DRB1*12:02,DRB5*02:02,0.358,0.354,0.374,27157,6397.0,20760.0,0.128164,DRB1,,,,
DRB1*13:01,DPB1*01:01 / DPA1*01:03,0.276,0.279,0.278,26197,6398.0,19799.0,0.07617600000000001,DRB1,,,,
DRB1*13:01,DPB1*01:01 / DPA1*02:01,0.209,0.319,0.218,27215,6397.0,20818.0,0.043681,DRB1,,,,
DRB1*13:01,DPB1*01:01 / DPA1*02:02,0.329,0.329,,6397,6397.0,,0.108241,DRB1,,,,
DRB1*13:01,DPB1*01:01 / DPA1*03:01,0.264,0.264,,6398,6398.0,,0.06969600000000001,DRB1,,,,
DRB1*13:01,DPB1*02:01 / DPA1*01:03,0.32,0.264,0.334,27215,6397.0,20818.0,0.1024,DRB1,,,,
DRB1*13:01,DPB1*02:02 / DPA1*01:03,0.02,,0.02,0,,0.0,0.0004,DRB1,,,,
DRB1*13:01,DPB1*02:02 / DPA1*02:01,0.375,,0.375,3553,,3553.0,0.140625,DRB1,,,,
DRB1*13:01,DPB1*03:01 / DPA1*01:03,0.28,0.286,0.268,27216,6398.0,20818.0,0.07840000000000001,DRB1,,,,
DRB1*13:01,DPB1*03:01 / DPA1*01:04,0.413,,0.413,2287,,2287.0,0.17056899999999997,DRB1,,,,
DRB1*13:01,DPB1*03:01 / DPA1*01:05,0.297,,0.297,17512,,17512.0,0.088209,DRB1,,,,
DRB1*13:01,DPB1*03:01 / DPA1*02:01,0.29,,0.29,18909,,18909.0,0.0841,DRB1,,,,
DRB1*13:01,DPB1*04:01 / DPA1*01:03,0.264,0.199,0.274,27216,6398.0,20818.0,0.06969600000000001,DRB1,,,,
DRB1*13:01,DPB1*04:01 / DPA1*02:01,0.279,0.279,,6397,6397.0,,0.07784100000000002,DRB1,,,,
DRB1*13:01,DPB1*04:01 / DPA1*02:02,0.272,0.272,,6397,6397.0,,0.07398400000000001,DRB1,,,,
DRB1*13:01,DPB1*04:01 / DPA1*03:01,0.229,0.229,,6398,6398.0,,0.052441,DRB1,,,,
DRB1*13:01,DPB1*04:01 / DPA1*04:01,0.26,0.26,,6398,6398.0,,0.06760000000000001,DRB1,,,,
DRB1*13:01,DPB1*04:02 / DPA1*01:03,0.3,0.249,0.308,27198,6397.0,20801.0,0.09,DRB1,,,,
DRB1*13:01,DPB1*04:02 / DPA1*03:01,0.333,0.333,,6397,6397.0,,0.11088900000000002,DRB1,,,,
DRB1*13:01,DPB1*05:01 / DPA1*02:01,0.257,0.169,0.311,27215,6397.0,20818.0,0.066049,DRB1,,,,
DRB1*13:01,DPB1*05:01 / DPA1*02:02,0.228,0.278,0.26,21829,6397.0,15432.0,0.051984,DRB1,,,,
DRB1*13:01,DPB1*05:01 / DPA1*03:01,0.266,0.266,,6398,6398.0,,0.07075600000000001,DRB1,,,,
DRB1*13:01,DPB1*06:01 / DPA1*01:03,0.312,0.248,0.332,21830,6398.0,15432.0,0.097344,DRB1,,,,
DRB1*13:01,DPB1*06:01 / DPA1*02:01,0.312,,0.312,18909,,18909.0,0.097344,DRB1,,,,
DRB1*13:01,DPB1*09:01 / DPA1*02:01,0.283,0.287,0.273,27198,6397.0,20801.0,0.08008899999999998,DRB1,,,,
DRB1*13:01,DPB1*105:01 / DPA1*02:01,0.015,,0.015,0,,0.0,0.000225,DRB1,,,,
DRB1*13:01,DPB1*107:01 / DPA1*02:01,0.068,,0.068,0,,0.0,0.0046240000000000005,DRB1,,,,
DRB1*13:01,DPB1*10:01 / DPA1*02:01,0.296,,0.296,6254,,6254.0,0.08761599999999999,DRB1,,,,
DRB1*13:01,DPB1*10:01 / DPA1*02:02,0.298,,0.298,14564,,14564.0,0.088804,DRB1,,,,
DRB1*13:01,DPB1*11:01 / DPA1*01:03,0.31,,0.31,17512,,17512.0,0.0961,DRB1,,,,
DRB1*13:01,DPB1*11:01 / DPA1*01:04,0.394,,0.394,2265,,2265.0,0.155236,DRB1,,,,
DRB1*13:01,DPB1*11:01 / DPA1*01:05,0.311,,0.311,2080,,2080.0,0.096721,DRB1,,,,
DRB1*13:01,DPB1*11:01 / DPA1*02:01,0.277,0.177,0.431,9703,6397.0,3306.0,0.07672900000000002,DRB1,,,,
DRB1*13:01,DPB1*11:01 / DPA1*02:02,0.275,,0.275,14564,,14564.0,0.07562500000000001,DRB1,,,,
DRB1*13:01,DPB1*13:01 / DPA1*01:04,0.406,,0.406,1397,,1397.0,0.164836,DRB1,,,,
DRB1*13:01,DPB1*13:01 / DPA1*01:05,0.268,,0.268,2080,,2080.0,0.07182400000000001,DRB1,,,,
DRB1*13:01,DPB1*13:01 / DPA1*02:01,0.301,0.271,0.304,27030,6397.0,20633.0,0.09060099999999999,DRB1,,,,
DRB1*13:01,DPB1*13:01 / DPA1*02:02,0.297,,0.297,15432,,15432.0,0.088209,DRB1,,,,
DRB1*13:01,DPB1*13:01 / DPA1*03:01,0.35,,0.35,15432,,15432.0,0.12249999999999998,DRB1,,,,
DRB1*13:01,DPB1*13:01 / DPA1*04:01,0.31,0.251,0.392,9703,6397.0,3306.0,0.0961,DRB1,,,,
DRB1*13:01,DPB1*14:01 / DPA1*02:01,0.261,0.205,0.25,27198,6397.0,20801.0,0.068121,DRB1,,,,
DRB1*13:01,DPB1*15:01 / DPA1*02:01,0.291,0.297,0.302,27157,6397.0,20760.0,0.08468099999999999,DRB1,,,,
DRB1*13:01,DPB1*17:01 / DPA1*02:01,0.323,0.286,0.315,27215,6397.0,20818.0,0.104329,DRB1,,,,
DRB1*13:01,DPB1*18:01 / DPA1*01:03,0.259,0.259,,6398,6398.0,,0.067081,DRB1,,,,
DRB1*13:01,DPB1*18:01 / DPA1*01:04,0.357,,0.357,19799,,19799.0,0.12744899999999998,DRB1,,,,
DRB1*13:01,DPB1*18:01 / DPA1*01:05,0.34,,0.34,19799,,19799.0,0.11560000000000002,DRB1,,,,
DRB1*13:01,DPB1*18:01 / DPA1*02:01,0.307,,0.307,20760,,20760.0,0.094249,DRB1,,,,
DRB1*13:01,DPB1*19:01 / DPA1*01:03,0.233,,0.233,17512,,17512.0,0.054289000000000004,DRB1,,,,
DRB1*13:01,DPB1*19:01 / DPA1*02:01,0.204,0.149,0.342,9686,6397.0,3289.0,0.04161599999999999,DRB1,,,,
DRB1*13:01,DPB1*20:01 / DPA1*01:03,0.395,,0.395,2287,,2287.0,0.15602500000000002,DRB1,,,,
DRB1*13:01,DPB1*20:01 / DPA1*03:01,0.285,,0.285,15432,,15432.0,0.08122499999999999,DRB1,,,,
DRB1*13:01,DPB1*23:01 / DPA1*01:03,0.254,,0.254,15432,,15432.0,0.064516,DRB1,,,,
DRB1*13:01,DPB1*23:01 / DPA1*02:01,0.311,,0.311,5328,,5328.0,0.096721,DRB1,,,,
DRB1*13:01,DPB1*26:01 / DPA1*03:01,0.038,,0.038,0,,0.0,0.001444,DRB1,,,,
DRB1*13:01,DPB1*28:01 / DPA1*01:03,0.322,,0.322,15432,,15432.0,0.10368400000000001,DRB1,,,,
DRB1*13:01,DPB1*28:01 / DPA1*01:04,0.376,,0.376,2287,,2287.0,0.141376,DRB1,,,,
DRB1*13:01,DPB1*28:01 / DPA1*01:05,0.322,,0.322,17512,,17512.0,0.10368400000000001,DRB1,,,,
DRB1*13:01,DPB1*28:01 / DPA1*02:01,0.262,,0.262,2080,,2080.0,0.06864400000000001,DRB1,,,,
DRB1*13:01,DPB1*28:01 / DPA1*02:02,0.301,0.276,0.311,7793,6396.0,1397.0,0.09060099999999999,DRB1,,,,
DRB1*13:01,DPB1*28:01 / DPA1*04:01,0.308,,0.308,15432,,15432.0,0.094864,DRB1,,,,
DRB1*13:01,DPB1*30:01 / DPA1*02:01,0.017,,0.017,0,,0.0,0.00028900000000000003,DRB1,,,,
DRB1*13:01,DPB1*31:01 / DPA1*03:01,0.02,,0.02,0,,0.0,0.0004,DRB1,,,,
DRB1*13:01,DPB1*40:01 / DPA1*01:05,0.019,,0.019,0,,0.0,0.000361,DRB1,,,,
DRB1*13:01,DPB1*85:01 / DPA1*01:03,0.033,,0.033,0,,0.0,0.0010890000000000001,DRB1,,,,
DRB1*13:01,DQB1*02:01 / DQA1*02:01,0.179,0.093,0.228,27215,6397.0,20818.0,0.032041,DRB1,,,,
DRB1*13:01,DQB1*02:01 / DQA1*03:01,0.216,,0.216,20801,,20801.0,0.046655999999999996,DRB1,,,,
DRB1*13:01,DQB1*02:01 / DQA1*04:01,0.277,,0.277,20760,,20760.0,0.07672900000000002,DRB1,,,,
DRB1*13:01,DQB1*02:01 / DQA1*05:01,0.245,0.297,0.237,27198,6397.0,20801.0,0.060024999999999995,DRB1,,,,
DRB1*13:01,DQB1*02:02 / DQA1*02:01,0.186,0.175,0.21,27198,6397.0,20801.0,0.034596,DRB1,,,,
DRB1*13:01,DQB1*02:02 / DQA1*03:02,0.218,0.218,,6397,6397.0,,0.047524,DRB1,,,,
DRB1*13:01,DQB1*02:02 / DQA1*05:01,0.276,0.276,,6397,6397.0,,0.07617600000000001,DRB1,,,,
DRB1*13:01,DQB1*03:01 / DQA1*02:01,0.21,,0.21,19799,,19799.0,0.04409999999999999,DRB1,,,,
DRB1*13:01,DQB1*03:01 / DQA1*03:01,0.256,0.292,0.247,27197,6396.0,20801.0,0.065536,DRB1,,,,
DRB1*13:01,DQB1*03:01 / DQA1*03:02,0.256,0.256,,6396,6396.0,,0.065536,DRB1,,,,
DRB1*13:01,DQB1*03:01 / DQA1*05:01,0.305,0.305,,6396,6396.0,,0.093025,DRB1,,,,
DRB1*13:01,DQB1*03:01 / DQA1*05:03,0.24,,0.24,20760,,20760.0,0.0576,DRB1,,,,
DRB1*13:01,DQB1*03:01 / DQA1*06:01,0.251,0.333,0.231,27197,6396.0,20801.0,0.063001,DRB1,,,,
DRB1*13:01,DQB1*03:02 / DQA1*01:01,0.267,,0.267,5369,,5369.0,0.071289,DRB1,,,,
DRB1*13:01,DQB1*03:02 / DQA1*02:01,0.202,0.193,0.214,26194,6395.0,19799.0,0.04080400000000001,DRB1,,,,
DRB1*13:01,DQB1*03:02 / DQA1*03:01,0.22,0.197,0.231,27197,6396.0,20801.0,0.0484,DRB1,,,,
DRB1*13:01,DQB1*03:02 / DQA1*03:02,0.165,0.208,0.141,22488,6396.0,16092.0,0.027225000000000003,DRB1,,,,
DRB1*13:01,DQB1*03:02 / DQA1*03:03,0.15,,0.15,4541,,4541.0,0.0225,DRB1,,,,
DRB1*13:01,DQB1*03:03 / DQA1*02:01,0.183,,0.183,20801,,20801.0,0.033489,DRB1,,,,
DRB1*13:01,DQB1*03:03 / DQA1*03:01,0.213,,0.213,20801,,20801.0,0.045369,DRB1,,,,
DRB1*13:01,DQB1*03:03 / DQA1*03:02,0.18,0.264,0.152,27156,6396.0,20760.0,0.0324,DRB1,,,,
DRB1*13:01,DQB1*03:03 / DQA1*04:01,0.299,0.299,,6396,6396.0,,0.089401,DRB1,,,,
DRB1*13:01,DQB1*03:03 / DQA1*06:01,0.295,0.295,,6396,6396.0,,0.08702499999999999,DRB1,,,,
DRB1*13:01,DQB1*03:04 / DQA1*03:01,0.474,,0.474,127,,127.0,0.224676,DRB1,,,,
DRB1*13:01,DQB1*03:19 / DQA1*02:01,0.104,,0.104,0,,0.0,0.010816,DRB1,,,,
DRB1*13:01,DQB1*03:19 / DQA1*05:05,0.234,,0.234,20677,,20677.0,0.054756000000000006,DRB1,,,,
DRB1*13:01,DQB1*04:01 / DQA1*02:01,0.327,0.25,0.361,27197,6396.0,20801.0,0.10692900000000001,DRB1,,,,
DRB1*13:01,DQB1*04:01 / DQA1*03:03,0.265,,0.265,20760,,20760.0,0.07022500000000001,DRB1,,,,
DRB1*13:01,DQB1*04:01 / DQA1*04:01,0.362,0.361,,6397,6397.0,,0.131044,DRB1,,,,
DRB1*13:01,DQB1*04:01 / DQA1*05:01,0.354,0.354,,6397,6397.0,,0.12531599999999998,DRB1,,,,
DRB1*13:01,DQB1*04:02 / DQA1*02:01,0.314,,0.314,20801,,20801.0,0.098596,DRB1,,,,
DRB1*13:01,DQB1*04:02 / DQA1*03:01,0.33,0.33,,6397,6397.0,,0.10890000000000001,DRB1,,,,
DRB1*13:01,DQB1*04:02 / DQA1*04:01,0.358,0.314,0.352,27215,6397.0,20818.0,0.128164,DRB1,,,,
DRB1*13:01,DQB1*04:02 / DQA1*06:01,0.358,0.358,,6397,6397.0,,0.128164,DRB1,,,,
DRB1*13:01,DQB1*05:01 / DQA1*01:01,0.285,0.328,0.25,27199,6398.0,20801.0,0.08122499999999999,DRB1,,,,
DRB1*13:01,DQB1*05:01 / DQA1*01:02,0.287,0.287,,6398,6398.0,,0.08236899999999998,DRB1,,,,
DRB1*13:01,DQB1*05:02 / DQA1*01:02,0.349,0.289,0.338,27216,6398.0,20818.0,0.12180099999999998,DRB1,,,,
DRB1*13:01,DQB1*05:03 / DQA1*01:01,0.14,,0.14,0,,0.0,0.019600000000000003,DRB1,,,,
DRB1*13:01,DQB1*05:03 / DQA1*01:04,0.341,0.341,,6398,6398.0,,0.11628100000000002,DRB1,,,,
DRB1*13:01,DQB1*06:01 / DQA1*01:03,0.363,0.281,0.394,27198,6397.0,20801.0,0.131769,DRB1,,,,
DRB1*13:01,DQB1*06:01 / DQA1*01:04,0.338,0.338,,6398,6398.0,,0.11424400000000001,DRB1,,,,
DRB1*13:01,DQB1*06:01 / DQA1*02:01,0.326,0.326,,6397,6397.0,,0.10627600000000001,DRB1,,,,
DRB1*13:01,DQB1*06:02 / DQA1*01:01,0.37,,0.37,20760,,20760.0,0.1369,DRB1,,,,
DRB1*13:01,DQB1*06:02 / DQA1*01:02,0.361,0.306,0.382,27216,6398.0,20818.0,0.130321,DRB1,,,,
DRB1*13:01,DQB1*06:03 / DQA1*01:03,0.369,0.337,0.364,27157,6397.0,20760.0,0.136161,DRB1,,,,
DRB1*13:01,DQB1*06:04 / DQA1*01:02,0.417,0.372,0.397,27158,6398.0,20760.0,0.173889,DRB1,,,,
DRB1*13:01,DQB1*06:09 / DQA1*01:02,0.384,,0.384,20760,,20760.0,0.147456,DRB1,,,,
DRB1*13:01,DRB1*13:02,0.861,,0.861,0,,0.0,0.741321,DRB1,,,,
DRB1*13:01,DRB1*13:03,0.801,0.731,0.803,27215,6397.0,20818.0,0.6416010000000001,DRB1,,,,
DRB1*13:01,DRB1*13:05,0.791,0.791,,6397,6397.0,,0.625681,DRB1,,,,
DRB1*13:01,DRB1*14:01,0.658,0.589,0.695,27215,6397.0,20818.0,0.432964,DRB1,,,,
DRB1*13:01,DRB1*14:02,0.739,,0.739,17207,,17207.0,0.546121,DRB1,,,,
DRB1*13:01,DRB1*14:03,0.779,0.766,0.845,6397,6397.0,0.0,0.6068410000000001,DRB1,,,,
DRB1*13:01,DRB1*14:04,0.584,0.612,0.554,6398,6398.0,0.0,0.34105599999999997,DRB1,,,,
DRB1*13:01,DRB1*14:05,0.558,,0.558,0,,0.0,0.3113640000000001,DRB1,,,,
DRB1*13:01,DRB1*14:06,0.66,,0.66,0,,0.0,0.43560000000000004,DRB1,,,,
DRB1*13:01,DRB1*14:54,0.686,,0.686,17207,,17207.0,0.47059600000000007,DRB1,,,,
DRB1*13:01,DRB1*15:01,0.456,0.34,0.486,27216,6398.0,20818.0,0.207936,DRB1,,,,
DRB1*13:01,DRB1*15:02,0.507,0.461,0.509,27216,6398.0,20818.0,0.257049,DRB1,,,,
DRB1*13:01,DRB1*15:03,0.494,0.457,0.486,26197,6398.0,19799.0,0.244036,DRB1,,,,
DRB1*13:01,DRB1*16:01,0.502,0.424,0.528,27216,6398.0,20818.0,0.252004,DRB1,,,,
DRB1*13:01,DRB1*16:02,0.525,0.403,0.555,27158,6398.0,20760.0,0.275625,DRB1,,,,
DRB1*13:01,DRB3*01:01,0.637,0.618,0.612,27199,6398.0,20801.0,0.405769,DRB1,,,,
DRB1*13:01,DRB3*02:01,0.489,,0.489,17,,17.0,0.239121,DRB1,,,,
DRB1*13:01,DRB3*02:02,0.61,0.604,0.588,27197,6396.0,20801.0,0.3721,DRB1,,,,
DRB1*13:01,DRB3*03:01,0.61,0.646,0.576,25306,6397.0,18909.0,0.3721,DRB1,,,,
DRB1*13:01,DRB4*01:01,0.204,0.308,0.159,27199,6398.0,20801.0,0.04161599999999999,DRB1,,,,
DRB1*13:01,DRB4*01:03,0.129,,0.129,20818,,20818.0,0.016641,DRB1,,,,
DRB1*13:01,DRB5*01:01,0.486,0.461,0.471,27216,6398.0,20818.0,0.236196,DRB1,,,,
DRB1*13:01,DRB5*01:02,0.378,,0.378,0,,0.0,0.142884,DRB1,,,,
DRB1*13:01,DRB5*02:02,0.401,0.402,0.378,27199,6398.0,20801.0,0.16080100000000003,DRB1,,,,
DRB1*13:02,DPB1*01:01 / DPA1*01:03,0.003,,0.003,0,,0.0,9e-06,DRB1,,,,
DRB1*13:02,DPB1*01:01 / DPA1*02:01,0.013,,0.013,0,,0.0,0.000169,DRB1,,,,
DRB1*13:02,DPB1*02:01 / DPA1*01:03,0.121,,0.121,0,,0.0,0.014641,DRB1,,,,
DRB1*13:02,DPB1*02:02 / DPA1*01:03,0.123,,0.123,0,,0.0,0.015129,DRB1,,,,
DRB1*13:02,DPB1*03:01 / DPA1*01:03,0.033,,0.033,0,,0.0,0.0010890000000000001,DRB1,,,,
DRB1*13:02,DPB1*03:01 / DPA1*01:05,0.05,,0.05,0,,0.0,0.0025000000000000005,DRB1,,,,
DRB1*13:02,DPB1*03:01 / DPA1*02:01,0.053,,0.053,0,,0.0,0.002809,DRB1,,,,
DRB1*13:02,DPB1*04:01 / DPA1*01:03,0.027,,0.027,0,,0.0,0.0007289999999999999,DRB1,,,,
DRB1*13:02,DPB1*04:02 / DPA1*01:03,0.115,,0.115,0,,0.0,0.013225,DRB1,,,,
DRB1*13:02,DPB1*05:01 / DPA1*02:01,0.081,,0.081,0,,0.0,0.006561,DRB1,,,,
DRB1*13:02,DPB1*05:01 / DPA1*02:02,0.038,,0.038,0,,0.0,0.001444,DRB1,,,,
DRB1*13:02,DPB1*06:01 / DPA1*01:03,0.056,,0.056,0,,0.0,0.0031360000000000003,DRB1,,,,
DRB1*13:02,DPB1*06:01 / DPA1*02:01,0.049,,0.049,0,,0.0,0.0024010000000000004,DRB1,,,,
DRB1*13:02,DPB1*09:01 / DPA1*02:01,0.041,,0.041,0,,0.0,0.0016810000000000002,DRB1,,,,
DRB1*13:02,DPB1*105:01 / DPA1*02:01,0.091,,0.091,0,,0.0,0.008281,DRB1,,,,
DRB1*13:02,DPB1*107:01 / DPA1*02:01,0.12,,0.12,0,,0.0,0.0144,DRB1,,,,
DRB1*13:02,DPB1*10:01 / DPA1*02:02,0.069,,0.069,0,,0.0,0.0047610000000000005,DRB1,,,,
DRB1*13:02,DPB1*11:01 / DPA1*01:03,0.05,,0.05,0,,0.0,0.0025000000000000005,DRB1,,,,
DRB1*13:02,DPB1*11:01 / DPA1*02:02,0.062,,0.062,0,,0.0,0.0038439999999999998,DRB1,,,,
DRB1*13:02,DPB1*13:01 / DPA1*02:01,0.062,,0.062,0,,0.0,0.0038439999999999998,DRB1,,,,
DRB1*13:02,DPB1*13:01 / DPA1*02:02,0.056,,0.056,0,,0.0,0.0031360000000000003,DRB1,,,,
DRB1*13:02,DPB1*13:01 / DPA1*03:01,0.058,,0.058,0,,0.0,0.0033640000000000002,DRB1,,,,
DRB1*13:02,DPB1*14:01 / DPA1*02:01,0.031,,0.031,0,,0.0,0.0009609999999999999,DRB1,,,,
DRB1*13:02,DPB1*15:01 / DPA1*02:01,0.046,,0.046,0,,0.0,0.002116,DRB1,,,,
DRB1*13:02,DPB1*17:01 / DPA1*02:01,0.028,,0.028,0,,0.0,0.0007840000000000001,DRB1,,,,
DRB1*13:02,DPB1*18:01 / DPA1*01:04,0.117,,0.117,0,,0.0,0.013689000000000002,DRB1,,,,
DRB1*13:02,DPB1*18:01 / DPA1*01:05,0.11,,0.11,0,,0.0,0.0121,DRB1,,,,
DRB1*13:02,DPB1*18:01 / DPA1*02:01,0.094,,0.094,0,,0.0,0.008836,DRB1,,,,
DRB1*13:02,DPB1*19:01 / DPA1*01:03,0.019,,0.019,0,,0.0,0.000361,DRB1,,,,
DRB1*13:02,DPB1*20:01 / DPA1*03:01,0.049,,0.049,0,,0.0,0.0024010000000000004,DRB1,,,,
DRB1*13:02,DPB1*23:01 / DPA1*01:03,0.039,,0.039,0,,0.0,0.001521,DRB1,,,,
DRB1*13:02,DPB1*26:01 / DPA1*03:01,0.079,,0.079,0,,0.0,0.006241,DRB1,,,,
DRB1*13:02,DPB1*28:01 / DPA1*01:03,0.14,,0.14,0,,0.0,0.019600000000000003,DRB1,,,,
DRB1*13:02,DPB1*28:01 / DPA1*01:05,0.112,,0.112,0,,0.0,0.012544000000000001,DRB1,,,,
DRB1*13:02,DPB1*28:01 / DPA1*04:01,0.052,,0.052,0,,0.0,0.002704,DRB1,,,,
DRB1*13:02,DPB1*30:01 / DPA1*02:01,0.057,,0.057,0,,0.0,0.003249,DRB1,,,,
DRB1*13:02,DPB1*31:01 / DPA1*03:01,0.056,,0.056,0,,0.0,0.0031360000000000003,DRB1,,,,
DRB1*13:02,DPB1*40:01 / DPA1*01:05,0.083,,0.083,0,,0.0,0.006889000000000001,DRB1,,,,
DRB1*13:02,DPB1*85:01 / DPA1*01:03,0.077,,0.077,0,,0.0,0.005929,DRB1,,,,
DRB1*13:02,DQB1*02:01 / DQA1*02:01,-0.013,,-0.013,0,,0.0,0.000169,DRB1,,,,
DRB1*13:02,DQB1*02:01 / DQA1*03:01,0.028,,0.028,0,,0.0,0.0007840000000000001,DRB1,,,,
DRB1*13:02,DQB1*02:01 / DQA1*04:01,0.119,,0.119,0,,0.0,0.014160999999999998,DRB1,,,,
DRB1*13:02,DQB1*02:01 / DQA1*05:01,0.147,,0.147,0,,0.0,0.021608999999999996,DRB1,,,,
DRB1*13:02,DQB1*02:02 / DQA1*02:01,-0.022,,-0.022,0,,0.0,0.00048399999999999995,DRB1,,,,
DRB1*13:02,DQB1*03:01 / DQA1*02:01,0.192,,0.192,0,,0.0,0.036864,DRB1,,,,
DRB1*13:02,DQB1*03:01 / DQA1*03:01,0.203,,0.203,0,,0.0,0.041209,DRB1,,,,
DRB1*13:02,DQB1*03:01 / DQA1*05:03,0.305,,0.305,0,,0.0,0.093025,DRB1,,,,
DRB1*13:02,DQB1*03:01 / DQA1*06:01,0.265,,0.265,0,,0.0,0.07022500000000001,DRB1,,,,
DRB1*13:02,DQB1*03:02 / DQA1*02:01,0.127,,0.127,0,,0.0,0.016129,DRB1,,,,
DRB1*13:02,DQB1*03:02 / DQA1*03:01,0.129,,0.129,0,,0.0,0.016641,DRB1,,,,
DRB1*13:02,DQB1*03:02 / DQA1*03:02,0.208,,0.208,0,,0.0,0.043264,DRB1,,,,
DRB1*13:02,DQB1*03:02 / DQA1*03:03,0.086,,0.086,0,,0.0,0.007395999999999999,DRB1,,,,
DRB1*13:02,DQB1*03:03 / DQA1*02:01,0.109,,0.109,0,,0.0,0.011881,DRB1,,,,
DRB1*13:02,DQB1*03:03 / DQA1*03:01,0.12,,0.12,0,,0.0,0.0144,DRB1,,,,
DRB1*13:02,DQB1*03:03 / DQA1*03:02,0.114,,0.114,0,,0.0,0.012996,DRB1,,,,
DRB1*13:02,DQB1*03:19 / DQA1*02:01,0.23,,0.23,0,,0.0,0.0529,DRB1,,,,
DRB1*13:02,DQB1*03:19 / DQA1*05:05,0.279,,0.279,0,,0.0,0.07784100000000002,DRB1,,,,
DRB1*13:02,DQB1*04:01 / DQA1*02:01,0.152,,0.152,0,,0.0,0.023104,DRB1,,,,
DRB1*13:02,DQB1*04:01 / DQA1*03:03,0.148,,0.148,0,,0.0,0.021903999999999996,DRB1,,,,
DRB1*13:02,DQB1*04:02 / DQA1*02:01,0.131,,0.131,0,,0.0,0.017161000000000003,DRB1,,,,
DRB1*13:02,DQB1*04:02 / DQA1*04:01,0.218,,0.218,0,,0.0,0.047524,DRB1,,,,
DRB1*13:02,DQB1*05:01 / DQA1*01:01,0.096,,0.096,0,,0.0,0.009216,DRB1,,,,
DRB1*13:02,DQB1*05:02 / DQA1*01:02,0.145,,0.145,0,,0.0,0.021025,DRB1,,,,
DRB1*13:02,DQB1*05:03 / DQA1*01:01,0.185,,0.185,0,,0.0,0.034225,DRB1,,,,
DRB1*13:02,DQB1*06:01 / DQA1*01:03,0.32,,0.32,0,,0.0,0.1024,DRB1,,,,
DRB1*13:02,DQB1*06:02 / DQA1*01:01,0.247,,0.247,0,,0.0,0.061009,DRB1,,,,
DRB1*13:02,DQB1*06:02 / DQA1*01:02,0.246,,0.246,0,,0.0,0.060516,DRB1,,,,
DRB1*13:02,DQB1*06:03 / DQA1*01:03,0.28,,0.28,0,,0.0,0.07840000000000001,DRB1,,,,
DRB1*13:02,DQB1*06:04 / DQA1*01:02,0.274,,0.274,0,,0.0,0.07507600000000002,DRB1,,,,
DRB1*13:02,DQB1*06:09 / DQA1*01:02,0.32,,0.32,0,,0.0,0.1024,DRB1,,,,
DRB1*13:02,DRB1*13:03,0.791,,0.791,0,,0.0,0.625681,DRB1,,,,
DRB1*13:02,DRB1*14:01,0.604,,0.604,0,,0.0,0.364816,DRB1,,,,
DRB1*13:02,DRB1*14:02,0.634,,0.634,0,,0.0,0.40195600000000004,DRB1,,,,
DRB1*13:02,DRB1*14:03,0.837,,0.837,0,,0.0,0.700569,DRB1,,,,
DRB1*13:02,DRB1*14:04,0.555,,0.555,0,,0.0,0.30802500000000005,DRB1,,,,
DRB1*13:02,DRB1*14:05,0.586,,0.586,0,,0.0,0.343396,DRB1,,,,
DRB1*13:02,DRB1*14:06,0.649,,0.649,0,,0.0,0.42120100000000005,DRB1,,,,
DRB1*13:02,DRB1*14:54,0.598,,0.598,0,,0.0,0.357604,DRB1,,,,
DRB1*13:02,DRB1*15:01,0.437,,0.437,0,,0.0,0.190969,DRB1,,,,
DRB1*13:02,DRB1*15:02,0.426,,0.426,0,,0.0,0.181476,DRB1,,,,
DRB1*13:02,DRB1*15:03,0.431,,0.431,0,,0.0,0.18576099999999998,DRB1,,,,
DRB1*13:02,DRB1*16:01,0.526,,0.526,0,,0.0,0.27667600000000003,DRB1,,,,
DRB1*13:02,DRB1*16:02,0.543,,0.543,0,,0.0,0.294849,DRB1,,,,
DRB1*13:02,DRB3*01:01,0.575,,0.575,0,,0.0,0.33062499999999995,DRB1,,,,
DRB1*13:02,DRB3*02:01,0.553,,0.553,0,,0.0,0.30580900000000005,DRB1,,,,
DRB1*13:02,DRB3*02:02,0.509,,0.509,0,,0.0,0.259081,DRB1,,,,
DRB1*13:02,DRB3*03:01,0.605,,0.605,0,,0.0,0.366025,DRB1,,,,
DRB1*13:02,DRB4*01:01,-0.144,,-0.144,0,,0.0,0.020735999999999997,DRB1,,,,
DRB1*13:02,DRB4*01:03,-0.164,,-0.164,0,,0.0,0.026896000000000003,DRB1,,,,
DRB1*13:02,DRB5*01:01,0.348,,0.348,0,,0.0,0.12110399999999999,DRB1,,,,
DRB1*13:02,DRB5*01:02,0.388,,0.388,0,,0.0,0.150544,DRB1,,,,
DRB1*13:02,DRB5*02:02,0.198,,0.198,0,,0.0,0.039204,DRB1,,,,
DRB1*13:03,DPB1*01:01 / DPA1*01:03,0.247,0.29,0.24,26196,6397.0,19799.0,0.061009,DRB1,,,,
DRB1*13:03,DPB1*01:01 / DPA1*02:01,0.183,0.28,0.18,27214,6396.0,20818.0,0.033489,DRB1,,,,
DRB1*13:03,DPB1*01:01 / DPA1*02:02,0.276,0.276,,6396,6396.0,,0.07617600000000001,DRB1,,,,
DRB1*13:03,DPB1*01:01 / DPA1*03:01,0.3,0.3,,6397,6397.0,,0.09,DRB1,,,,
DRB1*13:03,DPB1*02:01 / DPA1*01:03,0.298,0.287,0.298,27214,6396.0,20818.0,0.088804,DRB1,,,,
DRB1*13:03,DPB1*02:02 / DPA1*01:03,0.02,,0.02,0,,0.0,0.0004,DRB1,,,,
DRB1*13:03,DPB1*02:02 / DPA1*02:01,0.212,,0.212,3553,,3553.0,0.044944,DRB1,,,,
DRB1*13:03,DPB1*03:01 / DPA1*01:03,0.276,0.322,0.263,27215,6397.0,20818.0,0.07617600000000001,DRB1,,,,
DRB1*13:03,DPB1*03:01 / DPA1*01:04,0.317,,0.317,2287,,2287.0,0.10048900000000001,DRB1,,,,
DRB1*13:03,DPB1*03:01 / DPA1*01:05,0.291,,0.291,17512,,17512.0,0.08468099999999999,DRB1,,,,
DRB1*13:03,DPB1*03:01 / DPA1*02:01,0.293,,0.293,18909,,18909.0,0.085849,DRB1,,,,
DRB1*13:03,DPB1*04:01 / DPA1*01:03,0.257,0.197,0.266,27215,6397.0,20818.0,0.066049,DRB1,,,,
DRB1*13:03,DPB1*04:01 / DPA1*02:01,0.273,0.273,,6396,6396.0,,0.07452900000000001,DRB1,,,,
DRB1*13:03,DPB1*04:01 / DPA1*02:02,0.281,0.281,,6396,6396.0,,0.07896100000000002,DRB1,,,,
DRB1*13:03,DPB1*04:01 / DPA1*03:01,0.251,0.251,,6397,6397.0,,0.063001,DRB1,,,,
DRB1*13:03,DPB1*04:01 / DPA1*04:01,0.274,0.274,,6397,6397.0,,0.07507600000000002,DRB1,,,,
DRB1*13:03,DPB1*04:02 / DPA1*01:03,0.283,0.262,0.284,27197,6396.0,20801.0,0.08008899999999998,DRB1,,,,
DRB1*13:03,DPB1*04:02 / DPA1*03:01,0.341,0.341,,6396,6396.0,,0.11628100000000002,DRB1,,,,
DRB1*13:03,DPB1*05:01 / DPA1*02:01,0.237,0.17,0.267,27214,6396.0,20818.0,0.056169,DRB1,,,,
DRB1*13:03,DPB1*05:01 / DPA1*02:02,0.198,0.23,0.207,21828,6396.0,15432.0,0.039204,DRB1,,,,
DRB1*13:03,DPB1*05:01 / DPA1*03:01,0.272,0.272,,6397,6397.0,,0.07398400000000001,DRB1,,,,
DRB1*13:03,DPB1*06:01 / DPA1*01:03,0.296,0.286,0.303,21829,6397.0,15432.0,0.08761599999999999,DRB1,,,,
DRB1*13:03,DPB1*06:01 / DPA1*02:01,0.301,,0.301,18909,,18909.0,0.09060099999999999,DRB1,,,,
DRB1*13:03,DPB1*09:01 / DPA1*02:01,0.288,0.327,0.279,27197,6396.0,20801.0,0.08294399999999999,DRB1,,,,
DRB1*13:03,DPB1*105:01 / DPA1*02:01,0.039,,0.039,0,,0.0,0.001521,DRB1,,,,
DRB1*13:03,DPB1*107:01 / DPA1*02:01,0.069,,0.069,0,,0.0,0.0047610000000000005,DRB1,,,,
DRB1*13:03,DPB1*10:01 / DPA1*02:01,0.214,,0.214,6254,,6254.0,0.045795999999999996,DRB1,,,,
DRB1*13:03,DPB1*10:01 / DPA1*02:02,0.282,,0.282,14564,,14564.0,0.07952399999999998,DRB1,,,,
DRB1*13:03,DPB1*11:01 / DPA1*01:03,0.259,,0.259,17512,,17512.0,0.067081,DRB1,,,,
DRB1*13:03,DPB1*11:01 / DPA1*01:04,0.275,,0.275,2265,,2265.0,0.07562500000000001,DRB1,,,,
DRB1*13:03,DPB1*11:01 / DPA1*01:05,0.209,,0.209,2080,,2080.0,0.043681,DRB1,,,,
DRB1*13:03,DPB1*11:01 / DPA1*02:01,0.235,0.211,0.277,9702,6396.0,3306.0,0.055224999999999996,DRB1,,,,
DRB1*13:03,DPB1*11:01 / DPA1*02:02,0.246,,0.246,14564,,14564.0,0.060516,DRB1,,,,
DRB1*13:03,DPB1*13:01 / DPA1*01:04,0.291,,0.291,1397,,1397.0,0.08468099999999999,DRB1,,,,
DRB1*13:03,DPB1*13:01 / DPA1*01:05,0.211,,0.211,2080,,2080.0,0.044521,DRB1,,,,
DRB1*13:03,DPB1*13:01 / DPA1*02:01,0.263,0.274,0.257,27029,6396.0,20633.0,0.06916900000000001,DRB1,,,,
DRB1*13:03,DPB1*13:01 / DPA1*02:02,0.26,,0.26,15432,,15432.0,0.06760000000000001,DRB1,,,,
DRB1*13:03,DPB1*13:01 / DPA1*03:01,0.287,,0.287,15432,,15432.0,0.08236899999999998,DRB1,,,,
DRB1*13:03,DPB1*13:01 / DPA1*04:01,0.25,0.266,0.207,9702,6396.0,3306.0,0.0625,DRB1,,,,
DRB1*13:03,DPB1*14:01 / DPA1*02:01,0.243,0.23,0.234,27197,6396.0,20801.0,0.059049,DRB1,,,,
DRB1*13:03,DPB1*15:01 / DPA1*02:01,0.265,0.315,0.26,27156,6396.0,20760.0,0.07022500000000001,DRB1,,,,
DRB1*13:03,DPB1*17:01 / DPA1*02:01,0.299,0.317,0.288,27214,6396.0,20818.0,0.089401,DRB1,,,,
DRB1*13:03,DPB1*18:01 / DPA1*01:03,0.264,0.264,,6397,6397.0,,0.06969600000000001,DRB1,,,,
DRB1*13:03,DPB1*18:01 / DPA1*01:04,0.335,,0.335,19799,,19799.0,0.11222500000000002,DRB1,,,,
DRB1*13:03,DPB1*18:01 / DPA1*01:05,0.324,,0.324,19799,,19799.0,0.104976,DRB1,,,,
DRB1*13:03,DPB1*18:01 / DPA1*02:01,0.311,,0.311,20760,,20760.0,0.096721,DRB1,,,,
DRB1*13:03,DPB1*19:01 / DPA1*01:03,0.219,,0.219,17512,,17512.0,0.047961,DRB1,,,,
DRB1*13:03,DPB1*19:01 / DPA1*02:01,0.168,0.175,0.194,9685,6396.0,3289.0,0.028224000000000003,DRB1,,,,
DRB1*13:03,DPB1*20:01 / DPA1*01:03,0.236,,0.236,2287,,2287.0,0.055695999999999996,DRB1,,,,
DRB1*13:03,DPB1*20:01 / DPA1*03:01,0.275,,0.275,15432,,15432.0,0.07562500000000001,DRB1,,,,
DRB1*13:03,DPB1*23:01 / DPA1*01:03,0.252,,0.252,15432,,15432.0,0.063504,DRB1,,,,
DRB1*13:03,DPB1*23:01 / DPA1*02:01,0.177,,0.177,5328,,5328.0,0.031328999999999996,DRB1,,,,
DRB1*13:03,DPB1*26:01 / DPA1*03:01,0.037,,0.037,0,,0.0,0.0013689999999999998,DRB1,,,,
DRB1*13:03,DPB1*28:01 / DPA1*01:03,0.305,,0.305,15432,,15432.0,0.093025,DRB1,,,,
DRB1*13:03,DPB1*28:01 / DPA1*01:04,0.28,,0.28,2287,,2287.0,0.07840000000000001,DRB1,,,,
DRB1*13:03,DPB1*28:01 / DPA1*01:05,0.314,,0.314,17512,,17512.0,0.098596,DRB1,,,,
DRB1*13:03,DPB1*28:01 / DPA1*02:01,0.255,,0.255,2080,,2080.0,0.065025,DRB1,,,,
DRB1*13:03,DPB1*28:01 / DPA1*02:02,0.293,0.284,0.261,7792,6395.0,1397.0,0.085849,DRB1,,,,
DRB1*13:03,DPB1*28:01 / DPA1*04:01,0.312,,0.312,15432,,15432.0,0.097344,DRB1,,,,
DRB1*13:03,DPB1*30:01 / DPA1*02:01,0.003,,0.003,0,,0.0,9e-06,DRB1,,,,
DRB1*13:03,DPB1*31:01 / DPA1*03:01,0.019,,0.019,0,,0.0,0.000361,DRB1,,,,
DRB1*13:03,DPB1*40:01 / DPA1*01:05,0.027,,0.027,0,,0.0,0.0007289999999999999,DRB1,,,,
DRB1*13:03,DPB1*85:01 / DPA1*01:03,0.031,,0.031,0,,0.0,0.0009609999999999999,DRB1,,,,
DRB1*13:03,DQB1*02:01 / DQA1*02:01,0.189,0.107,0.223,27214,6396.0,20818.0,0.035721,DRB1,,,,
DRB1*13:03,DQB1*02:01 / DQA1*03:01,0.224,,0.224,20801,,20801.0,0.050176000000000005,DRB1,,,,
DRB1*13:03,DQB1*02:01 / DQA1*04:01,0.276,,0.276,20760,,20760.0,0.07617600000000001,DRB1,,,,
DRB1*13:03,DQB1*02:01 / DQA1*05:01,0.253,0.313,0.245,27197,6396.0,20801.0,0.064009,DRB1,,,,
DRB1*13:03,DQB1*02:02 / DQA1*02:01,0.193,0.189,0.204,27197,6396.0,20801.0,0.037249000000000004,DRB1,,,,
DRB1*13:03,DQB1*02:02 / DQA1*03:02,0.239,0.239,,6396,6396.0,,0.057121,DRB1,,,,
DRB1*13:03,DQB1*02:02 / DQA1*05:01,0.291,0.291,,6396,6396.0,,0.08468099999999999,DRB1,,,,
DRB1*13:03,DQB1*03:01 / DQA1*02:01,0.274,,0.274,19799,,19799.0,0.07507600000000002,DRB1,,,,
DRB1*13:03,DQB1*03:01 / DQA1*03:01,0.311,0.351,0.302,27196,6395.0,20801.0,0.096721,DRB1,,,,
DRB1*13:03,DQB1*03:01 / DQA1*03:02,0.312,0.312,,6395,6395.0,,0.097344,DRB1,,,,
DRB1*13:03,DQB1*03:01 / DQA1*05:01,0.381,0.381,,6395,6395.0,,0.145161,DRB1,,,,
DRB1*13:03,DQB1*03:01 / DQA1*05:03,0.322,,0.322,20760,,20760.0,0.10368400000000001,DRB1,,,,
DRB1*13:03,DQB1*03:01 / DQA1*06:01,0.325,0.387,0.316,27196,6395.0,20801.0,0.10562500000000001,DRB1,,,,
DRB1*13:03,DQB1*03:02 / DQA1*01:01,0.277,,0.277,5369,,5369.0,0.07672900000000002,DRB1,,,,
DRB1*13:03,DQB1*03:02 / DQA1*02:01,0.249,0.237,0.257,26193,6394.0,19799.0,0.062001,DRB1,,,,
DRB1*13:03,DQB1*03:02 / DQA1*03:01,0.261,0.255,0.266,27196,6395.0,20801.0,0.068121,DRB1,,,,
DRB1*13:03,DQB1*03:02 / DQA1*03:02,0.229,0.27,0.212,22487,6395.0,16092.0,0.052441,DRB1,,,,
DRB1*13:03,DQB1*03:02 / DQA1*03:03,0.2,,0.2,4541,,4541.0,0.04000000000000001,DRB1,,,,
DRB1*13:03,DQB1*03:03 / DQA1*02:01,0.238,,0.238,20801,,20801.0,0.05664399999999999,DRB1,,,,
DRB1*13:03,DQB1*03:03 / DQA1*03:01,0.249,,0.249,20801,,20801.0,0.062001,DRB1,,,,
DRB1*13:03,DQB1*03:03 / DQA1*03:02,0.233,0.318,0.214,27155,6395.0,20760.0,0.054289000000000004,DRB1,,,,
DRB1*13:03,DQB1*03:03 / DQA1*04:01,0.355,0.355,,6395,6395.0,,0.126025,DRB1,,,,
DRB1*13:03,DQB1*03:03 / DQA1*06:01,0.362,0.362,,6395,6395.0,,0.131044,DRB1,,,,
DRB1*13:03,DQB1*03:04 / DQA1*03:01,0.51,,0.51,127,,127.0,0.2601,DRB1,,,,
DRB1*13:03,DQB1*03:19 / DQA1*02:01,0.185,,0.185,0,,0.0,0.034225,DRB1,,,,
DRB1*13:03,DQB1*03:19 / DQA1*05:05,0.318,,0.318,20677,,20677.0,0.101124,DRB1,,,,
DRB1*13:03,DQB1*04:01 / DQA1*02:01,0.323,0.277,0.342,27196,6395.0,20801.0,0.104329,DRB1,,,,
DRB1*13:03,DQB1*04:01 / DQA1*03:03,0.3,,0.3,20760,,20760.0,0.09,DRB1,,,,
DRB1*13:03,DQB1*04:01 / DQA1*04:01,0.388,0.387,,6396,6396.0,,0.150544,DRB1,,,,
DRB1*13:03,DQB1*04:01 / DQA1*05:01,0.382,0.382,,6396,6396.0,,0.145924,DRB1,,,,
DRB1*13:03,DQB1*04:02 / DQA1*02:01,0.322,,0.322,20801,,20801.0,0.10368400000000001,DRB1,,,,
DRB1*13:03,DQB1*04:02 / DQA1*03:01,0.367,0.367,,6396,6396.0,,0.134689,DRB1,,,,
DRB1*13:03,DQB1*04:02 / DQA1*04:01,0.385,0.35,0.384,27214,6396.0,20818.0,0.148225,DRB1,,,,
DRB1*13:03,DQB1*04:02 / DQA1*06:01,0.39,0.39,,6396,6396.0,,0.1521,DRB1,,,,
DRB1*13:03,DQB1*05:01 / DQA1*01:01,0.252,0.296,0.234,27198,6397.0,20801.0,0.063504,DRB1,,,,
DRB1*13:03,DQB1*05:01 / DQA1*01:02,0.253,0.253,,6397,6397.0,,0.064009,DRB1,,,,
DRB1*13:03,DQB1*05:02 / DQA1*01:02,0.287,0.27,0.281,27215,6397.0,20818.0,0.08236899999999998,DRB1,,,,
DRB1*13:03,DQB1*05:03 / DQA1*01:01,0.091,,0.091,0,,0.0,0.008281,DRB1,,,,
DRB1*13:03,DQB1*05:03 / DQA1*01:04,0.338,0.338,,6397,6397.0,,0.11424400000000001,DRB1,,,,
DRB1*13:03,DQB1*06:01 / DQA1*01:03,0.34,0.247,0.367,27197,6396.0,20801.0,0.11560000000000002,DRB1,,,,
DRB1*13:03,DQB1*06:01 / DQA1*01:04,0.301,0.3,,6397,6397.0,,0.09060099999999999,DRB1,,,,
DRB1*13:03,DQB1*06:01 / DQA1*02:01,0.316,0.315,,6396,6396.0,,0.099856,DRB1,,,,
DRB1*13:03,DQB1*06:02 / DQA1*01:01,0.317,,0.317,20760,,20760.0,0.10048900000000001,DRB1,,,,
DRB1*13:03,DQB1*06:02 / DQA1*01:02,0.314,0.267,0.326,27215,6397.0,20818.0,0.098596,DRB1,,,,
DRB1*13:03,DQB1*06:03 / DQA1*01:03,0.327,0.297,0.328,27156,6396.0,20760.0,0.10692900000000001,DRB1,,,,
DRB1*13:03,DQB1*06:04 / DQA1*01:02,0.343,0.345,0.332,27157,6397.0,20760.0,0.11764900000000002,DRB1,,,,
DRB1*13:03,DQB1*06:09 / DQA1*01:02,0.352,,0.352,20760,,20760.0,0.12390399999999999,DRB1,,,,
DRB1*13:03,DRB1*13:05,0.744,0.744,,6396,6396.0,,0.553536,DRB1,,,,
DRB1*13:03,DRB1*14:01,0.654,0.594,0.676,27215,6397.0,20818.0,0.42771600000000004,DRB1,,,,
DRB1*13:03,DRB1*14:02,0.683,,0.683,17207,,17207.0,0.4664890000000001,DRB1,,,,
DRB1*13:03,DRB1*14:03,0.756,0.749,0.823,6396,6396.0,0.0,0.571536,DRB1,,,,
DRB1*13:03,DRB1*14:04,0.618,0.631,0.609,6397,6397.0,0.0,0.381924,DRB1,,,,
DRB1*13:03,DRB1*14:05,0.589,,0.589,0,,0.0,0.346921,DRB1,,,,
DRB1*13:03,DRB1*14:06,0.656,,0.656,0,,0.0,0.43033600000000005,DRB1,,,,
DRB1*13:03,DRB1*14:54,0.678,,0.678,17207,,17207.0,0.45968400000000004,DRB1,,,,
DRB1*13:03,DRB1*15:01,0.473,0.372,0.495,27215,6397.0,20818.0,0.22372899999999998,DRB1,,,,
DRB1*13:03,DRB1*15:02,0.501,0.476,0.5,27215,6397.0,20818.0,0.251001,DRB1,,,,
DRB1*13:03,DRB1*15:03,0.479,0.473,0.475,26196,6397.0,19799.0,0.22944099999999998,DRB1,,,,
DRB1*13:03,DRB1*16:01,0.518,0.444,0.534,27215,6397.0,20818.0,0.268324,DRB1,,,,
DRB1*13:03,DRB1*16:02,0.537,0.42,0.559,27157,6397.0,20760.0,0.28836900000000004,DRB1,,,,
DRB1*13:03,DRB3*01:01,0.571,0.599,0.558,27198,6397.0,20801.0,0.32604099999999997,DRB1,,,,
DRB1*13:03,DRB3*02:01,0.487,,0.487,17,,17.0,0.237169,DRB1,,,,
DRB1*13:03,DRB3*02:02,0.554,0.607,0.539,27196,6395.0,20801.0,0.3069160000000001,DRB1,,,,
DRB1*13:03,DRB3*03:01,0.547,0.626,0.529,25305,6396.0,18909.0,0.29920900000000006,DRB1,,,,
DRB1*13:03,DRB4*01:01,0.179,0.269,0.149,27198,6397.0,20801.0,0.032041,DRB1,,,,
DRB1*13:03,DRB4*01:03,0.134,,0.134,20818,,20818.0,0.017956000000000003,DRB1,,,,
DRB1*13:03,DRB5*01:01,0.443,0.455,0.434,27215,6397.0,20818.0,0.196249,DRB1,,,,
DRB1*13:03,DRB5*01:02,0.4,,0.4,0,,0.0,0.16000000000000003,DRB1,,,,
DRB1*13:03,DRB5*02:02,0.361,0.386,0.352,27198,6397.0,20801.0,0.130321,DRB1,,,,
DRB1*13:05,DPB1*01:01 / DPA1*01:03,0.312,0.312,,6397,6397.0,,0.097344,DRB1,,,,
DRB1*13:05,DPB1*01:01 / DPA1*02:01,0.357,0.357,,6396,6396.0,,0.12744899999999998,DRB1,,,,
DRB1*13:05,DPB1*01:01 / DPA1*02:02,0.34,0.34,,6396,6396.0,,0.11560000000000002,DRB1,,,,
DRB1*13:05,DPB1*01:01 / DPA1*03:01,0.326,0.326,,6397,6397.0,,0.10627600000000001,DRB1,,,,
DRB1*13:05,DPB1*02:01 / DPA1*01:03,0.341,0.341,,6396,6396.0,,0.11628100000000002,DRB1,,,,
DRB1*13:05,DPB1*03:01 / DPA1*01:03,0.338,0.338,,6397,6397.0,,0.11424400000000001,DRB1,,,,
DRB1*13:05,DPB1*04:01 / DPA1*01:03,0.244,0.244,,6397,6397.0,,0.059536,DRB1,,,,
DRB1*13:05,DPB1*04:01 / DPA1*02:01,0.349,0.349,,6396,6396.0,,0.12180099999999998,DRB1,,,,
DRB1*13:05,DPB1*04:01 / DPA1*02:02,0.333,0.333,,6396,6396.0,,0.11088900000000002,DRB1,,,,
DRB1*13:05,DPB1*04:01 / DPA1*03:01,0.301,0.301,,6397,6397.0,,0.09060099999999999,DRB1,,,,
DRB1*13:05,DPB1*04:01 / DPA1*04:01,0.338,0.338,,6397,6397.0,,0.11424400000000001,DRB1,,,,
DRB1*13:05,DPB1*04:02 / DPA1*01:03,0.266,0.266,,6396,6396.0,,0.07075600000000001,DRB1,,,,
DRB1*13:05,DPB1*04:02 / DPA1*03:01,0.394,0.394,,6396,6396.0,,0.155236,DRB1,,,,
DRB1*13:05,DPB1*05:01 / DPA1*02:01,0.178,0.178,,6396,6396.0,,0.031684,DRB1,,,,
DRB1*13:05,DPB1*05:01 / DPA1*02:02,0.237,0.237,,6396,6396.0,,0.056169,DRB1,,,,
DRB1*13:05,DPB1*05:01 / DPA1*03:01,0.325,0.325,,6397,6397.0,,0.10562500000000001,DRB1,,,,
DRB1*13:05,DPB1*06:01 / DPA1*01:03,0.291,0.291,,6397,6397.0,,0.08468099999999999,DRB1,,,,
DRB1*13:05,DPB1*09:01 / DPA1*02:01,0.346,0.346,,6396,6396.0,,0.11971599999999999,DRB1,,,,
DRB1*13:05,DPB1*11:01 / DPA1*02:01,0.256,0.256,,6396,6396.0,,0.065536,DRB1,,,,
DRB1*13:05,DPB1*13:01 / DPA1*02:01,0.316,0.316,,6396,6396.0,,0.099856,DRB1,,,,
DRB1*13:05,DPB1*13:01 / DPA1*04:01,0.273,0.273,,6396,6396.0,,0.07452900000000001,DRB1,,,,
DRB1*13:05,DPB1*14:01 / DPA1*02:01,0.257,0.257,,6396,6396.0,,0.066049,DRB1,,,,
DRB1*13:05,DPB1*15:01 / DPA1*02:01,0.369,0.369,,6396,6396.0,,0.136161,DRB1,,,,
DRB1*13:05,DPB1*17:01 / DPA1*02:01,0.336,0.336,,6396,6396.0,,0.11289600000000001,DRB1,,,,
DRB1*13:05,DPB1*18:01 / DPA1*01:03,0.332,0.332,,6397,6397.0,,0.11022400000000002,DRB1,,,,
DRB1*13:05,DPB1*19:01 / DPA1*02:01,0.22,0.22,,6396,6396.0,,0.0484,DRB1,,,,
DRB1*13:05,DPB1*28:01 / DPA1*02:02,0.303,0.303,,6395,6395.0,,0.091809,DRB1,,,,
DRB1*13:05,DQB1*02:01 / DQA1*02:01,0.135,0.135,,6396,6396.0,,0.018225,DRB1,,,,
DRB1*13:05,DQB1*02:01 / DQA1*05:01,0.356,0.356,,6396,6396.0,,0.126736,DRB1,,,,
DRB1*13:05,DQB1*02:02 / DQA1*02:01,0.234,0.234,,6396,6396.0,,0.054756000000000006,DRB1,,,,
DRB1*13:05,DQB1*02:02 / DQA1*03:02,0.276,0.276,,6396,6396.0,,0.07617600000000001,DRB1,,,,
DRB1*13:05,DQB1*02:02 / DQA1*05:01,0.323,0.323,,6396,6396.0,,0.104329,DRB1,,,,
DRB1*13:05,DQB1*03:01 / DQA1*03:01,0.367,0.367,,6395,6395.0,,0.134689,DRB1,,,,
DRB1*13:05,DQB1*03:01 / DQA1*03:02,0.292,0.292,,6395,6395.0,,0.08526399999999999,DRB1,,,,
DRB1*13:05,DQB1*03:01 / DQA1*05:01,0.353,0.353,,6395,6395.0,,0.12460899999999998,DRB1,,,,
DRB1*13:05,DQB1*03:01 / DQA1*06:01,0.387,0.387,,6395,6395.0,,0.149769,DRB1,,,,
DRB1*13:05,DQB1*03:02 / DQA1*02:01,0.229,0.229,,6394,6394.0,,0.052441,DRB1,,,,
DRB1*13:05,DQB1*03:02 / DQA1*03:01,0.234,0.234,,6395,6395.0,,0.054756000000000006,DRB1,,,,
DRB1*13:05,DQB1*03:02 / DQA1*03:02,0.269,0.269,,6395,6395.0,,0.07236100000000001,DRB1,,,,
DRB1*13:05,DQB1*03:03 / DQA1*03:02,0.301,0.301,,6395,6395.0,,0.09060099999999999,DRB1,,,,
DRB1*13:05,DQB1*03:03 / DQA1*04:01,0.365,0.365,,6395,6395.0,,0.13322499999999998,DRB1,,,,
DRB1*13:05,DQB1*03:03 / DQA1*06:01,0.343,0.343,,6395,6395.0,,0.11764900000000002,DRB1,,,,
DRB1*13:05,DQB1*04:01 / DQA1*02:01,0.301,0.301,,6395,6395.0,,0.09060099999999999,DRB1,,,,
DRB1*13:05,DQB1*04:01 / DQA1*04:01,0.423,0.423,,6396,6396.0,,0.17892899999999998,DRB1,,,,
DRB1*13:05,DQB1*04:01 / DQA1*05:01,0.416,0.416,,6396,6396.0,,0.173056,DRB1,,,,
DRB1*13:05,DQB1*04:02 / DQA1*03:01,0.383,0.383,,6396,6396.0,,0.146689,DRB1,,,,
DRB1*13:05,DQB1*04:02 / DQA1*04:01,0.37,0.37,,6396,6396.0,,0.1369,DRB1,,,,
DRB1*13:05,DQB1*04:02 / DQA1*06:01,0.414,0.414,,6396,6396.0,,0.171396,DRB1,,,,
DRB1*13:05,DQB1*05:01 / DQA1*01:01,0.338,0.338,,6397,6397.0,,0.11424400000000001,DRB1,,,,
DRB1*13:05,DQB1*05:01 / DQA1*01:02,0.268,0.268,,6397,6397.0,,0.07182400000000001,DRB1,,,,
DRB1*13:05,DQB1*05:02 / DQA1*01:02,0.318,0.318,,6397,6397.0,,0.101124,DRB1,,,,
DRB1*13:05,DQB1*05:03 / DQA1*01:04,0.382,0.382,,6397,6397.0,,0.145924,DRB1,,,,
DRB1*13:05,DQB1*06:01 / DQA1*01:03,0.272,0.272,,6396,6396.0,,0.07398400000000001,DRB1,,,,
DRB1*13:05,DQB1*06:01 / DQA1*01:04,0.34,0.34,,6397,6397.0,,0.11560000000000002,DRB1,,,,
DRB1*13:05,DQB1*06:01 / DQA1*02:01,0.37,0.37,,6396,6396.0,,0.1369,DRB1,,,,
DRB1*13:05,DQB1*06:02 / DQA1*01:02,0.295,0.295,,6397,6397.0,,0.08702499999999999,DRB1,,,,
DRB1*13:05,DQB1*06:03 / DQA1*01:03,0.328,0.328,,6396,6396.0,,0.10758400000000001,DRB1,,,,
DRB1*13:05,DQB1*06:04 / DQA1*01:02,0.359,0.359,,6397,6397.0,,0.128881,DRB1,,,,
DRB1*13:05,DRB1*14:01,0.55,0.55,,6396,6396.0,,0.30250000000000005,DRB1,,,,
DRB1*13:05,DRB1*14:03,0.833,0.833,,6397,6397.0,,0.693889,DRB1,,,,
DRB1*13:05,DRB1*14:04,0.651,0.651,,6397,6397.0,,0.42380100000000004,DRB1,,,,
DRB1*13:05,DRB1*15:01,0.375,0.375,,6397,6397.0,,0.140625,DRB1,,,,
DRB1*13:05,DRB1*15:02,0.487,0.487,,6397,6397.0,,0.237169,DRB1,,,,
DRB1*13:05,DRB1*15:03,0.493,0.493,,6397,6397.0,,0.243049,DRB1,,,,
DRB1*13:05,DRB1*16:01,0.448,0.448,,6397,6397.0,,0.20070400000000002,DRB1,,,,
DRB1*13:05,DRB1*16:02,0.432,0.432,,6397,6397.0,,0.18662399999999998,DRB1,,,,
DRB1*13:05,DRB3*01:01,0.647,0.647,,6397,6397.0,,0.418609,DRB1,,,,
DRB1*13:05,DRB3*02:02,0.642,0.642,,6395,6395.0,,0.41216400000000003,DRB1,,,,
DRB1*13:05,DRB3*03:01,0.669,0.669,,6396,6396.0,,0.44756100000000004,DRB1,,,,
DRB1*13:05,DRB4*01:01,0.307,0.307,,6397,6397.0,,0.094249,DRB1,,,,
DRB1*13:05,DRB5*01:01,0.518,0.518,,6397,6397.0,,0.268324,DRB1,,,,
DRB1*13:05,DRB5*02:02,0.429,0.429,,6397,6397.0,,0.18404099999999998,DRB1,,,,
DRB1*14:01,DPB1*01:01 / DPA1*01:03,0.282,0.261,0.292,26197,6398.0,19799.0,0.07952399999999998,DRB1,,,,
DRB1*14:01,DPB1*01:01 / DPA1*02:01,0.243,0.222,0.245,27215,6397.0,20818.0,0.059049,DRB1,,,,
DRB1*14:01,DPB1*01:01 / DPA1*02:02,0.239,0.239,,6397,6397.0,,0.057121,DRB1,,,,
DRB1*14:01,DPB1*01:01 / DPA1*03:01,0.259,0.259,,6398,6398.0,,0.067081,DRB1,,,,
DRB1*14:01,DPB1*02:01 / DPA1*01:03,0.334,0.21,0.363,27215,6397.0,20818.0,0.11155600000000002,DRB1,,,,
DRB1*14:01,DPB1*02:02 / DPA1*01:03,-0.011,,-0.011,0,,0.0,0.00012099999999999999,DRB1,,,,
DRB1*14:01,DPB1*02:02 / DPA1*02:01,0.421,,0.421,3553,,3553.0,0.17724099999999998,DRB1,,,,
DRB1*14:01,DPB1*03:01 / DPA1*01:03,0.292,0.252,0.307,27216,6398.0,20818.0,0.08526399999999999,DRB1,,,,
DRB1*14:01,DPB1*03:01 / DPA1*01:04,0.392,,0.392,2287,,2287.0,0.15366400000000002,DRB1,,,,
DRB1*14:01,DPB1*03:01 / DPA1*01:05,0.322,,0.322,17512,,17512.0,0.10368400000000001,DRB1,,,,
DRB1*14:01,DPB1*03:01 / DPA1*02:01,0.346,,0.346,18909,,18909.0,0.11971599999999999,DRB1,,,,
DRB1*14:01,DPB1*04:01 / DPA1*01:03,0.32,0.194,0.351,27216,6398.0,20818.0,0.1024,DRB1,,,,
DRB1*14:01,DPB1*04:01 / DPA1*02:01,0.237,0.237,,6397,6397.0,,0.056169,DRB1,,,,
DRB1*14:01,DPB1*04:01 / DPA1*02:02,0.265,0.265,,6397,6397.0,,0.07022500000000001,DRB1,,,,
DRB1*14:01,DPB1*04:01 / DPA1*03:01,0.217,0.217,,6398,6398.0,,0.047089,DRB1,,,,
DRB1*14:01,DPB1*04:01 / DPA1*04:01,0.218,0.218,,6398,6398.0,,0.047524,DRB1,,,,
DRB1*14:01,DPB1*04:02 / DPA1*01:03,0.339,0.215,0.368,27198,6397.0,20801.0,0.11492100000000001,DRB1,,,,
DRB1*14:01,DPB1*04:02 / DPA1*03:01,0.235,0.235,,6397,6397.0,,0.055224999999999996,DRB1,,,,
DRB1*14:01,DPB1*05:01 / DPA1*02:01,0.328,0.176,0.359,27215,6397.0,20818.0,0.10758400000000001,DRB1,,,,
DRB1*14:01,DPB1*05:01 / DPA1*02:02,0.274,0.281,0.269,21829,6397.0,15432.0,0.07507600000000002,DRB1,,,,
DRB1*14:01,DPB1*05:01 / DPA1*03:01,0.207,0.207,,6398,6398.0,,0.042849,DRB1,,,,
DRB1*14:01,DPB1*06:01 / DPA1*01:03,0.291,0.214,0.316,21830,6398.0,15432.0,0.08468099999999999,DRB1,,,,
DRB1*14:01,DPB1*06:01 / DPA1*02:01,0.352,,0.352,18909,,18909.0,0.12390399999999999,DRB1,,,,
DRB1*14:01,DPB1*09:01 / DPA1*02:01,0.295,0.257,0.311,27198,6397.0,20801.0,0.08702499999999999,DRB1,,,,
DRB1*14:01,DPB1*105:01 / DPA1*02:01,0.016,,0.016,0,,0.0,0.000256,DRB1,,,,
DRB1*14:01,DPB1*107:01 / DPA1*02:01,0.051,,0.051,0,,0.0,0.0026009999999999996,DRB1,,,,
DRB1*14:01,DPB1*10:01 / DPA1*02:01,0.331,,0.331,6254,,6254.0,0.109561,DRB1,,,,
DRB1*14:01,DPB1*10:01 / DPA1*02:02,0.322,,0.322,14564,,14564.0,0.10368400000000001,DRB1,,,,
DRB1*14:01,DPB1*11:01 / DPA1*01:03,0.3,,0.3,17512,,17512.0,0.09,DRB1,,,,
DRB1*14:01,DPB1*11:01 / DPA1*01:04,0.294,,0.294,2265,,2265.0,0.08643599999999999,DRB1,,,,
DRB1*14:01,DPB1*11:01 / DPA1*01:05,0.256,,0.256,2080,,2080.0,0.065536,DRB1,,,,
DRB1*14:01,DPB1*11:01 / DPA1*02:01,0.247,0.134,0.39,9703,6397.0,3306.0,0.061009,DRB1,,,,
DRB1*14:01,DPB1*11:01 / DPA1*02:02,0.301,,0.301,14564,,14564.0,0.09060099999999999,DRB1,,,,
DRB1*14:01,DPB1*13:01 / DPA1*01:04,0.406,,0.406,1397,,1397.0,0.164836,DRB1,,,,
DRB1*14:01,DPB1*13:01 / DPA1*01:05,0.311,,0.311,2080,,2080.0,0.096721,DRB1,,,,
DRB1*14:01,DPB1*13:01 / DPA1*02:01,0.321,0.198,0.349,27030,6397.0,20633.0,0.10304100000000001,DRB1,,,,
DRB1*14:01,DPB1*13:01 / DPA1*02:02,0.325,,0.325,15432,,15432.0,0.10562500000000001,DRB1,,,,
DRB1*14:01,DPB1*13:01 / DPA1*03:01,0.339,,0.339,15432,,15432.0,0.11492100000000001,DRB1,,,,
DRB1*14:01,DPB1*13:01 / DPA1*04:01,0.33,0.261,0.426,9703,6397.0,3306.0,0.10890000000000001,DRB1,,,,
DRB1*14:01,DPB1*14:01 / DPA1*02:01,0.263,0.18,0.287,27198,6397.0,20801.0,0.06916900000000001,DRB1,,,,
DRB1*14:01,DPB1*15:01 / DPA1*02:01,0.372,0.286,0.389,27157,6397.0,20760.0,0.138384,DRB1,,,,
DRB1*14:01,DPB1*17:01 / DPA1*02:01,0.305,0.266,0.326,27215,6397.0,20818.0,0.093025,DRB1,,,,
DRB1*14:01,DPB1*18:01 / DPA1*01:03,0.202,0.202,,6398,6398.0,,0.04080400000000001,DRB1,,,,
DRB1*14:01,DPB1*18:01 / DPA1*01:04,0.373,,0.373,19799,,19799.0,0.139129,DRB1,,,,
DRB1*14:01,DPB1*18:01 / DPA1*01:05,0.34,,0.34,19799,,19799.0,0.11560000000000002,DRB1,,,,
DRB1*14:01,DPB1*18:01 / DPA1*02:01,0.357,,0.357,20760,,20760.0,0.12744899999999998,DRB1,,,,
DRB1*14:01,DPB1*19:01 / DPA1*01:03,0.3,,0.3,17512,,17512.0,0.09,DRB1,,,,
DRB1*14:01,DPB1*19:01 / DPA1*02:01,0.21,0.093,0.383,9686,6397.0,3289.0,0.04409999999999999,DRB1,,,,
DRB1*14:01,DPB1*20:01 / DPA1*01:03,0.435,,0.435,2287,,2287.0,0.189225,DRB1,,,,
DRB1*14:01,DPB1*20:01 / DPA1*03:01,0.33,,0.33,15432,,15432.0,0.10890000000000001,DRB1,,,,
DRB1*14:01,DPB1*23:01 / DPA1*01:03,0.328,,0.328,15432,,15432.0,0.10758400000000001,DRB1,,,,
DRB1*14:01,DPB1*23:01 / DPA1*02:01,0.384,,0.384,5328,,5328.0,0.147456,DRB1,,,,
DRB1*14:01,DPB1*26:01 / DPA1*03:01,0.018,,0.018,0,,0.0,0.00032399999999999996,DRB1,,,,
DRB1*14:01,DPB1*28:01 / DPA1*01:03,0.37,,0.37,15432,,15432.0,0.1369,DRB1,,,,
DRB1*14:01,DPB1*28:01 / DPA1*01:04,0.381,,0.381,2287,,2287.0,0.145161,DRB1,,,,
DRB1*14:01,DPB1*28:01 / DPA1*01:05,0.374,,0.374,17512,,17512.0,0.139876,DRB1,,,,
DRB1*14:01,DPB1*28:01 / DPA1*02:01,0.349,,0.349,2080,,2080.0,0.12180099999999998,DRB1,,,,
DRB1*14:01,DPB1*28:01 / DPA1*02:02,0.271,0.242,0.369,7793,6396.0,1397.0,0.073441,DRB1,,,,
DRB1*14:01,DPB1*28:01 / DPA1*04:01,0.365,,0.365,15432,,15432.0,0.13322499999999998,DRB1,,,,
DRB1*14:01,DPB1*30:01 / DPA1*02:01,-0.013,,-0.013,0,,0.0,0.000169,DRB1,,,,
DRB1*14:01,DPB1*31:01 / DPA1*03:01,0.021,,0.021,0,,0.0,0.00044100000000000004,DRB1,,,,
DRB1*14:01,DPB1*40:01 / DPA1*01:05,0.048,,0.048,0,,0.0,0.002304,DRB1,,,,
DRB1*14:01,DPB1*85:01 / DPA1*01:03,0.026,,0.026,0,,0.0,0.000676,DRB1,,,,
DRB1*14:01,DQB1*02:01 / DQA1*02:01,0.284,0.145,0.315,27214,6396.0,20818.0,0.08065599999999999,DRB1,,,,
DRB1*14:01,DQB1*02:01 / DQA1*03:01,0.339,,0.339,20801,,20801.0,0.11492100000000001,DRB1,,,,
DRB1*14:01,DQB1*02:01 / DQA1*04:01,0.388,,0.388,20760,,20760.0,0.150544,DRB1,,,,
DRB1*14:01,DQB1*02:01 / DQA1*05:01,0.328,0.32,0.337,27197,6396.0,20801.0,0.10758400000000001,DRB1,,,,
DRB1*14:01,DQB1*02:02 / DQA1*02:01,0.297,0.22,0.311,27197,6396.0,20801.0,0.088209,DRB1,,,,
DRB1*14:01,DQB1*02:02 / DQA1*03:02,0.308,0.308,,6396,6396.0,,0.094864,DRB1,,,,
DRB1*14:01,DQB1*02:02 / DQA1*05:01,0.32,0.32,,6396,6396.0,,0.1024,DRB1,,,,
DRB1*14:01,DQB1*03:01 / DQA1*02:01,0.277,,0.277,19799,,19799.0,0.07672900000000002,DRB1,,,,
DRB1*14:01,DQB1*03:01 / DQA1*03:01,0.314,0.297,0.324,27196,6395.0,20801.0,0.098596,DRB1,,,,
DRB1*14:01,DQB1*03:01 / DQA1*03:02,0.318,0.318,,6395,6395.0,,0.101124,DRB1,,,,
DRB1*14:01,DQB1*03:01 / DQA1*05:01,0.259,0.259,,6395,6395.0,,0.067081,DRB1,,,,
DRB1*14:01,DQB1*03:01 / DQA1*05:03,0.283,,0.283,20760,,20760.0,0.08008899999999998,DRB1,,,,
DRB1*14:01,DQB1*03:01 / DQA1*06:01,0.277,0.331,0.281,27196,6395.0,20801.0,0.07672900000000002,DRB1,,,,
DRB1*14:01,DQB1*03:02 / DQA1*01:01,0.337,,0.337,5369,,5369.0,0.11356900000000002,DRB1,,,,
DRB1*14:01,DQB1*03:02 / DQA1*02:01,0.268,0.232,0.278,26193,6394.0,19799.0,0.07182400000000001,DRB1,,,,
DRB1*14:01,DQB1*03:02 / DQA1*03:01,0.277,0.218,0.29,27196,6395.0,20801.0,0.07672900000000002,DRB1,,,,
DRB1*14:01,DQB1*03:02 / DQA1*03:02,0.217,0.227,0.22,22487,6395.0,16092.0,0.047089,DRB1,,,,
DRB1*14:01,DQB1*03:02 / DQA1*03:03,0.229,,0.229,4541,,4541.0,0.052441,DRB1,,,,
DRB1*14:01,DQB1*03:03 / DQA1*02:01,0.258,,0.258,20801,,20801.0,0.066564,DRB1,,,,
DRB1*14:01,DQB1*03:03 / DQA1*03:01,0.276,,0.276,20801,,20801.0,0.07617600000000001,DRB1,,,,
DRB1*14:01,DQB1*03:03 / DQA1*03:02,0.231,0.267,0.234,27155,6395.0,20760.0,0.053361000000000006,DRB1,,,,
DRB1*14:01,DQB1*03:03 / DQA1*04:01,0.286,0.286,,6395,6395.0,,0.08179599999999998,DRB1,,,,
DRB1*14:01,DQB1*03:03 / DQA1*06:01,0.304,0.304,,6395,6395.0,,0.092416,DRB1,,,,
DRB1*14:01,DQB1*03:04 / DQA1*03:01,0.564,,0.564,127,,127.0,0.31809599999999993,DRB1,,,,
DRB1*14:01,DQB1*03:19 / DQA1*02:01,0.173,,0.173,0,,0.0,0.029928999999999997,DRB1,,,,
DRB1*14:01,DQB1*03:19 / DQA1*05:05,0.27,,0.27,20677,,20677.0,0.0729,DRB1,,,,
DRB1*14:01,DQB1*04:01 / DQA1*02:01,0.359,0.242,0.382,27196,6395.0,20801.0,0.128881,DRB1,,,,
DRB1*14:01,DQB1*04:01 / DQA1*03:03,0.343,,0.343,20760,,20760.0,0.11764900000000002,DRB1,,,,
DRB1*14:01,DQB1*04:01 / DQA1*04:01,0.33,0.329,,6396,6396.0,,0.10890000000000001,DRB1,,,,
DRB1*14:01,DQB1*04:01 / DQA1*05:01,0.327,0.327,,6396,6396.0,,0.10692900000000001,DRB1,,,,
DRB1*14:01,DQB1*04:02 / DQA1*02:01,0.347,,0.347,20801,,20801.0,0.12040899999999999,DRB1,,,,
DRB1*14:01,DQB1*04:02 / DQA1*03:01,0.328,0.328,,6396,6396.0,,0.10758400000000001,DRB1,,,,
DRB1*14:01,DQB1*04:02 / DQA1*04:01,0.351,0.285,0.376,27214,6396.0,20818.0,0.12320099999999999,DRB1,,,,
DRB1*14:01,DQB1*04:02 / DQA1*06:01,0.332,0.332,,6396,6396.0,,0.11022400000000002,DRB1,,,,
DRB1*14:01,DQB1*05:01 / DQA1*01:01,0.27,0.297,0.297,27199,6398.0,20801.0,0.0729,DRB1,,,,
DRB1*14:01,DQB1*05:01 / DQA1*01:02,0.261,0.261,,6398,6398.0,,0.068121,DRB1,,,,
DRB1*14:01,DQB1*05:02 / DQA1*01:02,0.292,0.256,0.32,27216,6398.0,20818.0,0.08526399999999999,DRB1,,,,
DRB1*14:01,DQB1*05:03 / DQA1*01:01,0.148,,0.148,0,,0.0,0.021903999999999996,DRB1,,,,
DRB1*14:01,DQB1*05:03 / DQA1*01:04,0.266,0.266,,6398,6398.0,,0.07075600000000001,DRB1,,,,
DRB1*14:01,DQB1*06:01 / DQA1*01:03,0.341,0.197,0.375,27198,6397.0,20801.0,0.11628100000000002,DRB1,,,,
DRB1*14:01,DQB1*06:01 / DQA1*01:04,0.279,0.278,,6398,6398.0,,0.07784100000000002,DRB1,,,,
DRB1*14:01,DQB1*06:01 / DQA1*02:01,0.292,0.291,,6396,6396.0,,0.08526399999999999,DRB1,,,,
DRB1*14:01,DQB1*06:02 / DQA1*01:01,0.341,,0.341,20760,,20760.0,0.11628100000000002,DRB1,,,,
DRB1*14:01,DQB1*06:02 / DQA1*01:02,0.314,0.219,0.335,27216,6398.0,20818.0,0.098596,DRB1,,,,
DRB1*14:01,DQB1*06:03 / DQA1*01:03,0.278,0.265,0.292,27157,6397.0,20760.0,0.07728400000000002,DRB1,,,,
DRB1*14:01,DQB1*06:04 / DQA1*01:02,0.322,0.31,0.361,27158,6398.0,20760.0,0.10368400000000001,DRB1,,,,
DRB1*14:01,DQB1*06:09 / DQA1*01:02,0.367,,0.367,20760,,20760.0,0.134689,DRB1,,,,
DRB1*14:01,DRB1*14:02,0.746,,0.746,17207,,17207.0,0.556516,DRB1,,,,
DRB1*14:01,DRB1*14:03,0.606,0.616,0.631,6396,6396.0,0.0,0.367236,DRB1,,,,
DRB1*14:01,DRB1*14:04,0.717,0.699,0.826,6397,6397.0,0.0,0.5140889999999999,DRB1,,,,
DRB1*14:01,DRB1*14:05,0.845,,0.845,0,,0.0,0.7140249999999999,DRB1,,,,
DRB1*14:01,DRB1*14:06,0.721,,0.721,0,,0.0,0.519841,DRB1,,,,
DRB1*14:01,DRB1*14:54,0.954,,0.954,17207,,17207.0,0.9101159999999999,DRB1,,,,
DRB1*14:01,DRB1*15:01,0.461,0.27,0.497,27216,6398.0,20818.0,0.21252100000000002,DRB1,,,,
DRB1*14:01,DRB1*15:02,0.48,0.39,0.503,27216,6398.0,20818.0,0.2304,DRB1,,,,
DRB1*14:01,DRB1*15:03,0.443,0.371,0.473,26197,6398.0,19799.0,0.196249,DRB1,,,,
DRB1*14:01,DRB1*16:01,0.462,0.354,0.482,27215,6397.0,20818.0,0.21344400000000002,DRB1,,,,
DRB1*14:01,DRB1*16:02,0.451,0.268,0.487,27157,6397.0,20760.0,0.203401,DRB1,,,,
DRB1*14:01,DRB3*01:01,0.613,0.566,0.672,27199,6398.0,20801.0,0.37576899999999996,DRB1,,,,
DRB1*14:01,DRB3*02:01,0.519,,0.519,17,,17.0,0.269361,DRB1,,,,
DRB1*14:01,DRB3*02:02,0.573,0.552,0.612,27197,6396.0,20801.0,0.3283289999999999,DRB1,,,,
DRB1*14:01,DRB3*03:01,0.598,0.63,0.641,25306,6397.0,18909.0,0.357604,DRB1,,,,
DRB1*14:01,DRB4*01:01,0.307,0.326,0.33,27199,6398.0,20801.0,0.094249,DRB1,,,,
DRB1*14:01,DRB4*01:03,0.289,,0.289,20818,,20818.0,0.08352099999999998,DRB1,,,,
DRB1*14:01,DRB5*01:01,0.358,0.353,0.385,27215,6397.0,20818.0,0.128164,DRB1,,,,
DRB1*14:01,DRB5*01:02,0.301,,0.301,0,,0.0,0.09060099999999999,DRB1,,,,
DRB1*14:01,DRB5*02:02,0.339,0.352,0.381,27199,6398.0,20801.0,0.11492100000000001,DRB1,,,,
DRB1*14:02,DPB1*01:01 / DPA1*01:03,0.282,,0.282,17207,,17207.0,0.07952399999999998,DRB1,,,,
DRB1*14:02,DPB1*01:01 / DPA1*02:01,0.196,,0.196,17207,,17207.0,0.038416000000000006,DRB1,,,,
DRB1*14:02,DPB1*02:01 / DPA1*01:03,0.346,,0.346,17207,,17207.0,0.11971599999999999,DRB1,,,,
DRB1*14:02,DPB1*02:02 / DPA1*01:03,0.028,,0.028,0,,0.0,0.0007840000000000001,DRB1,,,,
DRB1*14:02,DPB1*03:01 / DPA1*01:03,0.282,,0.282,17207,,17207.0,0.07952399999999998,DRB1,,,,
DRB1*14:02,DPB1*03:01 / DPA1*01:05,0.34,,0.34,17207,,17207.0,0.11560000000000002,DRB1,,,,
DRB1*14:02,DPB1*03:01 / DPA1*02:01,0.327,,0.327,17207,,17207.0,0.10692900000000001,DRB1,,,,
DRB1*14:02,DPB1*04:01 / DPA1*01:03,0.262,,0.262,17207,,17207.0,0.06864400000000001,DRB1,,,,
DRB1*14:02,DPB1*04:02 / DPA1*01:03,0.307,,0.307,17207,,17207.0,0.094249,DRB1,,,,
DRB1*14:02,DPB1*05:01 / DPA1*02:01,0.314,,0.314,17207,,17207.0,0.098596,DRB1,,,,
DRB1*14:02,DPB1*05:01 / DPA1*02:02,0.25,,0.25,15432,,15432.0,0.0625,DRB1,,,,
DRB1*14:02,DPB1*06:01 / DPA1*01:03,0.355,,0.355,15432,,15432.0,0.126025,DRB1,,,,
DRB1*14:02,DPB1*06:01 / DPA1*02:01,0.345,,0.345,17207,,17207.0,0.11902499999999998,DRB1,,,,
DRB1*14:02,DPB1*09:01 / DPA1*02:01,0.277,,0.277,17207,,17207.0,0.07672900000000002,DRB1,,,,
DRB1*14:02,DPB1*105:01 / DPA1*02:01,0.07,,0.07,0,,0.0,0.004900000000000001,DRB1,,,,
DRB1*14:02,DPB1*107:01 / DPA1*02:01,0.083,,0.083,0,,0.0,0.006889000000000001,DRB1,,,,
DRB1*14:02,DPB1*10:01 / DPA1*02:01,0.331,,0.331,2643,,2643.0,0.109561,DRB1,,,,
DRB1*14:02,DPB1*10:01 / DPA1*02:02,0.323,,0.323,14564,,14564.0,0.104329,DRB1,,,,
DRB1*14:02,DPB1*11:01 / DPA1*01:03,0.339,,0.339,17207,,17207.0,0.11492100000000001,DRB1,,,,
DRB1*14:02,DPB1*11:01 / DPA1*01:04,0.342,,0.342,868,,868.0,0.11696400000000001,DRB1,,,,
DRB1*14:02,DPB1*11:01 / DPA1*01:05,0.331,,0.331,1775,,1775.0,0.109561,DRB1,,,,
DRB1*14:02,DPB1*11:01 / DPA1*02:02,0.288,,0.288,14564,,14564.0,0.08294399999999999,DRB1,,,,
DRB1*14:02,DPB1*13:01 / DPA1*01:05,0.391,,0.391,1775,,1775.0,0.15288100000000002,DRB1,,,,
DRB1*14:02,DPB1*13:01 / DPA1*02:01,0.305,,0.305,17207,,17207.0,0.093025,DRB1,,,,
DRB1*14:02,DPB1*13:01 / DPA1*02:02,0.317,,0.317,15432,,15432.0,0.10048900000000001,DRB1,,,,
DRB1*14:02,DPB1*13:01 / DPA1*03:01,0.374,,0.374,15432,,15432.0,0.139876,DRB1,,,,
DRB1*14:02,DPB1*14:01 / DPA1*02:01,0.278,,0.278,17207,,17207.0,0.07728400000000002,DRB1,,,,
DRB1*14:02,DPB1*15:01 / DPA1*02:01,0.325,,0.325,17207,,17207.0,0.10562500000000001,DRB1,,,,
DRB1*14:02,DPB1*17:01 / DPA1*02:01,0.326,,0.326,17207,,17207.0,0.10627600000000001,DRB1,,,,
DRB1*14:02,DPB1*18:01 / DPA1*01:04,0.361,,0.361,17207,,17207.0,0.130321,DRB1,,,,
DRB1*14:02,DPB1*18:01 / DPA1*01:05,0.352,,0.352,17207,,17207.0,0.12390399999999999,DRB1,,,,
DRB1*14:02,DPB1*18:01 / DPA1*02:01,0.315,,0.315,17207,,17207.0,0.09922500000000001,DRB1,,,,
DRB1*14:02,DPB1*19:01 / DPA1*01:03,0.279,,0.279,17207,,17207.0,0.07784100000000002,DRB1,,,,
DRB1*14:02,DPB1*20:01 / DPA1*03:01,0.319,,0.319,15432,,15432.0,0.101761,DRB1,,,,
DRB1*14:02,DPB1*23:01 / DPA1*01:03,0.264,,0.264,15432,,15432.0,0.06969600000000001,DRB1,,,,
DRB1*14:02,DPB1*23:01 / DPA1*02:01,0.325,,0.325,1775,,1775.0,0.10562500000000001,DRB1,,,,
DRB1*14:02,DPB1*26:01 / DPA1*03:01,0.07,,0.07,0,,0.0,0.004900000000000001,DRB1,,,,
DRB1*14:02,DPB1*28:01 / DPA1*01:03,0.343,,0.343,15432,,15432.0,0.11764900000000002,DRB1,,,,
DRB1*14:02,DPB1*28:01 / DPA1*01:05,0.341,,0.341,17207,,17207.0,0.11628100000000002,DRB1,,,,
DRB1*14:02,DPB1*28:01 / DPA1*02:01,0.375,,0.375,1775,,1775.0,0.140625,DRB1,,,,
DRB1*14:02,DPB1*28:01 / DPA1*04:01,0.324,,0.324,15432,,15432.0,0.104976,DRB1,,,,
DRB1*14:02,DPB1*30:01 / DPA1*02:01,0.036,,0.036,0,,0.0,0.0012959999999999998,DRB1,,,,
DRB1*14:02,DPB1*31:01 / DPA1*03:01,0.052,,0.052,0,,0.0,0.002704,DRB1,,,,
DRB1*14:02,DPB1*40:01 / DPA1*01:05,0.08,,0.08,0,,0.0,0.0064,DRB1,,,,
DRB1*14:02,DPB1*85:01 / DPA1*01:03,0.076,,0.076,0,,0.0,0.005776,DRB1,,,,
DRB1*14:02,DQB1*02:01 / DQA1*02:01,0.233,,0.233,17207,,17207.0,0.054289000000000004,DRB1,,,,
DRB1*14:02,DQB1*02:01 / DQA1*03:01,0.251,,0.251,17207,,17207.0,0.063001,DRB1,,,,
DRB1*14:02,DQB1*02:01 / DQA1*04:01,0.291,,0.291,17207,,17207.0,0.08468099999999999,DRB1,,,,
DRB1*14:02,DQB1*02:01 / DQA1*05:01,0.265,,0.265,17207,,17207.0,0.07022500000000001,DRB1,,,,
DRB1*14:02,DQB1*02:02 / DQA1*02:01,0.212,,0.212,17207,,17207.0,0.044944,DRB1,,,,
DRB1*14:02,DQB1*03:01 / DQA1*02:01,0.211,,0.211,17207,,17207.0,0.044521,DRB1,,,,
DRB1*14:02,DQB1*03:01 / DQA1*03:01,0.254,,0.254,17207,,17207.0,0.064516,DRB1,,,,
DRB1*14:02,DQB1*03:01 / DQA1*05:03,0.243,,0.243,17207,,17207.0,0.059049,DRB1,,,,
DRB1*14:02,DQB1*03:01 / DQA1*06:01,0.219,,0.219,17207,,17207.0,0.047961,DRB1,,,,
DRB1*14:02,DQB1*03:02 / DQA1*01:01,0.2,,0.2,1775,,1775.0,0.04000000000000001,DRB1,,,,
DRB1*14:02,DQB1*03:02 / DQA1*02:01,0.22,,0.22,17207,,17207.0,0.0484,DRB1,,,,
DRB1*14:02,DQB1*03:02 / DQA1*03:01,0.225,,0.225,17207,,17207.0,0.050625,DRB1,,,,
DRB1*14:02,DQB1*03:02 / DQA1*03:02,0.159,,0.159,12666,,12666.0,0.025281,DRB1,,,,
DRB1*14:02,DQB1*03:02 / DQA1*03:03,0.177,,0.177,4541,,4541.0,0.031328999999999996,DRB1,,,,
DRB1*14:02,DQB1*03:03 / DQA1*02:01,0.178,,0.178,17207,,17207.0,0.031684,DRB1,,,,
DRB1*14:02,DQB1*03:03 / DQA1*03:01,0.216,,0.216,17207,,17207.0,0.046655999999999996,DRB1,,,,
DRB1*14:02,DQB1*03:03 / DQA1*03:02,0.174,,0.174,17207,,17207.0,0.030275999999999997,DRB1,,,,
DRB1*14:02,DQB1*03:19 / DQA1*02:01,0.134,,0.134,0,,0.0,0.017956000000000003,DRB1,,,,
DRB1*14:02,DQB1*03:19 / DQA1*05:05,0.225,,0.225,17207,,17207.0,0.050625,DRB1,,,,
DRB1*14:02,DQB1*04:01 / DQA1*02:01,0.323,,0.323,17207,,17207.0,0.104329,DRB1,,,,
DRB1*14:02,DQB1*04:01 / DQA1*03:03,0.276,,0.276,17207,,17207.0,0.07617600000000001,DRB1,,,,
DRB1*14:02,DQB1*04:02 / DQA1*02:01,0.285,,0.285,17207,,17207.0,0.08122499999999999,DRB1,,,,
DRB1*14:02,DQB1*04:02 / DQA1*04:01,0.326,,0.326,17207,,17207.0,0.10627600000000001,DRB1,,,,
DRB1*14:02,DQB1*05:01 / DQA1*01:01,0.282,,0.282,17207,,17207.0,0.07952399999999998,DRB1,,,,
DRB1*14:02,DQB1*05:02 / DQA1*01:02,0.325,,0.325,17207,,17207.0,0.10562500000000001,DRB1,,,,
DRB1*14:02,DQB1*05:03 / DQA1*01:01,0.165,,0.165,0,,0.0,0.027225000000000003,DRB1,,,,
DRB1*14:02,DQB1*06:01 / DQA1*01:03,0.338,,0.338,17207,,17207.0,0.11424400000000001,DRB1,,,,
DRB1*14:02,DQB1*06:02 / DQA1*01:01,0.311,,0.311,17207,,17207.0,0.096721,DRB1,,,,
DRB1*14:02,DQB1*06:02 / DQA1*01:02,0.318,,0.318,17207,,17207.0,0.101124,DRB1,,,,
DRB1*14:02,DQB1*06:03 / DQA1*01:03,0.29,,0.29,17207,,17207.0,0.0841,DRB1,,,,
DRB1*14:02,DQB1*06:04 / DQA1*01:02,0.336,,0.336,17207,,17207.0,0.11289600000000001,DRB1,,,,
DRB1*14:02,DQB1*06:09 / DQA1*01:02,0.31,,0.31,17207,,17207.0,0.0961,DRB1,,,,
DRB1*14:02,DRB1*14:03,0.676,,0.676,0,,0.0,0.45697600000000005,DRB1,,,,
DRB1*14:02,DRB1*14:04,0.622,,0.622,0,,0.0,0.386884,DRB1,,,,
DRB1*14:02,DRB1*14:05,0.687,,0.687,0,,0.0,0.4719690000000001,DRB1,,,,
DRB1*14:02,DRB1*14:06,0.922,,0.922,0,,0.0,0.8500840000000001,DRB1,,,,
DRB1*14:02,DRB1*14:54,0.757,,0.757,17207,,17207.0,0.573049,DRB1,,,,
DRB1*14:02,DRB1*15:01,0.528,,0.528,17207,,17207.0,0.27878400000000003,DRB1,,,,
DRB1*14:02,DRB1*15:02,0.561,,0.561,17207,,17207.0,0.3147210000000001,DRB1,,,,
DRB1*14:02,DRB1*15:03,0.56,,0.56,17207,,17207.0,0.31360000000000005,DRB1,,,,
DRB1*14:02,DRB1*16:01,0.51,,0.51,17207,,17207.0,0.2601,DRB1,,,,
DRB1*14:02,DRB1*16:02,0.537,,0.537,17207,,17207.0,0.28836900000000004,DRB1,,,,
DRB1*14:02,DRB3*01:01,0.607,,0.607,17207,,17207.0,0.36844899999999997,DRB1,,,,
DRB1*14:02,DRB3*02:01,0.489,,0.489,0,,0.0,0.239121,DRB1,,,,
DRB1*14:02,DRB3*02:02,0.569,,0.569,17207,,17207.0,0.32376099999999997,DRB1,,,,
DRB1*14:02,DRB3*03:01,0.588,,0.588,17207,,17207.0,0.34574399999999994,DRB1,,,,
DRB1*14:02,DRB4*01:01,0.234,,0.234,17207,,17207.0,0.054756000000000006,DRB1,,,,
DRB1*14:02,DRB4*01:03,0.199,,0.199,17207,,17207.0,0.039601000000000004,DRB1,,,,
DRB1*14:02,DRB5*01:01,0.486,,0.486,17207,,17207.0,0.236196,DRB1,,,,
DRB1*14:02,DRB5*01:02,0.442,,0.442,0,,0.0,0.195364,DRB1,,,,
DRB1*14:02,DRB5*02:02,0.475,,0.475,17207,,17207.0,0.225625,DRB1,,,,
DRB1*14:03,DPB1*01:01 / DPA1*01:03,0.289,0.373,-0.006,6397,6397.0,0.0,0.08352099999999998,DRB1,,,,
DRB1*14:03,DPB1*01:01 / DPA1*02:01,0.277,0.348,0.003,6396,6396.0,0.0,0.07672900000000002,DRB1,,,,
DRB1*14:03,DPB1*01:01 / DPA1*02:02,0.329,0.329,,6396,6396.0,,0.108241,DRB1,,,,
DRB1*14:03,DPB1*01:01 / DPA1*03:01,0.351,0.351,,6397,6397.0,,0.12320099999999999,DRB1,,,,
DRB1*14:03,DPB1*02:01 / DPA1*01:03,0.266,0.314,0.09,6396,6396.0,0.0,0.07075600000000001,DRB1,,,,
DRB1*14:03,DPB1*02:02 / DPA1*01:03,0.083,,0.083,0,,0.0,0.006889000000000001,DRB1,,,,
DRB1*14:03,DPB1*03:01 / DPA1*01:03,0.254,0.318,0.001,6397,6397.0,0.0,0.064516,DRB1,,,,
DRB1*14:03,DPB1*03:01 / DPA1*01:05,0.014,,0.014,0,,0.0,0.00019600000000000002,DRB1,,,,
DRB1*14:03,DPB1*03:01 / DPA1*02:01,0.014,,0.014,0,,0.0,0.00019600000000000002,DRB1,,,,
DRB1*14:03,DPB1*04:01 / DPA1*01:03,0.174,0.213,0.028,6397,6397.0,0.0,0.030275999999999997,DRB1,,,,
DRB1*14:03,DPB1*04:01 / DPA1*02:01,0.331,0.331,,6396,6396.0,,0.109561,DRB1,,,,
DRB1*14:03,DPB1*04:01 / DPA1*02:02,0.403,0.403,,6396,6396.0,,0.16240900000000003,DRB1,,,,
DRB1*14:03,DPB1*04:01 / DPA1*03:01,0.305,0.305,,6397,6397.0,,0.093025,DRB1,,,,
DRB1*14:03,DPB1*04:01 / DPA1*04:01,0.342,0.342,,6397,6397.0,,0.11696400000000001,DRB1,,,,
DRB1*14:03,DPB1*04:02 / DPA1*01:03,0.257,0.303,0.09,6396,6396.0,0.0,0.066049,DRB1,,,,
DRB1*14:03,DPB1*04:02 / DPA1*03:01,0.364,0.364,,6396,6396.0,,0.132496,DRB1,,,,
DRB1*14:03,DPB1*05:01 / DPA1*02:01,0.215,0.239,0.057,6396,6396.0,0.0,0.046224999999999995,DRB1,,,,
DRB1*14:03,DPB1*05:01 / DPA1*02:02,0.305,0.367,0.025,6396,6396.0,0.0,0.093025,DRB1,,,,
DRB1*14:03,DPB1*05:01 / DPA1*03:01,0.271,0.271,,6397,6397.0,,0.073441,DRB1,,,,
DRB1*14:03,DPB1*06:01 / DPA1*01:03,0.201,0.232,0.018,6397,6397.0,0.0,0.040401000000000006,DRB1,,,,
DRB1*14:03,DPB1*06:01 / DPA1*02:01,0.013,,0.013,0,,0.0,0.000169,DRB1,,,,
DRB1*14:03,DPB1*09:01 / DPA1*02:01,0.286,0.359,-0.002,6396,6396.0,0.0,0.08179599999999998,DRB1,,,,
DRB1*14:03,DPB1*105:01 / DPA1*02:01,0.038,,0.038,0,,0.0,0.001444,DRB1,,,,
DRB1*14:03,DPB1*107:01 / DPA1*02:01,0.103,,0.103,0,,0.0,0.010608999999999999,DRB1,,,,
DRB1*14:03,DPB1*10:01 / DPA1*02:02,0.004,,0.004,0,,0.0,1.6e-05,DRB1,,,,
DRB1*14:03,DPB1*11:01 / DPA1*01:03,0.033,,0.033,0,,0.0,0.0010890000000000001,DRB1,,,,
DRB1*14:03,DPB1*11:01 / DPA1*02:01,0.225,0.225,,6396,6396.0,,0.050625,DRB1,,,,
DRB1*14:03,DPB1*11:01 / DPA1*02:02,0.056,,0.056,0,,0.0,0.0031360000000000003,DRB1,,,,
DRB1*14:03,DPB1*13:01 / DPA1*02:01,0.264,0.32,0.049,6396,6396.0,0.0,0.06969600000000001,DRB1,,,,
DRB1*14:03,DPB1*13:01 / DPA1*02:02,0.037,,0.037,0,,0.0,0.0013689999999999998,DRB1,,,,
DRB1*14:03,DPB1*13:01 / DPA1*03:01,0.024,,0.024,0,,0.0,0.000576,DRB1,,,,
DRB1*14:03,DPB1*13:01 / DPA1*04:01,0.295,0.296,,6396,6396.0,,0.08702499999999999,DRB1,,,,
DRB1*14:03,DPB1*14:01 / DPA1*02:01,0.127,0.159,-0.013,6396,6396.0,0.0,0.016129,DRB1,,,,
DRB1*14:03,DPB1*15:01 / DPA1*02:01,0.342,0.415,0.016,6396,6396.0,0.0,0.11696400000000001,DRB1,,,,
DRB1*14:03,DPB1*17:01 / DPA1*02:01,0.28,0.357,-0.014,6396,6396.0,0.0,0.07840000000000001,DRB1,,,,
DRB1*14:03,DPB1*18:01 / DPA1*01:03,0.247,0.247,,6397,6397.0,,0.061009,DRB1,,,,
DRB1*14:03,DPB1*18:01 / DPA1*01:04,0.08,,0.08,0,,0.0,0.0064,DRB1,,,,
DRB1*14:03,DPB1*18:01 / DPA1*01:05,0.07,,0.07,0,,0.0,0.004900000000000001,DRB1,,,,
DRB1*14:03,DPB1*18:01 / DPA1*02:01,0.05,,0.05,0,,0.0,0.0025000000000000005,DRB1,,,,
DRB1*14:03,DPB1*19:01 / DPA1*01:03,-0.002,,-0.002,0,,0.0,4e-06,DRB1,,,,
DRB1*14:03,DPB1*19:01 / DPA1*02:01,0.119,0.118,,6396,6396.0,,0.014160999999999998,DRB1,,,,
DRB1*14:03,DPB1*20:01 / DPA1*03:01,0.004,,0.004,0,,0.0,1.6e-05,DRB1,,,,
DRB1*14:03,DPB1*23:01 / DPA1*01:03,0.034,,0.034,0,,0.0,0.0011560000000000001,DRB1,,,,
DRB1*14:03,DPB1*26:01 / DPA1*03:01,0.06,,0.06,0,,0.0,0.0036,DRB1,,,,
DRB1*14:03,DPB1*28:01 / DPA1*01:03,0.104,,0.104,0,,0.0,0.010816,DRB1,,,,
DRB1*14:03,DPB1*28:01 / DPA1*01:05,0.081,,0.081,0,,0.0,0.006561,DRB1,,,,
DRB1*14:03,DPB1*28:01 / DPA1*02:02,0.304,0.304,,6395,6395.0,,0.092416,DRB1,,,,
DRB1*14:03,DPB1*28:01 / DPA1*04:01,0.026,,0.026,0,,0.0,0.000676,DRB1,,,,
DRB1*14:03,DPB1*30:01 / DPA1*02:01,0.026,,0.026,0,,0.0,0.000676,DRB1,,,,
DRB1*14:03,DPB1*31:01 / DPA1*03:01,0.04,,0.04,0,,0.0,0.0016,DRB1,,,,
DRB1*14:03,DPB1*40:01 / DPA1*01:05,0.07,,0.07,0,,0.0,0.004900000000000001,DRB1,,,,
DRB1*14:03,DPB1*85:01 / DPA1*01:03,0.065,,0.065,0,,0.0,0.0042250000000000005,DRB1,,,,
DRB1*14:03,DQB1*02:01 / DQA1*02:01,0.153,0.172,-0.013,6396,6396.0,0.0,0.023409,DRB1,,,,
DRB1*14:03,DQB1*02:01 / DQA1*03:01,0.009,,0.009,0,,0.0,8.099999999999999e-05,DRB1,,,,
DRB1*14:03,DQB1*02:01 / DQA1*04:01,0.101,,0.101,0,,0.0,0.010201000000000002,DRB1,,,,
DRB1*14:03,DQB1*02:01 / DQA1*05:01,0.34,0.395,0.117,6396,6396.0,0.0,0.11560000000000002,DRB1,,,,
DRB1*14:03,DQB1*02:02 / DQA1*02:01,0.222,0.26,-0.016,6396,6396.0,0.0,0.049284,DRB1,,,,
DRB1*14:03,DQB1*02:02 / DQA1*03:02,0.286,0.286,,6396,6396.0,,0.08179599999999998,DRB1,,,,
DRB1*14:03,DQB1*02:02 / DQA1*05:01,0.373,0.373,,6396,6396.0,,0.139129,DRB1,,,,
DRB1*14:03,DQB1*03:01 / DQA1*02:01,0.112,,0.112,0,,0.0,0.012544000000000001,DRB1,,,,
DRB1*14:03,DQB1*03:01 / DQA1*03:01,0.297,0.334,0.116,6395,6395.0,0.0,0.088209,DRB1,,,,
DRB1*14:03,DQB1*03:01 / DQA1*03:02,0.33,0.33,,6395,6395.0,,0.10890000000000001,DRB1,,,,
DRB1*14:03,DQB1*03:01 / DQA1*05:01,0.367,0.367,,6395,6395.0,,0.134689,DRB1,,,,
DRB1*14:03,DQB1*03:01 / DQA1*05:03,0.23,,0.23,0,,0.0,0.0529,DRB1,,,,
DRB1*14:03,DQB1*03:01 / DQA1*06:01,0.343,0.378,0.189,6395,6395.0,0.0,0.11764900000000002,DRB1,,,,
DRB1*14:03,DQB1*03:02 / DQA1*02:01,0.215,0.249,0.014,6394,6394.0,0.0,0.046224999999999995,DRB1,,,,
DRB1*14:03,DQB1*03:02 / DQA1*03:01,0.189,0.216,0.011,6395,6395.0,0.0,0.035721,DRB1,,,,
DRB1*14:03,DQB1*03:02 / DQA1*03:02,0.233,0.241,0.109,6395,6395.0,0.0,0.054289000000000004,DRB1,,,,
DRB1*14:03,DQB1*03:02 / DQA1*03:03,-0.036,,-0.036,0,,0.0,0.0012959999999999998,DRB1,,,,
DRB1*14:03,DQB1*03:03 / DQA1*02:01,-0.001,,-0.001,0,,0.0,1e-06,DRB1,,,,
DRB1*14:03,DQB1*03:03 / DQA1*03:01,0.004,,0.004,0,,0.0,1.6e-05,DRB1,,,,
DRB1*14:03,DQB1*03:03 / DQA1*03:02,0.239,0.297,0.002,6395,6395.0,0.0,0.057121,DRB1,,,,
DRB1*14:03,DQB1*03:03 / DQA1*04:01,0.351,0.351,,6395,6395.0,,0.12320099999999999,DRB1,,,,
DRB1*14:03,DQB1*03:03 / DQA1*06:01,0.332,0.332,,6395,6395.0,,0.11022400000000002,DRB1,,,,
DRB1*14:03,DQB1*03:19 / DQA1*02:01,0.149,,0.149,0,,0.0,0.022201,DRB1,,,,
DRB1*14:03,DQB1*03:19 / DQA1*05:05,0.196,,0.196,0,,0.0,0.038416000000000006,DRB1,,,,
DRB1*14:03,DQB1*04:01 / DQA1*02:01,0.297,0.332,0.1,6395,6395.0,0.0,0.088209,DRB1,,,,
DRB1*14:03,DQB1*04:01 / DQA1*03:03,0.088,,0.088,0,,0.0,0.007743999999999999,DRB1,,,,
DRB1*14:03,DQB1*04:01 / DQA1*04:01,0.42,0.421,,6396,6396.0,,0.17639999999999997,DRB1,,,,
DRB1*14:03,DQB1*04:01 / DQA1*05:01,0.425,0.425,,6396,6396.0,,0.18062499999999998,DRB1,,,,
DRB1*14:03,DQB1*04:02 / DQA1*02:01,0.079,,0.079,0,,0.0,0.006241,DRB1,,,,
DRB1*14:03,DQB1*04:02 / DQA1*03:01,0.382,0.382,,6396,6396.0,,0.145924,DRB1,,,,
DRB1*14:03,DQB1*04:02 / DQA1*04:01,0.331,0.366,0.171,6396,6396.0,0.0,0.109561,DRB1,,,,
DRB1*14:03,DQB1*04:02 / DQA1*06:01,0.437,0.437,,6396,6396.0,,0.190969,DRB1,,,,
DRB1*14:03,DQB1*05:01 / DQA1*01:01,0.263,0.326,0.065,6397,6397.0,0.0,0.06916900000000001,DRB1,,,,
DRB1*14:03,DQB1*05:01 / DQA1*01:02,0.273,0.273,,6397,6397.0,,0.07452900000000001,DRB1,,,,
DRB1*14:03,DQB1*05:02 / DQA1*01:02,0.264,0.31,0.116,6397,6397.0,0.0,0.06969600000000001,DRB1,,,,
DRB1*14:03,DQB1*05:03 / DQA1*01:01,0.142,,0.142,0,,0.0,0.020163999999999998,DRB1,,,,
DRB1*14:03,DQB1*05:03 / DQA1*01:04,0.346,0.346,,6397,6397.0,,0.11971599999999999,DRB1,,,,
DRB1*14:03,DQB1*06:01 / DQA1*01:03,0.256,0.244,0.23,6396,6396.0,0.0,0.065536,DRB1,,,,
DRB1*14:03,DQB1*06:01 / DQA1*01:04,0.372,0.372,,6397,6397.0,,0.138384,DRB1,,,,
DRB1*14:03,DQB1*06:01 / DQA1*02:01,0.387,0.388,,6396,6396.0,,0.149769,DRB1,,,,
DRB1*14:03,DQB1*06:02 / DQA1*01:01,0.176,,0.176,0,,0.0,0.030975999999999997,DRB1,,,,
DRB1*14:03,DQB1*06:02 / DQA1*01:02,0.29,0.301,0.188,6397,6397.0,0.0,0.0841,DRB1,,,,
DRB1*14:03,DQB1*06:03 / DQA1*01:03,0.344,0.373,0.198,6396,6396.0,0.0,0.11833599999999998,DRB1,,,,
DRB1*14:03,DQB1*06:04 / DQA1*01:02,0.358,0.408,0.18,6397,6397.0,0.0,0.128164,DRB1,,,,
DRB1*14:03,DQB1*06:09 / DQA1*01:02,0.221,,0.221,0,,0.0,0.048841,DRB1,,,,
DRB1*14:03,DRB1*14:04,0.653,0.678,0.622,6397,6397.0,0.0,0.42640900000000004,DRB1,,,,
DRB1*14:03,DRB1*14:05,0.629,,0.629,0,,0.0,0.395641,DRB1,,,,
DRB1*14:03,DRB1*14:06,0.732,,0.732,0,,0.0,0.535824,DRB1,,,,
DRB1*14:03,DRB1*14:54,0.628,,0.628,0,,0.0,0.394384,DRB1,,,,
DRB1*14:03,DRB1*15:01,0.371,0.357,0.443,6397,6397.0,0.0,0.13764099999999999,DRB1,,,,
DRB1*14:03,DRB1*15:02,0.502,0.524,0.443,6397,6397.0,0.0,0.252004,DRB1,,,,
DRB1*14:03,DRB1*15:03,0.478,0.494,0.442,6397,6397.0,0.0,0.228484,DRB1,,,,
DRB1*14:03,DRB1*16:01,0.473,0.45,0.577,6397,6397.0,0.0,0.22372899999999998,DRB1,,,,
DRB1*14:03,DRB1*16:02,0.445,0.413,0.589,6397,6397.0,0.0,0.198025,DRB1,,,,
DRB1*14:03,DRB3*01:01,0.623,0.66,0.576,6397,6397.0,0.0,0.388129,DRB1,,,,
DRB1*14:03,DRB3*02:01,0.56,,0.56,0,,0.0,0.31360000000000005,DRB1,,,,
DRB1*14:03,DRB3*02:02,0.634,0.695,0.506,6395,6395.0,0.0,0.40195600000000004,DRB1,,,,
DRB1*14:03,DRB3*03:01,0.668,0.716,0.603,6396,6396.0,0.0,0.44622400000000007,DRB1,,,,
DRB1*14:03,DRB4*01:01,0.217,0.343,-0.127,6397,6397.0,0.0,0.047089,DRB1,,,,
DRB1*14:03,DRB4*01:03,-0.146,,-0.146,0,,0.0,0.021315999999999998,DRB1,,,,
DRB1*14:03,DRB5*01:01,0.484,0.515,0.396,6397,6397.0,0.0,0.234256,DRB1,,,,
DRB1*14:03,DRB5*01:02,0.436,,0.436,0,,0.0,0.190096,DRB1,,,,
DRB1*14:03,DRB5*02:02,0.377,0.442,0.212,6397,6397.0,0.0,0.142129,DRB1,,,,
DRB1*14:04,DPB1*01:01 / DPA1*01:03,0.278,0.338,0.038,6398,6398.0,0.0,0.07728400000000002,DRB1,,,,
DRB1*14:04,DPB1*01:01 / DPA1*02:01,0.335,0.403,0.031,6397,6397.0,0.0,0.11222500000000002,DRB1,,,,
DRB1*14:04,DPB1*01:01 / DPA1*02:02,0.343,0.343,,6397,6397.0,,0.11764900000000002,DRB1,,,,
DRB1*14:04,DPB1*01:01 / DPA1*03:01,0.337,0.337,,6398,6398.0,,0.11356900000000002,DRB1,,,,
DRB1*14:04,DPB1*02:01 / DPA1*01:03,0.276,0.332,0.054,6397,6397.0,0.0,0.07617600000000001,DRB1,,,,
DRB1*14:04,DPB1*02:02 / DPA1*01:03,0.074,,0.074,0,,0.0,0.005475999999999999,DRB1,,,,
DRB1*14:04,DPB1*03:01 / DPA1*01:03,0.27,0.315,0.049,6398,6398.0,0.0,0.0729,DRB1,,,,
DRB1*14:04,DPB1*03:01 / DPA1*01:05,0.061,,0.061,0,,0.0,0.003721,DRB1,,,,
DRB1*14:04,DPB1*03:01 / DPA1*02:01,0.053,,0.053,0,,0.0,0.002809,DRB1,,,,
DRB1*14:04,DPB1*04:01 / DPA1*01:03,0.205,0.244,0.047,6398,6398.0,0.0,0.04202499999999999,DRB1,,,,
DRB1*14:04,DPB1*04:01 / DPA1*02:01,0.362,0.362,,6397,6397.0,,0.131044,DRB1,,,,
DRB1*14:04,DPB1*04:01 / DPA1*02:02,0.403,0.403,,6397,6397.0,,0.16240900000000003,DRB1,,,,
DRB1*14:04,DPB1*04:01 / DPA1*03:01,0.321,0.321,,6398,6398.0,,0.10304100000000001,DRB1,,,,
DRB1*14:04,DPB1*04:01 / DPA1*04:01,0.368,0.368,,6398,6398.0,,0.135424,DRB1,,,,
DRB1*14:04,DPB1*04:02 / DPA1*01:03,0.216,0.253,0.071,6397,6397.0,0.0,0.046655999999999996,DRB1,,,,
DRB1*14:04,DPB1*04:02 / DPA1*03:01,0.391,0.391,,6397,6397.0,,0.15288100000000002,DRB1,,,,
DRB1*14:04,DPB1*05:01 / DPA1*02:01,0.231,0.237,0.108,6397,6397.0,0.0,0.053361000000000006,DRB1,,,,
DRB1*14:04,DPB1*05:01 / DPA1*02:02,0.267,0.301,0.051,6397,6397.0,0.0,0.071289,DRB1,,,,
DRB1*14:04,DPB1*05:01 / DPA1*03:01,0.347,0.347,,6398,6398.0,,0.12040899999999999,DRB1,,,,
DRB1*14:04,DPB1*06:01 / DPA1*01:03,0.248,0.272,0.062,6398,6398.0,0.0,0.061503999999999996,DRB1,,,,
DRB1*14:04,DPB1*06:01 / DPA1*02:01,0.054,,0.054,0,,0.0,0.0029159999999999998,DRB1,,,,
DRB1*14:04,DPB1*09:01 / DPA1*02:01,0.31,0.371,0.038,6397,6397.0,0.0,0.0961,DRB1,,,,
DRB1*14:04,DPB1*105:01 / DPA1*02:01,0.038,,0.038,0,,0.0,0.001444,DRB1,,,,
DRB1*14:04,DPB1*107:01 / DPA1*02:01,0.116,,0.116,0,,0.0,0.013456000000000001,DRB1,,,,
DRB1*14:04,DPB1*10:01 / DPA1*02:02,0.01,,0.01,0,,0.0,0.0001,DRB1,,,,
DRB1*14:04,DPB1*11:01 / DPA1*01:03,0.072,,0.072,0,,0.0,0.005183999999999999,DRB1,,,,
DRB1*14:04,DPB1*11:01 / DPA1*02:01,0.293,0.293,,6397,6397.0,,0.085849,DRB1,,,,
DRB1*14:04,DPB1*11:01 / DPA1*02:02,0.091,,0.091,0,,0.0,0.008281,DRB1,,,,
DRB1*14:04,DPB1*13:01 / DPA1*02:01,0.304,0.355,0.079,6397,6397.0,0.0,0.092416,DRB1,,,,
DRB1*14:04,DPB1*13:01 / DPA1*02:02,0.074,,0.074,0,,0.0,0.005475999999999999,DRB1,,,,
DRB1*14:04,DPB1*13:01 / DPA1*03:01,0.065,,0.065,0,,0.0,0.0042250000000000005,DRB1,,,,
DRB1*14:04,DPB1*13:01 / DPA1*04:01,0.318,0.319,,6397,6397.0,,0.101124,DRB1,,,,
DRB1*14:04,DPB1*14:01 / DPA1*02:01,0.209,0.249,0.025,6397,6397.0,0.0,0.043681,DRB1,,,,
DRB1*14:04,DPB1*15:01 / DPA1*02:01,0.351,0.4,0.079,6397,6397.0,0.0,0.12320099999999999,DRB1,,,,
DRB1*14:04,DPB1*17:01 / DPA1*02:01,0.305,0.372,0.02,6397,6397.0,0.0,0.093025,DRB1,,,,
DRB1*14:04,DPB1*18:01 / DPA1*01:03,0.285,0.285,,6398,6398.0,,0.08122499999999999,DRB1,,,,
DRB1*14:04,DPB1*18:01 / DPA1*01:04,0.081,,0.081,0,,0.0,0.006561,DRB1,,,,
DRB1*14:04,DPB1*18:01 / DPA1*01:05,0.07,,0.07,0,,0.0,0.004900000000000001,DRB1,,,,
DRB1*14:04,DPB1*18:01 / DPA1*02:01,0.061,,0.061,0,,0.0,0.003721,DRB1,,,,
DRB1*14:04,DPB1*19:01 / DPA1*01:03,0.043,,0.043,0,,0.0,0.0018489999999999997,DRB1,,,,
DRB1*14:04,DPB1*19:01 / DPA1*02:01,0.213,0.213,,6397,6397.0,,0.045369,DRB1,,,,
DRB1*14:04,DPB1*20:01 / DPA1*03:01,0.041,,0.041,0,,0.0,0.0016810000000000002,DRB1,,,,
DRB1*14:04,DPB1*23:01 / DPA1*01:03,0.05,,0.05,0,,0.0,0.0025000000000000005,DRB1,,,,
DRB1*14:04,DPB1*26:01 / DPA1*03:01,0.079,,0.079,0,,0.0,0.006241,DRB1,,,,
DRB1*14:04,DPB1*28:01 / DPA1*01:03,0.074,,0.074,0,,0.0,0.005475999999999999,DRB1,,,,
DRB1*14:04,DPB1*28:01 / DPA1*01:05,0.06,,0.06,0,,0.0,0.0036,DRB1,,,,
DRB1*14:04,DPB1*28:01 / DPA1*02:02,0.277,0.277,,6396,6396.0,,0.07672900000000002,DRB1,,,,
DRB1*14:04,DPB1*28:01 / DPA1*04:01,0.023,,0.023,0,,0.0,0.000529,DRB1,,,,
DRB1*14:04,DPB1*30:01 / DPA1*02:01,0.032,,0.032,0,,0.0,0.001024,DRB1,,,,
DRB1*14:04,DPB1*31:01 / DPA1*03:01,0.088,,0.088,0,,0.0,0.007743999999999999,DRB1,,,,
DRB1*14:04,DPB1*40:01 / DPA1*01:05,0.108,,0.108,0,,0.0,0.011663999999999999,DRB1,,,,
DRB1*14:04,DPB1*85:01 / DPA1*01:03,0.098,,0.098,0,,0.0,0.009604000000000001,DRB1,,,,
DRB1*14:04,DQB1*02:01 / DQA1*02:01,0.23,0.227,0.135,6397,6397.0,0.0,0.0529,DRB1,,,,
DRB1*14:04,DQB1*02:01 / DQA1*03:01,0.174,,0.174,0,,0.0,0.030275999999999997,DRB1,,,,
DRB1*14:04,DQB1*02:01 / DQA1*04:01,0.239,,0.239,0,,0.0,0.057121,DRB1,,,,
DRB1*14:04,DQB1*02:01 / DQA1*05:01,0.402,0.43,0.253,6397,6397.0,0.0,0.16160400000000003,DRB1,,,,
DRB1*14:04,DQB1*02:02 / DQA1*02:01,0.304,0.321,0.125,6397,6397.0,0.0,0.092416,DRB1,,,,
DRB1*14:04,DQB1*02:02 / DQA1*03:02,0.359,0.359,,6397,6397.0,,0.128881,DRB1,,,,
DRB1*14:04,DQB1*02:02 / DQA1*05:01,0.396,0.396,,6397,6397.0,,0.156816,DRB1,,,,
DRB1*14:04,DQB1*03:01 / DQA1*02:01,0.198,,0.198,0,,0.0,0.039204,DRB1,,,,
DRB1*14:04,DQB1*03:01 / DQA1*03:01,0.353,0.38,0.207,6396,6396.0,0.0,0.12460899999999998,DRB1,,,,
DRB1*14:04,DQB1*03:01 / DQA1*03:02,0.336,0.336,,6396,6396.0,,0.11289600000000001,DRB1,,,,
DRB1*14:04,DQB1*03:01 / DQA1*05:01,0.371,0.371,,6396,6396.0,,0.13764099999999999,DRB1,,,,
DRB1*14:04,DQB1*03:01 / DQA1*05:03,0.247,,0.247,0,,0.0,0.061009,DRB1,,,,
DRB1*14:04,DQB1*03:01 / DQA1*06:01,0.385,0.413,0.246,6396,6396.0,0.0,0.148225,DRB1,,,,
DRB1*14:04,DQB1*03:02 / DQA1*02:01,0.263,0.273,0.134,6395,6395.0,0.0,0.06916900000000001,DRB1,,,,
DRB1*14:04,DQB1*03:02 / DQA1*03:01,0.253,0.26,0.137,6396,6396.0,0.0,0.064009,DRB1,,,,
DRB1*14:04,DQB1*03:02 / DQA1*03:02,0.296,0.301,0.247,6396,6396.0,0.0,0.08761599999999999,DRB1,,,,
DRB1*14:04,DQB1*03:02 / DQA1*03:03,0.089,,0.089,0,,0.0,0.007921,DRB1,,,,
DRB1*14:04,DQB1*03:03 / DQA1*02:01,0.12,,0.12,0,,0.0,0.0144,DRB1,,,,
DRB1*14:04,DQB1*03:03 / DQA1*03:01,0.132,,0.132,0,,0.0,0.017424000000000002,DRB1,,,,
DRB1*14:04,DQB1*03:03 / DQA1*03:02,0.314,0.346,0.143,6396,6396.0,0.0,0.098596,DRB1,,,,
DRB1*14:04,DQB1*03:03 / DQA1*04:01,0.39,0.39,,6396,6396.0,,0.1521,DRB1,,,,
DRB1*14:04,DQB1*03:03 / DQA1*06:01,0.364,0.364,,6396,6396.0,,0.132496,DRB1,,,,
DRB1*14:04,DQB1*03:19 / DQA1*02:01,0.23,,0.23,0,,0.0,0.0529,DRB1,,,,
DRB1*14:04,DQB1*03:19 / DQA1*05:05,0.23,,0.23,0,,0.0,0.0529,DRB1,,,,
DRB1*14:04,DQB1*04:01 / DQA1*02:01,0.367,0.377,0.228,6396,6396.0,0.0,0.134689,DRB1,,,,
DRB1*14:04,DQB1*04:01 / DQA1*03:03,0.235,,0.235,0,,0.0,0.055224999999999996,DRB1,,,,
DRB1*14:04,DQB1*04:01 / DQA1*04:01,0.453,0.453,,6397,6397.0,,0.205209,DRB1,,,,
DRB1*14:04,DQB1*04:01 / DQA1*05:01,0.446,0.446,,6397,6397.0,,0.198916,DRB1,,,,
DRB1*14:04,DQB1*04:02 / DQA1*02:01,0.216,,0.216,0,,0.0,0.046655999999999996,DRB1,,,,
DRB1*14:04,DQB1*04:02 / DQA1*03:01,0.424,0.424,,6397,6397.0,,0.179776,DRB1,,,,
DRB1*14:04,DQB1*04:02 / DQA1*04:01,0.392,0.406,0.27,6397,6397.0,0.0,0.15366400000000002,DRB1,,,,
DRB1*14:04,DQB1*04:02 / DQA1*06:01,0.453,0.453,,6397,6397.0,,0.205209,DRB1,,,,
DRB1*14:04,DQB1*05:01 / DQA1*01:01,0.269,0.312,0.106,6398,6398.0,0.0,0.07236100000000001,DRB1,,,,
DRB1*14:04,DQB1*05:01 / DQA1*01:02,0.252,0.252,,6398,6398.0,,0.063504,DRB1,,,,
DRB1*14:04,DQB1*05:02 / DQA1*01:02,0.252,0.285,0.13,6398,6398.0,0.0,0.063504,DRB1,,,,
DRB1*14:04,DQB1*05:03 / DQA1*01:01,0.173,,0.173,0,,0.0,0.029928999999999997,DRB1,,,,
DRB1*14:04,DQB1*05:03 / DQA1*01:04,0.358,0.358,,6398,6398.0,,0.128164,DRB1,,,,
DRB1*14:04,DQB1*06:01 / DQA1*01:03,0.251,0.238,0.184,6397,6397.0,0.0,0.063001,DRB1,,,,
DRB1*14:04,DQB1*06:01 / DQA1*01:04,0.313,0.313,,6398,6398.0,,0.097969,DRB1,,,,
DRB1*14:04,DQB1*06:01 / DQA1*02:01,0.405,0.405,,6397,6397.0,,0.16402500000000003,DRB1,,,,
DRB1*14:04,DQB1*06:02 / DQA1*01:01,0.121,,0.121,0,,0.0,0.014641,DRB1,,,,
DRB1*14:04,DQB1*06:02 / DQA1*01:02,0.229,0.234,0.122,6398,6398.0,0.0,0.052441,DRB1,,,,
DRB1*14:04,DQB1*06:03 / DQA1*01:03,0.255,0.27,0.123,6397,6397.0,0.0,0.065025,DRB1,,,,
DRB1*14:04,DQB1*06:04 / DQA1*01:02,0.289,0.331,0.122,6398,6398.0,0.0,0.08352099999999998,DRB1,,,,
DRB1*14:04,DQB1*06:09 / DQA1*01:02,0.154,,0.154,0,,0.0,0.023716,DRB1,,,,
DRB1*14:04,DRB1*14:05,0.848,,0.848,0,,0.0,0.719104,DRB1,,,,
DRB1*14:04,DRB1*14:06,0.645,,0.645,0,,0.0,0.41602500000000003,DRB1,,,,
DRB1*14:04,DRB1*14:54,0.821,,0.821,0,,0.0,0.6740409999999999,DRB1,,,,
DRB1*14:04,DRB1*15:01,0.339,0.331,0.349,6398,6398.0,0.0,0.11492100000000001,DRB1,,,,
DRB1*14:04,DRB1*15:02,0.423,0.443,0.349,6398,6398.0,0.0,0.17892899999999998,DRB1,,,,
DRB1*14:04,DRB1*15:03,0.433,0.461,0.347,6398,6398.0,0.0,0.187489,DRB1,,,,
DRB1*14:04,DRB1*16:01,0.362,0.349,0.399,6398,6398.0,0.0,0.131044,DRB1,,,,
DRB1*14:04,DRB1*16:02,0.365,0.349,0.411,6398,6398.0,0.0,0.13322499999999998,DRB1,,,,
DRB1*14:04,DRB3*01:01,0.592,0.643,0.529,6398,6398.0,0.0,0.35046399999999994,DRB1,,,,
DRB1*14:04,DRB3*02:01,0.468,,0.468,0,,0.0,0.21902400000000002,DRB1,,,,
DRB1*14:04,DRB3*02:02,0.545,0.612,0.424,6396,6396.0,0.0,0.29702500000000004,DRB1,,,,
DRB1*14:04,DRB3*03:01,0.599,0.66,0.518,6397,6397.0,0.0,0.358801,DRB1,,,,
DRB1*14:04,DRB4*01:01,0.341,0.429,0.108,6398,6398.0,0.0,0.11628100000000002,DRB1,,,,
DRB1*14:04,DRB4*01:03,0.083,,0.083,0,,0.0,0.006889000000000001,DRB1,,,,
DRB1*14:04,DRB5*01:01,0.434,0.469,0.308,6398,6398.0,0.0,0.188356,DRB1,,,,
DRB1*14:04,DRB5*01:02,0.321,,0.321,0,,0.0,0.10304100000000001,DRB1,,,,
DRB1*14:04,DRB5*02:02,0.351,0.415,0.181,6398,6398.0,0.0,0.12320099999999999,DRB1,,,,
DRB1*14:05,DPB1*01:01 / DPA1*01:03,0.027,,0.027,0,,0.0,0.0007289999999999999,DRB1,,,,
DRB1*14:05,DPB1*01:01 / DPA1*02:01,0.028,,0.028,0,,0.0,0.0007840000000000001,DRB1,,,,
DRB1*14:05,DPB1*02:01 / DPA1*01:03,0.078,,0.078,0,,0.0,0.006084,DRB1,,,,
DRB1*14:05,DPB1*02:02 / DPA1*01:03,0.086,,0.086,0,,0.0,0.007395999999999999,DRB1,,,,
DRB1*14:05,DPB1*03:01 / DPA1*01:03,0.034,,0.034,0,,0.0,0.0011560000000000001,DRB1,,,,
DRB1*14:05,DPB1*03:01 / DPA1*01:05,0.049,,0.049,0,,0.0,0.0024010000000000004,DRB1,,,,
DRB1*14:05,DPB1*03:01 / DPA1*02:01,0.064,,0.064,0,,0.0,0.004096,DRB1,,,,
DRB1*14:05,DPB1*04:01 / DPA1*01:03,0.04,,0.04,0,,0.0,0.0016,DRB1,,,,
DRB1*14:05,DPB1*04:02 / DPA1*01:03,0.102,,0.102,0,,0.0,0.010403999999999998,DRB1,,,,
DRB1*14:05,DPB1*05:01 / DPA1*02:01,0.128,,0.128,0,,0.0,0.016384,DRB1,,,,
DRB1*14:05,DPB1*05:01 / DPA1*02:02,0.054,,0.054,0,,0.0,0.0029159999999999998,DRB1,,,,
DRB1*14:05,DPB1*06:01 / DPA1*01:03,0.041,,0.041,0,,0.0,0.0016810000000000002,DRB1,,,,
DRB1*14:05,DPB1*06:01 / DPA1*02:01,0.063,,0.063,0,,0.0,0.003969,DRB1,,,,
DRB1*14:05,DPB1*09:01 / DPA1*02:01,0.044,,0.044,0,,0.0,0.0019359999999999998,DRB1,,,,
DRB1*14:05,DPB1*105:01 / DPA1*02:01,0.092,,0.092,0,,0.0,0.008464,DRB1,,,,
DRB1*14:05,DPB1*107:01 / DPA1*02:01,0.16,,0.16,0,,0.0,0.0256,DRB1,,,,
DRB1*14:05,DPB1*10:01 / DPA1*02:02,0.05,,0.05,0,,0.0,0.0025000000000000005,DRB1,,,,
DRB1*14:05,DPB1*11:01 / DPA1*01:03,0.067,,0.067,0,,0.0,0.004489000000000001,DRB1,,,,
DRB1*14:05,DPB1*11:01 / DPA1*02:02,0.097,,0.097,0,,0.0,0.009409,DRB1,,,,
DRB1*14:05,DPB1*13:01 / DPA1*02:01,0.095,,0.095,0,,0.0,0.009025,DRB1,,,,
DRB1*14:05,DPB1*13:01 / DPA1*02:02,0.092,,0.092,0,,0.0,0.008464,DRB1,,,,
DRB1*14:05,DPB1*13:01 / DPA1*03:01,0.073,,0.073,0,,0.0,0.0053289999999999995,DRB1,,,,
DRB1*14:05,DPB1*14:01 / DPA1*02:01,0.025,,0.025,0,,0.0,0.0006250000000000001,DRB1,,,,
DRB1*14:05,DPB1*15:01 / DPA1*02:01,0.095,,0.095,0,,0.0,0.009025,DRB1,,,,
DRB1*14:05,DPB1*17:01 / DPA1*02:01,0.028,,0.028,0,,0.0,0.0007840000000000001,DRB1,,,,
DRB1*14:05,DPB1*18:01 / DPA1*01:04,0.095,,0.095,0,,0.0,0.009025,DRB1,,,,
DRB1*14:05,DPB1*18:01 / DPA1*01:05,0.091,,0.091,0,,0.0,0.008281,DRB1,,,,
DRB1*14:05,DPB1*18:01 / DPA1*02:01,0.087,,0.087,0,,0.0,0.007568999999999999,DRB1,,,,
DRB1*14:05,DPB1*19:01 / DPA1*01:03,0.041,,0.041,0,,0.0,0.0016810000000000002,DRB1,,,,
DRB1*14:05,DPB1*20:01 / DPA1*03:01,0.039,,0.039,0,,0.0,0.001521,DRB1,,,,
DRB1*14:05,DPB1*23:01 / DPA1*01:03,0.05,,0.05,0,,0.0,0.0025000000000000005,DRB1,,,,
DRB1*14:05,DPB1*26:01 / DPA1*03:01,0.092,,0.092,0,,0.0,0.008464,DRB1,,,,
DRB1*14:05,DPB1*28:01 / DPA1*01:03,0.103,,0.103,0,,0.0,0.010608999999999999,DRB1,,,,
DRB1*14:05,DPB1*28:01 / DPA1*01:05,0.087,,0.087,0,,0.0,0.007568999999999999,DRB1,,,,
DRB1*14:05,DPB1*28:01 / DPA1*04:01,0.056,,0.056,0,,0.0,0.0031360000000000003,DRB1,,,,
DRB1*14:05,DPB1*30:01 / DPA1*02:01,0.068,,0.068,0,,0.0,0.0046240000000000005,DRB1,,,,
DRB1*14:05,DPB1*31:01 / DPA1*03:01,0.09,,0.09,0,,0.0,0.0081,DRB1,,,,
DRB1*14:05,DPB1*40:01 / DPA1*01:05,0.142,,0.142,0,,0.0,0.020163999999999998,DRB1,,,,
DRB1*14:05,DPB1*85:01 / DPA1*01:03,0.112,,0.112,0,,0.0,0.012544000000000001,DRB1,,,,
DRB1*14:05,DQB1*02:01 / DQA1*02:01,0.123,,0.123,0,,0.0,0.015129,DRB1,,,,
DRB1*14:05,DQB1*02:01 / DQA1*03:01,0.196,,0.196,0,,0.0,0.038416000000000006,DRB1,,,,
DRB1*14:05,DQB1*02:01 / DQA1*04:01,0.238,,0.238,0,,0.0,0.05664399999999999,DRB1,,,,
DRB1*14:05,DQB1*02:01 / DQA1*05:01,0.244,,0.244,0,,0.0,0.059536,DRB1,,,,
DRB1*14:05,DQB1*02:02 / DQA1*02:01,0.123,,0.123,0,,0.0,0.015129,DRB1,,,,
DRB1*14:05,DQB1*03:01 / DQA1*02:01,0.208,,0.208,0,,0.0,0.043264,DRB1,,,,
DRB1*14:05,DQB1*03:01 / DQA1*03:01,0.24,,0.24,0,,0.0,0.0576,DRB1,,,,
DRB1*14:05,DQB1*03:01 / DQA1*05:03,0.242,,0.242,0,,0.0,0.058564,DRB1,,,,
DRB1*14:05,DQB1*03:01 / DQA1*06:01,0.225,,0.225,0,,0.0,0.050625,DRB1,,,,
DRB1*14:05,DQB1*03:02 / DQA1*02:01,0.134,,0.134,0,,0.0,0.017956000000000003,DRB1,,,,
DRB1*14:05,DQB1*03:02 / DQA1*03:01,0.157,,0.157,0,,0.0,0.024649,DRB1,,,,
DRB1*14:05,DQB1*03:02 / DQA1*03:02,0.144,,0.144,0,,0.0,0.020735999999999997,DRB1,,,,
DRB1*14:05,DQB1*03:02 / DQA1*03:03,0.128,,0.128,0,,0.0,0.016384,DRB1,,,,
DRB1*14:05,DQB1*03:03 / DQA1*02:01,0.123,,0.123,0,,0.0,0.015129,DRB1,,,,
DRB1*14:05,DQB1*03:03 / DQA1*03:01,0.152,,0.152,0,,0.0,0.023104,DRB1,,,,
DRB1*14:05,DQB1*03:03 / DQA1*03:02,0.147,,0.147,0,,0.0,0.021608999999999996,DRB1,,,,
DRB1*14:05,DQB1*03:19 / DQA1*02:01,0.248,,0.248,0,,0.0,0.061503999999999996,DRB1,,,,
DRB1*14:05,DQB1*03:19 / DQA1*05:05,0.218,,0.218,0,,0.0,0.047524,DRB1,,,,
DRB1*14:05,DQB1*04:01 / DQA1*02:01,0.187,,0.187,0,,0.0,0.034969,DRB1,,,,
DRB1*14:05,DQB1*04:01 / DQA1*03:03,0.214,,0.214,0,,0.0,0.045795999999999996,DRB1,,,,
DRB1*14:05,DQB1*04:02 / DQA1*02:01,0.166,,0.166,0,,0.0,0.027556000000000004,DRB1,,,,
DRB1*14:05,DQB1*04:02 / DQA1*04:01,0.215,,0.215,0,,0.0,0.046224999999999995,DRB1,,,,
DRB1*14:05,DQB1*05:01 / DQA1*01:01,0.119,,0.119,0,,0.0,0.014160999999999998,DRB1,,,,
DRB1*14:05,DQB1*05:02 / DQA1*01:02,0.134,,0.134,0,,0.0,0.017956000000000003,DRB1,,,,
DRB1*14:05,DQB1*05:03 / DQA1*01:01,0.199,,0.199,0,,0.0,0.039601000000000004,DRB1,,,,
DRB1*14:05,DQB1*06:01 / DQA1*01:03,0.178,,0.178,0,,0.0,0.031684,DRB1,,,,
DRB1*14:05,DQB1*06:02 / DQA1*01:01,0.112,,0.112,0,,0.0,0.012544000000000001,DRB1,,,,
DRB1*14:05,DQB1*06:02 / DQA1*01:02,0.107,,0.107,0,,0.0,0.011448999999999999,DRB1,,,,
DRB1*14:05,DQB1*06:03 / DQA1*01:03,0.1,,0.1,0,,0.0,0.010000000000000002,DRB1,,,,
DRB1*14:05,DQB1*06:04 / DQA1*01:02,0.131,,0.131,0,,0.0,0.017161000000000003,DRB1,,,,
DRB1*14:05,DQB1*06:09 / DQA1*01:02,0.157,,0.157,0,,0.0,0.024649,DRB1,,,,
DRB1*14:05,DRB1*14:06,0.725,,0.725,0,,0.0,0.525625,DRB1,,,,
DRB1*14:05,DRB1*14:54,0.843,,0.843,0,,0.0,0.710649,DRB1,,,,
DRB1*14:05,DRB1*15:01,0.388,,0.388,0,,0.0,0.150544,DRB1,,,,
DRB1*14:05,DRB1*15:02,0.39,,0.39,0,,0.0,0.1521,DRB1,,,,
DRB1*14:05,DRB1*15:03,0.384,,0.384,0,,0.0,0.147456,DRB1,,,,
DRB1*14:05,DRB1*16:01,0.393,,0.393,0,,0.0,0.154449,DRB1,,,,
DRB1*14:05,DRB1*16:02,0.411,,0.411,0,,0.0,0.168921,DRB1,,,,
DRB1*14:05,DRB3*01:01,0.499,,0.499,0,,0.0,0.249001,DRB1,,,,
DRB1*14:05,DRB3*02:01,0.538,,0.538,0,,0.0,0.28944400000000003,DRB1,,,,
DRB1*14:05,DRB3*02:02,0.477,,0.477,0,,0.0,0.22752899999999998,DRB1,,,,
DRB1*14:05,DRB3*03:01,0.506,,0.506,0,,0.0,0.256036,DRB1,,,,
DRB1*14:05,DRB4*01:01,0.165,,0.165,0,,0.0,0.027225000000000003,DRB1,,,,
DRB1*14:05,DRB4*01:03,0.141,,0.141,0,,0.0,0.019880999999999996,DRB1,,,,
DRB1*14:05,DRB5*01:01,0.31,,0.31,0,,0.0,0.0961,DRB1,,,,
DRB1*14:05,DRB5*01:02,0.349,,0.349,0,,0.0,0.12180099999999998,DRB1,,,,
DRB1*14:05,DRB5*02:02,0.244,,0.244,0,,0.0,0.059536,DRB1,,,,
DRB1*14:06,DPB1*01:01 / DPA1*01:03,0.034,,0.034,0,,0.0,0.0011560000000000001,DRB1,,,,
DRB1*14:06,DPB1*01:01 / DPA1*02:01,0.032,,0.032,0,,0.0,0.001024,DRB1,,,,
DRB1*14:06,DPB1*02:01 / DPA1*01:03,0.103,,0.103,0,,0.0,0.010608999999999999,DRB1,,,,
DRB1*14:06,DPB1*02:02 / DPA1*01:03,0.089,,0.089,0,,0.0,0.007921,DRB1,,,,
DRB1*14:06,DPB1*03:01 / DPA1*01:03,0.063,,0.063,0,,0.0,0.003969,DRB1,,,,
DRB1*14:06,DPB1*03:01 / DPA1*01:05,0.074,,0.074,0,,0.0,0.005475999999999999,DRB1,,,,
DRB1*14:06,DPB1*03:01 / DPA1*02:01,0.083,,0.083,0,,0.0,0.006889000000000001,DRB1,,,,
DRB1*14:06,DPB1*04:01 / DPA1*01:03,0.039,,0.039,0,,0.0,0.001521,DRB1,,,,
DRB1*14:06,DPB1*04:02 / DPA1*01:03,0.112,,0.112,0,,0.0,0.012544000000000001,DRB1,,,,
DRB1*14:06,DPB1*05:01 / DPA1*02:01,0.103,,0.103,0,,0.0,0.010608999999999999,DRB1,,,,
DRB1*14:06,DPB1*05:01 / DPA1*02:02,0.042,,0.042,0,,0.0,0.0017640000000000002,DRB1,,,,
DRB1*14:06,DPB1*06:01 / DPA1*01:03,0.07,,0.07,0,,0.0,0.004900000000000001,DRB1,,,,
DRB1*14:06,DPB1*06:01 / DPA1*02:01,0.073,,0.073,0,,0.0,0.0053289999999999995,DRB1,,,,
DRB1*14:06,DPB1*09:01 / DPA1*02:01,0.059,,0.059,0,,0.0,0.0034809999999999997,DRB1,,,,
DRB1*14:06,DPB1*105:01 / DPA1*02:01,0.101,,0.101,0,,0.0,0.010201000000000002,DRB1,,,,
DRB1*14:06,DPB1*107:01 / DPA1*02:01,0.123,,0.123,0,,0.0,0.015129,DRB1,,,,
DRB1*14:06,DPB1*10:01 / DPA1*02:02,0.065,,0.065,0,,0.0,0.0042250000000000005,DRB1,,,,
DRB1*14:06,DPB1*11:01 / DPA1*01:03,0.083,,0.083,0,,0.0,0.006889000000000001,DRB1,,,,
DRB1*14:06,DPB1*11:01 / DPA1*02:02,0.102,,0.102,0,,0.0,0.010403999999999998,DRB1,,,,
DRB1*14:06,DPB1*13:01 / DPA1*02:01,0.078,,0.078,0,,0.0,0.006084,DRB1,,,,
DRB1*14:06,DPB1*13:01 / DPA1*02:02,0.068,,0.068,0,,0.0,0.0046240000000000005,DRB1,,,,
DRB1*14:06,DPB1*13:01 / DPA1*03:01,0.075,,0.075,0,,0.0,0.005625,DRB1,,,,
DRB1*14:06,DPB1*14:01 / DPA1*02:01,0.038,,0.038,0,,0.0,0.001444,DRB1,,,,
DRB1*14:06,DPB1*15:01 / DPA1*02:01,0.072,,0.072,0,,0.0,0.005183999999999999,DRB1,,,,
DRB1*14:06,DPB1*17:01 / DPA1*02:01,0.044,,0.044,0,,0.0,0.0019359999999999998,DRB1,,,,
DRB1*14:06,DPB1*18:01 / DPA1*01:04,0.116,,0.116,0,,0.0,0.013456000000000001,DRB1,,,,
DRB1*14:06,DPB1*18:01 / DPA1*01:05,0.106,,0.106,0,,0.0,0.011236,DRB1,,,,
DRB1*14:06,DPB1*18:01 / DPA1*02:01,0.101,,0.101,0,,0.0,0.010201000000000002,DRB1,,,,
DRB1*14:06,DPB1*19:01 / DPA1*01:03,0.039,,0.039,0,,0.0,0.001521,DRB1,,,,
DRB1*14:06,DPB1*20:01 / DPA1*03:01,0.058,,0.058,0,,0.0,0.0033640000000000002,DRB1,,,,
DRB1*14:06,DPB1*23:01 / DPA1*01:03,0.041,,0.041,0,,0.0,0.0016810000000000002,DRB1,,,,
DRB1*14:06,DPB1*26:01 / DPA1*03:01,0.103,,0.103,0,,0.0,0.010608999999999999,DRB1,,,,
DRB1*14:06,DPB1*28:01 / DPA1*01:03,0.129,,0.129,0,,0.0,0.016641,DRB1,,,,
DRB1*14:06,DPB1*28:01 / DPA1*01:05,0.107,,0.107,0,,0.0,0.011448999999999999,DRB1,,,,
DRB1*14:06,DPB1*28:01 / DPA1*04:01,0.062,,0.062,0,,0.0,0.0038439999999999998,DRB1,,,,
DRB1*14:06,DPB1*30:01 / DPA1*02:01,0.059,,0.059,0,,0.0,0.0034809999999999997,DRB1,,,,
DRB1*14:06,DPB1*31:01 / DPA1*03:01,0.083,,0.083,0,,0.0,0.006889000000000001,DRB1,,,,
DRB1*14:06,DPB1*40:01 / DPA1*01:05,0.116,,0.116,0,,0.0,0.013456000000000001,DRB1,,,,
DRB1*14:06,DPB1*85:01 / DPA1*01:03,0.111,,0.111,0,,0.0,0.012321,DRB1,,,,
DRB1*14:06,DQB1*02:01 / DQA1*02:01,-0.025,,-0.025,0,,0.0,0.0006250000000000001,DRB1,,,,
DRB1*14:06,DQB1*02:01 / DQA1*03:01,0.035,,0.035,0,,0.0,0.0012250000000000002,DRB1,,,,
DRB1*14:06,DQB1*02:01 / DQA1*04:01,0.096,,0.096,0,,0.0,0.009216,DRB1,,,,
DRB1*14:06,DQB1*02:01 / DQA1*05:01,0.124,,0.124,0,,0.0,0.015375999999999999,DRB1,,,,
DRB1*14:06,DQB1*02:02 / DQA1*02:01,-0.023,,-0.023,0,,0.0,0.000529,DRB1,,,,
DRB1*14:06,DQB1*03:01 / DQA1*02:01,0.099,,0.099,0,,0.0,0.009801,DRB1,,,,
DRB1*14:06,DQB1*03:01 / DQA1*03:01,0.112,,0.112,0,,0.0,0.012544000000000001,DRB1,,,,
DRB1*14:06,DQB1*03:01 / DQA1*05:03,0.215,,0.215,0,,0.0,0.046224999999999995,DRB1,,,,
DRB1*14:06,DQB1*03:01 / DQA1*06:01,0.16,,0.16,0,,0.0,0.0256,DRB1,,,,
DRB1*14:06,DQB1*03:02 / DQA1*02:01,0.031,,0.031,0,,0.0,0.0009609999999999999,DRB1,,,,
DRB1*14:06,DQB1*03:02 / DQA1*03:01,0.028,,0.028,0,,0.0,0.0007840000000000001,DRB1,,,,
DRB1*14:06,DQB1*03:02 / DQA1*03:02,0.05,,0.05,0,,0.0,0.0025000000000000005,DRB1,,,,
DRB1*14:06,DQB1*03:02 / DQA1*03:03,0.004,,0.004,0,,0.0,1.6e-05,DRB1,,,,
DRB1*14:06,DQB1*03:03 / DQA1*02:01,0.015,,0.015,0,,0.0,0.000225,DRB1,,,,
DRB1*14:06,DQB1*03:03 / DQA1*03:01,0.033,,0.033,0,,0.0,0.0010890000000000001,DRB1,,,,
DRB1*14:06,DQB1*03:03 / DQA1*03:02,0.029,,0.029,0,,0.0,0.0008410000000000001,DRB1,,,,
DRB1*14:06,DQB1*03:19 / DQA1*02:01,0.133,,0.133,0,,0.0,0.017689000000000003,DRB1,,,,
DRB1*14:06,DQB1*03:19 / DQA1*05:05,0.175,,0.175,0,,0.0,0.030624999999999996,DRB1,,,,
DRB1*14:06,DQB1*04:01 / DQA1*02:01,0.075,,0.075,0,,0.0,0.005625,DRB1,,,,
DRB1*14:06,DQB1*04:01 / DQA1*03:03,0.08,,0.08,0,,0.0,0.0064,DRB1,,,,
DRB1*14:06,DQB1*04:02 / DQA1*02:01,0.053,,0.053,0,,0.0,0.002809,DRB1,,,,
DRB1*14:06,DQB1*04:02 / DQA1*04:01,0.127,,0.127,0,,0.0,0.016129,DRB1,,,,
DRB1*14:06,DQB1*05:01 / DQA1*01:01,0.152,,0.152,0,,0.0,0.023104,DRB1,,,,
DRB1*14:06,DQB1*05:02 / DQA1*01:02,0.151,,0.151,0,,0.0,0.022801,DRB1,,,,
DRB1*14:06,DQB1*05:03 / DQA1*01:01,0.189,,0.189,0,,0.0,0.035721,DRB1,,,,
DRB1*14:06,DQB1*06:01 / DQA1*01:03,0.186,,0.186,0,,0.0,0.034596,DRB1,,,,
DRB1*14:06,DQB1*06:02 / DQA1*01:01,0.155,,0.155,0,,0.0,0.024025,DRB1,,,,
DRB1*14:06,DQB1*06:02 / DQA1*01:02,0.165,,0.165,0,,0.0,0.027225000000000003,DRB1,,,,
DRB1*14:06,DQB1*06:03 / DQA1*01:03,0.155,,0.155,0,,0.0,0.024025,DRB1,,,,
DRB1*14:06,DQB1*06:04 / DQA1*01:02,0.157,,0.157,0,,0.0,0.024649,DRB1,,,,
DRB1*14:06,DQB1*06:09 / DQA1*01:02,0.192,,0.192,0,,0.0,0.036864,DRB1,,,,
DRB1*14:06,DRB1*14:54,0.724,,0.724,0,,0.0,0.524176,DRB1,,,,
DRB1*14:06,DRB1*15:01,0.517,,0.517,0,,0.0,0.267289,DRB1,,,,
DRB1*14:06,DRB1*15:02,0.517,,0.517,0,,0.0,0.267289,DRB1,,,,
DRB1*14:06,DRB1*15:03,0.532,,0.532,0,,0.0,0.28302400000000005,DRB1,,,,
DRB1*14:06,DRB1*16:01,0.479,,0.479,0,,0.0,0.22944099999999998,DRB1,,,,
DRB1*14:06,DRB1*16:02,0.505,,0.505,0,,0.0,0.255025,DRB1,,,,
DRB1*14:06,DRB3*01:01,0.557,,0.557,0,,0.0,0.31024900000000005,DRB1,,,,
DRB1*14:06,DRB3*02:01,0.543,,0.543,0,,0.0,0.294849,DRB1,,,,
DRB1*14:06,DRB3*02:02,0.487,,0.487,0,,0.0,0.237169,DRB1,,,,
DRB1*14:06,DRB3*03:01,0.545,,0.545,0,,0.0,0.29702500000000004,DRB1,,,,
DRB1*14:06,DRB4*01:01,0.009,,0.009,0,,0.0,8.099999999999999e-05,DRB1,,,,
DRB1*14:06,DRB4*01:03,-0.009,,-0.009,0,,0.0,8.099999999999999e-05,DRB1,,,,
DRB1*14:06,DRB5*01:01,0.424,,0.424,0,,0.0,0.179776,DRB1,,,,
DRB1*14:06,DRB5*01:02,0.46,,0.46,0,,0.0,0.2116,DRB1,,,,
DRB1*14:06,DRB5*02:02,0.379,,0.379,0,,0.0,0.143641,DRB1,,,,
DRB1*14:54,DPB1*01:01 / DPA1*01:03,0.288,,0.288,17207,,17207.0,0.08294399999999999,DRB1,,,,
DRB1*14:54,DPB1*01:01 / DPA1*02:01,0.22,,0.22,17207,,17207.0,0.0484,DRB1,,,,
DRB1*14:54,DPB1*02:01 / DPA1*01:03,0.363,,0.363,17207,,17207.0,0.131769,DRB1,,,,
DRB1*14:54,DPB1*02:02 / DPA1*01:03,-0.019,,-0.019,0,,0.0,0.000361,DRB1,,,,
DRB1*14:54,DPB1*03:01 / DPA1*01:03,0.282,,0.282,17207,,17207.0,0.07952399999999998,DRB1,,,,
DRB1*14:54,DPB1*03:01 / DPA1*01:05,0.32,,0.32,17207,,17207.0,0.1024,DRB1,,,,
DRB1*14:54,DPB1*03:01 / DPA1*02:01,0.349,,0.349,17207,,17207.0,0.12180099999999998,DRB1,,,,
DRB1*14:54,DPB1*04:01 / DPA1*01:03,0.33,,0.33,17207,,17207.0,0.10890000000000001,DRB1,,,,
DRB1*14:54,DPB1*04:02 / DPA1*01:03,0.371,,0.371,17207,,17207.0,0.13764099999999999,DRB1,,,,
DRB1*14:54,DPB1*05:01 / DPA1*02:01,0.332,,0.332,17207,,17207.0,0.11022400000000002,DRB1,,,,
DRB1*14:54,DPB1*05:01 / DPA1*02:02,0.275,,0.275,15432,,15432.0,0.07562500000000001,DRB1,,,,
DRB1*14:54,DPB1*06:01 / DPA1*01:03,0.32,,0.32,15432,,15432.0,0.1024,DRB1,,,,
DRB1*14:54,DPB1*06:01 / DPA1*02:01,0.35,,0.35,17207,,17207.0,0.12249999999999998,DRB1,,,,
DRB1*14:54,DPB1*09:01 / DPA1*02:01,0.28,,0.28,17207,,17207.0,0.07840000000000001,DRB1,,,,
DRB1*14:54,DPB1*105:01 / DPA1*02:01,0.006,,0.006,0,,0.0,3.6e-05,DRB1,,,,
DRB1*14:54,DPB1*107:01 / DPA1*02:01,0.049,,0.049,0,,0.0,0.0024010000000000004,DRB1,,,,
DRB1*14:54,DPB1*10:01 / DPA1*02:01,0.334,,0.334,2643,,2643.0,0.11155600000000002,DRB1,,,,
DRB1*14:54,DPB1*10:01 / DPA1*02:02,0.318,,0.318,14564,,14564.0,0.101124,DRB1,,,,
DRB1*14:54,DPB1*11:01 / DPA1*01:03,0.302,,0.302,17207,,17207.0,0.091204,DRB1,,,,
DRB1*14:54,DPB1*11:01 / DPA1*01:04,0.308,,0.308,868,,868.0,0.094864,DRB1,,,,
DRB1*14:54,DPB1*11:01 / DPA1*01:05,0.279,,0.279,1775,,1775.0,0.07784100000000002,DRB1,,,,
DRB1*14:54,DPB1*11:01 / DPA1*02:02,0.302,,0.302,14564,,14564.0,0.091204,DRB1,,,,
DRB1*14:54,DPB1*13:01 / DPA1*01:05,0.34,,0.34,1775,,1775.0,0.11560000000000002,DRB1,,,,
DRB1*14:54,DPB1*13:01 / DPA1*02:01,0.33,,0.33,17207,,17207.0,0.10890000000000001,DRB1,,,,
DRB1*14:54,DPB1*13:01 / DPA1*02:02,0.332,,0.332,15432,,15432.0,0.11022400000000002,DRB1,,,,
DRB1*14:54,DPB1*13:01 / DPA1*03:01,0.34,,0.34,15432,,15432.0,0.11560000000000002,DRB1,,,,
DRB1*14:54,DPB1*14:01 / DPA1*02:01,0.28,,0.28,17207,,17207.0,0.07840000000000001,DRB1,,,,
DRB1*14:54,DPB1*15:01 / DPA1*02:01,0.376,,0.376,17207,,17207.0,0.141376,DRB1,,,,
DRB1*14:54,DPB1*17:01 / DPA1*02:01,0.305,,0.305,17207,,17207.0,0.093025,DRB1,,,,
DRB1*14:54,DPB1*18:01 / DPA1*01:04,0.364,,0.364,17207,,17207.0,0.132496,DRB1,,,,
DRB1*14:54,DPB1*18:01 / DPA1*01:05,0.347,,0.347,17207,,17207.0,0.12040899999999999,DRB1,,,,
DRB1*14:54,DPB1*18:01 / DPA1*02:01,0.325,,0.325,17207,,17207.0,0.10562500000000001,DRB1,,,,
DRB1*14:54,DPB1*19:01 / DPA1*01:03,0.31,,0.31,17207,,17207.0,0.0961,DRB1,,,,
DRB1*14:54,DPB1*20:01 / DPA1*03:01,0.325,,0.325,15432,,15432.0,0.10562500000000001,DRB1,,,,
DRB1*14:54,DPB1*23:01 / DPA1*01:03,0.33,,0.33,15432,,15432.0,0.10890000000000001,DRB1,,,,
DRB1*14:54,DPB1*23:01 / DPA1*02:01,0.351,,0.351,1775,,1775.0,0.12320099999999999,DRB1,,,,
DRB1*14:54,DPB1*26:01 / DPA1*03:01,0.012,,0.012,0,,0.0,0.000144,DRB1,,,,
DRB1*14:54,DPB1*28:01 / DPA1*01:03,0.371,,0.371,15432,,15432.0,0.13764099999999999,DRB1,,,,
DRB1*14:54,DPB1*28:01 / DPA1*01:05,0.378,,0.378,17207,,17207.0,0.142884,DRB1,,,,
DRB1*14:54,DPB1*28:01 / DPA1*02:01,0.392,,0.392,1775,,1775.0,0.15366400000000002,DRB1,,,,
DRB1*14:54,DPB1*28:01 / DPA1*04:01,0.367,,0.367,15432,,15432.0,0.134689,DRB1,,,,
DRB1*14:54,DPB1*30:01 / DPA1*02:01,-0.014,,-0.014,0,,0.0,0.00019600000000000002,DRB1,,,,
DRB1*14:54,DPB1*31:01 / DPA1*03:01,0.017,,0.017,0,,0.0,0.00028900000000000003,DRB1,,,,
DRB1*14:54,DPB1*40:01 / DPA1*01:05,0.04,,0.04,0,,0.0,0.0016,DRB1,,,,
DRB1*14:54,DPB1*85:01 / DPA1*01:03,0.023,,0.023,0,,0.0,0.000529,DRB1,,,,
DRB1*14:54,DQB1*02:01 / DQA1*02:01,0.295,,0.295,17207,,17207.0,0.08702499999999999,DRB1,,,,
DRB1*14:54,DQB1*02:01 / DQA1*03:01,0.311,,0.311,17207,,17207.0,0.096721,DRB1,,,,
DRB1*14:54,DQB1*02:01 / DQA1*04:01,0.361,,0.361,17207,,17207.0,0.130321,DRB1,,,,
DRB1*14:54,DQB1*02:01 / DQA1*05:01,0.317,,0.317,17207,,17207.0,0.10048900000000001,DRB1,,,,
DRB1*14:54,DQB1*02:02 / DQA1*02:01,0.286,,0.286,17207,,17207.0,0.08179599999999998,DRB1,,,,
DRB1*14:54,DQB1*03:01 / DQA1*02:01,0.282,,0.282,17207,,17207.0,0.07952399999999998,DRB1,,,,
DRB1*14:54,DQB1*03:01 / DQA1*03:01,0.302,,0.302,17207,,17207.0,0.091204,DRB1,,,,
DRB1*14:54,DQB1*03:01 / DQA1*05:03,0.271,,0.271,17207,,17207.0,0.073441,DRB1,,,,
DRB1*14:54,DQB1*03:01 / DQA1*06:01,0.259,,0.259,17207,,17207.0,0.067081,DRB1,,,,
DRB1*14:54,DQB1*03:02 / DQA1*01:01,0.253,,0.253,1775,,1775.0,0.064009,DRB1,,,,
DRB1*14:54,DQB1*03:02 / DQA1*02:01,0.273,,0.273,17207,,17207.0,0.07452900000000001,DRB1,,,,
DRB1*14:54,DQB1*03:02 / DQA1*03:01,0.265,,0.265,17207,,17207.0,0.07022500000000001,DRB1,,,,
DRB1*14:54,DQB1*03:02 / DQA1*03:02,0.183,,0.183,12666,,12666.0,0.033489,DRB1,,,,
DRB1*14:54,DQB1*03:02 / DQA1*03:03,0.229,,0.229,4541,,4541.0,0.052441,DRB1,,,,
DRB1*14:54,DQB1*03:03 / DQA1*02:01,0.237,,0.237,17207,,17207.0,0.056169,DRB1,,,,
DRB1*14:54,DQB1*03:03 / DQA1*03:01,0.254,,0.254,17207,,17207.0,0.064516,DRB1,,,,
DRB1*14:54,DQB1*03:03 / DQA1*03:02,0.208,,0.208,17207,,17207.0,0.043264,DRB1,,,,
DRB1*14:54,DQB1*03:19 / DQA1*02:01,0.174,,0.174,0,,0.0,0.030275999999999997,DRB1,,,,
DRB1*14:54,DQB1*03:19 / DQA1*05:05,0.257,,0.257,17207,,17207.0,0.066049,DRB1,,,,
DRB1*14:54,DQB1*04:01 / DQA1*02:01,0.356,,0.356,17207,,17207.0,0.126736,DRB1,,,,
DRB1*14:54,DQB1*04:01 / DQA1*03:03,0.31,,0.31,17207,,17207.0,0.0961,DRB1,,,,
DRB1*14:54,DQB1*04:02 / DQA1*02:01,0.326,,0.326,17207,,17207.0,0.10627600000000001,DRB1,,,,
DRB1*14:54,DQB1*04:02 / DQA1*04:01,0.342,,0.342,17207,,17207.0,0.11696400000000001,DRB1,,,,
DRB1*14:54,DQB1*05:01 / DQA1*01:01,0.267,,0.267,17207,,17207.0,0.071289,DRB1,,,,
DRB1*14:54,DQB1*05:02 / DQA1*01:02,0.301,,0.301,17207,,17207.0,0.09060099999999999,DRB1,,,,
DRB1*14:54,DQB1*05:03 / DQA1*01:01,0.153,,0.153,0,,0.0,0.023409,DRB1,,,,
DRB1*14:54,DQB1*06:01 / DQA1*01:03,0.348,,0.348,17207,,17207.0,0.12110399999999999,DRB1,,,,
DRB1*14:54,DQB1*06:02 / DQA1*01:01,0.333,,0.333,17207,,17207.0,0.11088900000000002,DRB1,,,,
DRB1*14:54,DQB1*06:02 / DQA1*01:02,0.323,,0.323,17207,,17207.0,0.104329,DRB1,,,,
DRB1*14:54,DQB1*06:03 / DQA1*01:03,0.266,,0.266,17207,,17207.0,0.07075600000000001,DRB1,,,,
DRB1*14:54,DQB1*06:04 / DQA1*01:02,0.344,,0.344,17207,,17207.0,0.11833599999999998,DRB1,,,,
DRB1*14:54,DQB1*06:09 / DQA1*01:02,0.33,,0.33,17207,,17207.0,0.10890000000000001,DRB1,,,,
DRB1*14:54,DRB1*15:01,0.488,,0.488,17207,,17207.0,0.238144,DRB1,,,,
DRB1*14:54,DRB1*15:02,0.489,,0.489,17207,,17207.0,0.239121,DRB1,,,,
DRB1*14:54,DRB1*15:03,0.483,,0.483,17207,,17207.0,0.233289,DRB1,,,,
DRB1*14:54,DRB1*16:01,0.491,,0.491,17207,,17207.0,0.241081,DRB1,,,,
DRB1*14:54,DRB1*16:02,0.492,,0.492,17207,,17207.0,0.242064,DRB1,,,,
DRB1*14:54,DRB3*01:01,0.672,,0.672,17207,,17207.0,0.45158400000000004,DRB1,,,,
DRB1*14:54,DRB3*02:01,0.504,,0.504,0,,0.0,0.254016,DRB1,,,,
DRB1*14:54,DRB3*02:02,0.607,,0.607,17207,,17207.0,0.36844899999999997,DRB1,,,,
DRB1*14:54,DRB3*03:01,0.675,,0.675,17207,,17207.0,0.45562500000000006,DRB1,,,,
DRB1*14:54,DRB4*01:01,0.319,,0.319,17207,,17207.0,0.101761,DRB1,,,,
DRB1*14:54,DRB4*01:03,0.266,,0.266,17207,,17207.0,0.07075600000000001,DRB1,,,,
DRB1*14:54,DRB5*01:01,0.38,,0.38,17207,,17207.0,0.1444,DRB1,,,,
DRB1*14:54,DRB5*01:02,0.323,,0.323,0,,0.0,0.104329,DRB1,,,,
DRB1*14:54,DRB5*02:02,0.369,,0.369,17207,,17207.0,0.136161,DRB1,,,,
DRB1*15:01,DPB1*01:01 / DPA1*01:03,0.266,0.203,0.279,26198,6399.0,19799.0,0.07075600000000001,DRB1,,,,
DRB1*15:01,DPB1*01:01 / DPA1*02:01,0.229,0.203,0.235,27216,6398.0,20818.0,0.052441,DRB1,,,,
DRB1*15:01,DPB1*01:01 / DPA1*02:02,0.178,0.178,,6398,6398.0,,0.031684,DRB1,,,,
DRB1*15:01,DPB1*01:01 / DPA1*03:01,0.211,0.211,,6399,6399.0,,0.044521,DRB1,,,,
DRB1*15:01,DPB1*02:01 / DPA1*01:03,0.347,0.242,0.366,27216,6398.0,20818.0,0.12040899999999999,DRB1,,,,
DRB1*15:01,DPB1*02:02 / DPA1*01:03,0.057,,0.057,0,,0.0,0.003249,DRB1,,,,
DRB1*15:01,DPB1*02:02 / DPA1*02:01,0.348,,0.348,3553,,3553.0,0.12110399999999999,DRB1,,,,
DRB1*15:01,DPB1*03:01 / DPA1*01:03,0.304,0.196,0.323,27217,6399.0,20818.0,0.092416,DRB1,,,,
DRB1*15:01,DPB1*03:01 / DPA1*01:04,0.357,,0.357,2287,,2287.0,0.12744899999999998,DRB1,,,,
DRB1*15:01,DPB1*03:01 / DPA1*01:05,0.33,,0.33,17512,,17512.0,0.10890000000000001,DRB1,,,,
DRB1*15:01,DPB1*03:01 / DPA1*02:01,0.333,,0.333,18909,,18909.0,0.11088900000000002,DRB1,,,,
DRB1*15:01,DPB1*04:01 / DPA1*01:03,0.354,0.187,0.387,27217,6399.0,20818.0,0.12531599999999998,DRB1,,,,
DRB1*15:01,DPB1*04:01 / DPA1*02:01,0.246,0.246,,6398,6398.0,,0.060516,DRB1,,,,
DRB1*15:01,DPB1*04:01 / DPA1*02:02,0.246,0.246,,6398,6398.0,,0.060516,DRB1,,,,
DRB1*15:01,DPB1*04:01 / DPA1*03:01,0.197,0.197,,6399,6399.0,,0.038809,DRB1,,,,
DRB1*15:01,DPB1*04:01 / DPA1*04:01,0.277,0.277,,6399,6399.0,,0.07672900000000002,DRB1,,,,
DRB1*15:01,DPB1*04:02 / DPA1*01:03,0.342,0.19,0.371,27199,6398.0,20801.0,0.11696400000000001,DRB1,,,,
DRB1*15:01,DPB1*04:02 / DPA1*03:01,0.228,0.228,,6398,6398.0,,0.051984,DRB1,,,,
DRB1*15:01,DPB1*05:01 / DPA1*02:01,0.334,0.201,0.366,27216,6398.0,20818.0,0.11155600000000002,DRB1,,,,
DRB1*15:01,DPB1*05:01 / DPA1*02:02,0.233,0.134,0.258,21830,6398.0,15432.0,0.054289000000000004,DRB1,,,,
DRB1*15:01,DPB1*05:01 / DPA1*03:01,0.274,0.274,,6399,6399.0,,0.07507600000000002,DRB1,,,,
DRB1*15:01,DPB1*06:01 / DPA1*01:03,0.281,0.19,0.307,21831,6399.0,15432.0,0.07896100000000002,DRB1,,,,
DRB1*15:01,DPB1*06:01 / DPA1*02:01,0.324,,0.324,18909,,18909.0,0.104976,DRB1,,,,
DRB1*15:01,DPB1*09:01 / DPA1*02:01,0.297,0.201,0.316,27199,6398.0,20801.0,0.088209,DRB1,,,,
DRB1*15:01,DPB1*105:01 / DPA1*02:01,0.083,,0.083,0,,0.0,0.006889000000000001,DRB1,,,,
DRB1*15:01,DPB1*107:01 / DPA1*02:01,0.077,,0.077,0,,0.0,0.005929,DRB1,,,,
DRB1*15:01,DPB1*10:01 / DPA1*02:01,0.306,,0.306,6254,,6254.0,0.093636,DRB1,,,,
DRB1*15:01,DPB1*10:01 / DPA1*02:02,0.312,,0.312,14564,,14564.0,0.097344,DRB1,,,,
DRB1*15:01,DPB1*11:01 / DPA1*01:03,0.312,,0.312,17512,,17512.0,0.097344,DRB1,,,,
DRB1*15:01,DPB1*11:01 / DPA1*01:04,0.302,,0.302,2265,,2265.0,0.091204,DRB1,,,,
DRB1*15:01,DPB1*11:01 / DPA1*01:05,0.257,,0.257,2080,,2080.0,0.066049,DRB1,,,,
DRB1*15:01,DPB1*11:01 / DPA1*02:01,0.292,0.194,0.411,9704,6398.0,3306.0,0.08526399999999999,DRB1,,,,
DRB1*15:01,DPB1*11:01 / DPA1*02:02,0.295,,0.295,14564,,14564.0,0.08702499999999999,DRB1,,,,
DRB1*15:01,DPB1*13:01 / DPA1*01:04,0.347,,0.347,1397,,1397.0,0.12040899999999999,DRB1,,,,
DRB1*15:01,DPB1*13:01 / DPA1*01:05,0.278,,0.278,2080,,2080.0,0.07728400000000002,DRB1,,,,
DRB1*15:01,DPB1*13:01 / DPA1*02:01,0.32,0.208,0.341,27031,6398.0,20633.0,0.1024,DRB1,,,,
DRB1*15:01,DPB1*13:01 / DPA1*02:02,0.32,,0.32,15432,,15432.0,0.1024,DRB1,,,,
DRB1*15:01,DPB1*13:01 / DPA1*03:01,0.36,,0.36,15432,,15432.0,0.1296,DRB1,,,,
DRB1*15:01,DPB1*13:01 / DPA1*04:01,0.264,0.186,0.351,9704,6398.0,3306.0,0.06969600000000001,DRB1,,,,
DRB1*15:01,DPB1*14:01 / DPA1*02:01,0.252,0.161,0.269,27199,6398.0,20801.0,0.063504,DRB1,,,,
DRB1*15:01,DPB1*15:01 / DPA1*02:01,0.366,0.214,0.395,27158,6398.0,20760.0,0.133956,DRB1,,,,
DRB1*15:01,DPB1*17:01 / DPA1*02:01,0.292,0.196,0.314,27216,6398.0,20818.0,0.08526399999999999,DRB1,,,,
DRB1*15:01,DPB1*18:01 / DPA1*01:03,0.219,0.219,,6399,6399.0,,0.047961,DRB1,,,,
DRB1*15:01,DPB1*18:01 / DPA1*01:04,0.385,,0.385,19799,,19799.0,0.148225,DRB1,,,,
DRB1*15:01,DPB1*18:01 / DPA1*01:05,0.357,,0.357,19799,,19799.0,0.12744899999999998,DRB1,,,,
DRB1*15:01,DPB1*18:01 / DPA1*02:01,0.362,,0.362,20760,,20760.0,0.131044,DRB1,,,,
DRB1*15:01,DPB1*19:01 / DPA1*01:03,0.328,,0.328,17512,,17512.0,0.10758400000000001,DRB1,,,,
DRB1*15:01,DPB1*19:01 / DPA1*02:01,0.26,0.172,0.396,9687,6398.0,3289.0,0.06760000000000001,DRB1,,,,
DRB1*15:01,DPB1*20:01 / DPA1*01:03,0.377,,0.377,2287,,2287.0,0.142129,DRB1,,,,
DRB1*15:01,DPB1*20:01 / DPA1*03:01,0.333,,0.333,15432,,15432.0,0.11088900000000002,DRB1,,,,
DRB1*15:01,DPB1*23:01 / DPA1*01:03,0.379,,0.379,15432,,15432.0,0.143641,DRB1,,,,
DRB1*15:01,DPB1*23:01 / DPA1*02:01,0.303,,0.303,5328,,5328.0,0.091809,DRB1,,,,
DRB1*15:01,DPB1*26:01 / DPA1*03:01,0.068,,0.068,0,,0.0,0.0046240000000000005,DRB1,,,,
DRB1*15:01,DPB1*28:01 / DPA1*01:03,0.379,,0.379,15432,,15432.0,0.143641,DRB1,,,,
DRB1*15:01,DPB1*28:01 / DPA1*01:04,0.385,,0.385,2287,,2287.0,0.148225,DRB1,,,,
DRB1*15:01,DPB1*28:01 / DPA1*01:05,0.382,,0.382,17512,,17512.0,0.145924,DRB1,,,,
DRB1*15:01,DPB1*28:01 / DPA1*02:01,0.304,,0.304,2080,,2080.0,0.092416,DRB1,,,,
DRB1*15:01,DPB1*28:01 / DPA1*02:02,0.259,0.217,0.345,7794,6397.0,1397.0,0.067081,DRB1,,,,
DRB1*15:01,DPB1*28:01 / DPA1*04:01,0.393,,0.393,15432,,15432.0,0.154449,DRB1,,,,
DRB1*15:01,DPB1*30:01 / DPA1*02:01,0.043,,0.043,0,,0.0,0.0018489999999999997,DRB1,,,,
DRB1*15:01,DPB1*31:01 / DPA1*03:01,0.062,,0.062,0,,0.0,0.0038439999999999998,DRB1,,,,
DRB1*15:01,DPB1*40:01 / DPA1*01:05,0.085,,0.085,0,,0.0,0.007225000000000001,DRB1,,,,
DRB1*15:01,DPB1*85:01 / DPA1*01:03,0.065,,0.065,0,,0.0,0.0042250000000000005,DRB1,,,,
DRB1*15:01,DQB1*02:01 / DQA1*02:01,0.226,0.09,0.26,27215,6397.0,20818.0,0.051076,DRB1,,,,
DRB1*15:01,DQB1*02:01 / DQA1*03:01,0.249,,0.249,20801,,20801.0,0.062001,DRB1,,,,
DRB1*15:01,DQB1*02:01 / DQA1*04:01,0.3,,0.3,20760,,20760.0,0.09,DRB1,,,,
DRB1*15:01,DQB1*02:01 / DQA1*05:01,0.204,0.227,0.203,27198,6397.0,20801.0,0.04161599999999999,DRB1,,,,
DRB1*15:01,DQB1*02:02 / DQA1*02:01,0.236,0.157,0.253,27198,6397.0,20801.0,0.055695999999999996,DRB1,,,,
DRB1*15:01,DQB1*02:02 / DQA1*03:02,0.191,0.191,,6397,6397.0,,0.036481,DRB1,,,,
DRB1*15:01,DQB1*02:02 / DQA1*05:01,0.204,0.204,,6397,6397.0,,0.04161599999999999,DRB1,,,,
DRB1*15:01,DQB1*03:01 / DQA1*02:01,0.227,,0.227,19799,,19799.0,0.051529000000000005,DRB1,,,,
DRB1*15:01,DQB1*03:01 / DQA1*03:01,0.237,0.192,0.246,27197,6396.0,20801.0,0.056169,DRB1,,,,
DRB1*15:01,DQB1*03:01 / DQA1*03:02,0.187,0.187,,6396,6396.0,,0.034969,DRB1,,,,
DRB1*15:01,DQB1*03:01 / DQA1*05:01,0.169,0.169,,6396,6396.0,,0.028561000000000003,DRB1,,,,
DRB1*15:01,DQB1*03:01 / DQA1*05:03,0.209,,0.209,20760,,20760.0,0.043681,DRB1,,,,
DRB1*15:01,DQB1*03:01 / DQA1*06:01,0.203,0.197,0.208,27197,6396.0,20801.0,0.041209,DRB1,,,,
DRB1*15:01,DQB1*03:02 / DQA1*01:01,0.265,,0.265,5369,,5369.0,0.07022500000000001,DRB1,,,,
DRB1*15:01,DQB1*03:02 / DQA1*02:01,0.219,0.13,0.24,26194,6395.0,19799.0,0.047961,DRB1,,,,
DRB1*15:01,DQB1*03:02 / DQA1*03:01,0.225,0.139,0.242,27197,6396.0,20801.0,0.050625,DRB1,,,,
DRB1*15:01,DQB1*03:02 / DQA1*03:02,0.197,0.15,0.205,22488,6396.0,16092.0,0.038809,DRB1,,,,
DRB1*15:01,DQB1*03:02 / DQA1*03:03,0.182,,0.182,4541,,4541.0,0.033124,DRB1,,,,
DRB1*15:01,DQB1*03:03 / DQA1*02:01,0.239,,0.239,20801,,20801.0,0.057121,DRB1,,,,
DRB1*15:01,DQB1*03:03 / DQA1*03:01,0.245,,0.245,20801,,20801.0,0.060024999999999995,DRB1,,,,
DRB1*15:01,DQB1*03:03 / DQA1*03:02,0.209,0.182,0.218,27156,6396.0,20760.0,0.043681,DRB1,,,,
DRB1*15:01,DQB1*03:03 / DQA1*04:01,0.218,0.218,,6396,6396.0,,0.047524,DRB1,,,,
DRB1*15:01,DQB1*03:03 / DQA1*06:01,0.206,0.206,,6396,6396.0,,0.042435999999999995,DRB1,,,,
DRB1*15:01,DQB1*03:04 / DQA1*03:01,0.404,,0.404,127,,127.0,0.16321600000000003,DRB1,,,,
DRB1*15:01,DQB1*03:19 / DQA1*02:01,0.163,,0.163,0,,0.0,0.026569000000000002,DRB1,,,,
DRB1*15:01,DQB1*03:19 / DQA1*05:05,0.201,,0.201,20677,,20677.0,0.040401000000000006,DRB1,,,,
DRB1*15:01,DQB1*04:01 / DQA1*02:01,0.351,0.234,0.377,27197,6396.0,20801.0,0.12320099999999999,DRB1,,,,
DRB1*15:01,DQB1*04:01 / DQA1*03:03,0.354,,0.354,20760,,20760.0,0.12531599999999998,DRB1,,,,
DRB1*15:01,DQB1*04:01 / DQA1*04:01,0.301,0.299,,6397,6397.0,,0.09060099999999999,DRB1,,,,
DRB1*15:01,DQB1*04:01 / DQA1*05:01,0.278,0.278,,6397,6397.0,,0.07728400000000002,DRB1,,,,
DRB1*15:01,DQB1*04:02 / DQA1*02:01,0.362,,0.362,20801,,20801.0,0.131044,DRB1,,,,
DRB1*15:01,DQB1*04:02 / DQA1*03:01,0.278,0.278,,6397,6397.0,,0.07728400000000002,DRB1,,,,
DRB1*15:01,DQB1*04:02 / DQA1*04:01,0.355,0.267,0.377,27215,6397.0,20818.0,0.126025,DRB1,,,,
DRB1*15:01,DQB1*04:02 / DQA1*06:01,0.269,0.269,,6397,6397.0,,0.07236100000000001,DRB1,,,,
DRB1*15:01,DQB1*05:01 / DQA1*01:01,0.365,0.287,0.397,27200,6399.0,20801.0,0.13322499999999998,DRB1,,,,
DRB1*15:01,DQB1*05:01 / DQA1*01:02,0.279,0.279,,6399,6399.0,,0.07784100000000002,DRB1,,,,
DRB1*15:01,DQB1*05:02 / DQA1*01:02,0.366,0.262,0.391,27217,6399.0,20818.0,0.133956,DRB1,,,,
DRB1*15:01,DQB1*05:03 / DQA1*01:01,0.276,,0.276,0,,0.0,0.07617600000000001,DRB1,,,,
DRB1*15:01,DQB1*05:03 / DQA1*01:04,0.307,0.307,,6399,6399.0,,0.094249,DRB1,,,,
DRB1*15:01,DQB1*06:01 / DQA1*01:03,0.453,0.313,0.485,27199,6398.0,20801.0,0.205209,DRB1,,,,
DRB1*15:01,DQB1*06:01 / DQA1*01:04,0.299,0.298,,6399,6399.0,,0.089401,DRB1,,,,
DRB1*15:01,DQB1*06:01 / DQA1*02:01,0.323,0.322,,6397,6397.0,,0.104329,DRB1,,,,
DRB1*15:01,DQB1*06:02 / DQA1*01:01,0.477,,0.477,20760,,20760.0,0.22752899999999998,DRB1,,,,
DRB1*15:01,DQB1*06:02 / DQA1*01:02,0.462,0.314,0.492,27217,6399.0,20818.0,0.21344400000000002,DRB1,,,,
DRB1*15:01,DQB1*06:03 / DQA1*01:03,0.394,0.322,0.409,27158,6398.0,20760.0,0.155236,DRB1,,,,
DRB1*15:01,DQB1*06:04 / DQA1*01:02,0.42,0.328,0.451,27159,6399.0,20760.0,0.17639999999999997,DRB1,,,,
DRB1*15:01,DQB1*06:09 / DQA1*01:02,0.446,,0.446,20760,,20760.0,0.198916,DRB1,,,,
DRB1*15:01,DRB1*15:02,0.915,0.779,0.942,27217,6399.0,20818.0,0.8372250000000001,DRB1,,,,
DRB1*15:01,DRB1*15:03,0.865,0.715,0.904,26198,6399.0,19799.0,0.748225,DRB1,,,,
DRB1*15:01,DRB1*16:01,0.776,0.594,0.806,27216,6398.0,20818.0,0.602176,DRB1,,,,
DRB1*15:01,DRB1*16:02,0.761,0.562,0.798,27158,6398.0,20760.0,0.579121,DRB1,,,,
DRB1*15:01,DRB3*01:01,0.429,0.373,0.464,27200,6399.0,20801.0,0.18404099999999998,DRB1,,,,
DRB1*15:01,DRB3*02:01,0.249,,0.249,17,,17.0,0.062001,DRB1,,,,
DRB1*15:01,DRB3*02:02,0.412,0.352,0.434,27198,6397.0,20801.0,0.16974399999999998,DRB1,,,,
DRB1*15:01,DRB3*03:01,0.356,0.342,0.38,25307,6398.0,18909.0,0.126736,DRB1,,,,
DRB1*15:01,DRB4*01:01,0.282,0.261,0.295,27200,6399.0,20801.0,0.07952399999999998,DRB1,,,,
DRB1*15:01,DRB4*01:03,0.294,,0.294,20818,,20818.0,0.08643599999999999,DRB1,,,,
DRB1*15:01,DRB5*01:01,0.632,0.567,0.657,27216,6398.0,20818.0,0.399424,DRB1,,,,
DRB1*15:01,DRB5*01:02,0.717,,0.717,0,,0.0,0.5140889999999999,DRB1,,,,
DRB1*15:01,DRB5*02:02,0.678,0.551,0.739,27200,6399.0,20801.0,0.45968400000000004,DRB1,,,,
DRB1*15:02,DPB1*01:01 / DPA1*01:03,0.308,0.319,0.304,26198,6399.0,19799.0,0.094864,DRB1,,,,
DRB1*15:02,DPB1*01:01 / DPA1*02:01,0.238,0.315,0.237,27216,6398.0,20818.0,0.05664399999999999,DRB1,,,,
DRB1*15:02,DPB1*01:01 / DPA1*02:02,0.29,0.29,,6398,6398.0,,0.0841,DRB1,,,,
DRB1*15:02,DPB1*01:01 / DPA1*03:01,0.307,0.307,,6399,6399.0,,0.094249,DRB1,,,,
DRB1*15:02,DPB1*02:01 / DPA1*01:03,0.366,0.267,0.38,27216,6398.0,20818.0,0.133956,DRB1,,,,
DRB1*15:02,DPB1*02:02 / DPA1*01:03,0.051,,0.051,0,,0.0,0.0026009999999999996,DRB1,,,,
DRB1*15:02,DPB1*02:02 / DPA1*02:01,0.392,,0.392,3553,,3553.0,0.15366400000000002,DRB1,,,,
DRB1*15:02,DPB1*03:01 / DPA1*01:03,0.322,0.298,0.318,27217,6399.0,20818.0,0.10368400000000001,DRB1,,,,
DRB1*15:02,DPB1*03:01 / DPA1*01:04,0.393,,0.393,2287,,2287.0,0.154449,DRB1,,,,
DRB1*15:02,DPB1*03:01 / DPA1*01:05,0.333,,0.333,17512,,17512.0,0.11088900000000002,DRB1,,,,
DRB1*15:02,DPB1*03:01 / DPA1*02:01,0.333,,0.333,18909,,18909.0,0.11088900000000002,DRB1,,,,
DRB1*15:02,DPB1*04:01 / DPA1*01:03,0.359,0.229,0.38,27217,6399.0,20818.0,0.128881,DRB1,,,,
DRB1*15:02,DPB1*04:01 / DPA1*02:01,0.328,0.328,,6398,6398.0,,0.10758400000000001,DRB1,,,,
DRB1*15:02,DPB1*04:01 / DPA1*02:02,0.361,0.361,,6398,6398.0,,0.130321,DRB1,,,,
DRB1*15:02,DPB1*04:01 / DPA1*03:01,0.277,0.277,,6399,6399.0,,0.07672900000000002,DRB1,,,,
DRB1*15:02,DPB1*04:01 / DPA1*04:01,0.325,0.325,,6399,6399.0,,0.10562500000000001,DRB1,,,,
DRB1*15:02,DPB1*04:02 / DPA1*01:03,0.359,0.279,0.37,27199,6398.0,20801.0,0.128881,DRB1,,,,
DRB1*15:02,DPB1*04:02 / DPA1*03:01,0.313,0.313,,6398,6398.0,,0.097969,DRB1,,,,
DRB1*15:02,DPB1*05:01 / DPA1*02:01,0.339,0.268,0.372,27216,6398.0,20818.0,0.11492100000000001,DRB1,,,,
DRB1*15:02,DPB1*05:01 / DPA1*02:02,0.253,0.296,0.257,21830,6398.0,15432.0,0.064009,DRB1,,,,
DRB1*15:02,DPB1*05:01 / DPA1*03:01,0.305,0.305,,6399,6399.0,,0.093025,DRB1,,,,
DRB1*15:02,DPB1*06:01 / DPA1*01:03,0.298,0.236,0.311,21831,6399.0,15432.0,0.088804,DRB1,,,,
DRB1*15:02,DPB1*06:01 / DPA1*02:01,0.324,,0.324,18909,,18909.0,0.104976,DRB1,,,,
DRB1*15:02,DPB1*09:01 / DPA1*02:01,0.32,0.311,0.316,27199,6398.0,20801.0,0.1024,DRB1,,,,
DRB1*15:02,DPB1*105:01 / DPA1*02:01,0.066,,0.066,0,,0.0,0.0043560000000000005,DRB1,,,,
DRB1*15:02,DPB1*107:01 / DPA1*02:01,0.068,,0.068,0,,0.0,0.0046240000000000005,DRB1,,,,
DRB1*15:02,DPB1*10:01 / DPA1*02:01,0.347,,0.347,6254,,6254.0,0.12040899999999999,DRB1,,,,
DRB1*15:02,DPB1*10:01 / DPA1*02:02,0.307,,0.307,14564,,14564.0,0.094249,DRB1,,,,
DRB1*15:02,DPB1*11:01 / DPA1*01:03,0.325,,0.325,17512,,17512.0,0.10562500000000001,DRB1,,,,
DRB1*15:02,DPB1*11:01 / DPA1*01:04,0.325,,0.325,2265,,2265.0,0.10562500000000001,DRB1,,,,
DRB1*15:02,DPB1*11:01 / DPA1*01:05,0.299,,0.299,2080,,2080.0,0.089401,DRB1,,,,
DRB1*15:02,DPB1*11:01 / DPA1*02:01,0.318,0.216,0.441,9704,6398.0,3306.0,0.101124,DRB1,,,,
DRB1*15:02,DPB1*11:01 / DPA1*02:02,0.292,,0.292,14564,,14564.0,0.08526399999999999,DRB1,,,,
DRB1*15:02,DPB1*13:01 / DPA1*01:04,0.393,,0.393,1397,,1397.0,0.154449,DRB1,,,,
DRB1*15:02,DPB1*13:01 / DPA1*01:05,0.342,,0.342,2080,,2080.0,0.11696400000000001,DRB1,,,,
DRB1*15:02,DPB1*13:01 / DPA1*02:01,0.351,0.314,0.352,27031,6398.0,20633.0,0.12320099999999999,DRB1,,,,
DRB1*15:02,DPB1*13:01 / DPA1*02:02,0.332,,0.332,15432,,15432.0,0.11022400000000002,DRB1,,,,
DRB1*15:02,DPB1*13:01 / DPA1*03:01,0.366,,0.366,15432,,15432.0,0.133956,DRB1,,,,
DRB1*15:02,DPB1*13:01 / DPA1*04:01,0.354,0.3,0.412,9704,6398.0,3306.0,0.12531599999999998,DRB1,,,,
DRB1*15:02,DPB1*14:01 / DPA1*02:01,0.28,0.178,0.283,27199,6398.0,20801.0,0.07840000000000001,DRB1,,,,
DRB1*15:02,DPB1*15:01 / DPA1*02:01,0.384,0.344,0.392,27158,6398.0,20760.0,0.147456,DRB1,,,,
DRB1*15:02,DPB1*17:01 / DPA1*02:01,0.326,0.307,0.321,27216,6398.0,20818.0,0.10627600000000001,DRB1,,,,
DRB1*15:02,DPB1*18:01 / DPA1*01:03,0.26,0.26,,6399,6399.0,,0.06760000000000001,DRB1,,,,
DRB1*15:02,DPB1*18:01 / DPA1*01:04,0.381,,0.381,19799,,19799.0,0.145161,DRB1,,,,
DRB1*15:02,DPB1*18:01 / DPA1*01:05,0.365,,0.365,19799,,19799.0,0.13322499999999998,DRB1,,,,
DRB1*15:02,DPB1*18:01 / DPA1*02:01,0.354,,0.354,20760,,20760.0,0.12531599999999998,DRB1,,,,
DRB1*15:02,DPB1*19:01 / DPA1*01:03,0.331,,0.331,17512,,17512.0,0.109561,DRB1,,,,
DRB1*15:02,DPB1*19:01 / DPA1*02:01,0.249,0.136,0.425,9687,6398.0,3289.0,0.062001,DRB1,,,,
DRB1*15:02,DPB1*20:01 / DPA1*01:03,0.449,,0.449,2287,,2287.0,0.201601,DRB1,,,,
DRB1*15:02,DPB1*20:01 / DPA1*03:01,0.326,,0.326,15432,,15432.0,0.10627600000000001,DRB1,,,,
DRB1*15:02,DPB1*23:01 / DPA1*01:03,0.377,,0.377,15432,,15432.0,0.142129,DRB1,,,,
DRB1*15:02,DPB1*23:01 / DPA1*02:01,0.364,,0.364,5328,,5328.0,0.132496,DRB1,,,,
DRB1*15:02,DPB1*26:01 / DPA1*03:01,0.061,,0.061,0,,0.0,0.003721,DRB1,,,,
DRB1*15:02,DPB1*28:01 / DPA1*01:03,0.369,,0.369,15432,,15432.0,0.136161,DRB1,,,,
DRB1*15:02,DPB1*28:01 / DPA1*01:04,0.422,,0.422,2287,,2287.0,0.178084,DRB1,,,,
DRB1*15:02,DPB1*28:01 / DPA1*01:05,0.375,,0.375,17512,,17512.0,0.140625,DRB1,,,,
DRB1*15:02,DPB1*28:01 / DPA1*02:01,0.353,,0.353,2080,,2080.0,0.12460899999999998,DRB1,,,,
DRB1*15:02,DPB1*28:01 / DPA1*02:02,0.341,0.302,0.385,7794,6397.0,1397.0,0.11628100000000002,DRB1,,,,
DRB1*15:02,DPB1*28:01 / DPA1*04:01,0.376,,0.376,15432,,15432.0,0.141376,DRB1,,,,
DRB1*15:02,DPB1*30:01 / DPA1*02:01,0.03,,0.03,0,,0.0,0.0009,DRB1,,,,
DRB1*15:02,DPB1*31:01 / DPA1*03:01,0.054,,0.054,0,,0.0,0.0029159999999999998,DRB1,,,,
DRB1*15:02,DPB1*40:01 / DPA1*01:05,0.076,,0.076,0,,0.0,0.005776,DRB1,,,,
DRB1*15:02,DPB1*85:01 / DPA1*01:03,0.059,,0.059,0,,0.0,0.0034809999999999997,DRB1,,,,
DRB1*15:02,DQB1*02:01 / DQA1*02:01,0.224,0.136,0.258,27215,6397.0,20818.0,0.050176000000000005,DRB1,,,,
DRB1*15:02,DQB1*02:01 / DQA1*03:01,0.25,,0.25,20801,,20801.0,0.0625,DRB1,,,,
DRB1*15:02,DQB1*02:01 / DQA1*04:01,0.287,,0.287,20760,,20760.0,0.08236899999999998,DRB1,,,,
DRB1*15:02,DQB1*02:01 / DQA1*05:01,0.218,0.322,0.203,27198,6397.0,20801.0,0.047524,DRB1,,,,
DRB1*15:02,DQB1*02:02 / DQA1*02:01,0.239,0.227,0.251,27198,6397.0,20801.0,0.057121,DRB1,,,,
DRB1*15:02,DQB1*02:02 / DQA1*03:02,0.265,0.265,,6397,6397.0,,0.07022500000000001,DRB1,,,,
DRB1*15:02,DQB1*02:02 / DQA1*05:01,0.306,0.306,,6397,6397.0,,0.093636,DRB1,,,,
DRB1*15:02,DQB1*03:01 / DQA1*02:01,0.226,,0.226,19799,,19799.0,0.051076,DRB1,,,,
DRB1*15:02,DQB1*03:01 / DQA1*03:01,0.255,0.288,0.246,27197,6396.0,20801.0,0.065025,DRB1,,,,
DRB1*15:02,DQB1*03:01 / DQA1*03:02,0.277,0.277,,6396,6396.0,,0.07672900000000002,DRB1,,,,
DRB1*15:02,DQB1*03:01 / DQA1*05:01,0.265,0.265,,6396,6396.0,,0.07022500000000001,DRB1,,,,
DRB1*15:02,DQB1*03:01 / DQA1*05:03,0.202,,0.202,20760,,20760.0,0.04080400000000001,DRB1,,,,
DRB1*15:02,DQB1*03:01 / DQA1*06:01,0.216,0.299,0.202,27197,6396.0,20801.0,0.046655999999999996,DRB1,,,,
DRB1*15:02,DQB1*03:02 / DQA1*01:01,0.287,,0.287,5369,,5369.0,0.08236899999999998,DRB1,,,,
DRB1*15:02,DQB1*03:02 / DQA1*02:01,0.237,0.237,0.24,26194,6395.0,19799.0,0.056169,DRB1,,,,
DRB1*15:02,DQB1*03:02 / DQA1*03:01,0.237,0.214,0.243,27197,6396.0,20801.0,0.056169,DRB1,,,,
DRB1*15:02,DQB1*03:02 / DQA1*03:02,0.212,0.224,0.2,22488,6396.0,16092.0,0.044944,DRB1,,,,
DRB1*15:02,DQB1*03:02 / DQA1*03:03,0.187,,0.187,4541,,4541.0,0.034969,DRB1,,,,
DRB1*15:02,DQB1*03:03 / DQA1*02:01,0.237,,0.237,20801,,20801.0,0.056169,DRB1,,,,
DRB1*15:02,DQB1*03:03 / DQA1*03:01,0.249,,0.249,20801,,20801.0,0.062001,DRB1,,,,
DRB1*15:02,DQB1*03:03 / DQA1*03:02,0.227,0.284,0.214,27156,6396.0,20760.0,0.051529000000000005,DRB1,,,,
DRB1*15:02,DQB1*03:03 / DQA1*04:01,0.307,0.307,,6396,6396.0,,0.094249,DRB1,,,,
DRB1*15:02,DQB1*03:03 / DQA1*06:01,0.299,0.299,,6396,6396.0,,0.089401,DRB1,,,,
DRB1*15:02,DQB1*03:04 / DQA1*03:01,0.395,,0.395,127,,127.0,0.15602500000000002,DRB1,,,,
DRB1*15:02,DQB1*03:19 / DQA1*02:01,0.155,,0.155,0,,0.0,0.024025,DRB1,,,,
DRB1*15:02,DQB1*03:19 / DQA1*05:05,0.192,,0.192,20677,,20677.0,0.036864,DRB1,,,,
DRB1*15:02,DQB1*04:01 / DQA1*02:01,0.362,0.326,0.377,27197,6396.0,20801.0,0.131044,DRB1,,,,
DRB1*15:02,DQB1*04:01 / DQA1*03:03,0.349,,0.349,20760,,20760.0,0.12180099999999998,DRB1,,,,
DRB1*15:02,DQB1*04:01 / DQA1*04:01,0.393,0.392,,6397,6397.0,,0.154449,DRB1,,,,
DRB1*15:02,DQB1*04:01 / DQA1*05:01,0.381,0.381,,6397,6397.0,,0.145161,DRB1,,,,
DRB1*15:02,DQB1*04:02 / DQA1*02:01,0.36,,0.36,20801,,20801.0,0.1296,DRB1,,,,
DRB1*15:02,DQB1*04:02 / DQA1*03:01,0.381,0.381,,6397,6397.0,,0.145161,DRB1,,,,
DRB1*15:02,DQB1*04:02 / DQA1*04:01,0.371,0.343,0.371,27215,6397.0,20818.0,0.13764099999999999,DRB1,,,,
DRB1*15:02,DQB1*04:02 / DQA1*06:01,0.383,0.383,,6397,6397.0,,0.146689,DRB1,,,,
DRB1*15:02,DQB1*05:01 / DQA1*01:01,0.396,0.363,0.396,27200,6399.0,20801.0,0.156816,DRB1,,,,
DRB1*15:02,DQB1*05:01 / DQA1*01:02,0.327,0.327,,6399,6399.0,,0.10692900000000001,DRB1,,,,
DRB1*15:02,DQB1*05:02 / DQA1*01:02,0.401,0.335,0.402,27217,6399.0,20818.0,0.16080100000000003,DRB1,,,,
DRB1*15:02,DQB1*05:03 / DQA1*01:01,0.265,,0.265,0,,0.0,0.07022500000000001,DRB1,,,,
DRB1*15:02,DQB1*05:03 / DQA1*01:04,0.377,0.377,,6399,6399.0,,0.142129,DRB1,,,,
DRB1*15:02,DQB1*06:01 / DQA1*01:03,0.453,0.349,0.481,27199,6398.0,20801.0,0.205209,DRB1,,,,
DRB1*15:02,DQB1*06:01 / DQA1*01:04,0.418,0.418,,6399,6399.0,,0.174724,DRB1,,,,
DRB1*15:02,DQB1*06:01 / DQA1*02:01,0.411,0.41,,6397,6397.0,,0.168921,DRB1,,,,
DRB1*15:02,DQB1*06:02 / DQA1*01:01,0.473,,0.473,20760,,20760.0,0.22372899999999998,DRB1,,,,
DRB1*15:02,DQB1*06:02 / DQA1*01:02,0.472,0.384,0.492,27217,6399.0,20818.0,0.22278399999999998,DRB1,,,,
DRB1*15:02,DQB1*06:03 / DQA1*01:03,0.412,0.414,0.407,27158,6398.0,20760.0,0.16974399999999998,DRB1,,,,
DRB1*15:02,DQB1*06:04 / DQA1*01:02,0.458,0.452,0.454,27159,6399.0,20760.0,0.209764,DRB1,,,,
DRB1*15:02,DQB1*06:09 / DQA1*01:02,0.438,,0.438,20760,,20760.0,0.191844,DRB1,,,,
DRB1*15:02,DRB1*15:03,0.907,0.805,0.92,26198,6399.0,19799.0,0.8226490000000001,DRB1,,,,
DRB1*15:02,DRB1*16:01,0.803,0.683,0.825,27216,6398.0,20818.0,0.6448090000000001,DRB1,,,,
DRB1*15:02,DRB1*16:02,0.788,0.616,0.818,27158,6398.0,20760.0,0.620944,DRB1,,,,
DRB1*15:02,DRB3*01:01,0.473,0.489,0.469,27200,6399.0,20801.0,0.22372899999999998,DRB1,,,,
DRB1*15:02,DRB3*02:01,0.246,,0.246,17,,17.0,0.060516,DRB1,,,,
DRB1*15:02,DRB3*02:02,0.462,0.513,0.448,27198,6397.0,20801.0,0.21344400000000002,DRB1,,,,
DRB1*15:02,DRB3*03:01,0.415,0.507,0.396,25307,6398.0,18909.0,0.172225,DRB1,,,,
DRB1*15:02,DRB4*01:01,0.327,0.401,0.304,27200,6399.0,20801.0,0.10692900000000001,DRB1,,,,
DRB1*15:02,DRB4*01:03,0.296,,0.296,20818,,20818.0,0.08761599999999999,DRB1,,,,
DRB1*15:02,DRB5*01:01,0.687,0.691,0.683,27216,6398.0,20818.0,0.4719690000000001,DRB1,,,,
DRB1*15:02,DRB5*01:02,0.716,,0.716,0,,0.0,0.512656,DRB1,,,,
DRB1*15:02,DRB5*02:02,0.723,0.683,0.74,27200,6399.0,20801.0,0.522729,DRB1,,,,
DRB1*15:03,DPB1*01:01 / DPA1*01:03,0.302,0.321,0.297,26198,6399.0,19799.0,0.091204,DRB1,,,,
DRB1*15:03,DPB1*01:01 / DPA1*02:01,0.202,0.33,0.201,26197,6398.0,19799.0,0.04080400000000001,DRB1,,,,
DRB1*15:03,DPB1*01:01 / DPA1*02:02,0.286,0.286,,6398,6398.0,,0.08179599999999998,DRB1,,,,
DRB1*15:03,DPB1*01:01 / DPA1*03:01,0.322,0.322,,6399,6399.0,,0.10368400000000001,DRB1,,,,
DRB1*15:03,DPB1*02:01 / DPA1*01:03,0.369,0.269,0.387,26197,6398.0,19799.0,0.136161,DRB1,,,,
DRB1*15:03,DPB1*02:02 / DPA1*01:03,0.048,,0.048,0,,0.0,0.002304,DRB1,,,,
DRB1*15:03,DPB1*02:02 / DPA1*02:01,0.391,,0.391,2592,,2592.0,0.15288100000000002,DRB1,,,,
DRB1*15:03,DPB1*03:01 / DPA1*01:03,0.306,0.324,0.293,26198,6399.0,19799.0,0.093636,DRB1,,,,
DRB1*15:03,DPB1*03:01 / DPA1*01:04,0.434,,0.434,2287,,2287.0,0.188356,DRB1,,,,
DRB1*15:03,DPB1*03:01 / DPA1*01:05,0.329,,0.329,17512,,17512.0,0.108241,DRB1,,,,
DRB1*15:03,DPB1*03:01 / DPA1*02:01,0.327,,0.327,18909,,18909.0,0.10692900000000001,DRB1,,,,
DRB1*15:03,DPB1*04:01 / DPA1*01:03,0.329,0.216,0.349,26198,6399.0,19799.0,0.108241,DRB1,,,,
DRB1*15:03,DPB1*04:01 / DPA1*02:01,0.335,0.335,,6398,6398.0,,0.11222500000000002,DRB1,,,,
DRB1*15:03,DPB1*04:01 / DPA1*02:02,0.35,0.35,,6398,6398.0,,0.12249999999999998,DRB1,,,,
DRB1*15:03,DPB1*04:01 / DPA1*03:01,0.279,0.279,,6399,6399.0,,0.07784100000000002,DRB1,,,,
DRB1*15:03,DPB1*04:01 / DPA1*04:01,0.337,0.337,,6399,6399.0,,0.11356900000000002,DRB1,,,,
DRB1*15:03,DPB1*04:02 / DPA1*01:03,0.347,0.27,0.361,26197,6398.0,19799.0,0.12040899999999999,DRB1,,,,
DRB1*15:03,DPB1*04:02 / DPA1*03:01,0.345,0.345,,6398,6398.0,,0.11902499999999998,DRB1,,,,
DRB1*15:03,DPB1*05:01 / DPA1*02:01,0.304,0.221,0.354,26197,6398.0,19799.0,0.092416,DRB1,,,,
DRB1*15:03,DPB1*05:01 / DPA1*02:02,0.218,0.268,0.241,21830,6398.0,15432.0,0.047524,DRB1,,,,
DRB1*15:03,DPB1*05:01 / DPA1*03:01,0.321,0.321,,6399,6399.0,,0.10304100000000001,DRB1,,,,
DRB1*15:03,DPB1*06:01 / DPA1*01:03,0.304,0.283,0.311,21831,6399.0,15432.0,0.092416,DRB1,,,,
DRB1*15:03,DPB1*06:01 / DPA1*02:01,0.326,,0.326,18909,,18909.0,0.10627600000000001,DRB1,,,,
DRB1*15:03,DPB1*09:01 / DPA1*02:01,0.298,0.318,0.287,26197,6398.0,19799.0,0.088804,DRB1,,,,
DRB1*15:03,DPB1*105:01 / DPA1*02:01,0.067,,0.067,0,,0.0,0.004489000000000001,DRB1,,,,
DRB1*15:03,DPB1*107:01 / DPA1*02:01,0.08,,0.08,0,,0.0,0.0064,DRB1,,,,
DRB1*15:03,DPB1*10:01 / DPA1*02:01,0.343,,0.343,5235,,5235.0,0.11764900000000002,DRB1,,,,
DRB1*15:03,DPB1*10:01 / DPA1*02:02,0.296,,0.296,14564,,14564.0,0.08761599999999999,DRB1,,,,
DRB1*15:03,DPB1*11:01 / DPA1*01:03,0.324,,0.324,17512,,17512.0,0.104976,DRB1,,,,
DRB1*15:03,DPB1*11:01 / DPA1*01:04,0.356,,0.356,2265,,2265.0,0.126736,DRB1,,,,
DRB1*15:03,DPB1*11:01 / DPA1*01:05,0.33,,0.33,2080,,2080.0,0.10890000000000001,DRB1,,,,
DRB1*15:03,DPB1*11:01 / DPA1*02:01,0.308,0.241,0.425,8685,6398.0,2287.0,0.094864,DRB1,,,,
DRB1*15:03,DPB1*11:01 / DPA1*02:02,0.285,,0.285,14564,,14564.0,0.08122499999999999,DRB1,,,,
DRB1*15:03,DPB1*13:01 / DPA1*01:04,0.462,,0.462,1397,,1397.0,0.21344400000000002,DRB1,,,,
DRB1*15:03,DPB1*13:01 / DPA1*01:05,0.354,,0.354,2080,,2080.0,0.12531599999999998,DRB1,,,,
DRB1*15:03,DPB1*13:01 / DPA1*02:01,0.329,0.351,0.32,26197,6398.0,19799.0,0.108241,DRB1,,,,
DRB1*15:03,DPB1*13:01 / DPA1*02:02,0.316,,0.316,15432,,15432.0,0.099856,DRB1,,,,
DRB1*15:03,DPB1*13:01 / DPA1*03:01,0.342,,0.342,15432,,15432.0,0.11696400000000001,DRB1,,,,
DRB1*15:03,DPB1*13:01 / DPA1*04:01,0.339,0.306,0.404,8685,6398.0,2287.0,0.11492100000000001,DRB1,,,,
DRB1*15:03,DPB1*14:01 / DPA1*02:01,0.281,0.187,0.277,26197,6398.0,19799.0,0.07896100000000002,DRB1,,,,
DRB1*15:03,DPB1*15:01 / DPA1*02:01,0.362,0.355,0.371,26197,6398.0,19799.0,0.131044,DRB1,,,,
DRB1*15:03,DPB1*17:01 / DPA1*02:01,0.318,0.323,0.304,26197,6398.0,19799.0,0.101124,DRB1,,,,
DRB1*15:03,DPB1*18:01 / DPA1*01:03,0.272,0.272,,6399,6399.0,,0.07398400000000001,DRB1,,,,
DRB1*15:03,DPB1*18:01 / DPA1*01:04,0.374,,0.374,19799,,19799.0,0.139876,DRB1,,,,
DRB1*15:03,DPB1*18:01 / DPA1*01:05,0.374,,0.374,19799,,19799.0,0.139876,DRB1,,,,
DRB1*15:03,DPB1*18:01 / DPA1*02:01,0.34,,0.34,19799,,19799.0,0.11560000000000002,DRB1,,,,
DRB1*15:03,DPB1*19:01 / DPA1*01:03,0.325,,0.325,17512,,17512.0,0.10562500000000001,DRB1,,,,
DRB1*15:03,DPB1*19:01 / DPA1*02:01,0.22,0.158,0.354,8685,6398.0,2287.0,0.0484,DRB1,,,,
DRB1*15:03,DPB1*20:01 / DPA1*01:03,0.494,,0.494,2287,,2287.0,0.244036,DRB1,,,,
DRB1*15:03,DPB1*20:01 / DPA1*03:01,0.312,,0.312,15432,,15432.0,0.097344,DRB1,,,,
DRB1*15:03,DPB1*23:01 / DPA1*01:03,0.359,,0.359,15432,,15432.0,0.128881,DRB1,,,,
DRB1*15:03,DPB1*23:01 / DPA1*02:01,0.37,,0.37,4367,,4367.0,0.1369,DRB1,,,,
DRB1*15:03,DPB1*26:01 / DPA1*03:01,0.071,,0.071,0,,0.0,0.0050409999999999995,DRB1,,,,
DRB1*15:03,DPB1*28:01 / DPA1*01:03,0.356,,0.356,15432,,15432.0,0.126736,DRB1,,,,
DRB1*15:03,DPB1*28:01 / DPA1*01:04,0.444,,0.444,2287,,2287.0,0.197136,DRB1,,,,
DRB1*15:03,DPB1*28:01 / DPA1*01:05,0.366,,0.366,17512,,17512.0,0.133956,DRB1,,,,
DRB1*15:03,DPB1*28:01 / DPA1*02:01,0.364,,0.364,2080,,2080.0,0.132496,DRB1,,,,
DRB1*15:03,DPB1*28:01 / DPA1*02:02,0.345,0.305,0.411,7794,6397.0,1397.0,0.11902499999999998,DRB1,,,,
DRB1*15:03,DPB1*28:01 / DPA1*04:01,0.361,,0.361,15432,,15432.0,0.130321,DRB1,,,,
DRB1*15:03,DPB1*30:01 / DPA1*02:01,0.042,,0.042,0,,0.0,0.0017640000000000002,DRB1,,,,
DRB1*15:03,DPB1*31:01 / DPA1*03:01,0.061,,0.061,0,,0.0,0.003721,DRB1,,,,
DRB1*15:03,DPB1*40:01 / DPA1*01:05,0.081,,0.081,0,,0.0,0.006561,DRB1,,,,
DRB1*15:03,DPB1*85:01 / DPA1*01:03,0.066,,0.066,0,,0.0,0.0043560000000000005,DRB1,,,,
DRB1*15:03,DQB1*02:01 / DQA1*02:01,0.198,0.129,0.241,26196,6397.0,19799.0,0.039204,DRB1,,,,
DRB1*15:03,DQB1*02:01 / DQA1*03:01,0.239,,0.239,19799,,19799.0,0.057121,DRB1,,,,
DRB1*15:03,DQB1*02:01 / DQA1*04:01,0.256,,0.256,19799,,19799.0,0.065536,DRB1,,,,
DRB1*15:03,DQB1*02:01 / DQA1*05:01,0.215,0.32,0.2,26196,6397.0,19799.0,0.046224999999999995,DRB1,,,,
DRB1*15:03,DQB1*02:02 / DQA1*02:01,0.212,0.224,0.228,26196,6397.0,19799.0,0.044944,DRB1,,,,
DRB1*15:03,DQB1*02:02 / DQA1*03:02,0.274,0.274,,6397,6397.0,,0.07507600000000002,DRB1,,,,
DRB1*15:03,DQB1*02:02 / DQA1*05:01,0.292,0.292,,6397,6397.0,,0.08526399999999999,DRB1,,,,
DRB1*15:03,DQB1*03:01 / DQA1*02:01,0.225,,0.225,19799,,19799.0,0.050625,DRB1,,,,
DRB1*15:03,DQB1*03:01 / DQA1*03:01,0.242,0.306,0.228,26195,6396.0,19799.0,0.058564,DRB1,,,,
DRB1*15:03,DQB1*03:01 / DQA1*03:02,0.277,0.277,,6396,6396.0,,0.07672900000000002,DRB1,,,,
DRB1*15:03,DQB1*03:01 / DQA1*05:01,0.271,0.271,,6396,6396.0,,0.073441,DRB1,,,,
DRB1*15:03,DQB1*03:01 / DQA1*05:03,0.191,,0.191,19799,,19799.0,0.036481,DRB1,,,,
DRB1*15:03,DQB1*03:01 / DQA1*06:01,0.207,0.315,0.188,26195,6396.0,19799.0,0.042849,DRB1,,,,
DRB1*15:03,DQB1*03:02 / DQA1*01:01,0.268,,0.268,4367,,4367.0,0.07182400000000001,DRB1,,,,
DRB1*15:03,DQB1*03:02 / DQA1*02:01,0.239,0.247,0.244,26194,6395.0,19799.0,0.057121,DRB1,,,,
DRB1*15:03,DQB1*03:02 / DQA1*03:01,0.225,0.241,0.229,26195,6396.0,19799.0,0.050625,DRB1,,,,
DRB1*15:03,DQB1*03:02 / DQA1*03:02,0.21,0.248,0.192,21654,6396.0,15258.0,0.04409999999999999,DRB1,,,,
DRB1*15:03,DQB1*03:02 / DQA1*03:03,0.209,,0.209,4541,,4541.0,0.043681,DRB1,,,,
DRB1*15:03,DQB1*03:03 / DQA1*02:01,0.222,,0.222,19799,,19799.0,0.049284,DRB1,,,,
DRB1*15:03,DQB1*03:03 / DQA1*03:01,0.239,,0.239,19799,,19799.0,0.057121,DRB1,,,,
DRB1*15:03,DQB1*03:03 / DQA1*03:02,0.226,0.297,0.205,26195,6396.0,19799.0,0.051076,DRB1,,,,
DRB1*15:03,DQB1*03:03 / DQA1*04:01,0.31,0.31,,6396,6396.0,,0.0961,DRB1,,,,
DRB1*15:03,DQB1*03:03 / DQA1*06:01,0.295,0.295,,6396,6396.0,,0.08702499999999999,DRB1,,,,
DRB1*15:03,DQB1*03:19 / DQA1*02:01,0.164,,0.164,0,,0.0,0.026896000000000003,DRB1,,,,
DRB1*15:03,DQB1*03:19 / DQA1*05:05,0.181,,0.181,19799,,19799.0,0.032761,DRB1,,,,
DRB1*15:03,DQB1*04:01 / DQA1*02:01,0.327,0.318,0.346,26195,6396.0,19799.0,0.10692900000000001,DRB1,,,,
DRB1*15:03,DQB1*04:01 / DQA1*03:03,0.331,,0.331,19799,,19799.0,0.109561,DRB1,,,,
DRB1*15:03,DQB1*04:01 / DQA1*04:01,0.379,0.379,,6397,6397.0,,0.143641,DRB1,,,,
DRB1*15:03,DQB1*04:01 / DQA1*05:01,0.355,0.355,,6397,6397.0,,0.126025,DRB1,,,,
DRB1*15:03,DQB1*04:02 / DQA1*02:01,0.338,,0.338,19799,,19799.0,0.11424400000000001,DRB1,,,,
DRB1*15:03,DQB1*04:02 / DQA1*03:01,0.372,0.372,,6397,6397.0,,0.138384,DRB1,,,,
DRB1*15:03,DQB1*04:02 / DQA1*04:01,0.345,0.332,0.336,26196,6397.0,19799.0,0.11902499999999998,DRB1,,,,
DRB1*15:03,DQB1*04:02 / DQA1*06:01,0.366,0.366,,6397,6397.0,,0.133956,DRB1,,,,
DRB1*15:03,DQB1*05:01 / DQA1*01:01,0.382,0.345,0.369,26198,6399.0,19799.0,0.145924,DRB1,,,,
DRB1*15:03,DQB1*05:01 / DQA1*01:02,0.293,0.293,,6399,6399.0,,0.085849,DRB1,,,,
DRB1*15:03,DQB1*05:02 / DQA1*01:02,0.393,0.314,0.386,26198,6399.0,19799.0,0.154449,DRB1,,,,
DRB1*15:03,DQB1*05:03 / DQA1*01:01,0.276,,0.276,0,,0.0,0.07617600000000001,DRB1,,,,
DRB1*15:03,DQB1*05:03 / DQA1*01:04,0.373,0.373,,6399,6399.0,,0.139129,DRB1,,,,
DRB1*15:03,DQB1*06:01 / DQA1*01:03,0.419,0.33,0.45,26197,6398.0,19799.0,0.175561,DRB1,,,,
DRB1*15:03,DQB1*06:01 / DQA1*01:04,0.39,0.389,,6399,6399.0,,0.1521,DRB1,,,,
DRB1*15:03,DQB1*06:01 / DQA1*02:01,0.388,0.387,,6397,6397.0,,0.150544,DRB1,,,,
DRB1*15:03,DQB1*06:02 / DQA1*01:01,0.446,,0.446,19799,,19799.0,0.198916,DRB1,,,,
DRB1*15:03,DQB1*06:02 / DQA1*01:02,0.443,0.356,0.468,26198,6399.0,19799.0,0.196249,DRB1,,,,
DRB1*15:03,DQB1*06:03 / DQA1*01:03,0.387,0.362,0.383,26197,6398.0,19799.0,0.149769,DRB1,,,,
DRB1*15:03,DQB1*06:04 / DQA1*01:02,0.443,0.423,0.422,26198,6399.0,19799.0,0.196249,DRB1,,,,
DRB1*15:03,DQB1*06:09 / DQA1*01:02,0.409,,0.409,19799,,19799.0,0.16728099999999999,DRB1,,,,
DRB1*15:03,DRB1*16:01,0.768,0.625,0.805,26197,6398.0,19799.0,0.589824,DRB1,,,,
DRB1*15:03,DRB1*16:02,0.773,0.609,0.813,26197,6398.0,19799.0,0.597529,DRB1,,,,
DRB1*15:03,DRB3*01:01,0.467,0.497,0.444,26198,6399.0,19799.0,0.21808900000000003,DRB1,,,,
DRB1*15:03,DRB3*02:01,0.23,,0.23,0,,0.0,0.0529,DRB1,,,,
DRB1*15:03,DRB3*02:02,0.442,0.501,0.415,26196,6397.0,19799.0,0.195364,DRB1,,,,
DRB1*15:03,DRB3*03:01,0.426,0.494,0.392,25307,6398.0,18909.0,0.181476,DRB1,,,,
DRB1*15:03,DRB4*01:01,0.329,0.414,0.291,26198,6399.0,19799.0,0.108241,DRB1,,,,
DRB1*15:03,DRB4*01:03,0.286,,0.286,19799,,19799.0,0.08179599999999998,DRB1,,,,
DRB1*15:03,DRB5*01:01,0.691,0.667,0.678,26197,6398.0,19799.0,0.47748099999999993,DRB1,,,,
DRB1*15:03,DRB5*01:02,0.733,,0.733,0,,0.0,0.537289,DRB1,,,,
DRB1*15:03,DRB5*02:02,0.742,0.683,0.742,26198,6399.0,19799.0,0.5505639999999999,DRB1,,,,
DRB1*16:01,DPB1*01:01 / DPA1*01:03,0.284,0.246,0.293,26197,6398.0,19799.0,0.08065599999999999,DRB1,,,,
DRB1*16:01,DPB1*01:01 / DPA1*02:01,0.221,0.179,0.224,27215,6397.0,20818.0,0.048841,DRB1,,,,
DRB1*16:01,DPB1*01:01 / DPA1*02:02,0.22,0.22,,6397,6397.0,,0.0484,DRB1,,,,
DRB1*16:01,DPB1*01:01 / DPA1*03:01,0.242,0.242,,6398,6398.0,,0.058564,DRB1,,,,
DRB1*16:01,DPB1*02:01 / DPA1*01:03,0.349,0.215,0.374,27215,6397.0,20818.0,0.12180099999999998,DRB1,,,,
DRB1*16:01,DPB1*02:02 / DPA1*01:03,0.04,,0.04,0,,0.0,0.0016,DRB1,,,,
DRB1*16:01,DPB1*02:02 / DPA1*02:01,0.288,,0.288,3553,,3553.0,0.08294399999999999,DRB1,,,,
DRB1*16:01,DPB1*03:01 / DPA1*01:03,0.28,0.262,0.286,27216,6398.0,20818.0,0.07840000000000001,DRB1,,,,
DRB1*16:01,DPB1*03:01 / DPA1*01:04,0.32,,0.32,2287,,2287.0,0.1024,DRB1,,,,
DRB1*16:01,DPB1*03:01 / DPA1*01:05,0.318,,0.318,17512,,17512.0,0.101124,DRB1,,,,
DRB1*16:01,DPB1*03:01 / DPA1*02:01,0.334,,0.334,18909,,18909.0,0.11155600000000002,DRB1,,,,
DRB1*16:01,DPB1*04:01 / DPA1*01:03,0.327,0.162,0.359,27216,6398.0,20818.0,0.10692900000000001,DRB1,,,,
DRB1*16:01,DPB1*04:01 / DPA1*02:01,0.221,0.221,,6397,6397.0,,0.048841,DRB1,,,,
DRB1*16:01,DPB1*04:01 / DPA1*02:02,0.243,0.243,,6397,6397.0,,0.059049,DRB1,,,,
DRB1*16:01,DPB1*04:01 / DPA1*03:01,0.164,0.164,,6398,6398.0,,0.026896000000000003,DRB1,,,,
DRB1*16:01,DPB1*04:01 / DPA1*04:01,0.214,0.214,,6398,6398.0,,0.045795999999999996,DRB1,,,,
DRB1*16:01,DPB1*04:02 / DPA1*01:03,0.365,0.253,0.385,27198,6397.0,20801.0,0.13322499999999998,DRB1,,,,
DRB1*16:01,DPB1*04:02 / DPA1*03:01,0.239,0.239,,6397,6397.0,,0.057121,DRB1,,,,
DRB1*16:01,DPB1*05:01 / DPA1*02:01,0.317,0.169,0.347,27215,6397.0,20818.0,0.10048900000000001,DRB1,,,,
DRB1*16:01,DPB1*05:01 / DPA1*02:02,0.256,0.233,0.261,21829,6397.0,15432.0,0.065536,DRB1,,,,
DRB1*16:01,DPB1*05:01 / DPA1*03:01,0.209,0.209,,6398,6398.0,,0.043681,DRB1,,,,
DRB1*16:01,DPB1*06:01 / DPA1*01:03,0.29,0.219,0.309,21830,6398.0,15432.0,0.0841,DRB1,,,,
DRB1*16:01,DPB1*06:01 / DPA1*02:01,0.325,,0.325,18909,,18909.0,0.10562500000000001,DRB1,,,,
DRB1*16:01,DPB1*09:01 / DPA1*02:01,0.281,0.24,0.292,27198,6397.0,20801.0,0.07896100000000002,DRB1,,,,
DRB1*16:01,DPB1*105:01 / DPA1*02:01,0.066,,0.066,0,,0.0,0.0043560000000000005,DRB1,,,,
DRB1*16:01,DPB1*107:01 / DPA1*02:01,0.052,,0.052,0,,0.0,0.002704,DRB1,,,,
DRB1*16:01,DPB1*10:01 / DPA1*02:01,0.304,,0.304,6254,,6254.0,0.092416,DRB1,,,,
DRB1*16:01,DPB1*10:01 / DPA1*02:02,0.316,,0.316,14564,,14564.0,0.099856,DRB1,,,,
DRB1*16:01,DPB1*11:01 / DPA1*01:03,0.321,,0.321,17512,,17512.0,0.10304100000000001,DRB1,,,,
DRB1*16:01,DPB1*11:01 / DPA1*01:04,0.259,,0.259,2265,,2265.0,0.067081,DRB1,,,,
DRB1*16:01,DPB1*11:01 / DPA1*01:05,0.276,,0.276,2080,,2080.0,0.07617600000000001,DRB1,,,,
DRB1*16:01,DPB1*11:01 / DPA1*02:01,0.233,0.116,0.353,9703,6397.0,3306.0,0.054289000000000004,DRB1,,,,
DRB1*16:01,DPB1*11:01 / DPA1*02:02,0.284,,0.284,14564,,14564.0,0.08065599999999999,DRB1,,,,
DRB1*16:01,DPB1*13:01 / DPA1*01:04,0.357,,0.357,1397,,1397.0,0.12744899999999998,DRB1,,,,
DRB1*16:01,DPB1*13:01 / DPA1*01:05,0.334,,0.334,2080,,2080.0,0.11155600000000002,DRB1,,,,
DRB1*16:01,DPB1*13:01 / DPA1*02:01,0.309,0.19,0.331,27030,6397.0,20633.0,0.095481,DRB1,,,,
DRB1*16:01,DPB1*13:01 / DPA1*02:02,0.333,,0.333,15432,,15432.0,0.11088900000000002,DRB1,,,,
DRB1*16:01,DPB1*13:01 / DPA1*03:01,0.346,,0.346,15432,,15432.0,0.11971599999999999,DRB1,,,,
DRB1*16:01,DPB1*13:01 / DPA1*04:01,0.318,0.296,0.338,9703,6397.0,3306.0,0.101124,DRB1,,,,
DRB1*16:01,DPB1*14:01 / DPA1*02:01,0.244,0.18,0.259,27198,6397.0,20801.0,0.059536,DRB1,,,,
DRB1*16:01,DPB1*15:01 / DPA1*02:01,0.363,0.265,0.38,27157,6397.0,20760.0,0.131769,DRB1,,,,
DRB1*16:01,DPB1*17:01 / DPA1*02:01,0.291,0.25,0.306,27215,6397.0,20818.0,0.08468099999999999,DRB1,,,,
DRB1*16:01,DPB1*18:01 / DPA1*01:03,0.212,0.212,,6398,6398.0,,0.044944,DRB1,,,,
DRB1*16:01,DPB1*18:01 / DPA1*01:04,0.372,,0.372,19799,,19799.0,0.138384,DRB1,,,,
DRB1*16:01,DPB1*18:01 / DPA1*01:05,0.365,,0.365,19799,,19799.0,0.13322499999999998,DRB1,,,,
DRB1*16:01,DPB1*18:01 / DPA1*02:01,0.338,,0.338,20760,,20760.0,0.11424400000000001,DRB1,,,,
DRB1*16:01,DPB1*19:01 / DPA1*01:03,0.375,,0.375,17512,,17512.0,0.140625,DRB1,,,,
DRB1*16:01,DPB1*19:01 / DPA1*02:01,0.278,0.118,0.469,9686,6397.0,3289.0,0.07728400000000002,DRB1,,,,
DRB1*16:01,DPB1*20:01 / DPA1*01:03,0.373,,0.373,2287,,2287.0,0.139129,DRB1,,,,
DRB1*16:01,DPB1*20:01 / DPA1*03:01,0.325,,0.325,15432,,15432.0,0.10562500000000001,DRB1,,,,
DRB1*16:01,DPB1*23:01 / DPA1*01:03,0.362,,0.362,15432,,15432.0,0.131044,DRB1,,,,
DRB1*16:01,DPB1*23:01 / DPA1*02:01,0.331,,0.331,5328,,5328.0,0.109561,DRB1,,,,
DRB1*16:01,DPB1*26:01 / DPA1*03:01,0.03,,0.03,0,,0.0,0.0009,DRB1,,,,
DRB1*16:01,DPB1*28:01 / DPA1*01:03,0.377,,0.377,15432,,15432.0,0.142129,DRB1,,,,
DRB1*16:01,DPB1*28:01 / DPA1*01:04,0.379,,0.379,2287,,2287.0,0.143641,DRB1,,,,
DRB1*16:01,DPB1*28:01 / DPA1*01:05,0.394,,0.394,17512,,17512.0,0.155236,DRB1,,,,
DRB1*16:01,DPB1*28:01 / DPA1*02:01,0.382,,0.382,2080,,2080.0,0.145924,DRB1,,,,
DRB1*16:01,DPB1*28:01 / DPA1*02:02,0.289,0.264,0.363,7793,6396.0,1397.0,0.08352099999999998,DRB1,,,,
DRB1*16:01,DPB1*28:01 / DPA1*04:01,0.381,,0.381,15432,,15432.0,0.145161,DRB1,,,,
DRB1*16:01,DPB1*30:01 / DPA1*02:01,0.006,,0.006,0,,0.0,3.6e-05,DRB1,,,,
DRB1*16:01,DPB1*31:01 / DPA1*03:01,0.032,,0.032,0,,0.0,0.001024,DRB1,,,,
DRB1*16:01,DPB1*40:01 / DPA1*01:05,0.058,,0.058,0,,0.0,0.0033640000000000002,DRB1,,,,
DRB1*16:01,DPB1*85:01 / DPA1*01:03,0.028,,0.028,0,,0.0,0.0007840000000000001,DRB1,,,,
DRB1*16:01,DQB1*02:01 / DQA1*02:01,0.198,0.078,0.223,27215,6397.0,20818.0,0.039204,DRB1,,,,
DRB1*16:01,DQB1*02:01 / DQA1*03:01,0.216,,0.216,20801,,20801.0,0.046655999999999996,DRB1,,,,
DRB1*16:01,DQB1*02:01 / DQA1*04:01,0.274,,0.274,20760,,20760.0,0.07507600000000002,DRB1,,,,
DRB1*16:01,DQB1*02:01 / DQA1*05:01,0.193,0.277,0.184,27198,6397.0,20801.0,0.037249000000000004,DRB1,,,,
DRB1*16:01,DQB1*02:02 / DQA1*02:01,0.209,0.176,0.213,27198,6397.0,20801.0,0.043681,DRB1,,,,
DRB1*16:01,DQB1*02:02 / DQA1*03:02,0.233,0.233,,6397,6397.0,,0.054289000000000004,DRB1,,,,
DRB1*16:01,DQB1*02:02 / DQA1*05:01,0.265,0.265,,6397,6397.0,,0.07022500000000001,DRB1,,,,
DRB1*16:01,DQB1*03:01 / DQA1*02:01,0.269,,0.269,19799,,19799.0,0.07236100000000001,DRB1,,,,
DRB1*16:01,DQB1*03:01 / DQA1*03:01,0.267,0.28,0.268,27197,6396.0,20801.0,0.071289,DRB1,,,,
DRB1*16:01,DQB1*03:01 / DQA1*03:02,0.289,0.289,,6396,6396.0,,0.08352099999999998,DRB1,,,,
DRB1*16:01,DQB1*03:01 / DQA1*05:01,0.251,0.251,,6396,6396.0,,0.063001,DRB1,,,,
DRB1*16:01,DQB1*03:01 / DQA1*05:03,0.26,,0.26,20760,,20760.0,0.06760000000000001,DRB1,,,,
DRB1*16:01,DQB1*03:01 / DQA1*06:01,0.236,0.3,0.234,27197,6396.0,20801.0,0.055695999999999996,DRB1,,,,
DRB1*16:01,DQB1*03:02 / DQA1*01:01,0.269,,0.269,5369,,5369.0,0.07236100000000001,DRB1,,,,
DRB1*16:01,DQB1*03:02 / DQA1*02:01,0.236,0.211,0.244,26194,6395.0,19799.0,0.055695999999999996,DRB1,,,,
DRB1*16:01,DQB1*03:02 / DQA1*03:01,0.235,0.212,0.239,27197,6396.0,20801.0,0.055224999999999996,DRB1,,,,
DRB1*16:01,DQB1*03:02 / DQA1*03:02,0.193,0.219,0.19,22488,6396.0,16092.0,0.037249000000000004,DRB1,,,,
DRB1*16:01,DQB1*03:02 / DQA1*03:03,0.195,,0.195,4541,,4541.0,0.038025,DRB1,,,,
DRB1*16:01,DQB1*03:03 / DQA1*02:01,0.235,,0.235,20801,,20801.0,0.055224999999999996,DRB1,,,,
DRB1*16:01,DQB1*03:03 / DQA1*03:01,0.235,,0.235,20801,,20801.0,0.055224999999999996,DRB1,,,,
DRB1*16:01,DQB1*03:03 / DQA1*03:02,0.205,0.269,0.202,27156,6396.0,20760.0,0.04202499999999999,DRB1,,,,
DRB1*16:01,DQB1*03:03 / DQA1*04:01,0.279,0.279,,6396,6396.0,,0.07784100000000002,DRB1,,,,
DRB1*16:01,DQB1*03:03 / DQA1*06:01,0.302,0.302,,6396,6396.0,,0.091204,DRB1,,,,
DRB1*16:01,DQB1*03:04 / DQA1*03:01,0.374,,0.374,127,,127.0,0.139876,DRB1,,,,
DRB1*16:01,DQB1*03:19 / DQA1*02:01,0.199,,0.199,0,,0.0,0.039601000000000004,DRB1,,,,
DRB1*16:01,DQB1*03:19 / DQA1*05:05,0.24,,0.24,20677,,20677.0,0.0576,DRB1,,,,
DRB1*16:01,DQB1*04:01 / DQA1*02:01,0.355,0.249,0.375,27197,6396.0,20801.0,0.126025,DRB1,,,,
DRB1*16:01,DQB1*04:01 / DQA1*03:03,0.33,,0.33,20760,,20760.0,0.10890000000000001,DRB1,,,,
DRB1*16:01,DQB1*04:01 / DQA1*04:01,0.389,0.388,,6397,6397.0,,0.151321,DRB1,,,,
DRB1*16:01,DQB1*04:01 / DQA1*05:01,0.371,0.371,,6397,6397.0,,0.13764099999999999,DRB1,,,,
DRB1*16:01,DQB1*04:02 / DQA1*02:01,0.355,,0.355,20801,,20801.0,0.126025,DRB1,,,,
DRB1*16:01,DQB1*04:02 / DQA1*03:01,0.353,0.353,,6397,6397.0,,0.12460899999999998,DRB1,,,,
DRB1*16:01,DQB1*04:02 / DQA1*04:01,0.348,0.337,0.358,27215,6397.0,20818.0,0.12110399999999999,DRB1,,,,
DRB1*16:01,DQB1*04:02 / DQA1*06:01,0.373,0.373,,6397,6397.0,,0.139129,DRB1,,,,
DRB1*16:01,DQB1*05:01 / DQA1*01:01,0.32,0.333,0.343,27199,6398.0,20801.0,0.1024,DRB1,,,,
DRB1*16:01,DQB1*05:01 / DQA1*01:02,0.306,0.306,,6398,6398.0,,0.093636,DRB1,,,,
DRB1*16:01,DQB1*05:02 / DQA1*01:02,0.341,0.275,0.366,27216,6398.0,20818.0,0.11628100000000002,DRB1,,,,
DRB1*16:01,DQB1*05:03 / DQA1*01:01,0.241,,0.241,0,,0.0,0.058080999999999994,DRB1,,,,
DRB1*16:01,DQB1*05:03 / DQA1*01:04,0.298,0.298,,6398,6398.0,,0.088804,DRB1,,,,
DRB1*16:01,DQB1*06:01 / DQA1*01:03,0.417,0.302,0.444,27198,6397.0,20801.0,0.173889,DRB1,,,,
DRB1*16:01,DQB1*06:01 / DQA1*01:04,0.355,0.354,,6398,6398.0,,0.126025,DRB1,,,,
DRB1*16:01,DQB1*06:01 / DQA1*02:01,0.348,0.347,,6397,6397.0,,0.12110399999999999,DRB1,,,,
DRB1*16:01,DQB1*06:02 / DQA1*01:01,0.457,,0.457,20760,,20760.0,0.208849,DRB1,,,,
DRB1*16:01,DQB1*06:02 / DQA1*01:02,0.437,0.339,0.457,27216,6398.0,20818.0,0.190969,DRB1,,,,
DRB1*16:01,DQB1*06:03 / DQA1*01:03,0.373,0.392,0.378,27157,6397.0,20760.0,0.139129,DRB1,,,,
DRB1*16:01,DQB1*06:04 / DQA1*01:02,0.394,0.372,0.423,27158,6398.0,20760.0,0.155236,DRB1,,,,
DRB1*16:01,DQB1*06:09 / DQA1*01:02,0.4,,0.4,20760,,20760.0,0.16000000000000003,DRB1,,,,
DRB1*16:01,DRB1*16:02,0.896,0.705,0.928,27158,6398.0,20760.0,0.8028160000000001,DRB1,,,,
DRB1*16:01,DRB3*01:01,0.413,0.368,0.45,27199,6398.0,20801.0,0.17056899999999997,DRB1,,,,
DRB1*16:01,DRB3*02:01,0.267,,0.267,17,,17.0,0.071289,DRB1,,,,
DRB1*16:01,DRB3*02:02,0.449,0.396,0.477,27197,6396.0,20801.0,0.201601,DRB1,,,,
DRB1*16:01,DRB3*03:01,0.392,0.4,0.419,25306,6397.0,18909.0,0.15366400000000002,DRB1,,,,
DRB1*16:01,DRB4*01:01,0.263,0.295,0.275,27199,6398.0,20801.0,0.06916900000000001,DRB1,,,,
DRB1*16:01,DRB4*01:03,0.263,,0.263,20818,,20818.0,0.06916900000000001,DRB1,,,,
DRB1*16:01,DRB5*01:01,0.667,0.603,0.701,27216,6398.0,20818.0,0.44488900000000003,DRB1,,,,
DRB1*16:01,DRB5*01:02,0.761,,0.761,0,,0.0,0.579121,DRB1,,,,
DRB1*16:01,DRB5*02:02,0.602,0.56,0.656,27199,6398.0,20801.0,0.36240399999999995,DRB1,,,,
DRB1*16:02,DPB1*01:01 / DPA1*01:03,0.283,0.203,0.3,26197,6398.0,19799.0,0.08008899999999998,DRB1,,,,
DRB1*16:02,DPB1*01:01 / DPA1*02:01,0.21,0.171,0.217,27157,6397.0,20760.0,0.04409999999999999,DRB1,,,,
DRB1*16:02,DPB1*01:01 / DPA1*02:02,0.167,0.167,,6397,6397.0,,0.027889000000000004,DRB1,,,,
DRB1*16:02,DPB1*01:01 / DPA1*03:01,0.208,0.208,,6398,6398.0,,0.043264,DRB1,,,,
DRB1*16:02,DPB1*02:01 / DPA1*01:03,0.347,0.211,0.374,27157,6397.0,20760.0,0.12040899999999999,DRB1,,,,
DRB1*16:02,DPB1*02:02 / DPA1*01:03,0.04,,0.04,0,,0.0,0.0016,DRB1,,,,
DRB1*16:02,DPB1*02:02 / DPA1*02:01,0.328,,0.328,3553,,3553.0,0.10758400000000001,DRB1,,,,
DRB1*16:02,DPB1*03:01 / DPA1*01:03,0.28,0.22,0.291,27158,6398.0,20760.0,0.07840000000000001,DRB1,,,,
DRB1*16:02,DPB1*03:01 / DPA1*01:04,0.321,,0.321,2287,,2287.0,0.10304100000000001,DRB1,,,,
DRB1*16:02,DPB1*03:01 / DPA1*01:05,0.328,,0.328,17512,,17512.0,0.10758400000000001,DRB1,,,,
DRB1*16:02,DPB1*03:01 / DPA1*02:01,0.33,,0.33,18909,,18909.0,0.10890000000000001,DRB1,,,,
DRB1*16:02,DPB1*04:01 / DPA1*01:03,0.304,0.12,0.342,27158,6398.0,20760.0,0.092416,DRB1,,,,
DRB1*16:02,DPB1*04:01 / DPA1*02:01,0.223,0.223,,6397,6397.0,,0.049729,DRB1,,,,
DRB1*16:02,DPB1*04:01 / DPA1*02:02,0.216,0.216,,6397,6397.0,,0.046655999999999996,DRB1,,,,
DRB1*16:02,DPB1*04:01 / DPA1*03:01,0.168,0.168,,6398,6398.0,,0.028224000000000003,DRB1,,,,
DRB1*16:02,DPB1*04:01 / DPA1*04:01,0.226,0.226,,6398,6398.0,,0.051076,DRB1,,,,
DRB1*16:02,DPB1*04:02 / DPA1*01:03,0.328,0.192,0.355,27157,6397.0,20760.0,0.10758400000000001,DRB1,,,,
DRB1*16:02,DPB1*04:02 / DPA1*03:01,0.238,0.238,,6397,6397.0,,0.05664399999999999,DRB1,,,,
DRB1*16:02,DPB1*05:01 / DPA1*02:01,0.308,0.124,0.351,27157,6397.0,20760.0,0.094864,DRB1,,,,
DRB1*16:02,DPB1*05:01 / DPA1*02:02,0.235,0.166,0.257,21829,6397.0,15432.0,0.055224999999999996,DRB1,,,,
DRB1*16:02,DPB1*05:01 / DPA1*03:01,0.222,0.222,,6398,6398.0,,0.049284,DRB1,,,,
DRB1*16:02,DPB1*06:01 / DPA1*01:03,0.3,0.209,0.323,21830,6398.0,15432.0,0.09,DRB1,,,,
DRB1*16:02,DPB1*06:01 / DPA1*02:01,0.333,,0.333,18909,,18909.0,0.11088900000000002,DRB1,,,,
DRB1*16:02,DPB1*09:01 / DPA1*02:01,0.272,0.217,0.286,27157,6397.0,20760.0,0.07398400000000001,DRB1,,,,
DRB1*16:02,DPB1*105:01 / DPA1*02:01,0.066,,0.066,0,,0.0,0.0043560000000000005,DRB1,,,,
DRB1*16:02,DPB1*107:01 / DPA1*02:01,0.054,,0.054,0,,0.0,0.0029159999999999998,DRB1,,,,
DRB1*16:02,DPB1*10:01 / DPA1*02:01,0.321,,0.321,6196,,6196.0,0.10304100000000001,DRB1,,,,
DRB1*16:02,DPB1*10:01 / DPA1*02:02,0.318,,0.318,14564,,14564.0,0.101124,DRB1,,,,
DRB1*16:02,DPB1*11:01 / DPA1*01:03,0.323,,0.323,17512,,17512.0,0.104329,DRB1,,,,
DRB1*16:02,DPB1*11:01 / DPA1*01:04,0.274,,0.274,2265,,2265.0,0.07507600000000002,DRB1,,,,
DRB1*16:02,DPB1*11:01 / DPA1*01:05,0.282,,0.282,2080,,2080.0,0.07952399999999998,DRB1,,,,
DRB1*16:02,DPB1*11:01 / DPA1*02:01,0.249,0.142,0.388,9645,6397.0,3248.0,0.062001,DRB1,,,,
DRB1*16:02,DPB1*11:01 / DPA1*02:02,0.291,,0.291,14564,,14564.0,0.08468099999999999,DRB1,,,,
DRB1*16:02,DPB1*13:01 / DPA1*01:04,0.369,,0.369,1397,,1397.0,0.136161,DRB1,,,,
DRB1*16:02,DPB1*13:01 / DPA1*01:05,0.332,,0.332,2080,,2080.0,0.11022400000000002,DRB1,,,,
DRB1*16:02,DPB1*13:01 / DPA1*02:01,0.303,0.191,0.325,27030,6397.0,20633.0,0.091809,DRB1,,,,
DRB1*16:02,DPB1*13:01 / DPA1*02:02,0.326,,0.326,15432,,15432.0,0.10627600000000001,DRB1,,,,
DRB1*16:02,DPB1*13:01 / DPA1*03:01,0.346,,0.346,15432,,15432.0,0.11971599999999999,DRB1,,,,
DRB1*16:02,DPB1*13:01 / DPA1*04:01,0.273,0.196,0.378,9645,6397.0,3248.0,0.07452900000000001,DRB1,,,,
DRB1*16:02,DPB1*14:01 / DPA1*02:01,0.248,0.127,0.269,27157,6397.0,20760.0,0.061503999999999996,DRB1,,,,
DRB1*16:02,DPB1*15:01 / DPA1*02:01,0.349,0.239,0.371,27157,6397.0,20760.0,0.12180099999999998,DRB1,,,,
DRB1*16:02,DPB1*17:01 / DPA1*02:01,0.297,0.215,0.316,27157,6397.0,20760.0,0.088209,DRB1,,,,
DRB1*16:02,DPB1*18:01 / DPA1*01:03,0.198,0.198,,6398,6398.0,,0.039204,DRB1,,,,
DRB1*16:02,DPB1*18:01 / DPA1*01:04,0.366,,0.366,19799,,19799.0,0.133956,DRB1,,,,
DRB1*16:02,DPB1*18:01 / DPA1*01:05,0.368,,0.368,19799,,19799.0,0.135424,DRB1,,,,
DRB1*16:02,DPB1*18:01 / DPA1*02:01,0.344,,0.344,20760,,20760.0,0.11833599999999998,DRB1,,,,
DRB1*16:02,DPB1*19:01 / DPA1*01:03,0.356,,0.356,17512,,17512.0,0.126736,DRB1,,,,
DRB1*16:02,DPB1*19:01 / DPA1*02:01,0.3,0.176,0.477,9645,6397.0,3248.0,0.09,DRB1,,,,
DRB1*16:02,DPB1*20:01 / DPA1*01:03,0.35,,0.35,2287,,2287.0,0.12249999999999998,DRB1,,,,
DRB1*16:02,DPB1*20:01 / DPA1*03:01,0.333,,0.333,15432,,15432.0,0.11088900000000002,DRB1,,,,
DRB1*16:02,DPB1*23:01 / DPA1*01:03,0.342,,0.342,15432,,15432.0,0.11696400000000001,DRB1,,,,
DRB1*16:02,DPB1*23:01 / DPA1*02:01,0.341,,0.341,5328,,5328.0,0.11628100000000002,DRB1,,,,
DRB1*16:02,DPB1*26:01 / DPA1*03:01,0.033,,0.033,0,,0.0,0.0010890000000000001,DRB1,,,,
DRB1*16:02,DPB1*28:01 / DPA1*01:03,0.362,,0.362,15432,,15432.0,0.131044,DRB1,,,,
DRB1*16:02,DPB1*28:01 / DPA1*01:04,0.354,,0.354,2287,,2287.0,0.12531599999999998,DRB1,,,,
DRB1*16:02,DPB1*28:01 / DPA1*01:05,0.373,,0.373,17512,,17512.0,0.139129,DRB1,,,,
DRB1*16:02,DPB1*28:01 / DPA1*02:01,0.366,,0.366,2080,,2080.0,0.133956,DRB1,,,,
DRB1*16:02,DPB1*28:01 / DPA1*02:02,0.251,0.228,0.34,7793,6396.0,1397.0,0.063001,DRB1,,,,
DRB1*16:02,DPB1*28:01 / DPA1*04:01,0.37,,0.37,15432,,15432.0,0.1369,DRB1,,,,
DRB1*16:02,DPB1*30:01 / DPA1*02:01,0.013,,0.013,0,,0.0,0.000169,DRB1,,,,
DRB1*16:02,DPB1*31:01 / DPA1*03:01,0.033,,0.033,0,,0.0,0.0010890000000000001,DRB1,,,,
DRB1*16:02,DPB1*40:01 / DPA1*01:05,0.054,,0.054,0,,0.0,0.0029159999999999998,DRB1,,,,
DRB1*16:02,DPB1*85:01 / DPA1*01:03,0.028,,0.028,0,,0.0,0.0007840000000000001,DRB1,,,,
DRB1*16:02,DQB1*02:01 / DQA1*02:01,0.206,0.083,0.237,27157,6397.0,20760.0,0.042435999999999995,DRB1,,,,
DRB1*16:02,DQB1*02:01 / DQA1*03:01,0.233,,0.233,20760,,20760.0,0.054289000000000004,DRB1,,,,
DRB1*16:02,DQB1*02:01 / DQA1*04:01,0.274,,0.274,20760,,20760.0,0.07507600000000002,DRB1,,,,
DRB1*16:02,DQB1*02:01 / DQA1*05:01,0.205,0.248,0.2,27157,6397.0,20760.0,0.04202499999999999,DRB1,,,,
DRB1*16:02,DQB1*02:02 / DQA1*02:01,0.204,0.163,0.214,27157,6397.0,20760.0,0.04161599999999999,DRB1,,,,
DRB1*16:02,DQB1*02:02 / DQA1*03:02,0.198,0.198,,6397,6397.0,,0.039204,DRB1,,,,
DRB1*16:02,DQB1*02:02 / DQA1*05:01,0.222,0.222,,6397,6397.0,,0.049284,DRB1,,,,
DRB1*16:02,DQB1*03:01 / DQA1*02:01,0.267,,0.267,19799,,19799.0,0.071289,DRB1,,,,
DRB1*16:02,DQB1*03:01 / DQA1*03:01,0.268,0.27,0.27,27156,6396.0,20760.0,0.07182400000000001,DRB1,,,,
DRB1*16:02,DQB1*03:01 / DQA1*03:02,0.252,0.252,,6396,6396.0,,0.063504,DRB1,,,,
DRB1*16:02,DQB1*03:01 / DQA1*05:01,0.24,0.24,,6396,6396.0,,0.0576,DRB1,,,,
DRB1*16:02,DQB1*03:01 / DQA1*05:03,0.258,,0.258,20760,,20760.0,0.066564,DRB1,,,,
DRB1*16:02,DQB1*03:01 / DQA1*06:01,0.231,0.265,0.234,27156,6396.0,20760.0,0.053361000000000006,DRB1,,,,
DRB1*16:02,DQB1*03:02 / DQA1*01:01,0.274,,0.274,5328,,5328.0,0.07507600000000002,DRB1,,,,
DRB1*16:02,DQB1*03:02 / DQA1*02:01,0.24,0.199,0.251,26194,6395.0,19799.0,0.0576,DRB1,,,,
DRB1*16:02,DQB1*03:02 / DQA1*03:01,0.241,0.215,0.247,27156,6396.0,20760.0,0.058080999999999994,DRB1,,,,
DRB1*16:02,DQB1*03:02 / DQA1*03:02,0.205,0.223,0.201,22488,6396.0,16092.0,0.04202499999999999,DRB1,,,,
DRB1*16:02,DQB1*03:02 / DQA1*03:03,0.196,,0.196,4541,,4541.0,0.038416000000000006,DRB1,,,,
DRB1*16:02,DQB1*03:03 / DQA1*02:01,0.237,,0.237,20760,,20760.0,0.056169,DRB1,,,,
DRB1*16:02,DQB1*03:03 / DQA1*03:01,0.247,,0.247,20760,,20760.0,0.061009,DRB1,,,,
DRB1*16:02,DQB1*03:03 / DQA1*03:02,0.211,0.245,0.209,27156,6396.0,20760.0,0.044521,DRB1,,,,
DRB1*16:02,DQB1*03:03 / DQA1*04:01,0.261,0.261,,6396,6396.0,,0.068121,DRB1,,,,
DRB1*16:02,DQB1*03:03 / DQA1*06:01,0.259,0.259,,6396,6396.0,,0.067081,DRB1,,,,
DRB1*16:02,DQB1*03:04 / DQA1*03:01,0.395,,0.395,127,,127.0,0.15602500000000002,DRB1,,,,
DRB1*16:02,DQB1*03:19 / DQA1*02:01,0.197,,0.197,0,,0.0,0.038809,DRB1,,,,
DRB1*16:02,DQB1*03:19 / DQA1*05:05,0.242,,0.242,20677,,20677.0,0.058564,DRB1,,,,
DRB1*16:02,DQB1*04:01 / DQA1*02:01,0.353,0.242,0.377,27156,6396.0,20760.0,0.12460899999999998,DRB1,,,,
DRB1*16:02,DQB1*04:01 / DQA1*03:03,0.339,,0.339,20760,,20760.0,0.11492100000000001,DRB1,,,,
DRB1*16:02,DQB1*04:01 / DQA1*04:01,0.321,0.32,,6397,6397.0,,0.10304100000000001,DRB1,,,,
DRB1*16:02,DQB1*04:01 / DQA1*05:01,0.313,0.313,,6397,6397.0,,0.097969,DRB1,,,,
DRB1*16:02,DQB1*04:02 / DQA1*02:01,0.36,,0.36,20760,,20760.0,0.1296,DRB1,,,,
DRB1*16:02,DQB1*04:02 / DQA1*03:01,0.298,0.298,,6397,6397.0,,0.088804,DRB1,,,,
DRB1*16:02,DQB1*04:02 / DQA1*04:01,0.357,0.285,0.374,27157,6397.0,20760.0,0.12744899999999998,DRB1,,,,
DRB1*16:02,DQB1*04:02 / DQA1*06:01,0.326,0.326,,6397,6397.0,,0.10627600000000001,DRB1,,,,
DRB1*16:02,DQB1*05:01 / DQA1*01:01,0.322,0.259,0.347,27158,6398.0,20760.0,0.10368400000000001,DRB1,,,,
DRB1*16:02,DQB1*05:01 / DQA1*01:02,0.247,0.247,,6398,6398.0,,0.061009,DRB1,,,,
DRB1*16:02,DQB1*05:02 / DQA1*01:02,0.355,0.235,0.384,27158,6398.0,20760.0,0.126025,DRB1,,,,
DRB1*16:02,DQB1*05:03 / DQA1*01:01,0.241,,0.241,0,,0.0,0.058080999999999994,DRB1,,,,
DRB1*16:02,DQB1*05:03 / DQA1*01:04,0.305,0.305,,6398,6398.0,,0.093025,DRB1,,,,
DRB1*16:02,DQB1*06:01 / DQA1*01:03,0.419,0.299,0.447,27157,6397.0,20760.0,0.175561,DRB1,,,,
DRB1*16:02,DQB1*06:01 / DQA1*01:04,0.327,0.326,,6398,6398.0,,0.10692900000000001,DRB1,,,,
DRB1*16:02,DQB1*06:01 / DQA1*02:01,0.308,0.307,,6397,6397.0,,0.094864,DRB1,,,,
DRB1*16:02,DQB1*06:02 / DQA1*01:01,0.44,,0.44,20760,,20760.0,0.1936,DRB1,,,,
DRB1*16:02,DQB1*06:02 / DQA1*01:02,0.425,0.269,0.456,27158,6398.0,20760.0,0.18062499999999998,DRB1,,,,
DRB1*16:02,DQB1*06:03 / DQA1*01:03,0.374,0.296,0.39,27157,6397.0,20760.0,0.139876,DRB1,,,,
DRB1*16:02,DQB1*06:04 / DQA1*01:02,0.396,0.309,0.424,27158,6398.0,20760.0,0.156816,DRB1,,,,
DRB1*16:02,DQB1*06:09 / DQA1*01:02,0.396,,0.396,20760,,20760.0,0.156816,DRB1,,,,
DRB1*16:02,DRB3*01:01,0.424,0.363,0.457,27158,6398.0,20760.0,0.179776,DRB1,,,,
DRB1*16:02,DRB3*02:01,0.275,,0.275,0,,0.0,0.07562500000000001,DRB1,,,,
DRB1*16:02,DRB3*02:02,0.426,0.373,0.452,27156,6396.0,20760.0,0.181476,DRB1,,,,
DRB1*16:02,DRB3*03:01,0.394,0.357,0.419,25306,6397.0,18909.0,0.155236,DRB1,,,,
DRB1*16:02,DRB4*01:01,0.259,0.251,0.271,27158,6398.0,20760.0,0.067081,DRB1,,,,
DRB1*16:02,DRB4*01:03,0.261,,0.261,20760,,20760.0,0.068121,DRB1,,,,
DRB1*16:02,DRB5*01:01,0.658,0.55,0.694,27158,6398.0,20760.0,0.432964,DRB1,,,,
DRB1*16:02,DRB5*01:02,0.758,,0.758,0,,0.0,0.574564,DRB1,,,,
DRB1*16:02,DRB5*02:02,0.598,0.501,0.651,27158,6398.0,20760.0,0.357604,DRB1,,,,
DRB3*01:01,DPB1*01:01 / DPA1*01:03,0.309,0.372,0.308,26198,6399.0,19799.0,0.095481,DRB3,,,,
DRB3*01:01,DPB1*01:01 / DPA1*02:01,0.243,0.41,0.263,27199,6398.0,20801.0,0.059049,DRB3,,,,
DRB3*01:01,DPB1*01:01 / DPA1*02:02,0.387,0.387,,6398,6398.0,,0.149769,DRB3,,,,
DRB3*01:01,DPB1*01:01 / DPA1*03:01,0.389,0.389,,6399,6399.0,,0.151321,DRB3,,,,
DRB3*01:01,DPB1*02:01 / DPA1*01:03,0.343,0.321,0.363,27199,6398.0,20801.0,0.11764900000000002,DRB3,,,,
DRB3*01:01,DPB1*02:02 / DPA1*01:03,0.093,,0.093,0,,0.0,0.008649,DRB3,,,,
DRB3*01:01,DPB1*02:02 / DPA1*02:01,0.487,,0.487,3553,,3553.0,0.237169,DRB3,,,,
DRB3*01:01,DPB1*03:01 / DPA1*01:03,0.33,0.353,0.315,27200,6399.0,20801.0,0.10890000000000001,DRB3,,,,
DRB3*01:01,DPB1*03:01 / DPA1*01:04,0.375,,0.375,2287,,2287.0,0.140625,DRB3,,,,
DRB3*01:01,DPB1*03:01 / DPA1*01:05,0.334,,0.334,17512,,17512.0,0.11155600000000002,DRB3,,,,
DRB3*01:01,DPB1*03:01 / DPA1*02:01,0.354,,0.354,18909,,18909.0,0.12531599999999998,DRB3,,,,
DRB3*01:01,DPB1*04:01 / DPA1*01:03,0.337,0.266,0.355,27200,6399.0,20801.0,0.11356900000000002,DRB3,,,,
DRB3*01:01,DPB1*04:01 / DPA1*02:01,0.393,0.393,,6398,6398.0,,0.154449,DRB3,,,,
DRB3*01:01,DPB1*04:01 / DPA1*02:02,0.418,0.418,,6398,6398.0,,0.174724,DRB3,,,,
DRB3*01:01,DPB1*04:01 / DPA1*03:01,0.338,0.338,,6399,6399.0,,0.11424400000000001,DRB3,,,,
DRB3*01:01,DPB1*04:01 / DPA1*04:01,0.402,0.402,,6399,6399.0,,0.16160400000000003,DRB3,,,,
DRB3*01:01,DPB1*04:02 / DPA1*01:03,0.328,0.29,0.345,27199,6398.0,20801.0,0.10758400000000001,DRB3,,,,
DRB3*01:01,DPB1*04:02 / DPA1*03:01,0.395,0.395,,6398,6398.0,,0.15602500000000002,DRB3,,,,
DRB3*01:01,DPB1*05:01 / DPA1*02:01,0.313,0.252,0.395,27199,6398.0,20801.0,0.097969,DRB3,,,,
DRB3*01:01,DPB1*05:01 / DPA1*02:02,0.223,0.301,0.276,21830,6398.0,15432.0,0.049729,DRB3,,,,
DRB3*01:01,DPB1*05:01 / DPA1*03:01,0.395,0.395,,6399,6399.0,,0.15602500000000002,DRB3,,,,
DRB3*01:01,DPB1*06:01 / DPA1*01:03,0.3,0.302,0.313,21831,6399.0,15432.0,0.09,DRB3,,,,
DRB3*01:01,DPB1*06:01 / DPA1*02:01,0.356,,0.356,18909,,18909.0,0.126736,DRB3,,,,
DRB3*01:01,DPB1*09:01 / DPA1*02:01,0.331,0.386,0.31,27199,6398.0,20801.0,0.109561,DRB3,,,,
DRB3*01:01,DPB1*105:01 / DPA1*02:01,0.029,,0.029,0,,0.0,0.0008410000000000001,DRB3,,,,
DRB3*01:01,DPB1*107:01 / DPA1*02:01,0.122,,0.122,0,,0.0,0.014884,DRB3,,,,
DRB3*01:01,DPB1*10:01 / DPA1*02:01,0.401,,0.401,6237,,6237.0,0.16080100000000003,DRB3,,,,
DRB3*01:01,DPB1*10:01 / DPA1*02:02,0.336,,0.336,14564,,14564.0,0.11289600000000001,DRB3,,,,
DRB3*01:01,DPB1*11:01 / DPA1*01:03,0.333,,0.333,17512,,17512.0,0.11088900000000002,DRB3,,,,
DRB3*01:01,DPB1*11:01 / DPA1*01:04,0.306,,0.306,2265,,2265.0,0.093636,DRB3,,,,
DRB3*01:01,DPB1*11:01 / DPA1*01:05,0.353,,0.353,2080,,2080.0,0.12460899999999998,DRB3,,,,
DRB3*01:01,DPB1*11:01 / DPA1*02:01,0.337,0.32,0.44,9687,6398.0,3289.0,0.11356900000000002,DRB3,,,,
DRB3*01:01,DPB1*11:01 / DPA1*02:02,0.311,,0.311,14564,,14564.0,0.096721,DRB3,,,,
DRB3*01:01,DPB1*13:01 / DPA1*01:04,0.422,,0.422,1397,,1397.0,0.178084,DRB3,,,,
DRB3*01:01,DPB1*13:01 / DPA1*01:05,0.424,,0.424,2080,,2080.0,0.179776,DRB3,,,,
DRB3*01:01,DPB1*13:01 / DPA1*02:01,0.382,0.4,0.39,27031,6398.0,20633.0,0.145924,DRB3,,,,
DRB3*01:01,DPB1*13:01 / DPA1*02:02,0.34,,0.34,15432,,15432.0,0.11560000000000002,DRB3,,,,
DRB3*01:01,DPB1*13:01 / DPA1*03:01,0.366,,0.366,15432,,15432.0,0.133956,DRB3,,,,
DRB3*01:01,DPB1*13:01 / DPA1*04:01,0.373,0.352,0.474,9687,6398.0,3289.0,0.139129,DRB3,,,,
DRB3*01:01,DPB1*14:01 / DPA1*02:01,0.32,0.263,0.3,27199,6398.0,20801.0,0.1024,DRB3,,,,
DRB3*01:01,DPB1*15:01 / DPA1*02:01,0.389,0.429,0.42,27158,6398.0,20760.0,0.151321,DRB3,,,,
DRB3*01:01,DPB1*17:01 / DPA1*02:01,0.361,0.378,0.337,27199,6398.0,20801.0,0.130321,DRB3,,,,
DRB3*01:01,DPB1*18:01 / DPA1*01:03,0.31,0.31,,6399,6399.0,,0.0961,DRB3,,,,
DRB3*01:01,DPB1*18:01 / DPA1*01:04,0.338,,0.338,19799,,19799.0,0.11424400000000001,DRB3,,,,
DRB3*01:01,DPB1*18:01 / DPA1*01:05,0.331,,0.331,19799,,19799.0,0.109561,DRB3,,,,
DRB3*01:01,DPB1*18:01 / DPA1*02:01,0.343,,0.343,20760,,20760.0,0.11764900000000002,DRB3,,,,
DRB3*01:01,DPB1*19:01 / DPA1*01:03,0.335,,0.335,17512,,17512.0,0.11222500000000002,DRB3,,,,
DRB3*01:01,DPB1*19:01 / DPA1*02:01,0.263,0.25,0.428,9687,6398.0,3289.0,0.06916900000000001,DRB3,,,,
DRB3*01:01,DPB1*20:01 / DPA1*01:03,0.451,,0.451,2287,,2287.0,0.203401,DRB3,,,,
DRB3*01:01,DPB1*20:01 / DPA1*03:01,0.337,,0.337,15432,,15432.0,0.11356900000000002,DRB3,,,,
DRB3*01:01,DPB1*23:01 / DPA1*01:03,0.345,,0.345,15432,,15432.0,0.11902499999999998,DRB3,,,,
DRB3*01:01,DPB1*23:01 / DPA1*02:01,0.486,,0.486,5328,,5328.0,0.236196,DRB3,,,,
DRB3*01:01,DPB1*26:01 / DPA1*03:01,0.091,,0.091,0,,0.0,0.008281,DRB3,,,,
DRB3*01:01,DPB1*28:01 / DPA1*01:03,0.338,,0.338,15432,,15432.0,0.11424400000000001,DRB3,,,,
DRB3*01:01,DPB1*28:01 / DPA1*01:04,0.382,,0.382,2287,,2287.0,0.145924,DRB3,,,,
DRB3*01:01,DPB1*28:01 / DPA1*01:05,0.355,,0.355,17512,,17512.0,0.126025,DRB3,,,,
DRB3*01:01,DPB1*28:01 / DPA1*02:01,0.418,,0.418,2080,,2080.0,0.174724,DRB3,,,,
DRB3*01:01,DPB1*28:01 / DPA1*02:02,0.361,0.336,0.419,7794,6397.0,1397.0,0.130321,DRB3,,,,
DRB3*01:01,DPB1*28:01 / DPA1*04:01,0.358,,0.358,15432,,15432.0,0.128164,DRB3,,,,
DRB3*01:01,DPB1*30:01 / DPA1*02:01,0.067,,0.067,0,,0.0,0.004489000000000001,DRB3,,,,
DRB3*01:01,DPB1*31:01 / DPA1*03:01,0.101,,0.101,0,,0.0,0.010201000000000002,DRB3,,,,
DRB3*01:01,DPB1*40:01 / DPA1*01:05,0.098,,0.098,0,,0.0,0.009604000000000001,DRB3,,,,
DRB3*01:01,DPB1*85:01 / DPA1*01:03,0.093,,0.093,0,,0.0,0.008649,DRB3,,,,
DRB3*01:01,DQB1*02:01 / DQA1*02:01,0.284,0.261,0.348,27198,6397.0,20801.0,0.08065599999999999,DRB3,,,,
DRB3*01:01,DQB1*02:01 / DQA1*03:01,0.328,,0.328,20801,,20801.0,0.10758400000000001,DRB3,,,,
DRB3*01:01,DQB1*02:01 / DQA1*04:01,0.408,,0.408,20760,,20760.0,0.16646399999999997,DRB3,,,,
DRB3*01:01,DQB1*02:01 / DQA1*05:01,0.377,0.456,0.37,27198,6397.0,20801.0,0.142129,DRB3,,,,
DRB3*01:01,DQB1*02:02 / DQA1*02:01,0.304,0.338,0.346,27198,6397.0,20801.0,0.092416,DRB3,,,,
DRB3*01:01,DQB1*02:02 / DQA1*03:02,0.364,0.364,,6397,6397.0,,0.132496,DRB3,,,,
DRB3*01:01,DQB1*02:02 / DQA1*05:01,0.434,0.434,,6397,6397.0,,0.188356,DRB3,,,,
DRB3*01:01,DQB1*03:01 / DQA1*02:01,0.233,,0.233,19799,,19799.0,0.054289000000000004,DRB3,,,,
DRB3*01:01,DQB1*03:01 / DQA1*03:01,0.269,0.348,0.258,27197,6396.0,20801.0,0.07236100000000001,DRB3,,,,
DRB3*01:01,DQB1*03:01 / DQA1*03:02,0.299,0.299,,6396,6396.0,,0.089401,DRB3,,,,
DRB3*01:01,DQB1*03:01 / DQA1*05:01,0.339,0.339,,6396,6396.0,,0.11492100000000001,DRB3,,,,
DRB3*01:01,DQB1*03:01 / DQA1*05:03,0.234,,0.234,20760,,20760.0,0.054756000000000006,DRB3,,,,
DRB3*01:01,DQB1*03:01 / DQA1*06:01,0.258,0.379,0.229,27197,6396.0,20801.0,0.066564,DRB3,,,,
DRB3*01:01,DQB1*03:02 / DQA1*01:01,0.312,,0.312,5369,,5369.0,0.097344,DRB3,,,,
DRB3*01:01,DQB1*03:02 / DQA1*02:01,0.204,0.239,0.215,26194,6395.0,19799.0,0.04161599999999999,DRB3,,,,
DRB3*01:01,DQB1*03:02 / DQA1*03:01,0.193,0.226,0.202,27197,6396.0,20801.0,0.037249000000000004,DRB3,,,,
DRB3*01:01,DQB1*03:02 / DQA1*03:02,0.185,0.253,0.148,22488,6396.0,16092.0,0.034225,DRB3,,,,
DRB3*01:01,DQB1*03:02 / DQA1*03:03,0.134,,0.134,4541,,4541.0,0.017956000000000003,DRB3,,,,
DRB3*01:01,DQB1*03:03 / DQA1*02:01,0.199,,0.199,20801,,20801.0,0.039601000000000004,DRB3,,,,
DRB3*01:01,DQB1*03:03 / DQA1*03:01,0.201,,0.201,20801,,20801.0,0.040401000000000006,DRB3,,,,
DRB3*01:01,DQB1*03:03 / DQA1*03:02,0.204,0.31,0.167,27156,6396.0,20760.0,0.04161599999999999,DRB3,,,,
DRB3*01:01,DQB1*03:03 / DQA1*04:01,0.366,0.366,,6396,6396.0,,0.133956,DRB3,,,,
DRB3*01:01,DQB1*03:03 / DQA1*06:01,0.343,0.343,,6396,6396.0,,0.11764900000000002,DRB3,,,,
DRB3*01:01,DQB1*03:04 / DQA1*03:01,0.561,,0.561,127,,127.0,0.3147210000000001,DRB3,,,,
DRB3*01:01,DQB1*03:19 / DQA1*02:01,0.054,,0.054,0,,0.0,0.0029159999999999998,DRB3,,,,
DRB3*01:01,DQB1*03:19 / DQA1*05:05,0.216,,0.216,20677,,20677.0,0.046655999999999996,DRB3,,,,
DRB3*01:01,DQB1*04:01 / DQA1*02:01,0.293,0.334,0.325,27197,6396.0,20801.0,0.085849,DRB3,,,,
DRB3*01:01,DQB1*04:01 / DQA1*03:03,0.269,,0.269,20760,,20760.0,0.07236100000000001,DRB3,,,,
DRB3*01:01,DQB1*04:01 / DQA1*04:01,0.424,0.425,,6397,6397.0,,0.179776,DRB3,,,,
DRB3*01:01,DQB1*04:01 / DQA1*05:01,0.405,0.405,,6397,6397.0,,0.16402500000000003,DRB3,,,,
DRB3*01:01,DQB1*04:02 / DQA1*02:01,0.301,,0.301,20801,,20801.0,0.09060099999999999,DRB3,,,,
DRB3*01:01,DQB1*04:02 / DQA1*03:01,0.387,0.387,,6397,6397.0,,0.149769,DRB3,,,,
DRB3*01:01,DQB1*04:02 / DQA1*04:01,0.341,0.366,0.32,27198,6397.0,20801.0,0.11628100000000002,DRB3,,,,
DRB3*01:01,DQB1*04:02 / DQA1*06:01,0.413,0.413,,6397,6397.0,,0.17056899999999997,DRB3,,,,
DRB3*01:01,DQB1*05:01 / DQA1*01:01,0.323,0.353,0.269,27200,6399.0,20801.0,0.104329,DRB3,,,,
DRB3*01:01,DQB1*05:01 / DQA1*01:02,0.297,0.297,,6399,6399.0,,0.088209,DRB3,,,,
DRB3*01:01,DQB1*05:02 / DQA1*01:02,0.331,0.321,0.298,27200,6399.0,20801.0,0.109561,DRB3,,,,
DRB3*01:01,DQB1*05:03 / DQA1*01:01,0.13,,0.13,0,,0.0,0.016900000000000002,DRB3,,,,
DRB3*01:01,DQB1*05:03 / DQA1*01:04,0.397,0.397,,6399,6399.0,,0.15760900000000003,DRB3,,,,
DRB3*01:01,DQB1*06:01 / DQA1*01:03,0.318,0.268,0.354,27199,6398.0,20801.0,0.101124,DRB3,,,,
DRB3*01:01,DQB1*06:01 / DQA1*01:04,0.337,0.338,,6399,6399.0,,0.11356900000000002,DRB3,,,,
DRB3*01:01,DQB1*06:01 / DQA1*02:01,0.396,0.397,,6397,6397.0,,0.156816,DRB3,,,,
DRB3*01:01,DQB1*06:02 / DQA1*01:01,0.313,,0.313,20760,,20760.0,0.097969,DRB3,,,,
DRB3*01:01,DQB1*06:02 / DQA1*01:02,0.306,0.279,0.334,27200,6399.0,20801.0,0.093636,DRB3,,,,
DRB3*01:01,DQB1*06:03 / DQA1*01:03,0.315,0.326,0.297,27158,6398.0,20760.0,0.09922500000000001,DRB3,,,,
DRB3*01:01,DQB1*06:04 / DQA1*01:02,0.389,0.393,0.348,27159,6399.0,20760.0,0.151321,DRB3,,,,
DRB3*01:01,DQB1*06:09 / DQA1*01:02,0.355,,0.355,20760,,20760.0,0.126025,DRB3,,,,
DRB3*01:01,DRB3*02:01,0.531,,0.531,0,,0.0,0.281961,DRB3,,,,
DRB3*01:01,DRB3*02:02,0.665,0.771,0.623,27198,6397.0,20801.0,0.44222500000000003,DRB3,,,,
DRB3*01:01,DRB3*03:01,0.848,0.887,0.812,25307,6398.0,18909.0,0.719104,DRB3,,,,
DRB3*01:01,DRB4*01:01,0.308,0.475,0.236,27200,6399.0,20801.0,0.094864,DRB3,,,,
DRB3*01:01,DRB4*01:03,0.226,,0.226,20801,,20801.0,0.051076,DRB3,,,,
DRB3*01:01,DRB5*01:01,0.378,0.514,0.325,27199,6398.0,20801.0,0.142884,DRB3,,,,
DRB3*01:01,DRB5*01:02,0.191,,0.191,0,,0.0,0.036481,DRB3,,,,
DRB3*01:01,DRB5*02:02,0.388,0.486,0.327,27200,6399.0,20801.0,0.150544,DRB3,,,,
DRB3*02:01,DPB1*01:01 / DPA1*01:03,-0.007,,-0.007,0,,0.0,4.9000000000000005e-05,DRB3,,,,
DRB3*02:01,DPB1*01:01 / DPA1*02:01,-0.053,,-0.053,17,,17.0,0.002809,DRB3,,,,
DRB3*02:01,DPB1*02:01 / DPA1*01:03,0.155,,0.155,17,,17.0,0.024025,DRB3,,,,
DRB3*02:01,DPB1*02:02 / DPA1*01:03,0.2,,0.2,0,,0.0,0.04000000000000001,DRB3,,,,
DRB3*02:01,DPB1*03:01 / DPA1*01:03,-0.009,,-0.009,17,,17.0,8.099999999999999e-05,DRB3,,,,
DRB3*02:01,DPB1*03:01 / DPA1*01:05,0.008,,0.008,0,,0.0,6.4e-05,DRB3,,,,
DRB3*02:01,DPB1*03:01 / DPA1*02:01,-0.003,,-0.003,0,,0.0,9e-06,DRB3,,,,
DRB3*02:01,DPB1*04:01 / DPA1*01:03,0.085,,0.085,17,,17.0,0.007225000000000001,DRB3,,,,
DRB3*02:01,DPB1*04:02 / DPA1*01:03,0.151,,0.151,0,,0.0,0.022801,DRB3,,,,
DRB3*02:01,DPB1*05:01 / DPA1*02:01,-0.006,,-0.006,17,,17.0,3.6e-05,DRB3,,,,
DRB3*02:01,DPB1*05:01 / DPA1*02:02,-0.032,,-0.032,0,,0.0,0.001024,DRB3,,,,
DRB3*02:01,DPB1*06:01 / DPA1*01:03,0.006,,0.006,0,,0.0,3.6e-05,DRB3,,,,
DRB3*02:01,DPB1*06:01 / DPA1*02:01,0.003,,0.003,0,,0.0,9e-06,DRB3,,,,
DRB3*02:01,DPB1*09:01 / DPA1*02:01,-0.011,,-0.011,0,,0.0,0.00012099999999999999,DRB3,,,,
DRB3*02:01,DPB1*105:01 / DPA1*02:01,0.132,,0.132,0,,0.0,0.017424000000000002,DRB3,,,,
DRB3*02:01,DPB1*107:01 / DPA1*02:01,0.086,,0.086,0,,0.0,0.007395999999999999,DRB3,,,,
DRB3*02:01,DPB1*10:01 / DPA1*02:02,0.04,,0.04,0,,0.0,0.0016,DRB3,,,,
DRB3*02:01,DPB1*11:01 / DPA1*01:03,0.028,,0.028,0,,0.0,0.0007840000000000001,DRB3,,,,
DRB3*02:01,DPB1*11:01 / DPA1*02:02,-0.013,,-0.013,0,,0.0,0.000169,DRB3,,,,
DRB3*02:01,DPB1*13:01 / DPA1*02:01,-0.037,,-0.037,0,,0.0,0.0013689999999999998,DRB3,,,,
DRB3*02:01,DPB1*13:01 / DPA1*02:02,-0.03,,-0.03,0,,0.0,0.0009,DRB3,,,,
DRB3*02:01,DPB1*13:01 / DPA1*03:01,0.01,,0.01,0,,0.0,0.0001,DRB3,,,,
DRB3*02:01,DPB1*14:01 / DPA1*02:01,-0.024,,-0.024,0,,0.0,0.000576,DRB3,,,,
DRB3*02:01,DPB1*15:01 / DPA1*02:01,0.008,,0.008,0,,0.0,6.4e-05,DRB3,,,,
DRB3*02:01,DPB1*17:01 / DPA1*02:01,-0.027,,-0.027,17,,17.0,0.0007289999999999999,DRB3,,,,
DRB3*02:01,DPB1*18:01 / DPA1*01:04,0.134,,0.134,0,,0.0,0.017956000000000003,DRB3,,,,
DRB3*02:01,DPB1*18:01 / DPA1*01:05,0.121,,0.121,0,,0.0,0.014641,DRB3,,,,
DRB3*02:01,DPB1*18:01 / DPA1*02:01,0.069,,0.069,0,,0.0,0.0047610000000000005,DRB3,,,,
DRB3*02:01,DPB1*19:01 / DPA1*01:03,-0.003,,-0.003,0,,0.0,9e-06,DRB3,,,,
DRB3*02:01,DPB1*20:01 / DPA1*03:01,0.012,,0.012,0,,0.0,0.000144,DRB3,,,,
DRB3*02:01,DPB1*23:01 / DPA1*01:03,0.116,,0.116,0,,0.0,0.013456000000000001,DRB3,,,,
DRB3*02:01,DPB1*26:01 / DPA1*03:01,0.08,,0.08,0,,0.0,0.0064,DRB3,,,,
DRB3*02:01,DPB1*28:01 / DPA1*01:03,0.165,,0.165,0,,0.0,0.027225000000000003,DRB3,,,,
DRB3*02:01,DPB1*28:01 / DPA1*01:05,0.145,,0.145,0,,0.0,0.021025,DRB3,,,,
DRB3*02:01,DPB1*28:01 / DPA1*04:01,0.065,,0.065,0,,0.0,0.0042250000000000005,DRB3,,,,
DRB3*02:01,DPB1*30:01 / DPA1*02:01,0.032,,0.032,0,,0.0,0.001024,DRB3,,,,
DRB3*02:01,DPB1*31:01 / DPA1*03:01,0.078,,0.078,0,,0.0,0.006084,DRB3,,,,
DRB3*02:01,DPB1*40:01 / DPA1*01:05,0.174,,0.174,0,,0.0,0.030275999999999997,DRB3,,,,
DRB3*02:01,DPB1*85:01 / DPA1*01:03,0.081,,0.081,0,,0.0,0.006561,DRB3,,,,
DRB3*02:01,DQB1*02:01 / DQA1*02:01,0.066,,0.066,17,,17.0,0.0043560000000000005,DRB3,,,,
DRB3*02:01,DQB1*02:01 / DQA1*03:01,0.113,,0.113,0,,0.0,0.012769,DRB3,,,,
DRB3*02:01,DQB1*02:01 / DQA1*04:01,0.215,,0.215,0,,0.0,0.046224999999999995,DRB3,,,,
DRB3*02:01,DQB1*02:01 / DQA1*05:01,0.279,,0.279,0,,0.0,0.07784100000000002,DRB3,,,,
DRB3*02:01,DQB1*02:02 / DQA1*02:01,0.058,,0.058,0,,0.0,0.0033640000000000002,DRB3,,,,
DRB3*02:01,DQB1*03:01 / DQA1*02:01,0.154,,0.154,0,,0.0,0.023716,DRB3,,,,
DRB3*02:01,DQB1*03:01 / DQA1*03:01,0.177,,0.177,0,,0.0,0.031328999999999996,DRB3,,,,
DRB3*02:01,DQB1*03:01 / DQA1*05:03,0.241,,0.241,0,,0.0,0.058080999999999994,DRB3,,,,
DRB3*02:01,DQB1*03:01 / DQA1*06:01,0.198,,0.198,0,,0.0,0.039204,DRB3,,,,
DRB3*02:01,DQB1*03:02 / DQA1*02:01,0.006,,0.006,0,,0.0,3.6e-05,DRB3,,,,
DRB3*02:01,DQB1*03:02 / DQA1*03:01,0.023,,0.023,0,,0.0,0.000529,DRB3,,,,
DRB3*02:01,DQB1*03:02 / DQA1*03:02,0.059,,0.059,0,,0.0,0.0034809999999999997,DRB3,,,,
DRB3*02:01,DQB1*03:02 / DQA1*03:03,-0.011,,-0.011,0,,0.0,0.00012099999999999999,DRB3,,,,
DRB3*02:01,DQB1*03:03 / DQA1*02:01,-0.002,,-0.002,0,,0.0,4e-06,DRB3,,,,
DRB3*02:01,DQB1*03:03 / DQA1*03:01,0.01,,0.01,0,,0.0,0.0001,DRB3,,,,
DRB3*02:01,DQB1*03:03 / DQA1*03:02,-0.001,,-0.001,0,,0.0,1e-06,DRB3,,,,
DRB3*02:01,DQB1*03:19 / DQA1*02:01,0.207,,0.207,0,,0.0,0.042849,DRB3,,,,
DRB3*02:01,DQB1*03:19 / DQA1*05:05,0.22,,0.22,0,,0.0,0.0484,DRB3,,,,
DRB3*02:01,DQB1*04:01 / DQA1*02:01,-0.028,,-0.028,0,,0.0,0.0007840000000000001,DRB3,,,,
DRB3*02:01,DQB1*04:01 / DQA1*03:03,-0.033,,-0.033,0,,0.0,0.0010890000000000001,DRB3,,,,
DRB3*02:01,DQB1*04:02 / DQA1*02:01,-0.046,,-0.046,0,,0.0,0.002116,DRB3,,,,
DRB3*02:01,DQB1*04:02 / DQA1*04:01,0.044,,0.044,17,,17.0,0.0019359999999999998,DRB3,,,,
DRB3*02:01,DQB1*05:01 / DQA1*01:01,-0.073,,-0.073,0,,0.0,0.0053289999999999995,DRB3,,,,
DRB3*02:01,DQB1*05:02 / DQA1*01:02,-0.029,,-0.029,17,,17.0,0.0008410000000000001,DRB3,,,,
DRB3*02:01,DQB1*05:03 / DQA1*01:01,0.049,,0.049,0,,0.0,0.0024010000000000004,DRB3,,,,
DRB3*02:01,DQB1*06:01 / DQA1*01:03,0.034,,0.034,0,,0.0,0.0011560000000000001,DRB3,,,,
DRB3*02:01,DQB1*06:02 / DQA1*01:01,-0.01,,-0.01,0,,0.0,0.0001,DRB3,,,,
DRB3*02:01,DQB1*06:02 / DQA1*01:02,0.006,,0.006,17,,17.0,3.6e-05,DRB3,,,,
DRB3*02:01,DQB1*06:03 / DQA1*01:03,-0.015,,-0.015,0,,0.0,0.000225,DRB3,,,,
DRB3*02:01,DQB1*06:04 / DQA1*01:02,-0.003,,-0.003,0,,0.0,9e-06,DRB3,,,,
DRB3*02:01,DQB1*06:09 / DQA1*01:02,0.024,,0.024,0,,0.0,0.000576,DRB3,,,,
DRB3*02:01,DRB3*02:02,0.835,,0.835,0,,0.0,0.697225,DRB3,,,,
DRB3*02:01,DRB3*03:01,0.578,,0.578,0,,0.0,0.33408399999999994,DRB3,,,,
DRB3*02:01,DRB4*01:01,-0.078,,-0.078,0,,0.0,0.006084,DRB3,,,,
DRB3*02:01,DRB4*01:03,-0.096,,-0.096,17,,17.0,0.009216,DRB3,,,,
DRB3*02:01,DRB5*01:01,0.097,,0.097,17,,17.0,0.009409,DRB3,,,,
DRB3*02:01,DRB5*01:02,0.161,,0.161,0,,0.0,0.025921000000000003,DRB3,,,,
DRB3*02:01,DRB5*02:02,0.024,,0.024,0,,0.0,0.000576,DRB3,,,,
DRB3*02:02,DPB1*01:01 / DPA1*01:03,0.269,0.42,0.252,26196,6397.0,19799.0,0.07236100000000001,DRB3,,,,
DRB3*02:02,DPB1*01:01 / DPA1*02:01,0.197,0.394,0.199,27197,6396.0,20801.0,0.038809,DRB3,,,,
DRB3*02:02,DPB1*01:01 / DPA1*02:02,0.391,0.391,,6396,6396.0,,0.15288100000000002,DRB3,,,,
DRB3*02:02,DPB1*01:01 / DPA1*03:01,0.421,0.421,,6397,6397.0,,0.17724099999999998,DRB3,,,,
DRB3*02:02,DPB1*02:01 / DPA1*01:03,0.403,0.368,0.417,27197,6396.0,20801.0,0.16240900000000003,DRB3,,,,
DRB3*02:02,DPB1*02:02 / DPA1*01:03,0.103,,0.103,0,,0.0,0.010608999999999999,DRB3,,,,
DRB3*02:02,DPB1*02:02 / DPA1*02:01,0.384,,0.384,3553,,3553.0,0.147456,DRB3,,,,
DRB3*02:02,DPB1*03:01 / DPA1*01:03,0.319,0.369,0.299,27198,6397.0,20801.0,0.101761,DRB3,,,,
DRB3*02:02,DPB1*03:01 / DPA1*01:04,0.403,,0.403,2287,,2287.0,0.16240900000000003,DRB3,,,,
DRB3*02:02,DPB1*03:01 / DPA1*01:05,0.308,,0.308,17512,,17512.0,0.094864,DRB3,,,,
DRB3*02:02,DPB1*03:01 / DPA1*02:01,0.323,,0.323,18909,,18909.0,0.104329,DRB3,,,,
DRB3*02:02,DPB1*04:01 / DPA1*01:03,0.386,0.302,0.404,27198,6397.0,20801.0,0.14899600000000002,DRB3,,,,
DRB3*02:02,DPB1*04:01 / DPA1*02:01,0.393,0.393,,6396,6396.0,,0.154449,DRB3,,,,
DRB3*02:02,DPB1*04:01 / DPA1*02:02,0.443,0.443,,6396,6396.0,,0.196249,DRB3,,,,
DRB3*02:02,DPB1*04:01 / DPA1*03:01,0.396,0.396,,6397,6397.0,,0.156816,DRB3,,,,
DRB3*02:02,DPB1*04:01 / DPA1*04:01,0.426,0.426,,6397,6397.0,,0.181476,DRB3,,,,
DRB3*02:02,DPB1*04:02 / DPA1*01:03,0.424,0.385,0.437,27197,6396.0,20801.0,0.179776,DRB3,,,,
DRB3*02:02,DPB1*04:02 / DPA1*03:01,0.451,0.451,,6396,6396.0,,0.203401,DRB3,,,,
DRB3*02:02,DPB1*05:01 / DPA1*02:01,0.271,0.241,0.327,27197,6396.0,20801.0,0.073441,DRB3,,,,
DRB3*02:02,DPB1*05:01 / DPA1*02:02,0.193,0.346,0.213,21828,6396.0,15432.0,0.037249000000000004,DRB3,,,,
DRB3*02:02,DPB1*05:01 / DPA1*03:01,0.364,0.364,,6397,6397.0,,0.132496,DRB3,,,,
DRB3*02:02,DPB1*06:01 / DPA1*01:03,0.302,0.279,0.311,21829,6397.0,15432.0,0.091204,DRB3,,,,
DRB3*02:02,DPB1*06:01 / DPA1*02:01,0.334,,0.334,18909,,18909.0,0.11155600000000002,DRB3,,,,
DRB3*02:02,DPB1*09:01 / DPA1*02:01,0.31,0.394,0.283,27197,6396.0,20801.0,0.0961,DRB3,,,,
DRB3*02:02,DPB1*105:01 / DPA1*02:01,0.075,,0.075,0,,0.0,0.005625,DRB3,,,,
DRB3*02:02,DPB1*107:01 / DPA1*02:01,0.013,,0.013,0,,0.0,0.000169,DRB3,,,,
DRB3*02:02,DPB1*10:01 / DPA1*02:01,0.352,,0.352,6237,,6237.0,0.12390399999999999,DRB3,,,,
DRB3*02:02,DPB1*10:01 / DPA1*02:02,0.332,,0.332,14564,,14564.0,0.11022400000000002,DRB3,,,,
DRB3*02:02,DPB1*11:01 / DPA1*01:03,0.342,,0.342,17512,,17512.0,0.11696400000000001,DRB3,,,,
DRB3*02:02,DPB1*11:01 / DPA1*01:04,0.36,,0.36,2265,,2265.0,0.1296,DRB3,,,,
DRB3*02:02,DPB1*11:01 / DPA1*01:05,0.326,,0.326,2080,,2080.0,0.10627600000000001,DRB3,,,,
DRB3*02:02,DPB1*11:01 / DPA1*02:01,0.322,0.275,0.416,9685,6396.0,3289.0,0.10368400000000001,DRB3,,,,
DRB3*02:02,DPB1*11:01 / DPA1*02:02,0.274,,0.274,14564,,14564.0,0.07507600000000002,DRB3,,,,
DRB3*02:02,DPB1*13:01 / DPA1*01:04,0.412,,0.412,1397,,1397.0,0.16974399999999998,DRB3,,,,
DRB3*02:02,DPB1*13:01 / DPA1*01:05,0.379,,0.379,2080,,2080.0,0.143641,DRB3,,,,
DRB3*02:02,DPB1*13:01 / DPA1*02:01,0.328,0.376,0.32,27029,6396.0,20633.0,0.10758400000000001,DRB3,,,,
DRB3*02:02,DPB1*13:01 / DPA1*02:02,0.286,,0.286,15432,,15432.0,0.08179599999999998,DRB3,,,,
DRB3*02:02,DPB1*13:01 / DPA1*03:01,0.378,,0.378,15432,,15432.0,0.142884,DRB3,,,,
DRB3*02:02,DPB1*13:01 / DPA1*04:01,0.356,0.351,0.382,9685,6396.0,3289.0,0.126736,DRB3,,,,
DRB3*02:02,DPB1*14:01 / DPA1*02:01,0.258,0.217,0.238,27197,6396.0,20801.0,0.066564,DRB3,,,,
DRB3*02:02,DPB1*15:01 / DPA1*02:01,0.373,0.476,0.379,27156,6396.0,20760.0,0.139129,DRB3,,,,
DRB3*02:02,DPB1*17:01 / DPA1*02:01,0.343,0.391,0.319,27197,6396.0,20801.0,0.11764900000000002,DRB3,,,,
DRB3*02:02,DPB1*18:01 / DPA1*01:03,0.34,0.34,,6397,6397.0,,0.11560000000000002,DRB3,,,,
DRB3*02:02,DPB1*18:01 / DPA1*01:04,0.426,,0.426,19799,,19799.0,0.181476,DRB3,,,,
DRB3*02:02,DPB1*18:01 / DPA1*01:05,0.398,,0.398,19799,,19799.0,0.15840400000000002,DRB3,,,,
DRB3*02:02,DPB1*18:01 / DPA1*02:01,0.329,,0.329,20760,,20760.0,0.108241,DRB3,,,,
DRB3*02:02,DPB1*19:01 / DPA1*01:03,0.351,,0.351,17512,,17512.0,0.12320099999999999,DRB3,,,,
DRB3*02:02,DPB1*19:01 / DPA1*02:01,0.235,0.176,0.413,9685,6396.0,3289.0,0.055224999999999996,DRB3,,,,
DRB3*02:02,DPB1*20:01 / DPA1*01:03,0.415,,0.415,2287,,2287.0,0.172225,DRB3,,,,
DRB3*02:02,DPB1*20:01 / DPA1*03:01,0.312,,0.312,15432,,15432.0,0.097344,DRB3,,,,
DRB3*02:02,DPB1*23:01 / DPA1*01:03,0.416,,0.416,15432,,15432.0,0.173056,DRB3,,,,
DRB3*02:02,DPB1*23:01 / DPA1*02:01,0.397,,0.397,5328,,5328.0,0.15760900000000003,DRB3,,,,
DRB3*02:02,DPB1*26:01 / DPA1*03:01,0.02,,0.02,0,,0.0,0.0004,DRB3,,,,
DRB3*02:02,DPB1*28:01 / DPA1*01:03,0.401,,0.401,15432,,15432.0,0.16080100000000003,DRB3,,,,
DRB3*02:02,DPB1*28:01 / DPA1*01:04,0.474,,0.474,2287,,2287.0,0.224676,DRB3,,,,
DRB3*02:02,DPB1*28:01 / DPA1*01:05,0.421,,0.421,17512,,17512.0,0.17724099999999998,DRB3,,,,
DRB3*02:02,DPB1*28:01 / DPA1*02:01,0.381,,0.381,2080,,2080.0,0.145161,DRB3,,,,
DRB3*02:02,DPB1*28:01 / DPA1*02:02,0.4,0.381,0.408,7792,6395.0,1397.0,0.16000000000000003,DRB3,,,,
DRB3*02:02,DPB1*28:01 / DPA1*04:01,0.398,,0.398,15432,,15432.0,0.15840400000000002,DRB3,,,,
DRB3*02:02,DPB1*30:01 / DPA1*02:01,-0.023,,-0.023,0,,0.0,0.000529,DRB3,,,,
DRB3*02:02,DPB1*31:01 / DPA1*03:01,0.024,,0.024,0,,0.0,0.000576,DRB3,,,,
DRB3*02:02,DPB1*40:01 / DPA1*01:05,0.087,,0.087,0,,0.0,0.007568999999999999,DRB3,,,,
DRB3*02:02,DPB1*85:01 / DPA1*01:03,0.022,,0.022,0,,0.0,0.00048399999999999995,DRB3,,,,
DRB3*02:02,DQB1*02:01 / DQA1*02:01,0.239,0.235,0.284,27197,6396.0,20801.0,0.057121,DRB3,,,,
DRB3*02:02,DQB1*02:01 / DQA1*03:01,0.258,,0.258,20801,,20801.0,0.066564,DRB3,,,,
DRB3*02:02,DQB1*02:01 / DQA1*04:01,0.37,,0.37,20760,,20760.0,0.1369,DRB3,,,,
DRB3*02:02,DQB1*02:01 / DQA1*05:01,0.324,0.472,0.306,27197,6396.0,20801.0,0.104976,DRB3,,,,
DRB3*02:02,DQB1*02:02 / DQA1*02:01,0.265,0.313,0.289,27197,6396.0,20801.0,0.07022500000000001,DRB3,,,,
DRB3*02:02,DQB1*02:02 / DQA1*03:02,0.355,0.355,,6396,6396.0,,0.126025,DRB3,,,,
DRB3*02:02,DQB1*02:02 / DQA1*05:01,0.454,0.454,,6396,6396.0,,0.20611600000000002,DRB3,,,,
DRB3*02:02,DQB1*03:01 / DQA1*02:01,0.313,,0.313,19799,,19799.0,0.097969,DRB3,,,,
DRB3*02:02,DQB1*03:01 / DQA1*03:01,0.314,0.423,0.299,27197,6396.0,20801.0,0.098596,DRB3,,,,
DRB3*02:02,DQB1*03:01 / DQA1*03:02,0.39,0.39,,6396,6396.0,,0.1521,DRB3,,,,
DRB3*02:02,DQB1*03:01 / DQA1*05:01,0.436,0.436,,6396,6396.0,,0.190096,DRB3,,,,
DRB3*02:02,DQB1*03:01 / DQA1*05:03,0.325,,0.325,20760,,20760.0,0.10562500000000001,DRB3,,,,
DRB3*02:02,DQB1*03:01 / DQA1*06:01,0.307,0.436,0.278,27197,6396.0,20801.0,0.094249,DRB3,,,,
DRB3*02:02,DQB1*03:02 / DQA1*01:01,0.279,,0.279,5369,,5369.0,0.07784100000000002,DRB3,,,,
DRB3*02:02,DQB1*03:02 / DQA1*02:01,0.208,0.273,0.21,26194,6395.0,19799.0,0.043264,DRB3,,,,
DRB3*02:02,DQB1*03:02 / DQA1*03:01,0.215,0.264,0.217,27197,6396.0,20801.0,0.046224999999999995,DRB3,,,,
DRB3*02:02,DQB1*03:02 / DQA1*03:02,0.172,0.285,0.131,22488,6396.0,16092.0,0.029583999999999996,DRB3,,,,
DRB3*02:02,DQB1*03:02 / DQA1*03:03,0.148,,0.148,4541,,4541.0,0.021903999999999996,DRB3,,,,
DRB3*02:02,DQB1*03:03 / DQA1*02:01,0.198,,0.198,20801,,20801.0,0.039204,DRB3,,,,
DRB3*02:02,DQB1*03:03 / DQA1*03:01,0.218,,0.218,20801,,20801.0,0.047524,DRB3,,,,
DRB3*02:02,DQB1*03:03 / DQA1*03:02,0.185,0.364,0.144,27156,6396.0,20760.0,0.034225,DRB3,,,,
DRB3*02:02,DQB1*03:03 / DQA1*04:01,0.41,0.41,,6396,6396.0,,0.16809999999999997,DRB3,,,,
DRB3*02:02,DQB1*03:03 / DQA1*06:01,0.396,0.396,,6396,6396.0,,0.156816,DRB3,,,,
DRB3*02:02,DQB1*03:04 / DQA1*03:01,0.467,,0.467,127,,127.0,0.21808900000000003,DRB3,,,,
DRB3*02:02,DQB1*03:19 / DQA1*02:01,0.201,,0.201,0,,0.0,0.040401000000000006,DRB3,,,,
DRB3*02:02,DQB1*03:19 / DQA1*05:05,0.294,,0.294,20677,,20677.0,0.08643599999999999,DRB3,,,,
DRB3*02:02,DQB1*04:01 / DQA1*02:01,0.293,0.332,0.316,27196,6395.0,20801.0,0.085849,DRB3,,,,
DRB3*02:02,DQB1*04:01 / DQA1*03:03,0.202,,0.202,20760,,20760.0,0.04080400000000001,DRB3,,,,
DRB3*02:02,DQB1*04:01 / DQA1*04:01,0.465,0.467,,6396,6396.0,,0.21622500000000003,DRB3,,,,
DRB3*02:02,DQB1*04:01 / DQA1*05:01,0.459,0.459,,6396,6396.0,,0.210681,DRB3,,,,
DRB3*02:02,DQB1*04:02 / DQA1*02:01,0.277,,0.277,20801,,20801.0,0.07672900000000002,DRB3,,,,
DRB3*02:02,DQB1*04:02 / DQA1*03:01,0.426,0.426,,6396,6396.0,,0.181476,DRB3,,,,
DRB3*02:02,DQB1*04:02 / DQA1*04:01,0.308,0.388,0.281,27197,6396.0,20801.0,0.094864,DRB3,,,,
DRB3*02:02,DQB1*04:02 / DQA1*06:01,0.457,0.457,,6396,6396.0,,0.208849,DRB3,,,,
DRB3*02:02,DQB1*05:01 / DQA1*01:01,0.247,0.367,0.194,27198,6397.0,20801.0,0.061009,DRB3,,,,
DRB3*02:02,DQB1*05:01 / DQA1*01:02,0.312,0.312,,6397,6397.0,,0.097344,DRB3,,,,
DRB3*02:02,DQB1*05:02 / DQA1*01:02,0.289,0.356,0.253,27198,6397.0,20801.0,0.08352099999999998,DRB3,,,,
DRB3*02:02,DQB1*05:03 / DQA1*01:01,0.003,,0.003,0,,0.0,9e-06,DRB3,,,,
DRB3*02:02,DQB1*05:03 / DQA1*01:04,0.407,0.407,,6397,6397.0,,0.165649,DRB3,,,,
DRB3*02:02,DQB1*06:01 / DQA1*01:03,0.253,0.242,0.271,27198,6397.0,20801.0,0.064009,DRB3,,,,
DRB3*02:02,DQB1*06:01 / DQA1*01:04,0.361,0.363,,6397,6397.0,,0.130321,DRB3,,,,
DRB3*02:02,DQB1*06:01 / DQA1*02:01,0.408,0.41,,6396,6396.0,,0.16646399999999997,DRB3,,,,
DRB3*02:02,DQB1*06:02 / DQA1*01:01,0.284,,0.284,20760,,20760.0,0.08065599999999999,DRB3,,,,
DRB3*02:02,DQB1*06:02 / DQA1*01:02,0.267,0.291,0.277,27198,6397.0,20801.0,0.071289,DRB3,,,,
DRB3*02:02,DQB1*06:03 / DQA1*01:03,0.223,0.356,0.19,27157,6397.0,20760.0,0.049729,DRB3,,,,
DRB3*02:02,DQB1*06:04 / DQA1*01:02,0.329,0.421,0.288,27157,6397.0,20760.0,0.108241,DRB3,,,,
DRB3*02:02,DQB1*06:09 / DQA1*01:02,0.257,,0.257,20760,,20760.0,0.066049,DRB3,,,,
DRB3*02:02,DRB3*03:01,0.633,0.82,0.582,25306,6397.0,18909.0,0.400689,DRB3,,,,
DRB3*02:02,DRB4*01:01,0.274,0.514,0.207,27198,6397.0,20801.0,0.07507600000000002,DRB3,,,,
DRB3*02:02,DRB4*01:03,0.206,,0.206,20801,,20801.0,0.042435999999999995,DRB3,,,,
DRB3*02:02,DRB5*01:01,0.374,0.555,0.327,27197,6396.0,20801.0,0.139876,DRB3,,,,
DRB3*02:02,DRB5*01:02,0.126,,0.126,0,,0.0,0.015876,DRB3,,,,
DRB3*02:02,DRB5*02:02,0.404,0.547,0.363,27198,6397.0,20801.0,0.16321600000000003,DRB3,,,,
DRB3*03:01,DPB1*01:01 / DPA1*01:03,0.304,0.409,0.289,25307,6398.0,18909.0,0.092416,DRB3,,,,
DRB3*03:01,DPB1*01:01 / DPA1*02:01,0.21,0.429,0.216,25306,6397.0,18909.0,0.04409999999999999,DRB3,,,,
DRB3*03:01,DPB1*01:01 / DPA1*02:02,0.417,0.417,,6397,6397.0,,0.173889,DRB3,,,,
DRB3*03:01,DPB1*01:01 / DPA1*03:01,0.412,0.412,,6398,6398.0,,0.16974399999999998,DRB3,,,,
DRB3*03:01,DPB1*02:01 / DPA1*01:03,0.345,0.33,0.355,25306,6397.0,18909.0,0.11902499999999998,DRB3,,,,
DRB3*03:01,DPB1*02:02 / DPA1*01:03,0.061,,0.061,0,,0.0,0.003721,DRB3,,,,
DRB3*03:01,DPB1*02:02 / DPA1*02:01,0.482,,0.482,1702,,1702.0,0.23232399999999997,DRB3,,,,
DRB3*03:01,DPB1*03:01 / DPA1*01:03,0.288,0.383,0.257,25307,6398.0,18909.0,0.08294399999999999,DRB3,,,,
DRB3*03:01,DPB1*03:01 / DPA1*01:04,0.276,,0.276,1397,,1397.0,0.07617600000000001,DRB3,,,,
DRB3*03:01,DPB1*03:01 / DPA1*01:05,0.318,,0.318,17512,,17512.0,0.101124,DRB3,,,,
DRB3*03:01,DPB1*03:01 / DPA1*02:01,0.338,,0.338,18909,,18909.0,0.11424400000000001,DRB3,,,,
DRB3*03:01,DPB1*04:01 / DPA1*01:03,0.296,0.297,0.302,25307,6398.0,18909.0,0.08761599999999999,DRB3,,,,
DRB3*03:01,DPB1*04:01 / DPA1*02:01,0.4,0.4,,6397,6397.0,,0.16000000000000003,DRB3,,,,
DRB3*03:01,DPB1*04:01 / DPA1*02:02,0.443,0.443,,6397,6397.0,,0.196249,DRB3,,,,
DRB3*03:01,DPB1*04:01 / DPA1*03:01,0.356,0.356,,6398,6398.0,,0.126736,DRB3,,,,
DRB3*03:01,DPB1*04:01 / DPA1*04:01,0.387,0.387,,6398,6398.0,,0.149769,DRB3,,,,
DRB3*03:01,DPB1*04:02 / DPA1*01:03,0.313,0.314,0.317,25306,6397.0,18909.0,0.097969,DRB3,,,,
DRB3*03:01,DPB1*04:02 / DPA1*03:01,0.4,0.4,,6397,6397.0,,0.16000000000000003,DRB3,,,,
DRB3*03:01,DPB1*05:01 / DPA1*02:01,0.276,0.266,0.338,25306,6397.0,18909.0,0.07617600000000001,DRB3,,,,
DRB3*03:01,DPB1*05:01 / DPA1*02:02,0.23,0.39,0.268,21829,6397.0,15432.0,0.0529,DRB3,,,,
DRB3*03:01,DPB1*05:01 / DPA1*03:01,0.363,0.363,,6398,6398.0,,0.131769,DRB3,,,,
DRB3*03:01,DPB1*06:01 / DPA1*01:03,0.294,0.307,0.301,21830,6398.0,15432.0,0.08643599999999999,DRB3,,,,
DRB3*03:01,DPB1*06:01 / DPA1*02:01,0.338,,0.338,18909,,18909.0,0.11424400000000001,DRB3,,,,
DRB3*03:01,DPB1*09:01 / DPA1*02:01,0.29,0.408,0.26,25306,6397.0,18909.0,0.0841,DRB3,,,,
DRB3*03:01,DPB1*105:01 / DPA1*02:01,0.03,,0.03,0,,0.0,0.0009,DRB3,,,,
DRB3*03:01,DPB1*107:01 / DPA1*02:01,0.114,,0.114,0,,0.0,0.012996,DRB3,,,,
DRB3*03:01,DPB1*10:01 / DPA1*02:01,0.365,,0.365,4345,,4345.0,0.13322499999999998,DRB3,,,,
DRB3*03:01,DPB1*10:01 / DPA1*02:02,0.319,,0.319,14564,,14564.0,0.101761,DRB3,,,,
DRB3*03:01,DPB1*11:01 / DPA1*01:03,0.317,,0.317,17512,,17512.0,0.10048900000000001,DRB3,,,,
DRB3*03:01,DPB1*11:01 / DPA1*01:04,0.293,,0.293,2265,,2265.0,0.085849,DRB3,,,,
DRB3*03:01,DPB1*11:01 / DPA1*01:05,0.384,,0.384,2080,,2080.0,0.147456,DRB3,,,,
DRB3*03:01,DPB1*11:01 / DPA1*02:01,0.309,0.303,0.335,7794,6397.0,1397.0,0.095481,DRB3,,,,
DRB3*03:01,DPB1*11:01 / DPA1*02:02,0.296,,0.296,14564,,14564.0,0.08761599999999999,DRB3,,,,
DRB3*03:01,DPB1*13:01 / DPA1*01:04,0.447,,0.447,1397,,1397.0,0.19980900000000001,DRB3,,,,
DRB3*03:01,DPB1*13:01 / DPA1*01:05,0.5,,0.5,2080,,2080.0,0.25,DRB3,,,,
DRB3*03:01,DPB1*13:01 / DPA1*02:01,0.348,0.391,0.344,25306,6397.0,18909.0,0.12110399999999999,DRB3,,,,
DRB3*03:01,DPB1*13:01 / DPA1*02:02,0.337,,0.337,15432,,15432.0,0.11356900000000002,DRB3,,,,
DRB3*03:01,DPB1*13:01 / DPA1*03:01,0.343,,0.343,15432,,15432.0,0.11764900000000002,DRB3,,,,
DRB3*03:01,DPB1*13:01 / DPA1*04:01,0.385,0.377,0.405,7794,6397.0,1397.0,0.148225,DRB3,,,,
DRB3*03:01,DPB1*14:01 / DPA1*02:01,0.3,0.269,0.274,25306,6397.0,18909.0,0.09,DRB3,,,,
DRB3*03:01,DPB1*15:01 / DPA1*02:01,0.366,0.47,0.375,25306,6397.0,18909.0,0.133956,DRB3,,,,
DRB3*03:01,DPB1*17:01 / DPA1*02:01,0.331,0.403,0.298,25306,6397.0,18909.0,0.109561,DRB3,,,,
DRB3*03:01,DPB1*18:01 / DPA1*01:03,0.324,0.324,,6398,6398.0,,0.104976,DRB3,,,,
DRB3*03:01,DPB1*18:01 / DPA1*01:04,0.319,,0.319,18909,,18909.0,0.101761,DRB3,,,,
DRB3*03:01,DPB1*18:01 / DPA1*01:05,0.316,,0.316,18909,,18909.0,0.099856,DRB3,,,,
DRB3*03:01,DPB1*18:01 / DPA1*02:01,0.301,,0.301,18909,,18909.0,0.09060099999999999,DRB3,,,,
DRB3*03:01,DPB1*19:01 / DPA1*01:03,0.336,,0.336,17512,,17512.0,0.11289600000000001,DRB3,,,,
DRB3*03:01,DPB1*19:01 / DPA1*02:01,0.209,0.191,0.396,7794,6397.0,1397.0,0.043681,DRB3,,,,
DRB3*03:01,DPB1*20:01 / DPA1*01:03,0.442,,0.442,1397,,1397.0,0.195364,DRB3,,,,
DRB3*03:01,DPB1*20:01 / DPA1*03:01,0.325,,0.325,15432,,15432.0,0.10562500000000001,DRB3,,,,
DRB3*03:01,DPB1*23:01 / DPA1*01:03,0.349,,0.349,15432,,15432.0,0.12180099999999998,DRB3,,,,
DRB3*03:01,DPB1*23:01 / DPA1*02:01,0.558,,0.558,3477,,3477.0,0.3113640000000001,DRB3,,,,
DRB3*03:01,DPB1*26:01 / DPA1*03:01,0.065,,0.065,0,,0.0,0.0042250000000000005,DRB3,,,,
DRB3*03:01,DPB1*28:01 / DPA1*01:03,0.35,,0.35,15432,,15432.0,0.12249999999999998,DRB3,,,,
DRB3*03:01,DPB1*28:01 / DPA1*01:04,0.273,,0.273,1397,,1397.0,0.07452900000000001,DRB3,,,,
DRB3*03:01,DPB1*28:01 / DPA1*01:05,0.351,,0.351,17512,,17512.0,0.12320099999999999,DRB3,,,,
DRB3*03:01,DPB1*28:01 / DPA1*02:01,0.546,,0.546,2080,,2080.0,0.29811600000000005,DRB3,,,,
DRB3*03:01,DPB1*28:01 / DPA1*02:02,0.419,0.364,0.523,7793,6396.0,1397.0,0.175561,DRB3,,,,
DRB3*03:01,DPB1*28:01 / DPA1*04:01,0.349,,0.349,15432,,15432.0,0.12180099999999998,DRB3,,,,
DRB3*03:01,DPB1*30:01 / DPA1*02:01,0.067,,0.067,0,,0.0,0.004489000000000001,DRB3,,,,
DRB3*03:01,DPB1*31:01 / DPA1*03:01,0.08,,0.08,0,,0.0,0.0064,DRB3,,,,
DRB3*03:01,DPB1*40:01 / DPA1*01:05,0.064,,0.064,0,,0.0,0.004096,DRB3,,,,
DRB3*03:01,DPB1*85:01 / DPA1*01:03,0.066,,0.066,0,,0.0,0.0043560000000000005,DRB3,,,,
DRB3*03:01,DQB1*02:01 / DQA1*02:01,0.228,0.259,0.272,25306,6397.0,18909.0,0.051984,DRB3,,,,
DRB3*03:01,DQB1*02:01 / DQA1*03:01,0.275,,0.275,18909,,18909.0,0.07562500000000001,DRB3,,,,
DRB3*03:01,DQB1*02:01 / DQA1*04:01,0.329,,0.329,18909,,18909.0,0.108241,DRB3,,,,
DRB3*03:01,DQB1*02:01 / DQA1*05:01,0.336,0.467,0.316,25306,6397.0,18909.0,0.11289600000000001,DRB3,,,,
DRB3*03:01,DQB1*02:02 / DQA1*02:01,0.247,0.34,0.266,25306,6397.0,18909.0,0.061009,DRB3,,,,
DRB3*03:01,DQB1*02:02 / DQA1*03:02,0.381,0.381,,6397,6397.0,,0.145161,DRB3,,,,
DRB3*03:01,DQB1*02:02 / DQA1*05:01,0.454,0.454,,6397,6397.0,,0.20611600000000002,DRB3,,,,
DRB3*03:01,DQB1*03:01 / DQA1*02:01,0.214,,0.214,18909,,18909.0,0.045795999999999996,DRB3,,,,
DRB3*03:01,DQB1*03:01 / DQA1*03:01,0.235,0.375,0.212,25305,6396.0,18909.0,0.055224999999999996,DRB3,,,,
DRB3*03:01,DQB1*03:01 / DQA1*03:02,0.343,0.343,,6396,6396.0,,0.11764900000000002,DRB3,,,,
DRB3*03:01,DQB1*03:01 / DQA1*05:01,0.353,0.353,,6396,6396.0,,0.12460899999999998,DRB3,,,,
DRB3*03:01,DQB1*03:01 / DQA1*05:03,0.192,,0.192,18909,,18909.0,0.036864,DRB3,,,,
DRB3*03:01,DQB1*03:01 / DQA1*06:01,0.227,0.408,0.191,25305,6396.0,18909.0,0.051529000000000005,DRB3,,,,
DRB3*03:01,DQB1*03:02 / DQA1*01:01,0.245,,0.245,3477,,3477.0,0.060024999999999995,DRB3,,,,
DRB3*03:01,DQB1*03:02 / DQA1*02:01,0.195,0.276,0.194,25304,6395.0,18909.0,0.038025,DRB3,,,,
DRB3*03:01,DQB1*03:02 / DQA1*03:01,0.163,0.245,0.161,25305,6396.0,18909.0,0.026569000000000002,DRB3,,,,
DRB3*03:01,DQB1*03:02 / DQA1*03:02,0.145,0.272,0.101,20764,6396.0,14368.0,0.021025,DRB3,,,,
DRB3*03:01,DQB1*03:02 / DQA1*03:03,0.128,,0.128,4541,,4541.0,0.016384,DRB3,,,,
DRB3*03:01,DQB1*03:03 / DQA1*02:01,0.162,,0.162,18909,,18909.0,0.026244,DRB3,,,,
DRB3*03:01,DQB1*03:03 / DQA1*03:01,0.149,,0.149,18909,,18909.0,0.022201,DRB3,,,,
DRB3*03:01,DQB1*03:03 / DQA1*03:02,0.165,0.336,0.119,25305,6396.0,18909.0,0.027225000000000003,DRB3,,,,
DRB3*03:01,DQB1*03:03 / DQA1*04:01,0.369,0.369,,6396,6396.0,,0.136161,DRB3,,,,
DRB3*03:01,DQB1*03:03 / DQA1*06:01,0.363,0.363,,6396,6396.0,,0.131769,DRB3,,,,
DRB3*03:01,DQB1*03:19 / DQA1*02:01,0.052,,0.052,0,,0.0,0.002704,DRB3,,,,
DRB3*03:01,DQB1*03:19 / DQA1*05:05,0.175,,0.175,18909,,18909.0,0.030624999999999996,DRB3,,,,
DRB3*03:01,DQB1*04:01 / DQA1*02:01,0.262,0.343,0.281,25305,6396.0,18909.0,0.06864400000000001,DRB3,,,,
DRB3*03:01,DQB1*04:01 / DQA1*03:03,0.205,,0.205,18909,,18909.0,0.04202499999999999,DRB3,,,,
DRB3*03:01,DQB1*04:01 / DQA1*04:01,0.438,0.438,,6397,6397.0,,0.191844,DRB3,,,,
DRB3*03:01,DQB1*04:01 / DQA1*05:01,0.432,0.432,,6397,6397.0,,0.18662399999999998,DRB3,,,,
DRB3*03:01,DQB1*04:02 / DQA1*02:01,0.25,,0.25,18909,,18909.0,0.0625,DRB3,,,,
DRB3*03:01,DQB1*04:02 / DQA1*03:01,0.411,0.411,,6397,6397.0,,0.168921,DRB3,,,,
DRB3*03:01,DQB1*04:02 / DQA1*04:01,0.281,0.364,0.246,25306,6397.0,18909.0,0.07896100000000002,DRB3,,,,
DRB3*03:01,DQB1*04:02 / DQA1*06:01,0.431,0.431,,6397,6397.0,,0.18576099999999998,DRB3,,,,
DRB3*03:01,DQB1*05:01 / DQA1*01:01,0.284,0.387,0.228,25307,6398.0,18909.0,0.08065599999999999,DRB3,,,,
DRB3*03:01,DQB1*05:01 / DQA1*01:02,0.314,0.314,,6398,6398.0,,0.098596,DRB3,,,,
DRB3*03:01,DQB1*05:02 / DQA1*01:02,0.289,0.343,0.248,25307,6398.0,18909.0,0.08352099999999998,DRB3,,,,
DRB3*03:01,DQB1*05:03 / DQA1*01:01,0.112,,0.112,0,,0.0,0.012544000000000001,DRB3,,,,
DRB3*03:01,DQB1*05:03 / DQA1*01:04,0.391,0.391,,6398,6398.0,,0.15288100000000002,DRB3,,,,
DRB3*03:01,DQB1*06:01 / DQA1*01:03,0.276,0.265,0.302,25307,6398.0,18909.0,0.07617600000000001,DRB3,,,,
DRB3*03:01,DQB1*06:01 / DQA1*01:04,0.383,0.384,,6398,6398.0,,0.146689,DRB3,,,,
DRB3*03:01,DQB1*06:01 / DQA1*02:01,0.413,0.414,,6397,6397.0,,0.17056899999999997,DRB3,,,,
DRB3*03:01,DQB1*06:02 / DQA1*01:01,0.288,,0.288,18909,,18909.0,0.08294399999999999,DRB3,,,,
DRB3*03:01,DQB1*06:02 / DQA1*01:02,0.273,0.295,0.29,25307,6398.0,18909.0,0.07452900000000001,DRB3,,,,
DRB3*03:01,DQB1*06:03 / DQA1*01:03,0.273,0.358,0.249,25307,6398.0,18909.0,0.07452900000000001,DRB3,,,,
DRB3*03:01,DQB1*06:04 / DQA1*01:02,0.356,0.43,0.309,25307,6398.0,18909.0,0.126736,DRB3,,,,
DRB3*03:01,DQB1*06:09 / DQA1*01:02,0.313,,0.313,18909,,18909.0,0.097969,DRB3,,,,
DRB3*03:01,DRB4*01:01,0.277,0.497,0.203,25307,6398.0,18909.0,0.07672900000000002,DRB3,,,,
DRB3*03:01,DRB4*01:03,0.172,,0.172,18909,,18909.0,0.029583999999999996,DRB3,,,,
DRB3*03:01,DRB5*01:01,0.342,0.543,0.282,25306,6397.0,18909.0,0.11696400000000001,DRB3,,,,
DRB3*03:01,DRB5*01:02,0.167,,0.167,0,,0.0,0.027889000000000004,DRB3,,,,
DRB3*03:01,DRB5*02:02,0.331,0.515,0.259,25307,6398.0,18909.0,0.109561,DRB3,,,,
DRB4*01:01,DPB1*01:01 / DPA1*01:03,0.385,0.462,0.382,26198,6399.0,19799.0,0.148225,DRB4,,,,
DRB4*01:01,DPB1*01:01 / DPA1*02:01,0.374,0.476,0.405,27199,6398.0,20801.0,0.139876,DRB4,,,,
DRB4*01:01,DPB1*01:01 / DPA1*02:02,0.482,0.482,,6398,6398.0,,0.23232399999999997,DRB4,,,,
DRB4*01:01,DPB1*01:01 / DPA1*03:01,0.451,0.451,,6399,6399.0,,0.203401,DRB4,,,,
DRB4*01:01,DPB1*02:01 / DPA1*01:03,0.284,0.308,0.285,27199,6398.0,20801.0,0.08065599999999999,DRB4,,,,
DRB4*01:01,DPB1*02:02 / DPA1*01:03,0.092,,0.092,0,,0.0,0.008464,DRB4,,,,
DRB4*01:01,DPB1*02:02 / DPA1*02:01,0.364,,0.364,3553,,3553.0,0.132496,DRB4,,,,
DRB4*01:01,DPB1*03:01 / DPA1*01:03,0.311,0.393,0.282,27200,6399.0,20801.0,0.096721,DRB4,,,,
DRB4*01:01,DPB1*03:01 / DPA1*01:04,0.383,,0.383,2287,,2287.0,0.146689,DRB4,,,,
DRB4*01:01,DPB1*03:01 / DPA1*01:05,0.302,,0.302,17512,,17512.0,0.091204,DRB4,,,,
DRB4*01:01,DPB1*03:01 / DPA1*02:01,0.313,,0.313,18909,,18909.0,0.097969,DRB4,,,,
DRB4*01:01,DPB1*04:01 / DPA1*01:03,0.317,0.27,0.322,27200,6399.0,20801.0,0.10048900000000001,DRB4,,,,
DRB4*01:01,DPB1*04:01 / DPA1*02:01,0.412,0.412,,6398,6398.0,,0.16974399999999998,DRB4,,,,
DRB4*01:01,DPB1*04:01 / DPA1*02:02,0.473,0.473,,6398,6398.0,,0.22372899999999998,DRB4,,,,
DRB4*01:01,DPB1*04:01 / DPA1*03:01,0.347,0.347,,6399,6399.0,,0.12040899999999999,DRB4,,,,
DRB4*01:01,DPB1*04:01 / DPA1*04:01,0.463,0.463,,6399,6399.0,,0.21436900000000003,DRB4,,,,
DRB4*01:01,DPB1*04:02 / DPA1*01:03,0.305,0.336,0.304,27199,6398.0,20801.0,0.093025,DRB4,,,,
DRB4*01:01,DPB1*04:02 / DPA1*03:01,0.384,0.384,,6398,6398.0,,0.147456,DRB4,,,,
DRB4*01:01,DPB1*05:01 / DPA1*02:01,0.315,0.307,0.371,27199,6398.0,20801.0,0.09922500000000001,DRB4,,,,
DRB4*01:01,DPB1*05:01 / DPA1*02:02,0.369,0.404,0.433,21830,6398.0,15432.0,0.136161,DRB4,,,,
DRB4*01:01,DPB1*05:01 / DPA1*03:01,0.422,0.422,,6399,6399.0,,0.178084,DRB4,,,,
DRB4*01:01,DPB1*06:01 / DPA1*01:03,0.287,0.313,0.286,21831,6399.0,15432.0,0.08236899999999998,DRB4,,,,
DRB4*01:01,DPB1*06:01 / DPA1*02:01,0.322,,0.322,18909,,18909.0,0.10368400000000001,DRB4,,,,
DRB4*01:01,DPB1*09:01 / DPA1*02:01,0.326,0.406,0.297,27199,6398.0,20801.0,0.10627600000000001,DRB4,,,,
DRB4*01:01,DPB1*105:01 / DPA1*02:01,0.096,,0.096,0,,0.0,0.009216,DRB4,,,,
DRB4*01:01,DPB1*107:01 / DPA1*02:01,0.191,,0.191,0,,0.0,0.036481,DRB4,,,,
DRB4*01:01,DPB1*10:01 / DPA1*02:01,0.315,,0.315,6237,,6237.0,0.09922500000000001,DRB4,,,,
DRB4*01:01,DPB1*10:01 / DPA1*02:02,0.27,,0.27,14564,,14564.0,0.0729,DRB4,,,,
DRB4*01:01,DPB1*11:01 / DPA1*01:03,0.314,,0.314,17512,,17512.0,0.098596,DRB4,,,,
DRB4*01:01,DPB1*11:01 / DPA1*01:04,0.336,,0.336,2265,,2265.0,0.11289600000000001,DRB4,,,,
DRB4*01:01,DPB1*11:01 / DPA1*01:05,0.297,,0.297,2080,,2080.0,0.088209,DRB4,,,,
DRB4*01:01,DPB1*11:01 / DPA1*02:01,0.337,0.325,0.408,9687,6398.0,3289.0,0.11356900000000002,DRB4,,,,
DRB4*01:01,DPB1*11:01 / DPA1*02:02,0.308,,0.308,14564,,14564.0,0.094864,DRB4,,,,
DRB4*01:01,DPB1*13:01 / DPA1*01:04,0.37,,0.37,1397,,1397.0,0.1369,DRB4,,,,
DRB4*01:01,DPB1*13:01 / DPA1*01:05,0.374,,0.374,2080,,2080.0,0.139876,DRB4,,,,
DRB4*01:01,DPB1*13:01 / DPA1*02:01,0.382,0.471,0.369,27031,6398.0,20633.0,0.145924,DRB4,,,,
DRB4*01:01,DPB1*13:01 / DPA1*02:02,0.379,,0.379,15432,,15432.0,0.143641,DRB4,,,,
DRB4*01:01,DPB1*13:01 / DPA1*03:01,0.32,,0.32,15432,,15432.0,0.1024,DRB4,,,,
DRB4*01:01,DPB1*13:01 / DPA1*04:01,0.408,0.443,0.415,9687,6398.0,3289.0,0.16646399999999997,DRB4,,,,
DRB4*01:01,DPB1*14:01 / DPA1*02:01,0.306,0.271,0.282,27199,6398.0,20801.0,0.093636,DRB4,,,,
DRB4*01:01,DPB1*15:01 / DPA1*02:01,0.36,0.482,0.36,27158,6398.0,20760.0,0.1296,DRB4,,,,
DRB4*01:01,DPB1*17:01 / DPA1*02:01,0.354,0.418,0.319,27199,6398.0,20801.0,0.12531599999999998,DRB4,,,,
DRB4*01:01,DPB1*18:01 / DPA1*01:03,0.311,0.311,,6399,6399.0,,0.096721,DRB4,,,,
DRB4*01:01,DPB1*18:01 / DPA1*01:04,0.291,,0.291,19799,,19799.0,0.08468099999999999,DRB4,,,,
DRB4*01:01,DPB1*18:01 / DPA1*01:05,0.286,,0.286,19799,,19799.0,0.08179599999999998,DRB4,,,,
DRB4*01:01,DPB1*18:01 / DPA1*02:01,0.3,,0.3,20760,,20760.0,0.09,DRB4,,,,
DRB4*01:01,DPB1*19:01 / DPA1*01:03,0.304,,0.304,17512,,17512.0,0.092416,DRB4,,,,
DRB4*01:01,DPB1*19:01 / DPA1*02:01,0.24,0.203,0.409,9687,6398.0,3289.0,0.0576,DRB4,,,,
DRB4*01:01,DPB1*20:01 / DPA1*01:03,0.408,,0.408,2287,,2287.0,0.16646399999999997,DRB4,,,,
DRB4*01:01,DPB1*20:01 / DPA1*03:01,0.308,,0.308,15432,,15432.0,0.094864,DRB4,,,,
DRB4*01:01,DPB1*23:01 / DPA1*01:03,0.301,,0.301,15432,,15432.0,0.09060099999999999,DRB4,,,,
DRB4*01:01,DPB1*23:01 / DPA1*02:01,0.348,,0.348,5328,,5328.0,0.12110399999999999,DRB4,,,,
DRB4*01:01,DPB1*26:01 / DPA1*03:01,0.166,,0.166,0,,0.0,0.027556000000000004,DRB4,,,,
DRB4*01:01,DPB1*28:01 / DPA1*01:03,0.278,,0.278,15432,,15432.0,0.07728400000000002,DRB4,,,,
DRB4*01:01,DPB1*28:01 / DPA1*01:04,0.391,,0.391,2287,,2287.0,0.15288100000000002,DRB4,,,,
DRB4*01:01,DPB1*28:01 / DPA1*01:05,0.29,,0.29,17512,,17512.0,0.0841,DRB4,,,,
DRB4*01:01,DPB1*28:01 / DPA1*02:01,0.316,,0.316,2080,,2080.0,0.099856,DRB4,,,,
DRB4*01:01,DPB1*28:01 / DPA1*02:02,0.385,0.382,0.332,7794,6397.0,1397.0,0.148225,DRB4,,,,
DRB4*01:01,DPB1*28:01 / DPA1*04:01,0.307,,0.307,15432,,15432.0,0.094249,DRB4,,,,
DRB4*01:01,DPB1*30:01 / DPA1*02:01,0.171,,0.171,0,,0.0,0.029241000000000003,DRB4,,,,
DRB4*01:01,DPB1*31:01 / DPA1*03:01,0.189,,0.189,0,,0.0,0.035721,DRB4,,,,
DRB4*01:01,DPB1*40:01 / DPA1*01:05,0.168,,0.168,0,,0.0,0.028224000000000003,DRB4,,,,
DRB4*01:01,DPB1*85:01 / DPA1*01:03,0.163,,0.163,0,,0.0,0.026569000000000002,DRB4,,,,
DRB4*01:01,DQB1*02:01 / DQA1*02:01,0.348,0.315,0.403,27198,6397.0,20801.0,0.12110399999999999,DRB4,,,,
DRB4*01:01,DQB1*02:01 / DQA1*03:01,0.39,,0.39,20801,,20801.0,0.1521,DRB4,,,,
DRB4*01:01,DQB1*02:01 / DQA1*04:01,0.333,,0.333,20760,,20760.0,0.11088900000000002,DRB4,,,,
DRB4*01:01,DQB1*02:01 / DQA1*05:01,0.259,0.434,0.238,27198,6397.0,20801.0,0.067081,DRB4,,,,
DRB4*01:01,DQB1*02:02 / DQA1*02:01,0.368,0.374,0.402,27198,6397.0,20801.0,0.135424,DRB4,,,,
DRB4*01:01,DQB1*02:02 / DQA1*03:02,0.406,0.406,,6397,6397.0,,0.164836,DRB4,,,,
DRB4*01:01,DQB1*02:02 / DQA1*05:01,0.421,0.421,,6397,6397.0,,0.17724099999999998,DRB4,,,,
DRB4*01:01,DQB1*03:01 / DQA1*02:01,0.249,,0.249,19799,,19799.0,0.062001,DRB4,,,,
DRB4*01:01,DQB1*03:01 / DQA1*03:01,0.289,0.386,0.269,27197,6396.0,20801.0,0.08352099999999998,DRB4,,,,
DRB4*01:01,DQB1*03:01 / DQA1*03:02,0.361,0.361,,6396,6396.0,,0.130321,DRB4,,,,
DRB4*01:01,DQB1*03:01 / DQA1*05:01,0.292,0.292,,6396,6396.0,,0.08526399999999999,DRB4,,,,
DRB4*01:01,DQB1*03:01 / DQA1*05:03,0.114,,0.114,20760,,20760.0,0.012996,DRB4,,,,
DRB4*01:01,DQB1*03:01 / DQA1*06:01,0.169,0.344,0.132,27197,6396.0,20801.0,0.028561000000000003,DRB4,,,,
DRB4*01:01,DQB1*03:02 / DQA1*01:01,0.37,,0.37,5369,,5369.0,0.1369,DRB4,,,,
DRB4*01:01,DQB1*03:02 / DQA1*02:01,0.312,0.331,0.323,26194,6395.0,19799.0,0.097344,DRB4,,,,
DRB4*01:01,DQB1*03:02 / DQA1*03:01,0.317,0.325,0.328,27197,6396.0,20801.0,0.10048900000000001,DRB4,,,,
DRB4*01:01,DQB1*03:02 / DQA1*03:02,0.304,0.32,0.275,22488,6396.0,16092.0,0.092416,DRB4,,,,
DRB4*01:01,DQB1*03:02 / DQA1*03:03,0.283,,0.283,4541,,4541.0,0.08008899999999998,DRB4,,,,
DRB4*01:01,DQB1*03:03 / DQA1*02:01,0.303,,0.303,20801,,20801.0,0.091809,DRB4,,,,
DRB4*01:01,DQB1*03:03 / DQA1*03:01,0.323,,0.323,20801,,20801.0,0.104329,DRB4,,,,
DRB4*01:01,DQB1*03:03 / DQA1*03:02,0.322,0.41,0.285,27156,6396.0,20760.0,0.10368400000000001,DRB4,,,,
DRB4*01:01,DQB1*03:03 / DQA1*04:01,0.352,0.352,,6396,6396.0,,0.12390399999999999,DRB4,,,,
DRB4*01:01,DQB1*03:03 / DQA1*06:01,0.347,0.347,,6396,6396.0,,0.12040899999999999,DRB4,,,,
DRB4*01:01,DQB1*03:04 / DQA1*03:01,0.332,,0.332,127,,127.0,0.11022400000000002,DRB4,,,,
DRB4*01:01,DQB1*03:19 / DQA1*02:01,0.128,,0.128,0,,0.0,0.016384,DRB4,,,,
DRB4*01:01,DQB1*03:19 / DQA1*05:05,0.107,,0.107,20677,,20677.0,0.011448999999999999,DRB4,,,,
DRB4*01:01,DQB1*04:01 / DQA1*02:01,0.31,0.379,0.327,27197,6396.0,20801.0,0.0961,DRB4,,,,
DRB4*01:01,DQB1*04:01 / DQA1*03:03,0.288,,0.288,20760,,20760.0,0.08294399999999999,DRB4,,,,
DRB4*01:01,DQB1*04:01 / DQA1*04:01,0.394,0.397,,6397,6397.0,,0.155236,DRB4,,,,
DRB4*01:01,DQB1*04:01 / DQA1*05:01,0.368,0.368,,6397,6397.0,,0.135424,DRB4,,,,
DRB4*01:01,DQB1*04:02 / DQA1*02:01,0.307,,0.307,20801,,20801.0,0.094249,DRB4,,,,
DRB4*01:01,DQB1*04:02 / DQA1*03:01,0.442,0.442,,6397,6397.0,,0.195364,DRB4,,,,
DRB4*01:01,DQB1*04:02 / DQA1*04:01,0.256,0.319,0.223,27198,6397.0,20801.0,0.065536,DRB4,,,,
DRB4*01:01,DQB1*04:02 / DQA1*06:01,0.384,0.384,,6397,6397.0,,0.147456,DRB4,,,,
DRB4*01:01,DQB1*05:01 / DQA1*01:01,0.257,0.344,0.198,27200,6399.0,20801.0,0.066049,DRB4,,,,
DRB4*01:01,DQB1*05:01 / DQA1*01:02,0.285,0.285,,6399,6399.0,,0.08122499999999999,DRB4,,,,
DRB4*01:01,DQB1*05:02 / DQA1*01:02,0.258,0.311,0.213,27200,6399.0,20801.0,0.066564,DRB4,,,,
DRB4*01:01,DQB1*05:03 / DQA1*01:01,0.08,,0.08,0,,0.0,0.0064,DRB4,,,,
DRB4*01:01,DQB1*05:03 / DQA1*01:04,0.338,0.338,,6399,6399.0,,0.11424400000000001,DRB4,,,,
DRB4*01:01,DQB1*06:01 / DQA1*01:03,0.166,0.214,0.173,27199,6398.0,20801.0,0.027556000000000004,DRB4,,,,
DRB4*01:01,DQB1*06:01 / DQA1*01:04,0.308,0.31,,6399,6399.0,,0.094864,DRB4,,,,
DRB4*01:01,DQB1*06:01 / DQA1*02:01,0.435,0.437,,6397,6397.0,,0.189225,DRB4,,,,
DRB4*01:01,DQB1*06:02 / DQA1*01:01,0.23,,0.23,20760,,20760.0,0.0529,DRB4,,,,
DRB4*01:01,DQB1*06:02 / DQA1*01:02,0.204,0.224,0.212,27200,6399.0,20801.0,0.04161599999999999,DRB4,,,,
DRB4*01:01,DQB1*06:03 / DQA1*01:03,0.137,0.273,0.101,27158,6398.0,20760.0,0.018769000000000004,DRB4,,,,
DRB4*01:01,DQB1*06:04 / DQA1*01:02,0.278,0.384,0.221,27159,6399.0,20760.0,0.07728400000000002,DRB4,,,,
DRB4*01:01,DQB1*06:09 / DQA1*01:02,0.156,,0.156,20760,,20760.0,0.024336,DRB4,,,,
DRB4*01:01,DRB4*01:03,0.889,,0.889,20801,,20801.0,0.790321,DRB4,,,,
DRB4*01:01,DRB5*01:01,0.393,0.573,0.337,27199,6398.0,20801.0,0.154449,DRB4,,,,
DRB4*01:01,DRB5*01:02,0.203,,0.203,0,,0.0,0.041209,DRB4,,,,
DRB4*01:01,DRB5*02:02,0.449,0.604,0.383,27200,6399.0,20801.0,0.201601,DRB4,,,,
DRB4*01:03,DPB1*01:01 / DPA1*01:03,0.349,,0.349,19799,,19799.0,0.12180099999999998,DRB4,,,,
DRB4*01:03,DPB1*01:01 / DPA1*02:01,0.361,,0.361,20818,,20818.0,0.130321,DRB4,,,,
DRB4*01:03,DPB1*02:01 / DPA1*01:03,0.251,,0.251,20818,,20818.0,0.063001,DRB4,,,,
DRB4*01:03,DPB1*02:02 / DPA1*01:03,0.091,,0.091,0,,0.0,0.008281,DRB4,,,,
DRB4*01:03,DPB1*02:02 / DPA1*02:01,0.3,,0.3,3553,,3553.0,0.09,DRB4,,,,
DRB4*01:03,DPB1*03:01 / DPA1*01:03,0.297,,0.297,20818,,20818.0,0.088209,DRB4,,,,
DRB4*01:03,DPB1*03:01 / DPA1*01:04,0.336,,0.336,2287,,2287.0,0.11289600000000001,DRB4,,,,
DRB4*01:03,DPB1*03:01 / DPA1*01:05,0.291,,0.291,17512,,17512.0,0.08468099999999999,DRB4,,,,
DRB4*01:03,DPB1*03:01 / DPA1*02:01,0.311,,0.311,18909,,18909.0,0.096721,DRB4,,,,
DRB4*01:03,DPB1*04:01 / DPA1*01:03,0.334,,0.334,20818,,20818.0,0.11155600000000002,DRB4,,,,
DRB4*01:03,DPB1*04:02 / DPA1*01:03,0.266,,0.266,20801,,20801.0,0.07075600000000001,DRB4,,,,
DRB4*01:03,DPB1*05:01 / DPA1*02:01,0.356,,0.356,20818,,20818.0,0.126736,DRB4,,,,
DRB4*01:03,DPB1*05:01 / DPA1*02:02,0.383,,0.383,15432,,15432.0,0.146689,DRB4,,,,
DRB4*01:03,DPB1*06:01 / DPA1*01:03,0.267,,0.267,15432,,15432.0,0.071289,DRB4,,,,
DRB4*01:03,DPB1*06:01 / DPA1*02:01,0.309,,0.309,18909,,18909.0,0.095481,DRB4,,,,
DRB4*01:03,DPB1*09:01 / DPA1*02:01,0.329,,0.329,20801,,20801.0,0.108241,DRB4,,,,
DRB4*01:03,DPB1*105:01 / DPA1*02:01,0.089,,0.089,0,,0.0,0.007921,DRB4,,,,
DRB4*01:03,DPB1*107:01 / DPA1*02:01,0.179,,0.179,0,,0.0,0.032041,DRB4,,,,
DRB4*01:03,DPB1*10:01 / DPA1*02:01,0.298,,0.298,6254,,6254.0,0.088804,DRB4,,,,
DRB4*01:03,DPB1*10:01 / DPA1*02:02,0.256,,0.256,14564,,14564.0,0.065536,DRB4,,,,
DRB4*01:03,DPB1*11:01 / DPA1*01:03,0.31,,0.31,17512,,17512.0,0.0961,DRB4,,,,
DRB4*01:03,DPB1*11:01 / DPA1*01:04,0.314,,0.314,2265,,2265.0,0.098596,DRB4,,,,
DRB4*01:03,DPB1*11:01 / DPA1*01:05,0.318,,0.318,2080,,2080.0,0.101124,DRB4,,,,
DRB4*01:03,DPB1*11:01 / DPA1*02:01,0.381,,0.381,3306,,3306.0,0.145161,DRB4,,,,
DRB4*01:03,DPB1*11:01 / DPA1*02:02,0.279,,0.279,14564,,14564.0,0.07784100000000002,DRB4,,,,
DRB4*01:03,DPB1*13:01 / DPA1*01:04,0.398,,0.398,1397,,1397.0,0.15840400000000002,DRB4,,,,
DRB4*01:03,DPB1*13:01 / DPA1*01:05,0.384,,0.384,2080,,2080.0,0.147456,DRB4,,,,
DRB4*01:03,DPB1*13:01 / DPA1*02:01,0.338,,0.338,20633,,20633.0,0.11424400000000001,DRB4,,,,
DRB4*01:03,DPB1*13:01 / DPA1*02:02,0.346,,0.346,15432,,15432.0,0.11971599999999999,DRB4,,,,
DRB4*01:03,DPB1*13:01 / DPA1*03:01,0.296,,0.296,15432,,15432.0,0.08761599999999999,DRB4,,,,
DRB4*01:03,DPB1*13:01 / DPA1*04:01,0.379,,0.379,3306,,3306.0,0.143641,DRB4,,,,
DRB4*01:03,DPB1*14:01 / DPA1*02:01,0.261,,0.261,20801,,20801.0,0.068121,DRB4,,,,
DRB4*01:03,DPB1*15:01 / DPA1*02:01,0.328,,0.328,20760,,20760.0,0.10758400000000001,DRB4,,,,
DRB4*01:03,DPB1*17:01 / DPA1*02:01,0.318,,0.318,20818,,20818.0,0.101124,DRB4,,,,
DRB4*01:03,DPB1*18:01 / DPA1*01:04,0.276,,0.276,19799,,19799.0,0.07617600000000001,DRB4,,,,
DRB4*01:03,DPB1*18:01 / DPA1*01:05,0.278,,0.278,19799,,19799.0,0.07728400000000002,DRB4,,,,
DRB4*01:03,DPB1*18:01 / DPA1*02:01,0.303,,0.303,20760,,20760.0,0.091809,DRB4,,,,
DRB4*01:03,DPB1*19:01 / DPA1*01:03,0.314,,0.314,17512,,17512.0,0.098596,DRB4,,,,
DRB4*01:03,DPB1*19:01 / DPA1*02:01,0.366,,0.366,3289,,3289.0,0.133956,DRB4,,,,
DRB4*01:03,DPB1*20:01 / DPA1*01:03,0.315,,0.315,2287,,2287.0,0.09922500000000001,DRB4,,,,
DRB4*01:03,DPB1*20:01 / DPA1*03:01,0.289,,0.289,15432,,15432.0,0.08352099999999998,DRB4,,,,
DRB4*01:03,DPB1*23:01 / DPA1*01:03,0.312,,0.312,15432,,15432.0,0.097344,DRB4,,,,
DRB4*01:03,DPB1*23:01 / DPA1*02:01,0.33,,0.33,5328,,5328.0,0.10890000000000001,DRB4,,,,
DRB4*01:03,DPB1*26:01 / DPA1*03:01,0.162,,0.162,0,,0.0,0.026244,DRB4,,,,
DRB4*01:03,DPB1*28:01 / DPA1*01:03,0.234,,0.234,15432,,15432.0,0.054756000000000006,DRB4,,,,
DRB4*01:03,DPB1*28:01 / DPA1*01:04,0.278,,0.278,2287,,2287.0,0.07728400000000002,DRB4,,,,
DRB4*01:03,DPB1*28:01 / DPA1*01:05,0.266,,0.266,17512,,17512.0,0.07075600000000001,DRB4,,,,
DRB4*01:03,DPB1*28:01 / DPA1*02:01,0.291,,0.291,2080,,2080.0,0.08468099999999999,DRB4,,,,
DRB4*01:03,DPB1*28:01 / DPA1*02:02,0.297,,0.297,1397,,1397.0,0.088209,DRB4,,,,
DRB4*01:03,DPB1*28:01 / DPA1*04:01,0.288,,0.288,15432,,15432.0,0.08294399999999999,DRB4,,,,
DRB4*01:03,DPB1*30:01 / DPA1*02:01,0.168,,0.168,0,,0.0,0.028224000000000003,DRB4,,,,
DRB4*01:03,DPB1*31:01 / DPA1*03:01,0.175,,0.175,0,,0.0,0.030624999999999996,DRB4,,,,
DRB4*01:03,DPB1*40:01 / DPA1*01:05,0.164,,0.164,0,,0.0,0.026896000000000003,DRB4,,,,
DRB4*01:03,DPB1*85:01 / DPA1*01:03,0.157,,0.157,0,,0.0,0.024649,DRB4,,,,
DRB4*01:03,DQB1*02:01 / DQA1*02:01,0.416,,0.416,20818,,20818.0,0.173056,DRB4,,,,
DRB4*01:03,DQB1*02:01 / DQA1*03:01,0.401,,0.401,20801,,20801.0,0.16080100000000003,DRB4,,,,
DRB4*01:03,DQB1*02:01 / DQA1*04:01,0.337,,0.337,20760,,20760.0,0.11356900000000002,DRB4,,,,
DRB4*01:03,DQB1*02:01 / DQA1*05:01,0.232,,0.232,20801,,20801.0,0.053824000000000004,DRB4,,,,
DRB4*01:03,DQB1*02:02 / DQA1*02:01,0.427,,0.427,20801,,20801.0,0.182329,DRB4,,,,
DRB4*01:03,DQB1*03:01 / DQA1*02:01,0.265,,0.265,19799,,19799.0,0.07022500000000001,DRB4,,,,
DRB4*01:03,DQB1*03:01 / DQA1*03:01,0.272,,0.272,20801,,20801.0,0.07398400000000001,DRB4,,,,
DRB4*01:03,DQB1*03:01 / DQA1*05:03,0.137,,0.137,20760,,20760.0,0.018769000000000004,DRB4,,,,
DRB4*01:03,DQB1*03:01 / DQA1*06:01,0.155,,0.155,20801,,20801.0,0.024025,DRB4,,,,
DRB4*01:03,DQB1*03:02 / DQA1*01:01,0.402,,0.402,5369,,5369.0,0.16160400000000003,DRB4,,,,
DRB4*01:03,DQB1*03:02 / DQA1*02:01,0.322,,0.322,19799,,19799.0,0.10368400000000001,DRB4,,,,
DRB4*01:03,DQB1*03:02 / DQA1*03:01,0.329,,0.329,20801,,20801.0,0.108241,DRB4,,,,
DRB4*01:03,DQB1*03:02 / DQA1*03:02,0.308,,0.308,16092,,16092.0,0.094864,DRB4,,,,
DRB4*01:03,DQB1*03:02 / DQA1*03:03,0.286,,0.286,4541,,4541.0,0.08179599999999998,DRB4,,,,
DRB4*01:03,DQB1*03:03 / DQA1*02:01,0.331,,0.331,20801,,20801.0,0.109561,DRB4,,,,
DRB4*01:03,DQB1*03:03 / DQA1*03:01,0.33,,0.33,20801,,20801.0,0.10890000000000001,DRB4,,,,
DRB4*01:03,DQB1*03:03 / DQA1*03:02,0.315,,0.315,20760,,20760.0,0.09922500000000001,DRB4,,,,
DRB4*01:03,DQB1*03:04 / DQA1*03:01,0.351,,0.351,127,,127.0,0.12320099999999999,DRB4,,,,
DRB4*01:03,DQB1*03:19 / DQA1*02:01,0.122,,0.122,0,,0.0,0.014884,DRB4,,,,
DRB4*01:03,DQB1*03:19 / DQA1*05:05,0.13,,0.13,20677,,20677.0,0.016900000000000002,DRB4,,,,
DRB4*01:03,DQB1*04:01 / DQA1*02:01,0.294,,0.294,20801,,20801.0,0.08643599999999999,DRB4,,,,
DRB4*01:03,DQB1*04:01 / DQA1*03:03,0.281,,0.281,20760,,20760.0,0.07896100000000002,DRB4,,,,
DRB4*01:03,DQB1*04:02 / DQA1*02:01,0.3,,0.3,20801,,20801.0,0.09,DRB4,,,,
DRB4*01:03,DQB1*04:02 / DQA1*04:01,0.22,,0.22,20818,,20818.0,0.0484,DRB4,,,,
DRB4*01:03,DQB1*05:01 / DQA1*01:01,0.197,,0.197,20801,,20801.0,0.038809,DRB4,,,,
DRB4*01:03,DQB1*05:02 / DQA1*01:02,0.204,,0.204,20818,,20818.0,0.04161599999999999,DRB4,,,,
DRB4*01:03,DQB1*05:03 / DQA1*01:01,0.062,,0.062,0,,0.0,0.0038439999999999998,DRB4,,,,
DRB4*01:03,DQB1*06:01 / DQA1*01:03,0.168,,0.168,20801,,20801.0,0.028224000000000003,DRB4,,,,
DRB4*01:03,DQB1*06:02 / DQA1*01:01,0.175,,0.175,20760,,20760.0,0.030624999999999996,DRB4,,,,
DRB4*01:03,DQB1*06:02 / DQA1*01:02,0.176,,0.176,20818,,20818.0,0.030975999999999997,DRB4,,,,
DRB4*01:03,DQB1*06:03 / DQA1*01:03,0.088,,0.088,20760,,20760.0,0.007743999999999999,DRB4,,,,
DRB4*01:03,DQB1*06:04 / DQA1*01:02,0.194,,0.194,20760,,20760.0,0.037636,DRB4,,,,
DRB4*01:03,DQB1*06:09 / DQA1*01:02,0.159,,0.159,20760,,20760.0,0.025281,DRB4,,,,
DRB4*01:03,DRB5*01:01,0.314,,0.314,20818,,20818.0,0.098596,DRB4,,,,
DRB4*01:03,DRB5*01:02,0.19,,0.19,0,,0.0,0.0361,DRB4,,,,
DRB4*01:03,DRB5*02:02,0.398,,0.398,20801,,20801.0,0.15840400000000002,DRB4,,,,
DRB5*01:01,DPB1*01:01 / DPA1*01:03,0.313,0.409,0.306,26197,6398.0,19799.0,0.097969,DRB5,,,,
DRB5*01:01,DPB1*01:01 / DPA1*02:01,0.234,0.416,0.241,27215,6397.0,20818.0,0.054756000000000006,DRB5,,,,
DRB5*01:01,DPB1*01:01 / DPA1*02:02,0.405,0.405,,6397,6397.0,,0.16402500000000003,DRB5,,,,
DRB5*01:01,DPB1*01:01 / DPA1*03:01,0.41,0.41,,6398,6398.0,,0.16809999999999997,DRB5,,,,
DRB5*01:01,DPB1*02:01 / DPA1*01:03,0.316,0.353,0.319,27215,6397.0,20818.0,0.099856,DRB5,,,,
DRB5*01:01,DPB1*02:02 / DPA1*01:03,0.034,,0.034,0,,0.0,0.0011560000000000001,DRB5,,,,
DRB5*01:01,DPB1*02:02 / DPA1*02:01,0.345,,0.345,3553,,3553.0,0.11902499999999998,DRB5,,,,
DRB5*01:01,DPB1*03:01 / DPA1*01:03,0.323,0.41,0.301,27216,6398.0,20818.0,0.104329,DRB5,,,,
DRB5*01:01,DPB1*03:01 / DPA1*01:04,0.406,,0.406,2287,,2287.0,0.164836,DRB5,,,,
DRB5*01:01,DPB1*03:01 / DPA1*01:05,0.326,,0.326,17512,,17512.0,0.10627600000000001,DRB5,,,,
DRB5*01:01,DPB1*03:01 / DPA1*02:01,0.313,,0.313,18909,,18909.0,0.097969,DRB5,,,,
DRB5*01:01,DPB1*04:01 / DPA1*01:03,0.288,0.272,0.291,27216,6398.0,20818.0,0.08294399999999999,DRB5,,,,
DRB5*01:01,DPB1*04:01 / DPA1*02:01,0.4,0.4,,6397,6397.0,,0.16000000000000003,DRB5,,,,
DRB5*01:01,DPB1*04:01 / DPA1*02:02,0.437,0.437,,6397,6397.0,,0.190969,DRB5,,,,
DRB5*01:01,DPB1*04:01 / DPA1*03:01,0.345,0.345,,6398,6398.0,,0.11902499999999998,DRB5,,,,
DRB5*01:01,DPB1*04:01 / DPA1*04:01,0.408,0.408,,6398,6398.0,,0.16646399999999997,DRB5,,,,
DRB5*01:01,DPB1*04:02 / DPA1*01:03,0.297,0.316,0.297,27198,6397.0,20801.0,0.088209,DRB5,,,,
DRB5*01:01,DPB1*04:02 / DPA1*03:01,0.425,0.425,,6397,6397.0,,0.18062499999999998,DRB5,,,,
DRB5*01:01,DPB1*05:01 / DPA1*02:01,0.281,0.27,0.331,27215,6397.0,20818.0,0.07896100000000002,DRB5,,,,
DRB5*01:01,DPB1*05:01 / DPA1*02:02,0.241,0.364,0.266,21829,6397.0,15432.0,0.058080999999999994,DRB5,,,,
DRB5*01:01,DPB1*05:01 / DPA1*03:01,0.387,0.387,,6398,6398.0,,0.149769,DRB5,,,,
DRB5*01:01,DPB1*06:01 / DPA1*01:03,0.36,0.341,0.377,21830,6398.0,15432.0,0.1296,DRB5,,,,
DRB5*01:01,DPB1*06:01 / DPA1*02:01,0.333,,0.333,18909,,18909.0,0.11088900000000002,DRB5,,,,
DRB5*01:01,DPB1*09:01 / DPA1*02:01,0.321,0.402,0.299,27198,6397.0,20801.0,0.10304100000000001,DRB5,,,,
DRB5*01:01,DPB1*105:01 / DPA1*02:01,0.085,,0.085,0,,0.0,0.007225000000000001,DRB5,,,,
DRB5*01:01,DPB1*107:01 / DPA1*02:01,0.091,,0.091,0,,0.0,0.008281,DRB5,,,,
DRB5*01:01,DPB1*10:01 / DPA1*02:01,0.349,,0.349,6254,,6254.0,0.12180099999999998,DRB5,,,,
DRB5*01:01,DPB1*10:01 / DPA1*02:02,0.296,,0.296,14564,,14564.0,0.08761599999999999,DRB5,,,,
DRB5*01:01,DPB1*11:01 / DPA1*01:03,0.361,,0.361,17512,,17512.0,0.130321,DRB5,,,,
DRB5*01:01,DPB1*11:01 / DPA1*01:04,0.404,,0.404,2265,,2265.0,0.16321600000000003,DRB5,,,,
DRB5*01:01,DPB1*11:01 / DPA1*01:05,0.402,,0.402,2080,,2080.0,0.16160400000000003,DRB5,,,,
DRB5*01:01,DPB1*11:01 / DPA1*02:01,0.337,0.3,0.446,9703,6397.0,3306.0,0.11356900000000002,DRB5,,,,
DRB5*01:01,DPB1*11:01 / DPA1*02:02,0.295,,0.295,14564,,14564.0,0.08702499999999999,DRB5,,,,
DRB5*01:01,DPB1*13:01 / DPA1*01:04,0.397,,0.397,1397,,1397.0,0.15760900000000003,DRB5,,,,
DRB5*01:01,DPB1*13:01 / DPA1*01:05,0.413,,0.413,2080,,2080.0,0.17056899999999997,DRB5,,,,
DRB5*01:01,DPB1*13:01 / DPA1*02:01,0.339,0.403,0.334,27030,6397.0,20633.0,0.11492100000000001,DRB5,,,,
DRB5*01:01,DPB1*13:01 / DPA1*02:02,0.324,,0.324,15432,,15432.0,0.104976,DRB5,,,,
DRB5*01:01,DPB1*13:01 / DPA1*03:01,0.372,,0.372,15432,,15432.0,0.138384,DRB5,,,,
DRB5*01:01,DPB1*13:01 / DPA1*04:01,0.368,0.369,0.42,9703,6397.0,3306.0,0.135424,DRB5,,,,
DRB5*01:01,DPB1*14:01 / DPA1*02:01,0.299,0.277,0.282,27198,6397.0,20801.0,0.089401,DRB5,,,,
DRB5*01:01,DPB1*15:01 / DPA1*02:01,0.332,0.442,0.335,27157,6397.0,20760.0,0.11022400000000002,DRB5,,,,
DRB5*01:01,DPB1*17:01 / DPA1*02:01,0.359,0.391,0.339,27215,6397.0,20818.0,0.128881,DRB5,,,,
DRB5*01:01,DPB1*18:01 / DPA1*01:03,0.341,0.341,,6398,6398.0,,0.11628100000000002,DRB5,,,,
DRB5*01:01,DPB1*18:01 / DPA1*01:04,0.337,,0.337,19799,,19799.0,0.11356900000000002,DRB5,,,,
DRB5*01:01,DPB1*18:01 / DPA1*01:05,0.333,,0.333,19799,,19799.0,0.11088900000000002,DRB5,,,,
DRB5*01:01,DPB1*18:01 / DPA1*02:01,0.322,,0.322,20760,,20760.0,0.10368400000000001,DRB5,,,,
DRB5*01:01,DPB1*19:01 / DPA1*01:03,0.281,,0.281,17512,,17512.0,0.07896100000000002,DRB5,,,,
DRB5*01:01,DPB1*19:01 / DPA1*02:01,0.251,0.238,0.379,9686,6397.0,3289.0,0.063001,DRB5,,,,
DRB5*01:01,DPB1*20:01 / DPA1*01:03,0.416,,0.416,2287,,2287.0,0.173056,DRB5,,,,
DRB5*01:01,DPB1*20:01 / DPA1*03:01,0.304,,0.304,15432,,15432.0,0.092416,DRB5,,,,
DRB5*01:01,DPB1*23:01 / DPA1*01:03,0.271,,0.271,15432,,15432.0,0.073441,DRB5,,,,
DRB5*01:01,DPB1*23:01 / DPA1*02:01,0.364,,0.364,5328,,5328.0,0.132496,DRB5,,,,
DRB5*01:01,DPB1*26:01 / DPA1*03:01,0.08,,0.08,0,,0.0,0.0064,DRB5,,,,
DRB5*01:01,DPB1*28:01 / DPA1*01:03,0.293,,0.293,15432,,15432.0,0.085849,DRB5,,,,
DRB5*01:01,DPB1*28:01 / DPA1*01:04,0.379,,0.379,2287,,2287.0,0.143641,DRB5,,,,
DRB5*01:01,DPB1*28:01 / DPA1*01:05,0.316,,0.316,17512,,17512.0,0.099856,DRB5,,,,
DRB5*01:01,DPB1*28:01 / DPA1*02:01,0.378,,0.378,2080,,2080.0,0.142884,DRB5,,,,
DRB5*01:01,DPB1*28:01 / DPA1*02:02,0.398,0.399,0.36,7793,6396.0,1397.0,0.15840400000000002,DRB5,,,,
DRB5*01:01,DPB1*28:01 / DPA1*04:01,0.31,,0.31,15432,,15432.0,0.0961,DRB5,,,,
DRB5*01:01,DPB1*30:01 / DPA1*02:01,0.063,,0.063,0,,0.0,0.003969,DRB5,,,,
DRB5*01:01,DPB1*31:01 / DPA1*03:01,0.075,,0.075,0,,0.0,0.005625,DRB5,,,,
DRB5*01:01,DPB1*40:01 / DPA1*01:05,0.079,,0.079,0,,0.0,0.006241,DRB5,,,,
DRB5*01:01,DPB1*85:01 / DPA1*01:03,0.079,,0.079,0,,0.0,0.006241,DRB5,,,,
DRB5*01:01,DQB1*02:01 / DQA1*02:01,0.211,0.19,0.255,27215,6397.0,20818.0,0.044521,DRB5,,,,
DRB5*01:01,DQB1*02:01 / DQA1*03:01,0.242,,0.242,20801,,20801.0,0.058564,DRB5,,,,
DRB5*01:01,DQB1*02:01 / DQA1*04:01,0.25,,0.25,20760,,20760.0,0.0625,DRB5,,,,
DRB5*01:01,DQB1*02:01 / DQA1*05:01,0.2,0.378,0.179,27198,6397.0,20801.0,0.04000000000000001,DRB5,,,,
DRB5*01:01,DQB1*02:02 / DQA1*02:01,0.219,0.278,0.236,27198,6397.0,20801.0,0.047961,DRB5,,,,
DRB5*01:01,DQB1*02:02 / DQA1*03:02,0.321,0.321,,6397,6397.0,,0.10304100000000001,DRB5,,,,
DRB5*01:01,DQB1*02:02 / DQA1*05:01,0.354,0.354,,6397,6397.0,,0.12531599999999998,DRB5,,,,
DRB5*01:01,DQB1*03:01 / DQA1*02:01,0.208,,0.208,19799,,19799.0,0.043264,DRB5,,,,
DRB5*01:01,DQB1*03:01 / DQA1*03:01,0.256,0.364,0.239,27197,6396.0,20801.0,0.065536,DRB5,,,,
DRB5*01:01,DQB1*03:01 / DQA1*03:02,0.32,0.32,,6396,6396.0,,0.1024,DRB5,,,,
DRB5*01:01,DQB1*03:01 / DQA1*05:01,0.301,0.301,,6396,6396.0,,0.09060099999999999,DRB5,,,,
DRB5*01:01,DQB1*03:01 / DQA1*05:03,0.153,,0.153,20760,,20760.0,0.023409,DRB5,,,,
DRB5*01:01,DQB1*03:01 / DQA1*06:01,0.195,0.372,0.164,27197,6396.0,20801.0,0.038025,DRB5,,,,
DRB5*01:01,DQB1*03:02 / DQA1*01:01,0.29,,0.29,5369,,5369.0,0.0841,DRB5,,,,
DRB5*01:01,DQB1*03:02 / DQA1*02:01,0.241,0.28,0.249,26194,6395.0,19799.0,0.058080999999999994,DRB5,,,,
DRB5*01:01,DQB1*03:02 / DQA1*03:01,0.247,0.27,0.256,27197,6396.0,20801.0,0.061009,DRB5,,,,
DRB5*01:01,DQB1*03:02 / DQA1*03:02,0.213,0.291,0.179,22488,6396.0,16092.0,0.045369,DRB5,,,,
DRB5*01:01,DQB1*03:02 / DQA1*03:03,0.189,,0.189,4541,,4541.0,0.035721,DRB5,,,,
DRB5*01:01,DQB1*03:03 / DQA1*02:01,0.221,,0.221,20801,,20801.0,0.048841,DRB5,,,,
DRB5*01:01,DQB1*03:03 / DQA1*03:01,0.241,,0.241,20801,,20801.0,0.058080999999999994,DRB5,,,,
DRB5*01:01,DQB1*03:03 / DQA1*03:02,0.234,0.35,0.201,27156,6396.0,20760.0,0.054756000000000006,DRB5,,,,
DRB5*01:01,DQB1*03:03 / DQA1*04:01,0.355,0.355,,6396,6396.0,,0.126025,DRB5,,,,
DRB5*01:01,DQB1*03:03 / DQA1*06:01,0.36,0.36,,6396,6396.0,,0.1296,DRB5,,,,
DRB5*01:01,DQB1*03:04 / DQA1*03:01,0.377,,0.377,127,,127.0,0.142129,DRB5,,,,
DRB5*01:01,DQB1*03:19 / DQA1*02:01,0.138,,0.138,0,,0.0,0.019044000000000002,DRB5,,,,
DRB5*01:01,DQB1*03:19 / DQA1*05:05,0.15,,0.15,20677,,20677.0,0.0225,DRB5,,,,
DRB5*01:01,DQB1*04:01 / DQA1*02:01,0.387,0.404,0.415,27197,6396.0,20801.0,0.149769,DRB5,,,,
DRB5*01:01,DQB1*04:01 / DQA1*03:03,0.332,,0.332,20760,,20760.0,0.11022400000000002,DRB5,,,,
DRB5*01:01,DQB1*04:01 / DQA1*04:01,0.467,0.467,,6397,6397.0,,0.21808900000000003,DRB5,,,,
DRB5*01:01,DQB1*04:01 / DQA1*05:01,0.456,0.456,,6397,6397.0,,0.207936,DRB5,,,,
DRB5*01:01,DQB1*04:02 / DQA1*02:01,0.37,,0.37,20801,,20801.0,0.1369,DRB5,,,,
DRB5*01:01,DQB1*04:02 / DQA1*03:01,0.474,0.474,,6397,6397.0,,0.224676,DRB5,,,,
DRB5*01:01,DQB1*04:02 / DQA1*04:01,0.38,0.396,0.362,27215,6397.0,20818.0,0.1444,DRB5,,,,
DRB5*01:01,DQB1*04:02 / DQA1*06:01,0.462,0.462,,6397,6397.0,,0.21344400000000002,DRB5,,,,
DRB5*01:01,DQB1*05:01 / DQA1*01:01,0.429,0.472,0.387,27199,6398.0,20801.0,0.18404099999999998,DRB5,,,,
DRB5*01:01,DQB1*05:01 / DQA1*01:02,0.428,0.428,,6398,6398.0,,0.18318399999999999,DRB5,,,,
DRB5*01:01,DQB1*05:02 / DQA1*01:02,0.452,0.43,0.429,27216,6398.0,20818.0,0.204304,DRB5,,,,
DRB5*01:01,DQB1*05:03 / DQA1*01:01,0.313,,0.313,0,,0.0,0.097969,DRB5,,,,
DRB5*01:01,DQB1*05:03 / DQA1*01:04,0.48,0.48,,6398,6398.0,,0.2304,DRB5,,,,
DRB5*01:01,DQB1*06:01 / DQA1*01:03,0.401,0.383,0.425,27198,6397.0,20801.0,0.16080100000000003,DRB5,,,,
DRB5*01:01,DQB1*06:01 / DQA1*01:04,0.47,0.47,,6398,6398.0,,0.22089999999999999,DRB5,,,,
DRB5*01:01,DQB1*06:01 / DQA1*02:01,0.489,0.49,,6397,6397.0,,0.239121,DRB5,,,,
DRB5*01:01,DQB1*06:02 / DQA1*01:01,0.452,,0.452,20760,,20760.0,0.204304,DRB5,,,,
DRB5*01:01,DQB1*06:02 / DQA1*01:02,0.439,0.406,0.462,27216,6398.0,20818.0,0.192721,DRB5,,,,
DRB5*01:01,DQB1*06:03 / DQA1*01:03,0.406,0.446,0.392,27157,6397.0,20760.0,0.164836,DRB5,,,,
DRB5*01:01,DQB1*06:04 / DQA1*01:02,0.484,0.504,0.449,27158,6398.0,20760.0,0.234256,DRB5,,,,
DRB5*01:01,DQB1*06:09 / DQA1*01:02,0.391,,0.391,20760,,20760.0,0.15288100000000002,DRB5,,,,
DRB5*01:01,DRB5*01:02,0.94,,0.94,0,,0.0,0.8835999999999999,DRB5,,,,
DRB5*01:01,DRB5*02:02,0.803,0.885,0.766,27199,6398.0,20801.0,0.6448090000000001,DRB5,,,,
DRB5*01:02,DPB1*01:01 / DPA1*01:03,0.07,,0.07,0,,0.0,0.004900000000000001,DRB5,,,,
DRB5*01:02,DPB1*01:01 / DPA1*02:01,0.059,,0.059,0,,0.0,0.0034809999999999997,DRB5,,,,
DRB5*01:02,DPB1*02:01 / DPA1*01:03,0.122,,0.122,0,,0.0,0.014884,DRB5,,,,
DRB5*01:02,DPB1*02:02 / DPA1*01:03,0.093,,0.093,0,,0.0,0.008649,DRB5,,,,
DRB5*01:02,DPB1*03:01 / DPA1*01:03,0.104,,0.104,0,,0.0,0.010816,DRB5,,,,
DRB5*01:02,DPB1*03:01 / DPA1*01:05,0.118,,0.118,0,,0.0,0.013923999999999999,DRB5,,,,
DRB5*01:02,DPB1*03:01 / DPA1*02:01,0.121,,0.121,0,,0.0,0.014641,DRB5,,,,
DRB5*01:02,DPB1*04:01 / DPA1*01:03,0.031,,0.031,0,,0.0,0.0009609999999999999,DRB5,,,,
DRB5*01:02,DPB1*04:02 / DPA1*01:03,0.128,,0.128,0,,0.0,0.016384,DRB5,,,,
DRB5*01:02,DPB1*05:01 / DPA1*02:01,0.125,,0.125,0,,0.0,0.015625,DRB5,,,,
DRB5*01:02,DPB1*05:01 / DPA1*02:02,0.086,,0.086,0,,0.0,0.007395999999999999,DRB5,,,,
DRB5*01:02,DPB1*06:01 / DPA1*01:03,0.122,,0.122,0,,0.0,0.014884,DRB5,,,,
DRB5*01:02,DPB1*06:01 / DPA1*02:01,0.112,,0.112,0,,0.0,0.012544000000000001,DRB5,,,,
DRB5*01:02,DPB1*09:01 / DPA1*02:01,0.1,,0.1,0,,0.0,0.010000000000000002,DRB5,,,,
DRB5*01:02,DPB1*105:01 / DPA1*02:01,0.118,,0.118,0,,0.0,0.013923999999999999,DRB5,,,,
DRB5*01:02,DPB1*107:01 / DPA1*02:01,0.116,,0.116,0,,0.0,0.013456000000000001,DRB5,,,,
DRB5*01:02,DPB1*10:01 / DPA1*02:02,0.089,,0.089,0,,0.0,0.007921,DRB5,,,,
DRB5*01:02,DPB1*11:01 / DPA1*01:03,0.093,,0.093,0,,0.0,0.008649,DRB5,,,,
DRB5*01:02,DPB1*11:01 / DPA1*02:02,0.101,,0.101,0,,0.0,0.010201000000000002,DRB5,,,,
DRB5*01:02,DPB1*13:01 / DPA1*02:01,0.126,,0.126,0,,0.0,0.015876,DRB5,,,,
DRB5*01:02,DPB1*13:01 / DPA1*02:02,0.092,,0.092,0,,0.0,0.008464,DRB5,,,,
DRB5*01:02,DPB1*13:01 / DPA1*03:01,0.112,,0.112,0,,0.0,0.012544000000000001,DRB5,,,,
DRB5*01:02,DPB1*14:01 / DPA1*02:01,0.086,,0.086,0,,0.0,0.007395999999999999,DRB5,,,,
DRB5*01:02,DPB1*15:01 / DPA1*02:01,0.108,,0.108,0,,0.0,0.011663999999999999,DRB5,,,,
DRB5*01:02,DPB1*17:01 / DPA1*02:01,0.092,,0.092,0,,0.0,0.008464,DRB5,,,,
DRB5*01:02,DPB1*18:01 / DPA1*01:04,0.133,,0.133,0,,0.0,0.017689000000000003,DRB5,,,,
DRB5*01:02,DPB1*18:01 / DPA1*01:05,0.133,,0.133,0,,0.0,0.017689000000000003,DRB5,,,,
DRB5*01:02,DPB1*18:01 / DPA1*02:01,0.12,,0.12,0,,0.0,0.0144,DRB5,,,,
DRB5*01:02,DPB1*19:01 / DPA1*01:03,0.082,,0.082,0,,0.0,0.006724000000000001,DRB5,,,,
DRB5*01:02,DPB1*20:01 / DPA1*03:01,0.112,,0.112,0,,0.0,0.012544000000000001,DRB5,,,,
DRB5*01:02,DPB1*23:01 / DPA1*01:03,0.035,,0.035,0,,0.0,0.0012250000000000002,DRB5,,,,
DRB5*01:02,DPB1*26:01 / DPA1*03:01,0.117,,0.117,0,,0.0,0.013689000000000002,DRB5,,,,
DRB5*01:02,DPB1*28:01 / DPA1*01:03,0.145,,0.145,0,,0.0,0.021025,DRB5,,,,
DRB5*01:02,DPB1*28:01 / DPA1*01:05,0.114,,0.114,0,,0.0,0.012996,DRB5,,,,
DRB5*01:02,DPB1*28:01 / DPA1*04:01,0.08,,0.08,0,,0.0,0.0064,DRB5,,,,
DRB5*01:02,DPB1*30:01 / DPA1*02:01,0.091,,0.091,0,,0.0,0.008281,DRB5,,,,
DRB5*01:02,DPB1*31:01 / DPA1*03:01,0.097,,0.097,0,,0.0,0.009409,DRB5,,,,
DRB5*01:02,DPB1*40:01 / DPA1*01:05,0.117,,0.117,0,,0.0,0.013689000000000002,DRB5,,,,
DRB5*01:02,DPB1*85:01 / DPA1*01:03,0.114,,0.114,0,,0.0,0.012996,DRB5,,,,
DRB5*01:02,DQB1*02:01 / DQA1*02:01,0.06,,0.06,0,,0.0,0.0036,DRB5,,,,
DRB5*01:02,DQB1*02:01 / DQA1*03:01,0.1,,0.1,0,,0.0,0.010000000000000002,DRB5,,,,
DRB5*01:02,DQB1*02:01 / DQA1*04:01,0.113,,0.113,0,,0.0,0.012769,DRB5,,,,
DRB5*01:02,DQB1*02:01 / DQA1*05:01,0.075,,0.075,0,,0.0,0.005625,DRB5,,,,
DRB5*01:02,DQB1*02:02 / DQA1*02:01,0.069,,0.069,0,,0.0,0.0047610000000000005,DRB5,,,,
DRB5*01:02,DQB1*03:01 / DQA1*02:01,0.146,,0.146,0,,0.0,0.021315999999999998,DRB5,,,,
DRB5*01:02,DQB1*03:01 / DQA1*03:01,0.149,,0.149,0,,0.0,0.022201,DRB5,,,,
DRB5*01:02,DQB1*03:01 / DQA1*05:03,0.126,,0.126,0,,0.0,0.015876,DRB5,,,,
DRB5*01:02,DQB1*03:01 / DQA1*06:01,0.12,,0.12,0,,0.0,0.0144,DRB5,,,,
DRB5*01:02,DQB1*03:02 / DQA1*02:01,0.146,,0.146,0,,0.0,0.021315999999999998,DRB5,,,,
DRB5*01:02,DQB1*03:02 / DQA1*03:01,0.131,,0.131,0,,0.0,0.017161000000000003,DRB5,,,,
DRB5*01:02,DQB1*03:02 / DQA1*03:02,0.26,,0.26,0,,0.0,0.06760000000000001,DRB5,,,,
DRB5*01:02,DQB1*03:02 / DQA1*03:03,0.113,,0.113,0,,0.0,0.012769,DRB5,,,,
DRB5*01:02,DQB1*03:03 / DQA1*02:01,0.132,,0.132,0,,0.0,0.017424000000000002,DRB5,,,,
DRB5*01:02,DQB1*03:03 / DQA1*03:01,0.137,,0.137,0,,0.0,0.018769000000000004,DRB5,,,,
DRB5*01:02,DQB1*03:03 / DQA1*03:02,0.148,,0.148,0,,0.0,0.021903999999999996,DRB5,,,,
DRB5*01:02,DQB1*03:19 / DQA1*02:01,0.147,,0.147,0,,0.0,0.021608999999999996,DRB5,,,,
DRB5*01:02,DQB1*03:19 / DQA1*05:05,0.11,,0.11,0,,0.0,0.0121,DRB5,,,,
DRB5*01:02,DQB1*04:01 / DQA1*02:01,0.242,,0.242,0,,0.0,0.058564,DRB5,,,,
DRB5*01:02,DQB1*04:01 / DQA1*03:03,0.233,,0.233,0,,0.0,0.054289000000000004,DRB5,,,,
DRB5*01:02,DQB1*04:02 / DQA1*02:01,0.227,,0.227,0,,0.0,0.051529000000000005,DRB5,,,,
DRB5*01:02,DQB1*04:02 / DQA1*04:01,0.209,,0.209,0,,0.0,0.043681,DRB5,,,,
DRB5*01:02,DQB1*05:01 / DQA1*01:01,0.313,,0.313,0,,0.0,0.097969,DRB5,,,,
DRB5*01:02,DQB1*05:02 / DQA1*01:02,0.308,,0.308,0,,0.0,0.094864,DRB5,,,,
DRB5*01:02,DQB1*05:03 / DQA1*01:01,0.333,,0.333,0,,0.0,0.11088900000000002,DRB5,,,,
DRB5*01:02,DQB1*06:01 / DQA1*01:03,0.371,,0.371,0,,0.0,0.13764099999999999,DRB5,,,,
DRB5*01:02,DQB1*06:02 / DQA1*01:01,0.353,,0.353,0,,0.0,0.12460899999999998,DRB5,,,,
DRB5*01:02,DQB1*06:02 / DQA1*01:02,0.361,,0.361,0,,0.0,0.130321,DRB5,,,,
DRB5*01:02,DQB1*06:03 / DQA1*01:03,0.342,,0.342,0,,0.0,0.11696400000000001,DRB5,,,,
DRB5*01:02,DQB1*06:04 / DQA1*01:02,0.328,,0.328,0,,0.0,0.10758400000000001,DRB5,,,,
DRB5*01:02,DQB1*06:09 / DQA1*01:02,0.337,,0.337,0,,0.0,0.11356900000000002,DRB5,,,,
DRB5*01:02,DRB5*02:02,0.796,,0.796,0,,0.0,0.6336160000000001,DRB5,,,,
DRB5*02:02,DPB1*01:01 / DPA1*01:03,0.319,0.45,0.314,26198,6399.0,19799.0,0.101761,DRB5,,,,
DRB5*02:02,DPB1*01:01 / DPA1*02:01,0.242,0.404,0.267,27199,6398.0,20801.0,0.058564,DRB5,,,,
DRB5*02:02,DPB1*01:01 / DPA1*02:02,0.421,0.421,,6398,6398.0,,0.17724099999999998,DRB5,,,,
DRB5*02:02,DPB1*01:01 / DPA1*03:01,0.457,0.457,,6399,6399.0,,0.208849,DRB5,,,,
DRB5*02:02,DPB1*02:01 / DPA1*01:03,0.337,0.326,0.356,27199,6398.0,20801.0,0.11356900000000002,DRB5,,,,
DRB5*02:02,DPB1*02:02 / DPA1*01:03,0.073,,0.073,0,,0.0,0.0053289999999999995,DRB5,,,,
DRB5*02:02,DPB1*02:02 / DPA1*02:01,0.37,,0.37,3553,,3553.0,0.1369,DRB5,,,,
DRB5*02:02,DPB1*03:01 / DPA1*01:03,0.363,0.425,0.351,27200,6399.0,20801.0,0.131769,DRB5,,,,
DRB5*02:02,DPB1*03:01 / DPA1*01:04,0.432,,0.432,2287,,2287.0,0.18662399999999998,DRB5,,,,
DRB5*02:02,DPB1*03:01 / DPA1*01:05,0.364,,0.364,17512,,17512.0,0.132496,DRB5,,,,
DRB5*02:02,DPB1*03:01 / DPA1*02:01,0.363,,0.363,18909,,18909.0,0.131769,DRB5,,,,
DRB5*02:02,DPB1*04:01 / DPA1*01:03,0.362,0.28,0.39,27200,6399.0,20801.0,0.131044,DRB5,,,,
DRB5*02:02,DPB1*04:01 / DPA1*02:01,0.401,0.401,,6398,6398.0,,0.16080100000000003,DRB5,,,,
DRB5*02:02,DPB1*04:01 / DPA1*02:02,0.427,0.427,,6398,6398.0,,0.182329,DRB5,,,,
DRB5*02:02,DPB1*04:01 / DPA1*03:01,0.349,0.349,,6399,6399.0,,0.12180099999999998,DRB5,,,,
DRB5*02:02,DPB1*04:01 / DPA1*04:01,0.429,0.429,,6399,6399.0,,0.18404099999999998,DRB5,,,,
DRB5*02:02,DPB1*04:02 / DPA1*01:03,0.342,0.351,0.359,27199,6398.0,20801.0,0.11696400000000001,DRB5,,,,
DRB5*02:02,DPB1*04:02 / DPA1*03:01,0.395,0.395,,6398,6398.0,,0.15602500000000002,DRB5,,,,
DRB5*02:02,DPB1*05:01 / DPA1*02:01,0.311,0.273,0.396,27199,6398.0,20801.0,0.096721,DRB5,,,,
DRB5*02:02,DPB1*05:01 / DPA1*02:02,0.238,0.375,0.288,21830,6398.0,15432.0,0.05664399999999999,DRB5,,,,
DRB5*02:02,DPB1*05:01 / DPA1*03:01,0.412,0.412,,6399,6399.0,,0.16974399999999998,DRB5,,,,
DRB5*02:02,DPB1*06:01 / DPA1*01:03,0.34,0.345,0.362,21831,6399.0,15432.0,0.11560000000000002,DRB5,,,,
DRB5*02:02,DPB1*06:01 / DPA1*02:01,0.368,,0.368,18909,,18909.0,0.135424,DRB5,,,,
DRB5*02:02,DPB1*09:01 / DPA1*02:01,0.364,0.408,0.356,27199,6398.0,20801.0,0.132496,DRB5,,,,
DRB5*02:02,DPB1*105:01 / DPA1*02:01,0.113,,0.113,0,,0.0,0.012769,DRB5,,,,
DRB5*02:02,DPB1*107:01 / DPA1*02:01,0.163,,0.163,0,,0.0,0.026569000000000002,DRB5,,,,
DRB5*02:02,DPB1*10:01 / DPA1*02:01,0.344,,0.344,6237,,6237.0,0.11833599999999998,DRB5,,,,
DRB5*02:02,DPB1*10:01 / DPA1*02:02,0.34,,0.34,14564,,14564.0,0.11560000000000002,DRB5,,,,
DRB5*02:02,DPB1*11:01 / DPA1*01:03,0.396,,0.396,17512,,17512.0,0.156816,DRB5,,,,
DRB5*02:02,DPB1*11:01 / DPA1*01:04,0.414,,0.414,2265,,2265.0,0.171396,DRB5,,,,
DRB5*02:02,DPB1*11:01 / DPA1*01:05,0.383,,0.383,2080,,2080.0,0.146689,DRB5,,,,
DRB5*02:02,DPB1*11:01 / DPA1*02:01,0.333,0.3,0.494,9687,6398.0,3289.0,0.11088900000000002,DRB5,,,,
DRB5*02:02,DPB1*11:01 / DPA1*02:02,0.331,,0.331,14564,,14564.0,0.109561,DRB5,,,,
DRB5*02:02,DPB1*13:01 / DPA1*01:04,0.433,,0.433,1397,,1397.0,0.187489,DRB5,,,,
DRB5*02:02,DPB1*13:01 / DPA1*01:05,0.377,,0.377,2080,,2080.0,0.142129,DRB5,,,,
DRB5*02:02,DPB1*13:01 / DPA1*02:01,0.359,0.414,0.361,27031,6398.0,20633.0,0.128881,DRB5,,,,
DRB5*02:02,DPB1*13:01 / DPA1*02:02,0.352,,0.352,15432,,15432.0,0.12390399999999999,DRB5,,,,
DRB5*02:02,DPB1*13:01 / DPA1*03:01,0.419,,0.419,15432,,15432.0,0.175561,DRB5,,,,
DRB5*02:02,DPB1*13:01 / DPA1*04:01,0.381,0.413,0.419,9687,6398.0,3289.0,0.145161,DRB5,,,,
DRB5*02:02,DPB1*14:01 / DPA1*02:01,0.318,0.257,0.3,27199,6398.0,20801.0,0.101124,DRB5,,,,
DRB5*02:02,DPB1*15:01 / DPA1*02:01,0.376,0.474,0.399,27158,6398.0,20760.0,0.141376,DRB5,,,,
DRB5*02:02,DPB1*17:01 / DPA1*02:01,0.387,0.402,0.371,27199,6398.0,20801.0,0.149769,DRB5,,,,
DRB5*02:02,DPB1*18:01 / DPA1*01:03,0.336,0.336,,6399,6399.0,,0.11289600000000001,DRB5,,,,
DRB5*02:02,DPB1*18:01 / DPA1*01:04,0.401,,0.401,19799,,19799.0,0.16080100000000003,DRB5,,,,
DRB5*02:02,DPB1*18:01 / DPA1*01:05,0.386,,0.386,19799,,19799.0,0.14899600000000002,DRB5,,,,
DRB5*02:02,DPB1*18:01 / DPA1*02:01,0.375,,0.375,20760,,20760.0,0.140625,DRB5,,,,
DRB5*02:02,DPB1*19:01 / DPA1*01:03,0.38,,0.38,17512,,17512.0,0.1444,DRB5,,,,
DRB5*02:02,DPB1*19:01 / DPA1*02:01,0.254,0.231,0.475,9687,6398.0,3289.0,0.064516,DRB5,,,,
DRB5*02:02,DPB1*20:01 / DPA1*01:03,0.432,,0.432,2287,,2287.0,0.18662399999999998,DRB5,,,,
DRB5*02:02,DPB1*20:01 / DPA1*03:01,0.348,,0.348,15432,,15432.0,0.12110399999999999,DRB5,,,,
DRB5*02:02,DPB1*23:01 / DPA1*01:03,0.36,,0.36,15432,,15432.0,0.1296,DRB5,,,,
DRB5*02:02,DPB1*23:01 / DPA1*02:01,0.35,,0.35,5328,,5328.0,0.12249999999999998,DRB5,,,,
DRB5*02:02,DPB1*26:01 / DPA1*03:01,0.162,,0.162,0,,0.0,0.026244,DRB5,,,,
DRB5*02:02,DPB1*28:01 / DPA1*01:03,0.345,,0.345,15432,,15432.0,0.11902499999999998,DRB5,,,,
DRB5*02:02,DPB1*28:01 / DPA1*01:04,0.427,,0.427,2287,,2287.0,0.182329,DRB5,,,,
DRB5*02:02,DPB1*28:01 / DPA1*01:05,0.372,,0.372,17512,,17512.0,0.138384,DRB5,,,,
DRB5*02:02,DPB1*28:01 / DPA1*02:01,0.327,,0.327,2080,,2080.0,0.10692900000000001,DRB5,,,,
DRB5*02:02,DPB1*28:01 / DPA1*02:02,0.412,0.412,0.379,7794,6397.0,1397.0,0.16974399999999998,DRB5,,,,
DRB5*02:02,DPB1*28:01 / DPA1*04:01,0.385,,0.385,15432,,15432.0,0.148225,DRB5,,,,
DRB5*02:02,DPB1*30:01 / DPA1*02:01,0.144,,0.144,0,,0.0,0.020735999999999997,DRB5,,,,
DRB5*02:02,DPB1*31:01 / DPA1*03:01,0.144,,0.144,0,,0.0,0.020735999999999997,DRB5,,,,
DRB5*02:02,DPB1*40:01 / DPA1*01:05,0.141,,0.141,0,,0.0,0.019880999999999996,DRB5,,,,
DRB5*02:02,DPB1*85:01 / DPA1*01:03,0.15,,0.15,0,,0.0,0.0225,DRB5,,,,
DRB5*02:02,DQB1*02:01 / DQA1*02:01,0.23,0.188,0.299,27198,6397.0,20801.0,0.0529,DRB5,,,,
DRB5*02:02,DQB1*02:01 / DQA1*03:01,0.275,,0.275,20801,,20801.0,0.07562500000000001,DRB5,,,,
DRB5*02:02,DQB1*02:01 / DQA1*04:01,0.298,,0.298,20760,,20760.0,0.088804,DRB5,,,,
DRB5*02:02,DQB1*02:01 / DQA1*05:01,0.201,0.379,0.183,27198,6397.0,20801.0,0.040401000000000006,DRB5,,,,
DRB5*02:02,DQB1*02:02 / DQA1*02:01,0.246,0.271,0.289,27198,6397.0,20801.0,0.060516,DRB5,,,,
DRB5*02:02,DQB1*02:02 / DQA1*03:02,0.329,0.329,,6397,6397.0,,0.108241,DRB5,,,,
DRB5*02:02,DQB1*02:02 / DQA1*05:01,0.361,0.361,,6397,6397.0,,0.130321,DRB5,,,,
DRB5*02:02,DQB1*03:01 / DQA1*02:01,0.22,,0.22,19799,,19799.0,0.0484,DRB5,,,,
DRB5*02:02,DQB1*03:01 / DQA1*03:01,0.241,0.36,0.226,27197,6396.0,20801.0,0.058080999999999994,DRB5,,,,
DRB5*02:02,DQB1*03:01 / DQA1*03:02,0.325,0.325,,6396,6396.0,,0.10562500000000001,DRB5,,,,
DRB5*02:02,DQB1*03:01 / DQA1*05:01,0.29,0.29,,6396,6396.0,,0.0841,DRB5,,,,
DRB5*02:02,DQB1*03:01 / DQA1*05:03,0.159,,0.159,20760,,20760.0,0.025281,DRB5,,,,
DRB5*02:02,DQB1*03:01 / DQA1*06:01,0.186,0.35,0.157,27197,6396.0,20801.0,0.034596,DRB5,,,,
DRB5*02:02,DQB1*03:02 / DQA1*01:01,0.283,,0.283,5369,,5369.0,0.08008899999999998,DRB5,,,,
DRB5*02:02,DQB1*03:02 / DQA1*02:01,0.226,0.281,0.237,26194,6395.0,19799.0,0.051076,DRB5,,,,
DRB5*02:02,DQB1*03:02 / DQA1*03:01,0.229,0.272,0.24,27197,6396.0,20801.0,0.052441,DRB5,,,,
DRB5*02:02,DQB1*03:02 / DQA1*03:02,0.227,0.282,0.194,22488,6396.0,16092.0,0.051529000000000005,DRB5,,,,
DRB5*02:02,DQB1*03:02 / DQA1*03:03,0.197,,0.197,4541,,4541.0,0.038809,DRB5,,,,
DRB5*02:02,DQB1*03:03 / DQA1*02:01,0.238,,0.238,20801,,20801.0,0.05664399999999999,DRB5,,,,
DRB5*02:02,DQB1*03:03 / DQA1*03:01,0.246,,0.246,20801,,20801.0,0.060516,DRB5,,,,
DRB5*02:02,DQB1*03:03 / DQA1*03:02,0.25,0.354,0.215,27156,6396.0,20760.0,0.0625,DRB5,,,,
DRB5*02:02,DQB1*03:03 / DQA1*04:01,0.341,0.341,,6396,6396.0,,0.11628100000000002,DRB5,,,,
DRB5*02:02,DQB1*03:03 / DQA1*06:01,0.351,0.351,,6396,6396.0,,0.12320099999999999,DRB5,,,,
DRB5*02:02,DQB1*03:04 / DQA1*03:01,0.395,,0.395,127,,127.0,0.15602500000000002,DRB5,,,,
DRB5*02:02,DQB1*03:19 / DQA1*02:01,0.11,,0.11,0,,0.0,0.0121,DRB5,,,,
DRB5*02:02,DQB1*03:19 / DQA1*05:05,0.146,,0.146,20677,,20677.0,0.021315999999999998,DRB5,,,,
DRB5*02:02,DQB1*04:01 / DQA1*02:01,0.359,0.373,0.405,27197,6396.0,20801.0,0.128881,DRB5,,,,
DRB5*02:02,DQB1*04:01 / DQA1*03:03,0.346,,0.346,20760,,20760.0,0.11971599999999999,DRB5,,,,
DRB5*02:02,DQB1*04:01 / DQA1*04:01,0.455,0.456,,6397,6397.0,,0.20702500000000001,DRB5,,,,
DRB5*02:02,DQB1*04:01 / DQA1*05:01,0.436,0.436,,6397,6397.0,,0.190096,DRB5,,,,
DRB5*02:02,DQB1*04:02 / DQA1*02:01,0.39,,0.39,20801,,20801.0,0.1521,DRB5,,,,
DRB5*02:02,DQB1*04:02 / DQA1*03:01,0.478,0.478,,6397,6397.0,,0.228484,DRB5,,,,
DRB5*02:02,DQB1*04:02 / DQA1*04:01,0.368,0.382,0.352,27198,6397.0,20801.0,0.135424,DRB5,,,,
DRB5*02:02,DQB1*04:02 / DQA1*06:01,0.455,0.455,,6397,6397.0,,0.20702500000000001,DRB5,,,,
DRB5*02:02,DQB1*05:01 / DQA1*01:01,0.497,0.48,0.455,27200,6399.0,20801.0,0.247009,DRB5,,,,
DRB5*02:02,DQB1*05:01 / DQA1*01:02,0.436,0.436,,6399,6399.0,,0.190096,DRB5,,,,
DRB5*02:02,DQB1*05:02 / DQA1*01:02,0.487,0.459,0.458,27200,6399.0,20801.0,0.237169,DRB5,,,,
DRB5*02:02,DQB1*05:03 / DQA1*01:01,0.354,,0.354,0,,0.0,0.12531599999999998,DRB5,,,,
DRB5*02:02,DQB1*05:03 / DQA1*01:04,0.49,0.49,,6399,6399.0,,0.24009999999999998,DRB5,,,,
DRB5*02:02,DQB1*06:01 / DQA1*01:03,0.392,0.364,0.435,27199,6398.0,20801.0,0.15366400000000002,DRB5,,,,
DRB5*02:02,DQB1*06:01 / DQA1*01:04,0.461,0.461,,6399,6399.0,,0.21252100000000002,DRB5,,,,
DRB5*02:02,DQB1*06:01 / DQA1*02:01,0.472,0.472,,6397,6397.0,,0.22278399999999998,DRB5,,,,
DRB5*02:02,DQB1*06:02 / DQA1*01:01,0.463,,0.463,20760,,20760.0,0.21436900000000003,DRB5,,,,
DRB5*02:02,DQB1*06:02 / DQA1*01:02,0.431,0.412,0.467,27200,6399.0,20801.0,0.18576099999999998,DRB5,,,,
DRB5*02:02,DQB1*06:03 / DQA1*01:03,0.379,0.443,0.36,27158,6398.0,20760.0,0.143641,DRB5,,,,
DRB5*02:02,DQB1*06:04 / DQA1*01:02,0.499,0.515,0.453,27159,6399.0,20760.0,0.249001,DRB5,,,,
DRB5*02:02,DQB1*06:09 / DQA1*01:02,0.403,,0.403,20760,,20760.0,0.16240900000000003,DRB5,,,,
